Employee_Name,EmpID,MarriedID,MaritalStatusID,GenderID,EmpStatusID,DeptID,PerfScoreID,FromDiversityJobFairID,Salary,Termd,PositionID,Position,State,Zip,DOB,Sex,MaritalDesc,CitizenDesc,HispanicLatino,RaceDesc,DateofHire,DateofTermination,TermReason,EmploymentStatus,Department,ManagerName,ManagerID,RecruitmentSource,PerformanceScore,EngagementSurvey,EmpSatisfaction,SpecialProjectsCount,LastPerformanceReview_Date,DaysLateLast30,Absences,employee_id,total_onboarding_tasks,completed_onboarding_tasks,average_completion_percentage,late_onboarding_tasks,onboarding_completion_rate,total_usage_records,average_daily_active_usage,total_slack_activity,total_jira_usage,total_github_activity,total_teams_activity,total_workspace_activity,total_support_tickets,average_resolution_time_hours,open_support_tickets,total_learning_records,completed_courses,average_assessment_score,average_completion_time_hours,learning_completion_rate
"Adinolfi, Wilson  K",10026,0,0,1,1,5,4,0,62506,0,19,Production Technician I,MA,1960,07/10/83,M ,Single,US Citizen,No,White,7/5/2011,,N/A-StillEmployed,Active,Production       ,Michael Albert,22.0,LinkedIn,Exceeds,4.6,5,0,1/17/2019,0,1,10026,14,10,87.78571428571429,3,71.42857142857143,45,0.5777777777777777,96,79,90,40,110,4.0,16.6325,2.0,10,4,77.24,2.1475,40.0
"Ait Sidi, Karthikeyan   ",10084,1,1,1,5,3,3,0,104437,1,27,Sr. DBA,MA,2148,05/05/75,M ,Married,US Citizen,No,White,3/30/2015,6/16/2016,career change,Voluntarily Terminated,IT/IS,Simon Roup,4.0,Indeed,Fully Meets,4.96,3,6,2/24/2016,0,17,10084,14,11,85.78571428571429,4,78.57142857142857,45,0.5777777777777777,99,69,81,29,80,6.0,15.375,3.0,11,8,87.135,2.9987500000000002,72.72727272727273
"Akinkuolie, Sarah",10196,1,1,0,5,5,3,0,64955,1,20,Production Technician II,MA,1810,09/19/88,F,Married,US Citizen,No,White,7/5/2011,9/24/2012,hours,Voluntarily Terminated,Production       ,Kissy Sullivan,20.0,LinkedIn,Fully Meets,3.02,3,0,5/15/2012,0,3,10196,14,10,88.42857142857143,4,71.42857142857143,45,0.5111111111111111,120,55,85,26,101,7.0,25.145,7.0,10,9,84.10777777777778,2.587777777777778,90.0
"Alagbe,Trina",10088,1,1,0,1,5,3,0,64991,0,19,Production Technician I,MA,1886,09/27/88,F,Married,US Citizen,No,White,1/7/2008,,N/A-StillEmployed,Active,Production       ,Elijiah Gray,16.0,Indeed,Fully Meets,4.84,5,0,1/3/2019,0,15,10088,14,11,91.28571428571429,3,78.57142857142857,45,0.6888888888888889,145,73,113,31,81,3.0,22.016666666666666,3.0,10,8,85.17125,3.50375,80.0
"Anderson, Carol ",10069,0,2,0,5,5,3,0,50825,1,19,Production Technician I,MA,2169,09/08/89,F,Divorced,US Citizen,No,White,7/11/2011,9/6/2016,return to school,Voluntarily Terminated,Production       ,Webster Butler,39.0,Google Search,Fully Meets,5.0,4,0,2/1/2016,0,2,10069,12,11,98.66666666666667,4,91.66666666666666,45,0.6,116,71,87,34,98,2.0,4.15,2.0,11,8,81.42699999999999,2.59875,72.72727272727273
"Anderson, Linda  ",10002,0,0,0,1,5,4,0,57568,0,19,Production Technician I,MA,1844,05/22/77,F,Single,US Citizen,No,White,1/9/2012,,N/A-StillEmployed,Active,Production       ,Amy Dunn,11.0,LinkedIn,Exceeds,5.0,5,0,1/7/2019,0,15,10002,12,8,81.83333333333333,3,66.66666666666666,45,0.5777777777777777,112,53,90,28,77,2.0,17.345,1.0,11,7,81.4625,2.9214285714285713,63.63636363636363
"Andreola, Colby",10194,0,0,0,1,4,3,0,95660,0,24,Software Engineer,MA,2110,05/24/79,F,Single,US Citizen,No,White,11/10/2014,,N/A-StillEmployed,Active,Software Engineering,Alex Sweetwater,10.0,LinkedIn,Fully Meets,3.04,3,4,1/2/2019,0,19,10194,14,7,78.5,2,50.0,45,0.6222222222222222,100,68,105,26,86,2.0,27.314999999999998,2.0,11,7,85.80499999999999,2.212857142857143,63.63636363636363
"Athwal, Sam",10062,0,4,1,1,5,3,0,59365,0,19,Production Technician I,MA,2199,02/18/83,M ,Widowed,US Citizen,No,White,9/30/2013,,N/A-StillEmployed,Active,Production       ,Ketsia Liebig,19.0,Employee Referral,Fully Meets,5.0,4,0,2/25/2019,0,19,10062,14,11,84.64285714285714,1,78.57142857142857,45,0.6222222222222222,96,70,112,49,110,,,,10,8,86.015,3.0,80.0
"Bachiochi, Linda",10114,0,0,0,3,5,3,1,47837,0,19,Production Technician I,MA,1902,02/11/70,F,Single,US Citizen,No,Black or African American,7/6/2009,,N/A-StillEmployed,Active,Production       ,Brannon Miller,12.0,Diversity Job Fair,Fully Meets,4.46,3,0,1/25/2019,0,4,10114,14,10,82.0,5,71.42857142857143,45,0.5111111111111111,120,48,96,23,115,2.0,11.965,1.0,10,6,86.09285714285714,2.938333333333333,60.0
"Bacong, Alejandro ",10250,0,2,1,1,3,3,0,50178,0,14,IT Support,MA,1886,01/07/88,M ,Divorced,US Citizen,No,White,1/5/2015,,N/A-StillEmployed,Active,IT/IS,Peter Monroe,7.0,Indeed,Fully Meets,5.0,5,6,2/18/2019,0,16,10250,14,9,79.57142857142857,5,64.28571428571429,45,0.4888888888888889,105,77,95,41,80,3.0,21.16,3.0,10,6,86.04833333333333,3.2083333333333335,60.0
"Baczenski, Rachael  ",10252,1,1,0,5,5,3,1,54670,1,19,Production Technician I,MA,1902,01/12/74,F,Married,US Citizen,Yes,Black or African American,1/10/2011,1/12/2017,Another position,Voluntarily Terminated,Production       ,David Stanley,14.0,Diversity Job Fair,Fully Meets,4.2,4,0,1/30/2016,0,12,10252,14,13,95.28571428571429,5,92.85714285714286,45,0.5555555555555556,97,75,110,13,106,4.0,19.052500000000002,3.0,11,9,85.48333333333333,2.876666666666667,81.81818181818183
"Barbara, Thomas",10242,1,1,1,5,5,3,1,47211,1,19,Production Technician I,MA,2062,02/21/74,M ,Married,US Citizen,Yes,Black or African American,4/2/2012,9/19/2016,unhappy,Voluntarily Terminated,Production       ,Kissy Sullivan,20.0,Diversity Job Fair,Fully Meets,4.2,3,0,5/6/2016,0,15,10242,14,8,73.92857142857143,2,57.14285714285714,45,0.4666666666666667,111,68,81,17,95,1.0,13.09,1.0,11,6,81.6557142857143,2.9283333333333332,54.54545454545454
"Barbossa, Hector",10012,0,2,1,1,3,4,1,92328,0,9,Data Analyst,TX,78230,07/04/88,M ,Divorced,US Citizen,No,Black or African American,11/10/2014,,N/A-StillEmployed,Active,IT/IS,Simon Roup,4.0,Diversity Job Fair,Exceeds,4.28,4,5,2/25/2019,0,9,10012,14,12,90.42857142857143,3,85.71428571428571,45,0.5555555555555556,120,74,88,4,116,1.0,3.0,0.0,11,7,86.34714285714286,2.748571428571428,63.63636363636363
"Barone, Francesco  A",10265,0,0,1,1,5,3,0,58709,0,19,Production Technician I,MA,1810,07/20/83,M ,Single,US Citizen,No,Two or more races,2/20/2012,,N/A-StillEmployed,Active,Production       ,Kelley Spirea,18.0,Google Search,Fully Meets,4.6,4,0,2/14/2019,0,7,10265,14,8,76.21428571428571,3,57.14285714285714,45,0.5333333333333333,84,57,86,18,120,3.0,19.419999999999998,3.0,10,7,87.03875,2.5799999999999996,70.0
"Barton, Nader",10066,0,2,1,5,5,3,0,52505,1,19,Production Technician I,MA,2747,07/15/77,M ,Divorced,US Citizen,No,White,9/24/2012,4/6/2017,Another position,Voluntarily Terminated,Production       ,Michael Albert,22.0,On-line Web application,Fully Meets,5.0,5,0,3/2/2017,0,1,10066,14,10,86.85714285714286,1,71.42857142857143,45,0.6,153,82,85,50,88,5.0,16.31,4.0,10,10,84.97200000000001,3.1079999999999997,100.0
"Bates, Norman",10061,0,0,1,4,5,3,0,57834,1,19,Production Technician I,MA,2050,10/18/81,M ,Single,US Citizen,No,White,2/21/2011,8/4/2017,attendance,Terminated for Cause,Production       ,Kelley Spirea,18.0,Google Search,Fully Meets,5.0,4,0,4/5/2017,0,20,10061,14,9,81.14285714285714,6,64.28571428571429,45,0.6,144,78,107,27,88,4.0,17.169999999999998,4.0,11,4,77.328,2.5925000000000002,36.36363636363637
"Beak, Kimberly  ",10023,1,1,0,2,5,4,0,70131,0,20,Production Technician II,MA,2145,04/17/66,F,Married,US Citizen,No,White,7/21/2016,,N/A-StillEmployed,Active,Production       ,Kelley Spirea,18.0,Employee Referral,Exceeds,4.4,3,0,1/14/2019,0,16,10023,14,10,89.21428571428571,2,71.42857142857143,45,0.6,117,77,92,35,118,4.0,12.01,3.0,10,8,83.89777777777778,2.5225,80.0
"Beatrice, Courtney ",10055,0,0,0,1,5,3,0,59026,0,19,Production Technician I,MA,1915,10/27/70,F,Single,Eligible NonCitizen,No,White,4/4/2011,,N/A-StillEmployed,Active,Production       ,Elijiah Gray,16.0,Google Search,Fully Meets,5.0,5,0,1/14/2019,0,12,10055,11,6,80.63636363636364,0,54.54545454545454,45,0.5555555555555556,131,58,92,27,85,1.0,5.66,1.0,10,6,82.91,2.1183333333333336,60.0
"Becker, Renee",10245,0,0,0,4,3,3,0,110000,1,8,Database Administrator,MA,2026,04/04/86,F,Single,US Citizen,Yes,White,7/7/2014,9/12/2015,performance,Terminated for Cause,IT/IS,Simon Roup,4.0,Google Search,Fully Meets,4.5,4,5,1/15/2015,0,8,10245,14,12,86.64285714285714,2,85.71428571428571,45,0.5555555555555556,112,43,97,29,97,2.0,22.28,1.0,11,5,77.46571428571428,2.738,45.45454545454545
"Becker, Scott",10277,0,0,1,3,5,3,0,53250,0,19,Production Technician I,MA,2452,04/06/79,M ,Single,US Citizen,No,Asian,7/8/2013,,N/A-StillEmployed,Active,Production       ,Webster Butler,,LinkedIn,Fully Meets,4.2,4,0,1/11/2019,0,13,10277,13,9,87.61538461538461,2,69.23076923076923,45,0.5333333333333333,127,81,74,28,94,1.0,21.18,1.0,9,6,77.16166666666668,3.1183333333333336,66.66666666666666
"Bernstein, Sean",10046,0,0,1,1,5,3,0,51044,0,19,Production Technician I,MA,2072,12/22/70,M ,Single,US Citizen,Yes,White,4/2/2012,,N/A-StillEmployed,Active,Production       ,Amy Dunn,11.0,Google Search,Fully Meets,5.0,3,0,1/14/2019,0,13,10046,11,8,75.27272727272727,5,72.72727272727273,45,0.4222222222222222,74,53,75,7,94,5.0,30.060000000000002,4.0,10,9,87.98555555555555,2.8444444444444446,90.0
"Biden, Lowan  M",10226,0,2,0,1,5,3,0,64919,0,19,Production Technician I,MA,2027,12/27/58,F,Divorced,US Citizen,No,Asian,8/19/2013,,N/A-StillEmployed,Active,Production       ,Ketsia Liebig,19.0,Indeed,Fully Meets,4.2,3,0,1/10/2019,0,2,10226,12,8,81.08333333333333,3,66.66666666666666,45,0.5555555555555556,77,67,110,9,113,7.0,11.214285714285714,6.0,11,10,86.479,2.808,90.9090909090909
"Billis, Helen",10003,1,1,0,1,5,4,0,62910,0,19,Production Technician I,MA,2031,09/01/89,F,Married,US Citizen,No,White,7/7/2014,,N/A-StillEmployed,Active,Production       ,Brannon Miller,12.0,Indeed,Exceeds,5.0,3,0,2/27/2019,0,19,10003,14,8,69.28571428571429,4,57.14285714285714,45,0.6,90,71,70,19,90,4.0,24.635,3.0,11,8,87.86375,3.19375,72.72727272727273
"Blount, Dianna",10294,0,0,0,1,5,2,0,66441,0,20,Production Technician II,MA,2171,09/21/90,F,Single,US Citizen,No,White,4/4/2011,,N/A-StillEmployed,Active,Production       ,Michael Albert,22.0,CareerBuilder,Needs Improvement,2.0,3,0,2/27/2019,2,3,10294,14,9,72.21428571428571,5,64.28571428571429,45,0.5333333333333333,130,69,69,27,113,4.0,14.766666666666666,3.0,11,7,87.52428571428572,3.498571428571428,63.63636363636363
"Bondwell, Betsy",10267,0,0,0,5,5,3,0,57815,1,20,Production Technician II,MA,2210,01/16/67,F,Single,US Citizen,No,White,1/10/2011,4/4/2014,career change,Voluntarily Terminated,Production       ,Elijiah Gray,16.0,Google Search,Fully Meets,4.8,5,0,3/4/2014,0,5,10267,14,9,83.57142857142857,3,64.28571428571429,45,0.7111111111111111,147,67,103,27,112,6.0,16.576666666666664,4.0,11,6,86.37,3.098333333333333,54.54545454545454
"Booth, Frank",10199,0,0,1,4,3,3,0,103613,1,30,Enterprise Architect,CT,6033,07/30/64,M ,Single,US Citizen,No,Black or African American,2/17/2014,2/19/2016,Learned that he is a gangster,Terminated for Cause,IT/IS,Simon Roup,4.0,LinkedIn,Fully Meets,3.5,5,7,1/10/2016,0,2,10199,14,10,83.5,4,71.42857142857143,45,0.5555555555555556,125,59,101,30,105,2.0,51.96,2.0,10,7,90.29142857142857,3.1142857142857143,70.0
"Boutwell, Bonalyn",10081,1,1,0,1,1,3,1,106367,0,26,Sr. Accountant,MA,2468,04/04/87,F,Married,US Citizen,No,Black or African American,2/16/2015,,N/A-StillEmployed,Active,Admin Offices,Brandon R. LeBlanc,3.0,Diversity Job Fair,Fully Meets,5.0,4,3,2/18/2019,0,4,10081,14,10,81.5,2,71.42857142857143,45,0.4222222222222222,70,23,3,43,144,5.0,19.514000000000003,4.0,10,8,81.07,2.6675,80.0
"Bozzi, Charles",10175,0,0,1,5,5,3,0,74312,1,18,Production Manager,MA,1901,03/10/70,M ,Single,US Citizen,No,Asian,9/30/2013,8/7/2014,retiring,Voluntarily Terminated,Production       ,Janet King,2.0,Indeed,Fully Meets,3.39,3,0,2/20/2014,0,14,10175,14,8,75.07142857142857,2,57.14285714285714,45,0.4,111,30,6,38,120,2.0,15.934999999999999,2.0,10,6,83.59666666666666,3.4116666666666666,60.0
"Brill, Donna",10177,1,1,0,5,5,3,0,53492,1,19,Production Technician I,MA,1701,08/24/90,F,Married,US Citizen,No,White,4/2/2012,6/15/2013,Another position,Voluntarily Terminated,Production       ,David Stanley,14.0,Google Search,Fully Meets,3.35,4,0,3/4/2013,0,6,10177,14,13,93.07142857142857,4,92.85714285714286,45,0.4222222222222222,76,67,82,26,81,2.0,14.835,2.0,11,6,84.80571428571429,3.533333333333333,54.54545454545454
"Brown, Mia",10238,1,1,0,1,1,3,1,63000,0,1,Accountant I,MA,1450,11/24/87,F,Married,US Citizen,No,Black or African American,10/27/2008,,N/A-StillEmployed,Active,Admin Offices,Brandon R. LeBlanc,1.0,Diversity Job Fair,Fully Meets,4.5,2,6,1/15/2019,0,14,10238,14,10,80.5,2,71.42857142857143,45,0.4,64,27,5,74,148,2.0,42.38,2.0,10,8,80.41875,3.63125,80.0
"Buccheri, Joseph  ",10184,0,0,1,1,5,3,0,65288,0,20,Production Technician II,MA,1013,07/28/83,M ,Single,US Citizen,No,White,9/29/2014,,N/A-StillEmployed,Active,Production       ,Webster Butler,,Google Search,Fully Meets,3.19,3,0,2/1/2019,0,9,10184,14,11,86.71428571428571,4,78.57142857142857,45,0.5333333333333333,130,55,101,26,102,2.0,21.45,1.0,10,6,87.68666666666667,3.2466666666666666,60.0
"Bugali, Josephine ",10203,0,3,0,3,5,3,1,64375,0,19,Production Technician I,MA,2043,10/30/69,F,Separated,US Citizen,No,Black or African American,11/11/2013,,N/A-StillEmployed,Active,Production       ,Kissy Sullivan,20.0,Diversity Job Fair,Fully Meets,3.5,5,0,1/21/2019,0,17,10203,14,10,80.64285714285714,4,71.42857142857143,45,0.5555555555555556,103,81,50,32,105,6.0,31.755,4.0,10,8,86.21375,2.7575,80.0
"Bunbury, Jessica",10188,1,1,0,5,6,3,0,74326,1,3,Area Sales Manager,VA,21851,06/01/64,F,Married,Eligible NonCitizen,No,Black or African American,8/15/2011,8/2/2014,Another position,Voluntarily Terminated,Sales,John Smith,17.0,Google Search,Fully Meets,3.14,5,0,2/10/2013,1,19,10188,14,12,90.57142857142857,4,85.71428571428571,45,0.4222222222222222,97,16,0,68,119,7.0,43.699999999999996,6.0,10,5,88.522,4.018,50.0
"Burke, Joelle",10107,0,0,0,1,5,3,0,63763,0,20,Production Technician II,MA,2148,03/02/80,F,Single,US Citizen,No,Black or African American,3/5/2012,,N/A-StillEmployed,Active,Production       ,Amy Dunn,11.0,Employee Referral,Fully Meets,4.51,4,0,2/21/2019,0,3,10107,13,7,79.07692307692308,2,53.84615384615385,45,0.5555555555555556,69,63,85,17,64,2.0,32.455,1.0,8,5,84.91400000000002,2.6,62.5
"Burkett, Benjamin ",10181,1,1,1,1,5,3,0,62162,0,20,Production Technician II,MA,1890,08/19/77,M ,Married,US Citizen,No,White,4/4/2011,,N/A-StillEmployed,Active,Production       ,Ketsia Liebig,19.0,Indeed,Fully Meets,3.25,5,0,1/14/2019,0,15,10181,14,10,82.85714285714286,2,71.42857142857143,45,0.5555555555555556,110,71,75,24,115,4.0,16.44,4.0,10,7,88.00999999999999,3.2885714285714287,70.0
"Cady, Max ",10150,0,0,1,1,4,3,0,77692,0,25,Software Engineering Manager,MA,2184,11/22/66,M ,Single,US Citizen,No,White,8/15/2011,,N/A-StillEmployed,Active,Software Engineering,Jennifer Zamora,5.0,Google Search,Fully Meets,3.84,3,5,1/21/2019,0,4,10150,11,5,62.27272727272727,0,45.45454545454545,45,0.5777777777777777,98,76,81,18,110,3.0,21.560000000000002,2.0,7,1,69.69,5.35,14.285714285714285
"Candie, Calvin",10001,0,0,1,1,5,4,0,72640,0,18,Production Manager,MA,2169,08/09/83,M ,Single,US Citizen,No,White,1/28/2016,,N/A-StillEmployed,Active,Production       ,Janet King,2.0,Indeed,Exceeds,5.0,3,0,2/22/2019,0,14,10001,14,10,89.35714285714286,2,71.42857142857143,45,0.4666666666666667,113,59,14,47,115,5.0,17.11,4.0,11,4,82.3225,2.6575,36.36363636363637
"Carabbio, Judith",10085,0,0,0,1,4,3,0,93396,0,24,Software Engineer,MA,2132,04/05/87,F,Single,US Citizen,No,White,11/11/2013,,N/A-StillEmployed,Active,Software Engineering,Alex Sweetwater,10.0,Indeed,Fully Meets,4.96,4,6,1/30/2019,0,3,10085,14,10,82.92857142857143,2,71.42857142857143,45,0.4444444444444444,80,49,73,42,100,1.0,25.74,1.0,11,10,83.811,3.3280000000000003,90.9090909090909
"Carey, Michael  ",10115,0,0,1,1,5,3,0,52846,0,19,Production Technician I,MA,1701,02/02/83,M ,Single,US Citizen,No,Black or African American,3/31/2014,,N/A-StillEmployed,Active,Production       ,Kelley Spirea,18.0,LinkedIn,Fully Meets,4.43,3,0,2/1/2019,0,14,10115,14,10,85.85714285714286,4,71.42857142857143,45,0.4888888888888889,91,52,91,51,119,4.0,18.926666666666666,4.0,10,7,85.18285714285715,3.3000000000000003,70.0
"Carr, Claudia  N",10082,0,0,0,2,3,3,0,100031,0,27,Sr. DBA,MA,1886,06/06/86,F,Single,US Citizen,No,Black or African American,6/30/2016,,N/A-StillEmployed,Active,IT/IS,Simon Roup,4.0,LinkedIn,Fully Meets,5.0,5,6,2/18/2019,0,7,10082,14,10,83.85714285714286,3,71.42857142857143,45,0.5555555555555556,91,68,97,26,100,4.0,13.85666666666667,3.0,10,7,90.36428571428571,3.1885714285714286,70.0
"Carter, Michelle ",10040,0,0,0,1,6,3,0,71860,0,3,Area Sales Manager,VT,5664,05/15/63,F,Single,US Citizen,No,White,8/18/2014,,N/A-StillEmployed,Active,Sales,John Smith,17.0,Indeed,Fully Meets,5.0,5,0,1/21/2019,0,7,10040,14,9,76.71428571428571,3,64.28571428571429,45,0.4888888888888889,101,19,2,73,162,1.0,5.46,0.0,10,6,84.71666666666667,2.82,60.0
"Chace, Beatrice ",10067,0,0,0,1,5,3,0,61656,0,19,Production Technician I,MA,2763,01/02/51,F,Single,US Citizen,No,White,9/29/2014,,N/A-StillEmployed,Active,Production       ,Michael Albert,22.0,Google Search,Fully Meets,5.0,4,0,2/12/2019,0,11,10067,14,13,97.07142857142857,3,92.85714285714286,45,0.5333333333333333,118,60,65,24,134,4.0,19.115,3.0,11,9,84.24333333333334,3.5144444444444445,81.81818181818183
"Champaigne, Brian",10108,1,1,1,1,3,3,0,110929,0,5,BI Director,MA,2045,02/09/72,M ,Married,US Citizen,No,White,9/6/2016,,N/A-StillEmployed,Active,IT/IS,Jennifer Zamora,5.0,Indeed,Fully Meets,4.5,5,7,1/15/2019,0,8,10108,14,12,90.78571428571429,5,85.71428571428571,45,0.4444444444444444,105,65,73,29,73,2.0,16.285,2.0,10,9,88.94222222222223,2.842222222222222,90.0
"Chan, Lin",10210,0,0,0,1,5,3,0,54237,0,19,Production Technician I,MA,2170,02/12/79,F,Single,US Citizen,No,White,5/12/2014,,N/A-StillEmployed,Active,Production       ,Elijiah Gray,16.0,Indeed,Fully Meets,3.3,4,0,2/19/2019,0,11,10210,14,7,67.21428571428571,2,50.0,45,0.5111111111111111,66,52,63,27,86,7.0,22.787142857142857,5.0,11,7,90.18142857142857,3.105714285714286,63.63636363636363
"Chang, Donovan  E",10154,0,0,1,1,5,3,0,60380,0,19,Production Technician I,MA,1845,08/24/83,M ,Single,US Citizen,No,White,7/8/2013,,N/A-StillEmployed,Active,Production       ,Webster Butler,,LinkedIn,Fully Meets,3.8,5,0,1/14/2019,0,4,10154,10,5,54.6,1,50.0,45,0.5333333333333333,104,86,72,32,108,3.0,15.733333333333334,3.0,10,8,90.20375,3.03625,80.0
"Chigurh, Anton",10200,0,0,1,1,6,3,0,66808,0,3,Area Sales Manager,TX,78207,06/11/70,M ,Single,Eligible NonCitizen,No,Black or African American,5/14/2012,,N/A-StillEmployed,Active,Sales,Lynn Daneault,21.0,Employee Referral,Fully Meets,3.0,5,0,1/19/2019,0,17,10200,14,10,91.07142857142857,3,71.42857142857143,45,0.37777777777777777,96,10,13,66,114,3.0,11.656666666666666,2.0,10,7,90.94714285714285,3.0028571428571427,70.0
"Chivukula, Enola",10240,0,0,0,5,5,3,0,64786,1,19,Production Technician I,MA,1775,08/27/83,F,Single,US Citizen,No,White,6/27/2011,11/15/2015,relocation out of area,Voluntarily Terminated,Production       ,Amy Dunn,11.0,Indeed,Fully Meets,4.3,4,0,3/10/2015,0,3,10240,11,7,78.63636363636364,2,63.63636363636363,45,0.5777777777777777,112,45,96,29,98,3.0,20.796666666666667,2.0,10,6,78.62428571428572,2.8083333333333336,60.0
"Cierpiszewski, Caroline  ",10168,0,0,0,1,5,3,0,64816,0,19,Production Technician I,MA,2044,05/31/88,F,Single,Non-Citizen,No,Black or African American,10/3/2011,,N/A-StillEmployed,Active,Production       ,Ketsia Liebig,19.0,Indeed,Fully Meets,3.58,5,0,1/30/2019,0,3,10168,10,7,77.2,4,70.0,45,0.5777777777777777,113,65,101,26,52,3.0,7.669999999999999,3.0,10,8,88.62555555555555,2.96375,80.0
"Clayton, Rick",10220,0,0,1,1,3,3,0,68678,0,14,IT Support,MA,2170,09/05/85,M ,Single,US Citizen,No,White,9/5/2012,,N/A-StillEmployed,Active,IT/IS,Eric Dougall,6.0,Indeed,Fully Meets,4.7,3,6,2/27/2019,0,2,10220,11,6,71.27272727272727,2,54.54545454545454,45,0.5555555555555556,99,61,89,14,61,2.0,30.77,2.0,10,5,79.65,3.818,50.0
"Cloninger, Jennifer",10275,1,1,0,5,5,3,0,64066,1,20,Production Technician II,MA,1752,08/31/81,F,Married,US Citizen,No,White,5/16/2011,1/7/2013,unhappy,Voluntarily Terminated,Production       ,Brannon Miller,12.0,Google Search,Fully Meets,4.2,5,0,5/3/2012,0,9,10275,14,12,91.0,2,85.71428571428571,45,0.5111111111111111,121,57,89,23,98,4.0,18.267500000000002,4.0,11,6,82.63166666666666,3.145,54.54545454545454
"Close, Phil",10269,1,1,1,5,5,3,0,59369,1,20,Production Technician II,MA,2169,11/25/78,M ,Married,US Citizen,No,White,8/30/2010,9/26/2011,career change,Voluntarily Terminated,Production       ,David Stanley,14.0,Indeed,Fully Meets,4.2,4,0,5/4/2011,0,6,10269,14,10,89.07142857142857,4,71.42857142857143,45,0.5555555555555556,131,76,81,26,91,,,,11,7,83.8,3.0285714285714285,63.63636363636363
"Clukey, Elijian",10029,1,1,1,2,5,4,0,50373,0,19,Production Technician I,MA,2134,08/26/80,M ,Married,US Citizen,No,White,7/6/2016,,N/A-StillEmployed,Active,Production       ,Brannon Miller,12.0,Employee Referral,Exceeds,4.1,4,0,2/28/2019,0,5,10029,11,10,98.0909090909091,7,90.9090909090909,45,0.6222222222222222,101,70,81,27,106,6.0,21.856666666666666,3.0,11,5,87.59200000000001,2.87,45.45454545454545
"Cockel, James",10261,0,0,1,1,5,3,0,63108,0,19,Production Technician I,MA,2452,09/08/77,M ,Single,US Citizen,No,White,7/8/2013,,N/A-StillEmployed,Active,Production       ,David Stanley,14.0,Employee Referral,Fully Meets,4.4,5,0,1/14/2019,0,3,10261,14,12,90.35714285714286,4,85.71428571428571,45,0.5777777777777777,124,59,84,29,106,2.0,5.59,2.0,10,5,85.69800000000001,3.188,50.0
"Cole, Spencer",10292,0,0,1,4,5,2,0,59144,1,19,Production Technician I,MA,1880,08/12/79,M ,Single,US Citizen,No,Black or African American,7/11/2011,9/23/2016,performance,Terminated for Cause,Production       ,Kissy Sullivan,20.0,LinkedIn,Needs Improvement,2.0,3,0,5/1/2016,5,16,10292,14,7,72.0,1,50.0,45,0.5111111111111111,94,78,75,9,35,3.0,17.76,2.0,11,6,83.29285714285713,2.6799999999999997,54.54545454545454
"Corleone, Michael",10282,0,2,1,1,5,2,0,68051,0,18,Production Manager,MA,1803,12/17/75,M ,Divorced,US Citizen,No,White,7/20/2010,,N/A-StillEmployed,Active,Production       ,Janet King,2.0,CareerBuilder,Needs Improvement,4.13,2,0,1/14/2019,3,3,10282,14,7,61.5,3,50.0,45,0.37777777777777777,89,35,7,47,136,6.0,16.206,6.0,10,7,84.98428571428572,3.1885714285714286,70.0
"Corleone, Vito",10019,0,0,1,1,5,4,0,170500,0,10,Director of Operations,MA,2030,03/19/83,M ,Single,US Citizen,No,Black or African American,1/5/2009,,N/A-StillEmployed,Active,Production       ,Janet King,2.0,Indeed,Exceeds,3.7,5,0,2/4/2019,0,15,10019,14,10,75.85714285714286,3,71.42857142857143,45,0.3333333333333333,78,65,14,61,128,3.0,16.253333333333334,3.0,11,10,85.118,3.342,90.9090909090909
"Cornett, Lisa ",10094,1,1,0,1,5,3,0,63381,0,19,Production Technician I,MA,2189,03/31/77,F,Married,US Citizen,Yes,White,1/5/2015,,N/A-StillEmployed,Active,Production       ,Kelley Spirea,18.0,Indeed,Fully Meets,4.73,5,0,2/14/2019,0,6,10094,14,8,73.64285714285714,2,57.14285714285714,45,0.5111111111111111,119,46,71,29,90,1.0,9.94,0.0,10,8,81.345,2.635,80.0
"Costello, Frank",10193,1,1,1,1,3,3,0,83552,0,9,Data Analyst,MA,1810,08/26/86,M ,Married,US Citizen,No,White,3/30/2015,,N/A-StillEmployed,Active,IT/IS,Simon Roup,4.0,Indeed,Fully Meets,3.04,3,6,1/22/2019,0,2,10193,14,11,82.71428571428571,7,78.57142857142857,45,0.5777777777777777,141,64,74,6,115,1.0,14.29,1.0,10,6,87.55666666666667,2.5883333333333334,60.0
"Crimmings,   Jean",10132,0,0,0,2,5,3,0,56149,0,19,Production Technician I,MA,1821,04/10/87,F,Single,US Citizen,No,White,7/6/2016,,N/A-StillEmployed,Active,Production       ,Michael Albert,22.0,LinkedIn,Fully Meets,4.12,5,0,1/28/2019,0,15,10132,12,8,80.33333333333333,2,66.66666666666666,45,0.5555555555555556,149,58,83,24,106,5.0,22.165,3.0,10,10,89.524,2.741,100.0
"Cross, Noah",10083,0,0,1,1,3,3,0,92329,0,28,Sr. Network Engineer,CT,6278,09/09/65,M ,Single,US Citizen,No,White,11/10/2014,,N/A-StillEmployed,Active,IT/IS,Peter Monroe,7.0,Employee Referral,Fully Meets,5.0,3,4,1/2/2019,0,5,10083,14,9,79.28571428571429,3,64.28571428571429,45,0.5777777777777777,86,75,79,53,138,5.0,31.089999999999996,3.0,10,7,83.495,2.748571428571428,70.0
"Daneault, Lynn",10099,0,0,0,1,6,3,0,65729,0,21,Sales Manager,VT,5473,04/19/90,F,Single,US Citizen,No,White,5/5/2014,,N/A-StillEmployed,Active,Sales,Debra Houlihan,15.0,Indeed,Fully Meets,4.62,4,0,1/24/2019,0,8,10099,14,11,83.5,6,78.57142857142857,45,0.4222222222222222,72,36,10,63,76,6.0,14.19,5.0,10,5,80.60000000000001,2.814,50.0
"Daniele, Ann  ",10212,1,1,0,3,3,3,0,85028,0,28,Sr. Network Engineer,CT,6033,01/18/52,F,Married,US Citizen,No,White,11/10/2014,,N/A-StillEmployed,Active,IT/IS,Peter Monroe,7.0,LinkedIn,Fully Meets,3.1,5,8,2/12/2019,0,19,10212,14,8,78.78571428571429,4,57.14285714285714,45,0.5333333333333333,93,55,88,21,103,3.0,34.45333333333333,1.0,10,7,80.75625,2.4971428571428573,70.0
"Darson, Jene'ya ",10056,1,1,0,1,5,3,0,57583,0,19,Production Technician I,MA,2110,11/05/78,F,Married,US Citizen,No,White,7/2/2012,,N/A-StillEmployed,Active,Production       ,Elijiah Gray,16.0,Indeed,Fully Meets,5.0,3,0,2/25/2019,0,1,10056,14,8,74.64285714285714,2,57.14285714285714,45,0.6444444444444445,112,70,113,33,105,6.0,9.16,4.0,10,7,86.09857142857143,2.902857142857143,70.0
"Davis, Daniel",10143,0,0,1,1,5,3,0,56294,0,20,Production Technician II,MA,2458,09/14/79,M ,Single,Eligible NonCitizen,No,Two or more races,11/7/2011,,N/A-StillEmployed,Active,Production       ,Kissy Sullivan,20.0,LinkedIn,Fully Meets,3.96,4,0,2/27/2019,0,6,10143,13,10,81.92307692307692,5,76.92307692307693,45,0.5555555555555556,92,53,103,35,67,4.0,9.9475,2.0,10,9,88.66666666666667,2.9099999999999997,90.0
"Dee, Randy",10311,1,1,1,1,6,1,0,56991,0,19,Production Technician I,MA,2138,04/15/88,M ,Married,US Citizen,No,White,7/9/2018,,N/A-StillEmployed,Active,Production       ,Brannon Miller,12.0,Indeed,Fully Meets,4.3,4,3,1/31/2019,2,2,10311,14,7,70.57142857142857,3,50.0,45,0.5555555555555556,80,60,74,29,83,1.0,3.15,1.0,10,6,89.38,2.8966666666666665,60.0
"DeGweck,  James",10070,1,1,1,5,5,3,0,55722,1,19,Production Technician I,MA,1810,10/31/77,M ,Married,US Citizen,No,White,5/16/2011,6/8/2016,unhappy,Voluntarily Terminated,Production       ,Webster Butler,39.0,Indeed,Fully Meets,5.0,4,0,4/2/2016,0,14,10070,14,7,72.0,2,50.0,45,0.6,123,52,73,19,98,5.0,25.830000000000002,2.0,11,5,89.684,3.4899999999999998,45.45454545454545
"Del Bosque, Keyla",10155,0,0,0,1,4,3,0,101199,0,24,Software Engineer,MA,2176,07/05/79,F,Single,US Citizen,No,Black or African American,1/9/2012,,N/A-StillEmployed,Active,Software Engineering,Alex Sweetwater,10.0,CareerBuilder,Fully Meets,3.79,5,5,1/25/2019,0,8,10155,14,10,84.64285714285714,4,71.42857142857143,45,0.5333333333333333,101,58,91,6,81,5.0,19.363999999999997,5.0,11,8,88.14875,3.4075,72.72727272727273
"Delarge, Alex",10306,0,0,1,1,6,1,0,61568,0,3,Area Sales Manager,AL,36006,11/02/75,M ,Single,US Citizen,No,Two or more races,9/29/2014,,N/A-StillEmployed,Active,Sales,John Smith,17.0,Indeed,PIP,1.93,3,0,1/30/2019,6,5,10306,14,9,86.85714285714286,4,64.28571428571429,45,0.4666666666666667,99,26,5,86,171,4.0,24.7075,4.0,10,6,82.11571428571428,3.1533333333333338,60.0
"Demita, Carla",10100,0,3,0,5,5,3,0,58275,1,20,Production Technician II,MA,2343,02/25/51,F,Separated,US Citizen,No,Black or African American,4/4/2011,11/4/2015,more money,Voluntarily Terminated,Production       ,Kelley Spirea,18.0,Google Search,Fully Meets,4.62,5,0,5/6/2015,0,1,10100,14,10,82.14285714285714,2,71.42857142857143,45,0.5333333333333333,113,64,110,27,94,4.0,17.335,4.0,10,7,83.845,3.8071428571428574,70.0
"Desimone, Carl ",10310,1,1,1,1,5,1,0,53189,0,19,Production Technician I,MA,2061,04/19/67,M ,Married,US Citizen,No,White,7/7/2014,,N/A-StillEmployed,Active,Production       ,Amy Dunn,11.0,Indeed,PIP,1.12,2,0,1/31/2019,4,9,10310,14,12,93.5,5,85.71428571428571,45,0.5333333333333333,122,56,88,8,100,3.0,18.313333333333333,3.0,11,7,85.40285714285713,2.8000000000000003,63.63636363636363
"DeVito, Tommy",10197,0,0,1,1,3,3,0,96820,0,4,BI Developer,MA,2045,09/04/83,M ,Single,US Citizen,No,White,2/15/2017,,N/A-StillEmployed,Active,IT/IS,Brian Champaigne,13.0,Indeed,Fully Meets,3.01,5,7,1/23/2019,0,15,10197,14,11,90.5,5,78.57142857142857,45,0.5777777777777777,90,60,104,25,116,2.0,17.285,2.0,11,8,83.87375,3.01625,72.72727272727273
"Dickinson, Geoff ",10276,0,0,1,1,5,3,0,51259,0,19,Production Technician I,MA,2180,11/15/82,M ,Single,US Citizen,No,White,5/12/2014,,N/A-StillEmployed,Active,Production       ,Ketsia Liebig,19.0,Indeed,Fully Meets,4.3,4,0,2/19/2019,0,1,10276,14,9,75.64285714285714,2,64.28571428571429,45,0.5111111111111111,141,66,95,32,102,5.0,24.95,3.0,9,7,80.72,3.894285714285714,77.77777777777779
"Dietrich, Jenna  ",10304,0,0,0,1,6,1,0,59231,0,3,Area Sales Manager,WA,98052,05/14/87,F,Single,US Citizen,Yes,White,2/20/2012,,N/A-StillEmployed,Active,Sales,John Smith,17.0,Website,PIP,2.3,1,0,1/29/2019,2,17,10304,12,7,67.16666666666667,1,58.333333333333336,45,0.4222222222222222,108,21,15,83,123,3.0,11.286666666666667,3.0,11,7,85.76666666666667,2.7942857142857145,63.63636363636363
"DiNocco, Lily ",10284,1,1,0,1,5,2,0,61584,0,19,Production Technician I,MA,2351,12/02/78,F,Married,US Citizen,No,Black or African American,1/7/2013,,N/A-StillEmployed,Active,Production       ,Brannon Miller,12.0,Indeed,Needs Improvement,3.88,4,0,1/18/2019,0,6,10284,14,13,93.35714285714286,5,92.85714285714286,45,0.5777777777777777,114,74,91,39,103,4.0,8.853333333333333,3.0,10,6,83.06285714285715,2.7983333333333333,60.0
"Dobrin, Denisa  S",10207,0,0,0,1,5,3,0,46335,0,19,Production Technician I,MA,2125,10/07/86,F,Single,US Citizen,Yes,White,4/2/2012,,N/A-StillEmployed,Active,Production       ,David Stanley,14.0,CareerBuilder,Fully Meets,3.4,5,0,2/19/2019,0,15,10207,14,10,80.14285714285714,5,71.42857142857143,45,0.6,106,67,85,28,88,,,,10,6,84.33857142857143,3.0700000000000003,60.0
"Dolan, Linda",10133,1,1,0,1,3,3,0,70621,0,14,IT Support,MA,2119,07/18/88,F,Married,US Citizen,No,White,1/5/2015,,N/A-StillEmployed,Active,IT/IS,Peter Monroe,7.0,Employee Referral,Fully Meets,4.11,4,6,2/25/2019,0,16,10133,14,12,96.57142857142857,2,85.71428571428571,45,0.5777777777777777,88,77,111,57,88,2.0,11.655,1.0,10,7,83.27285714285713,2.442857142857143,70.0
"Dougall, Eric",10028,0,0,1,1,3,4,0,138888,0,13,IT Manager - Support,MA,1886,07/09/70,M ,Single,US Citizen,No,Black or African American,1/5/2014,,N/A-StillEmployed,Active,IT/IS,Jennifer Zamora,5.0,Indeed,Exceeds,4.3,5,5,1/4/2019,0,4,10028,14,9,71.92857142857143,3,64.28571428571429,45,0.4888888888888889,114,75,84,7,77,1.0,,1.0,10,7,82.24714285714286,3.0157142857142856,70.0
"Driver, Elle",10006,0,0,0,1,6,4,0,74241,0,3,Area Sales Manager,CA,90007,11/08/88,F,Single,US Citizen,No,White,1/10/2011,,N/A-StillEmployed,Active,Sales,Lynn Daneault,21.0,Indeed,Exceeds,4.77,5,0,1/27/2019,0,14,10006,14,9,78.64285714285714,3,64.28571428571429,45,0.37777777777777777,105,35,8,50,116,,,,10,7,85.25,2.255714285714286,70.0
"Dunn, Amy  ",10105,0,0,0,1,5,3,0,75188,0,18,Production Manager,MA,1731,11/28/73,F,Single,US Citizen,No,White,9/18/2014,,N/A-StillEmployed,Active,Production       ,Janet King,2.0,Google Search,Fully Meets,4.52,4,0,1/15/2019,0,4,10105,14,10,82.28571428571429,1,71.42857142857143,45,0.4222222222222222,75,54,5,59,124,6.0,16.843333333333334,5.0,10,9,89.52888888888889,3.24,90.0
"Dunne, Amy",10211,1,1,0,1,5,3,0,62514,0,19,Production Technician I,MA,1749,09/23/73,F,Married,US Citizen,No,White,4/26/2010,,N/A-StillEmployed,Active,Production       ,Ketsia Liebig,19.0,Google Search,Fully Meets,2.9,3,0,1/21/2019,0,6,10211,14,12,90.64285714285714,2,85.71428571428571,45,0.5555555555555556,132,66,83,16,94,5.0,31.8875,5.0,10,6,85.24125,3.391666666666667,60.0
"Eaton, Marianne",10064,1,1,0,5,5,3,0,60070,1,19,Production Technician I,MA,2343,09/05/91,F,Married,US Citizen,No,White,4/4/2011,6/6/2017,military,Voluntarily Terminated,Production       ,Kissy Sullivan,20.0,Google Search,Fully Meets,5.0,3,0,4/9/2017,0,7,10064,14,12,96.57142857142857,8,85.71428571428571,45,0.5333333333333333,102,75,77,8,105,1.0,10.85,1.0,10,6,88.23833333333333,3.3766666666666665,60.0
"Engdahl, Jean",10247,0,0,1,1,5,3,0,48888,0,19,Production Technician I,MA,2026,05/31/74,M ,Single,US Citizen,No,White,11/10/2014,,N/A-StillEmployed,Active,Production       ,Kelley Spirea,18.0,LinkedIn,Fully Meets,4.7,5,0,2/13/2019,0,8,10247,13,11,87.92307692307692,3,84.61538461538461,45,0.5333333333333333,127,86,75,17,89,7.0,24.32166666666667,7.0,10,8,83.88624999999999,3.3275,80.0
"England, Rex",10235,1,1,1,1,5,3,0,54285,0,19,Production Technician I,MA,2045,08/25/78,M ,Married,US Citizen,No,White,3/31/2014,,N/A-StillEmployed,Active,Production       ,Kelley Spirea,18.0,Employee Referral,Fully Meets,4.2,3,0,1/11/2019,0,3,10235,14,11,88.78571428571429,3,78.57142857142857,45,0.6444444444444445,104,60,67,19,100,2.0,17.130000000000003,2.0,10,7,84.74857142857142,3.2257142857142855,70.0
"Erilus, Angela",10299,0,3,0,1,5,1,0,56847,0,20,Production Technician II,MA,2133,08/25/89,F,Separated,US Citizen,No,White,7/7/2014,,N/A-StillEmployed,Active,Production       ,Michael Albert,22.0,Indeed,PIP,3.0,1,0,2/25/2019,2,5,10299,11,6,81.72727272727273,4,54.54545454545454,45,0.4666666666666667,117,49,106,20,64,1.0,42.55,1.0,11,8,82.27222222222223,3.08,72.72727272727273
"Estremera, Miguel",10280,0,0,1,4,5,2,0,60340,1,19,Production Technician I,MA,2129,09/02/83,M ,Single,US Citizen,No,White,4/2/2012,9/27/2018,attendance,Terminated for Cause,Production       ,Michael Albert,22.0,Google Search,Needs Improvement,5.0,4,0,4/12/2018,5,16,10280,14,10,82.85714285714286,4,71.42857142857143,45,0.5555555555555556,93,61,76,41,78,4.0,14.6725,3.0,9,7,84.20142857142856,2.7842857142857147,77.77777777777779
"Evensen, April",10296,0,0,0,4,5,2,0,59124,1,19,Production Technician I,MA,2458,05/06/89,F,Single,US Citizen,No,White,2/17/2014,2/25/2018,"no-call, no-show",Terminated for Cause,Production       ,Elijiah Gray,16.0,Google Search,Needs Improvement,2.3,3,0,1/15/2017,5,19,10296,14,12,92.78571428571429,2,85.71428571428571,45,0.5333333333333333,83,72,112,21,60,4.0,28.5225,2.0,11,9,87.12555555555555,3.376666666666667,81.81818181818183
"Exantus, Susan",10290,1,1,0,4,4,2,0,99280,1,24,Software Engineer,MA,1749,05/15/87,F,Married,US Citizen,No,Black or African American,5/2/2011,6/5/2013,attendance,Terminated for Cause,Software Engineering,Alex Sweetwater,10.0,Indeed,Needs Improvement,2.1,5,4,8/10/2012,4,19,10290,11,9,86.81818181818181,5,81.81818181818183,45,0.5555555555555556,126,63,88,44,102,2.0,31.270000000000003,1.0,11,6,88.34166666666665,3.643333333333333,54.54545454545454
"Faller, Megan ",10263,1,1,0,1,5,3,0,71776,0,20,Production Technician II,MA,1824,09/22/78,F,Married,US Citizen,No,Black or African American,7/7/2014,,N/A-StillEmployed,Active,Production       ,Elijiah Gray,16.0,LinkedIn,Fully Meets,4.4,5,0,2/22/2019,0,17,10263,14,12,90.64285714285714,5,85.71428571428571,45,0.5555555555555556,125,75,64,34,88,,,,10,8,88.42,2.85,80.0
"Fancett, Nicole",10136,0,0,0,1,5,3,0,65902,0,20,Production Technician II,MA,2324,09/27/87,F,Single,US Citizen,No,Black or African American,2/17/2014,,N/A-StillEmployed,Active,Production       ,Webster Butler,,LinkedIn,Fully Meets,4.0,4,0,1/7/2019,0,7,10136,13,9,83.38461538461539,1,69.23076923076923,45,0.5111111111111111,127,63,87,27,86,5.0,14.276,5.0,11,8,84.14555555555555,2.76,72.72727272727273
"Ferguson, Susan",10189,1,1,0,5,5,3,0,57748,1,19,Production Technician I,MA,2176,04/14/55,F,Married,US Citizen,No,White,11/7/2011,5/17/2016,military,Voluntarily Terminated,Production       ,Webster Butler,39.0,Google Search,Fully Meets,3.13,3,0,2/4/2016,0,16,10189,14,12,87.78571428571429,4,85.71428571428571,45,0.6,120,70,78,10,115,1.0,5.88,0.0,11,8,87.4825,3.03625,72.72727272727273
"Fernandes, Nilson  ",10308,1,1,1,1,5,1,0,64057,0,19,Production Technician I,MA,2132,10/18/89,M ,Married,US Citizen,No,White,5/11/2015,,N/A-StillEmployed,Active,Production       ,Amy Dunn,11.0,Indeed,PIP,1.56,5,0,1/3/2019,6,15,10308,14,11,87.5,3,78.57142857142857,45,0.5111111111111111,80,75,87,40,89,2.0,23.53,2.0,10,6,80.22571428571429,2.6566666666666667,60.0
"Fett, Boba",10309,0,0,1,1,3,1,0,53366,0,15,Network Engineer,MA,2138,06/18/87,M ,Single,US Citizen,No,White,3/30/2015,,N/A-StillEmployed,Active,IT/IS,Peter Monroe,7.0,LinkedIn,PIP,1.2,3,6,2/4/2019,3,2,10309,12,8,69.66666666666667,1,66.66666666666666,45,0.5111111111111111,110,54,75,43,91,3.0,16.023333333333333,2.0,10,8,92.01875,2.56,80.0
"Fidelia,  Libby",10049,1,1,0,1,5,3,0,58530,0,19,Production Technician I,MA,2155,03/16/81,F,Married,US Citizen,No,White,1/9/2012,,N/A-StillEmployed,Active,Production       ,Brannon Miller,12.0,Google Search,Fully Meets,5.0,5,0,1/29/2019,0,19,10049,12,6,69.16666666666667,2,50.0,45,0.6444444444444445,123,73,84,34,80,1.0,3.3,1.0,10,10,87.854,2.8369999999999997,100.0
"Fitzpatrick, Michael  J",10093,0,0,1,5,5,3,0,72609,1,20,Production Technician II,MA,2143,10/01/81,M ,Single,US Citizen,Yes,White,5/16/2011,6/24/2013,hours,Voluntarily Terminated,Production       ,Amy Dunn,11.0,Google Search,Fully Meets,4.76,5,0,4/5/2013,0,20,10093,14,11,80.28571428571429,1,78.57142857142857,45,0.5555555555555556,88,45,86,42,125,6.0,26.144,5.0,9,6,92.85666666666667,3.0749999999999997,66.66666666666666
"Foreman, Tanya",10163,1,1,0,5,5,3,0,55965,1,20,Production Technician II,MA,2170,11/08/83,F,Married,US Citizen,No,White,4/4/2011,1/9/2013,career change,Voluntarily Terminated,Production       ,Ketsia Liebig,19.0,Google Search,Fully Meets,3.66,3,0,1/7/2012,0,6,10163,14,11,91.57142857142857,3,78.57142857142857,45,0.4888888888888889,95,83,99,22,115,1.0,15.78,1.0,10,5,81.44800000000001,4.178,50.0
"Forrest, Alex",10305,1,1,1,1,6,3,0,70187,1,3,Area Sales Manager,MA,2330,07/07/75,M ,Married,US Citizen,No,White,9/29/2014,8/19/2018,Fatal attraction,Terminated for Cause,Sales,Lynn Daneault,21.0,Employee Referral,PIP,2.0,5,0,1/28/2019,4,7,10305,14,11,86.71428571428571,5,78.57142857142857,45,0.4444444444444444,123,15,13,87,130,3.0,20.586666666666666,3.0,11,9,86.21333333333332,2.818888888888889,81.81818181818183
"Foss, Jason",10015,0,0,1,1,3,4,0,178000,0,12,IT Director,MA,1460,07/05/80,M ,Single,US Citizen,No,Black or African American,4/15/2011,,N/A-StillEmployed,Active,IT/IS,Jennifer Zamora,5.0,Indeed,Exceeds,5.0,5,5,1/7/2019,0,15,10015,13,11,91.6923076923077,3,84.61538461538461,45,0.4888888888888889,119,55,71,29,91,3.0,16.593333333333334,1.0,10,5,81.20833333333333,2.89,50.0
"Foster-Baker, Amy",10080,1,1,0,1,1,3,0,99351,0,26,Sr. Accountant,MA,2050,04/16/79,F,Married,US Citizen,no,White,1/5/2009,,N/A-StillEmployed,Active,Admin Offices,Board of Directors,9.0,Other,Fully Meets,5.0,3,2,2/8/2019,0,3,10080,14,12,91.71428571428571,3,85.71428571428571,45,0.4222222222222222,78,29,0,84,77,2.0,13.459999999999999,2.0,10,9,86.58555555555556,2.6733333333333333,90.0
"Fraval, Maruk ",10258,0,0,1,1,6,3,0,67251,0,3,Area Sales Manager,CT,6050,08/28/63,M ,Single,US Citizen,No,Black or African American,9/6/2011,,N/A-StillEmployed,Active,Sales,Lynn Daneault,21.0,CareerBuilder,Fully Meets,4.3,3,0,1/27/2019,2,7,10258,11,7,77.9090909090909,3,63.63636363636363,45,0.4444444444444444,114,30,0,98,115,2.0,7.1499999999999995,1.0,10,8,86.50375,2.93125,80.0
"Galia, Lisa",10273,0,0,0,1,3,3,0,65707,0,14,IT Support,CT,6040,07/06/68,F,Single,US Citizen,No,White,5/1/2010,,N/A-StillEmployed,Active,IT/IS,Eric Dougall,6.0,LinkedIn,Fully Meets,4.7,4,5,2/1/2019,0,1,10273,14,9,81.28571428571429,3,64.28571428571429,45,0.5777777777777777,69,58,68,29,78,1.0,35.96,1.0,10,8,81.28125,2.67125,80.0
"Garcia, Raul",10111,0,0,1,1,5,3,0,52249,0,19,Production Technician I,MA,1905,09/15/85,M ,Single,US Citizen,Yes,White,3/30/2015,,N/A-StillEmployed,Active,Production       ,David Stanley,14.0,Employee Referral,Fully Meets,4.5,3,0,2/18/2019,0,5,10111,12,4,67.83333333333333,2,33.33333333333333,45,0.6444444444444445,118,72,88,34,84,2.0,32.91,1.0,10,8,91.525,3.02375,80.0
"Gaul, Barbara",10257,0,0,0,1,5,3,0,53171,0,19,Production Technician I,MA,2121,12/02/83,F,Single,US Citizen,Yes,Black or African American,5/16/2011,,N/A-StillEmployed,Active,Production       ,Kelley Spirea,18.0,LinkedIn,Fully Meets,4.2,4,0,2/26/2019,0,12,10257,14,12,91.28571428571429,3,85.71428571428571,45,0.6,104,81,85,33,97,4.0,20.106666666666666,2.0,10,7,77.1025,3.0357142857142856,70.0
"Gentry, Mildred",10159,1,1,0,1,5,3,0,51337,0,19,Production Technician I,MA,2145,10/01/90,F,Married,US Citizen,No,Black or African American,3/30/2015,,N/A-StillEmployed,Active,Production       ,Michael Albert,22.0,LinkedIn,Fully Meets,3.73,3,0,1/16/2019,0,19,10159,14,10,85.14285714285714,9,71.42857142857143,45,0.5555555555555556,128,74,73,17,89,1.0,6.23,1.0,10,9,89.4088888888889,2.608888888888889,90.0
"Gerke, Melisa",10122,0,2,0,5,5,3,1,51505,1,19,Production Technician I,MA,2330,05/15/70,F,Divorced,US Citizen,No,Black or African American,11/7/2011,11/15/2016,hours,Voluntarily Terminated,Production       ,Elijiah Gray,16.0,Diversity Job Fair,Fully Meets,4.24,4,0,4/29/2016,0,2,10122,14,11,79.28571428571429,5,78.57142857142857,45,0.5555555555555556,123,49,121,40,79,3.0,27.075000000000003,1.0,10,6,85.50857142857141,2.1616666666666666,60.0
"Gill, Whitney  ",10142,0,4,0,4,6,3,0,59370,1,3,Area Sales Manager,OH,43050,07/10/71,F,Widowed,US Citizen,No,Black or African American,7/7/2014,9/5/2015,attendance,Terminated for Cause,Sales,John Smith,17.0,CareerBuilder,Fully Meets,3.97,4,0,1/15/2014,0,7,10142,14,10,83.92857142857143,0,71.42857142857143,45,0.4,94,24,0,63,105,3.0,24.386666666666667,1.0,11,6,80.69714285714285,2.9516666666666667,54.54545454545454
"Gilles, Alex",10283,1,1,1,5,5,2,1,54933,1,19,Production Technician I,MA,2062,08/09/74,M ,Married,US Citizen,No,Black or African American,4/2/2012,6/25/2015,military,Voluntarily Terminated,Production       ,Webster Butler,39.0,Diversity Job Fair,Needs Improvement,3.97,4,0,1/20/2015,3,15,10283,14,10,84.07142857142857,4,71.42857142857143,45,0.5555555555555556,89,70,69,23,110,7.0,21.075714285714287,7.0,10,6,83.95,2.8033333333333332,60.0
"Girifalco, Evelyn",10018,0,0,0,1,5,4,0,57815,0,19,Production Technician I,MA,2451,05/08/80,F,Single,US Citizen,Yes,Two or more races,9/29/2014,,N/A-StillEmployed,Active,Production       ,Amy Dunn,11.0,Indeed,Exceeds,3.9,4,0,2/7/2019,0,3,10018,14,11,85.35714285714286,3,78.57142857142857,45,0.5777777777777777,76,57,74,9,110,4.0,21.2925,3.0,10,6,87.64833333333333,3.081666666666667,60.0
"Givens, Myriam",10255,0,0,0,1,6,3,0,61555,0,3,Area Sales Manager,IN,46204,09/22/89,F,Single,US Citizen,No,White,2/16/2015,,N/A-StillEmployed,Active,Sales,Lynn Daneault,21.0,Indeed,Fully Meets,4.5,5,0,1/25/2019,0,20,10255,14,8,69.21428571428571,2,57.14285714285714,45,0.4666666666666667,118,28,3,71,132,5.0,12.33,3.0,10,8,85.64,3.0775,80.0
"Goble, Taisha",10246,0,0,0,4,3,3,0,114800,1,8,Database Administrator,MA,2127,10/23/71,F,Single,US Citizen,No,White,2/16/2015,3/15/2015,"no-call, no-show",Terminated for Cause,IT/IS,Simon Roup,4.0,Indeed,Fully Meets,4.6,4,4,1/20/2015,0,10,10246,14,9,83.42857142857143,2,64.28571428571429,45,0.5555555555555556,112,87,76,17,55,,,,10,6,89.04333333333334,3.471666666666667,60.0
"Goeth, Amon",10228,1,1,1,1,3,3,0,74679,0,14,IT Support,MA,2135,11/24/89,M ,Married,US Citizen,Yes,White,3/30/2015,,N/A-StillEmployed,Active,IT/IS,Peter Monroe,7.0,LinkedIn,Fully Meets,4.3,5,7,1/10/2019,0,20,10228,14,12,96.35714285714286,5,85.71428571428571,45,0.5555555555555556,108,66,82,36,116,6.0,21.29,6.0,11,6,83.52714285714285,4.098333333333334,54.54545454545454
"Gold, Shenice  ",10243,0,0,0,1,5,3,0,53018,0,19,Production Technician I,MA,2451,06/18/92,F,Single,US Citizen,Yes,White,11/11/2013,,N/A-StillEmployed,Active,Production       ,Ketsia Liebig,19.0,Indeed,Fully Meets,4.3,5,0,2/18/2019,0,7,10243,14,10,81.78571428571429,4,71.42857142857143,45,0.5555555555555556,99,61,87,30,75,2.0,19.78,1.0,10,8,87.13374999999999,3.34,80.0
"Gonzalez, Cayo",10031,0,2,1,1,5,4,1,59892,0,19,Production Technician I,MA,2108,09/29/69,M ,Divorced,US Citizen,No,Black or African American,7/11/2011,,N/A-StillEmployed,Active,Production       ,Brannon Miller,12.0,Diversity Job Fair,Exceeds,4.5,4,0,2/18/2019,0,1,10031,14,13,92.85714285714286,2,92.85714285714286,45,0.5333333333333333,130,71,90,29,70,2.0,49.365,1.0,10,10,85.961,3.184,100.0
"Gonzalez, Juan",10300,1,1,1,5,5,1,1,68898,1,20,Production Technician II,MA,2128,10/12/64,M ,Married,US Citizen,No,Black or African American,4/26/2010,5/30/2011,career change,Voluntarily Terminated,Production       ,Brannon Miller,12.0,Diversity Job Fair,PIP,3.0,3,0,3/6/2011,3,10,10300,12,9,80.0,2,75.0,45,0.5555555555555556,108,81,79,7,133,6.0,21.343333333333334,6.0,10,7,85.28714285714285,2.177142857142857,70.0
"Gonzalez, Maria",10101,0,3,0,1,3,3,0,61242,0,14,IT Support,MA,2472,04/16/81,F,Separated,US Citizen,Yes,White,1/5/2015,,N/A-StillEmployed,Active,IT/IS,Peter Monroe,7.0,Employee Referral,Fully Meets,4.61,4,5,1/28/2019,0,11,10101,14,8,74.14285714285714,2,57.14285714285714,45,0.5333333333333333,118,66,107,12,72,4.0,18.2075,4.0,10,6,90.58166666666666,3.6749999999999994,60.0
"Good, Susan",10237,1,1,0,3,5,3,0,66825,0,20,Production Technician II,MA,1886,05/25/86,F,Married,US Citizen,No,White,5/12/2014,,N/A-StillEmployed,Active,Production       ,David Stanley,14.0,LinkedIn,Fully Meets,4.6,3,0,2/7/2019,0,20,10237,13,10,84.84615384615384,2,76.92307692307693,45,0.5333333333333333,107,60,75,35,89,4.0,17.5825,4.0,8,6,82.41833333333334,3.0866666666666664,75.0
"Gordon, David",10051,1,1,1,1,5,3,0,48285,0,19,Production Technician I,MA,2169,05/21/79,M ,Married,US Citizen,No,White,7/2/2012,,N/A-StillEmployed,Active,Production       ,David Stanley,14.0,LinkedIn,Fully Meets,5.0,3,0,1/14/2019,0,2,10051,14,10,83.5,5,71.42857142857143,45,0.5333333333333333,127,68,77,47,91,2.0,5.89,1.0,10,9,83.96666666666667,2.6255555555555556,90.0
"Gosciminski, Phylicia  ",10218,0,3,0,3,5,3,0,66149,0,20,Production Technician II,MA,1824,12/08/83,F,Separated,US Citizen,No,American Indian or Alaska Native,9/30/2013,,N/A-StillEmployed,Active,Production       ,Kissy Sullivan,20.0,Google Search,Fully Meets,4.4,5,0,2/21/2019,0,1,10218,14,11,86.28571428571429,3,78.57142857142857,45,0.4666666666666667,114,38,86,34,67,1.0,9.14,1.0,10,9,83.704,2.7933333333333334,90.0
"Goyal, Roxana",10256,1,1,0,3,5,3,0,49256,0,19,Production Technician I,MA,1864,10/09/74,F,Married,US Citizen,No,Asian,8/19/2013,,N/A-StillEmployed,Active,Production       ,Kissy Sullivan,20.0,LinkedIn,Fully Meets,4.1,5,0,2/15/2019,0,3,10256,14,10,81.85714285714286,2,71.42857142857143,45,0.5777777777777777,114,76,73,11,83,4.0,14.92,4.0,10,9,91.54333333333334,2.79,90.0
"Gray, Elijiah  ",10098,0,2,1,1,5,3,0,62957,0,18,Production Manager,MA,1752,07/11/81,M ,Divorced,US Citizen,No,White,6/2/2015,,N/A-StillEmployed,Active,Production       ,Janet King,2.0,Employee Referral,Fully Meets,4.63,3,0,1/4/2019,0,2,10098,14,8,68.35714285714286,0,57.14285714285714,45,0.3111111111111111,95,25,0,56,103,2.0,20.155,2.0,10,7,86.35571428571428,2.584285714285714,70.0
"Gross, Paula",10059,0,2,0,5,5,3,0,63813,1,19,Production Technician I,MA,2176,05/21/83,F,Divorced,US Citizen,No,White,2/21/2011,1/11/2014,more money,Voluntarily Terminated,Production       ,Kelley Spirea,18.0,CareerBuilder,Fully Meets,5.0,5,0,6/3/2013,0,17,10059,14,9,82.14285714285714,2,64.28571428571429,45,0.5777777777777777,91,69,98,37,90,6.0,23.248,5.0,11,10,84.731,2.832,90.9090909090909
"Gruber, Hans",10234,1,1,1,1,3,3,0,99020,0,4,BI Developer,MA,2134,06/30/89,M ,Married,US Citizen,No,Black or African American,4/20/2017,,N/A-StillEmployed,Active,IT/IS,Brian Champaigne,13.0,Indeed,Fully Meets,4.2,5,5,1/28/2019,0,8,10234,14,14,100.0,6,100.0,45,0.5333333333333333,119,77,99,37,73,3.0,12.226666666666667,3.0,10,7,86.94285714285715,3.0557142857142856,70.0
"Guilianno, Mike",10109,0,0,1,5,6,3,0,71707,1,3,Area Sales Manager,TN,37129,02/09/69,M ,Single,US Citizen,No,Two or more races,3/7/2012,10/31/2014,relocation out of area,Voluntarily Terminated,Sales,John Smith,17.0,LinkedIn,Fully Meets,4.5,5,0,2/1/2013,0,20,10109,14,7,65.64285714285714,2,50.0,45,0.4,91,6,0,81,131,3.0,21.343333333333334,3.0,10,7,84.10000000000001,3.382857142857143,70.0
"Handschiegl, Joanne",10125,1,1,0,1,5,3,0,54828,0,19,Production Technician I,MA,2127,03/23/77,F,Married,US Citizen,No,White,11/28/2011,,N/A-StillEmployed,Active,Production       ,Michael Albert,22.0,Google Search,Fully Meets,4.2,4,0,2/22/2019,0,13,10125,11,8,78.81818181818181,4,72.72727272727273,45,0.5333333333333333,104,45,83,30,63,2.0,6.1,2.0,8,5,88.32666666666667,2.836,62.5
"Hankard, Earnest",10074,0,0,1,1,5,3,0,64246,0,20,Production Technician II,MA,2155,08/10/88,M ,Single,US Citizen,Yes,White,11/11/2013,,N/A-StillEmployed,Active,Production       ,Kelley Spirea,18.0,LinkedIn,Fully Meets,5.0,3,0,1/8/2019,0,20,10074,14,11,88.35714285714286,3,78.57142857142857,45,0.5777777777777777,91,75,82,10,120,1.0,7.11,1.0,10,6,82.21857142857142,3.0583333333333336,60.0
"Harrington, Christie ",10097,0,0,0,5,5,3,0,52177,1,19,Production Technician I,MA,2324,08/18/52,F,Single,US Citizen,No,White,1/9/2012,12/15/2015,retiring,Voluntarily Terminated,Production       ,Webster Butler,39.0,CareerBuilder,Fully Meets,4.64,4,0,5/2/2015,0,8,10097,10,7,83.4,1,70.0,45,0.5111111111111111,134,62,78,35,79,5.0,26.558,4.0,11,9,85.63222222222223,2.923333333333334,81.81818181818183
"Harrison, Kara",10007,1,1,0,1,5,4,0,62065,0,19,Production Technician I,MA,1886,05/02/74,F,Married,US Citizen,No,White,5/12/2014,,N/A-StillEmployed,Active,Production       ,Amy Dunn,11.0,CareerBuilder,Exceeds,4.76,4,0,2/15/2019,0,5,10007,14,12,90.28571428571429,4,85.71428571428571,45,0.5555555555555556,109,63,79,7,99,7.0,20.33857142857143,7.0,10,6,80.32166666666667,2.9150000000000005,60.0
"Heitzman, Anthony",10129,0,0,1,1,5,3,0,46998,0,19,Production Technician I,MA,2149,01/04/84,M ,Single,US Citizen,No,White,8/13/2012,,N/A-StillEmployed,Active,Production       ,Ketsia Liebig,19.0,Google Search,Fully Meets,4.17,4,0,2/11/2019,0,1,10129,14,12,92.85714285714286,1,85.71428571428571,45,0.5333333333333333,134,68,83,14,117,,,,10,9,84.06888888888889,2.421111111111111,90.0
"Hendrickson, Trina",10075,0,0,0,5,5,3,0,68099,1,20,Production Technician II,MA,2021,08/27/72,F,Single,US Citizen,No,White,1/10/2011,6/18/2013,hours,Voluntarily Terminated,Production       ,Kelley Spirea,18.0,CareerBuilder,Fully Meets,5.0,3,0,1/30/2013,0,15,10075,14,10,82.0,5,71.42857142857143,45,0.4888888888888889,103,57,63,18,72,1.0,14.63,1.0,10,9,85.797,3.0733333333333333,90.0
"Hitchcock, Alfred",10167,1,1,1,1,6,3,0,70545,0,3,Area Sales Manager,NH,3062,09/14/88,M ,Married,US Citizen,No,American Indian or Alaska Native,8/18/2014,,N/A-StillEmployed,Active,Sales,John Smith,17.0,Indeed,Fully Meets,3.6,5,0,1/30/2019,0,9,10167,14,11,91.57142857142857,6,78.57142857142857,45,0.4666666666666667,111,21,2,55,90,3.0,28.316666666666666,2.0,11,8,88.00875,3.775,72.72727272727273
"Homberger, Adrienne  J",10195,1,1,0,5,5,3,0,63478,1,20,Production Technician II,MA,2445,02/16/84,F,Married,Non-Citizen,No,White,8/15/2011,4/7/2012,relocation out of area,Voluntarily Terminated,Production       ,Michael Albert,30.0,Indeed,Fully Meets,3.03,5,0,3/5/2012,0,16,10195,14,11,89.21428571428571,4,78.57142857142857,45,0.4888888888888889,87,71,87,34,109,4.0,22.706666666666667,4.0,11,8,82.145,2.7925,72.72727272727273
"Horton, Jayne",10112,0,0,0,1,3,3,0,97999,0,8,Database Administrator,MA,2493,02/21/84,F,Single,US Citizen,No,White,3/30/2015,,N/A-StillEmployed,Active,IT/IS,Simon Roup,4.0,Indeed,Fully Meets,4.48,5,6,1/3/2019,0,4,10112,14,13,95.21428571428571,6,92.85714285714286,45,0.5333333333333333,148,48,80,11,117,6.0,30.775000000000002,4.0,10,8,85.75625,3.29125,80.0
"Houlihan, Debra",10272,1,1,0,1,6,3,0,180000,0,11,Director of Sales,RI,2908,03/17/66,F,Married,US Citizen,No,White,5/5/2014,,N/A-StillEmployed,Active,Sales,Janet King,2.0,LinkedIn,Fully Meets,4.5,4,0,1/21/2019,0,19,10272,14,10,83.35714285714286,4,71.42857142857143,45,0.4666666666666667,99,15,4,50,118,3.0,12.195,3.0,10,6,88.61,2.8833333333333333,60.0
"Howard, Estelle",10182,1,1,0,1,1,3,0,49920,1,2,Administrative Assistant,MA,2170,09/16/85,F,Married,US Citizen,No,Black or African American,2/16/2015,4/15/2015,"no-call, no-show",Terminated for Cause,Admin Offices,Brandon R. LeBlanc,1.0,Indeed,Fully Meets,3.24,3,4,4/15/2015,0,6,10182,14,10,83.71428571428571,5,71.42857142857143,45,0.4666666666666667,66,41,27,43,142,1.0,25.56,1.0,10,10,87.309,3.255,100.0
"Hudson, Jane",10248,0,0,0,1,5,3,0,55425,0,19,Production Technician I,MA,2176,06/10/86,F,Single,US Citizen,No,White,2/20/2012,,N/A-StillEmployed,Active,Production       ,Ketsia Liebig,19.0,LinkedIn,Fully Meets,4.8,4,0,1/7/2019,0,4,10248,14,11,89.42857142857143,2,78.57142857142857,45,0.5333333333333333,101,60,95,30,117,6.0,16.21666666666667,5.0,10,7,83.45125,2.5528571428571425,70.0
"Hunts, Julissa",10201,0,0,0,2,5,3,0,69340,0,20,Production Technician II,MA,2021,03/11/84,F,Single,US Citizen,No,White,6/6/2016,,N/A-StillEmployed,Active,Production       ,Elijiah Gray,16.0,LinkedIn,Fully Meets,3.0,5,0,1/18/2019,0,4,10201,12,8,73.75,3,66.66666666666666,45,0.5777777777777777,123,73,99,35,88,5.0,36.675,2.0,11,9,82.57111111111111,2.7577777777777777,81.81818181818183
"Hutter, Rosalie",10214,0,3,0,2,5,3,0,64995,0,20,Production Technician II,MA,2351,05/07/92,F,Separated,US Citizen,No,White,6/5/2015,,N/A-StillEmployed,Active,Production       ,Webster Butler,,Indeed,Fully Meets,4.5,3,0,2/14/2019,0,6,10214,14,10,83.71428571428571,3,71.42857142857143,45,0.6,101,72,77,27,113,3.0,15.725000000000001,1.0,10,9,85.81888888888889,3.0933333333333333,90.0
"Huynh, Ming",10160,0,2,0,5,5,3,0,68182,1,20,Production Technician II,MA,1742,09/22/76,F,Divorced,US Citizen,No,White,2/21/2011,4/1/2013,unhappy,Voluntarily Terminated,Production       ,Amy Dunn,11.0,Google Search,Fully Meets,3.72,3,0,2/1/2013,0,18,10160,14,10,81.42857142857143,6,71.42857142857143,45,0.5111111111111111,114,72,91,12,91,6.0,20.641666666666666,5.0,11,7,85.565,2.29,63.63636363636363
"Immediato, Walter",10289,1,1,1,5,5,2,0,83082,1,18,Production Manager,MA,2128,11/15/76,M ,Married,US Citizen,No,Asian,2/21/2011,9/24/2012,unhappy,Voluntarily Terminated,Production       ,Janet King,2.0,Indeed,Needs Improvement,2.34,2,0,4/12/2012,3,4,10289,14,12,93.21428571428571,4,85.71428571428571,45,0.4,90,38,12,67,127,4.0,21.32,3.0,11,7,84.41666666666667,2.4071428571428575,63.63636363636363
"Ivey, Rose ",10139,0,0,0,1,5,3,0,51908,0,19,Production Technician I,MA,1775,01/28/91,F,Single,US Citizen,No,White,8/19/2013,,N/A-StillEmployed,Active,Production       ,Brannon Miller,12.0,Indeed,Fully Meets,3.99,3,0,1/14/2019,0,14,10139,14,9,82.0,3,64.28571428571429,45,0.6,99,90,81,10,100,5.0,12.345,5.0,10,6,83.87333333333333,3.5483333333333333,60.0
"Jackson, Maryellen",10227,0,0,0,1,5,3,0,61242,0,19,Production Technician I,MA,2081,09/11/72,F,Single,US Citizen,No,Black or African American,11/5/2012,,N/A-StillEmployed,Active,Production       ,David Stanley,14.0,LinkedIn,Fully Meets,4.1,3,0,1/17/2019,0,7,10227,14,9,81.42857142857143,5,64.28571428571429,45,0.5777777777777777,75,80,69,25,89,3.0,22.47666666666667,0.0,10,7,85.75714285714285,3.531428571428571,70.0
"Jacobi, Hannah  ",10236,0,2,0,1,5,3,0,45069,0,19,Production Technician I,MA,1778,03/22/66,F,Divorced,US Citizen,No,White,9/30/2013,,N/A-StillEmployed,Active,Production       ,Kissy Sullivan,20.0,Employee Referral,Fully Meets,4.3,5,0,2/22/2019,0,7,10236,14,12,92.71428571428571,3,85.71428571428571,45,0.5333333333333333,113,66,99,36,105,2.0,10.854999999999999,2.0,10,7,83.23,2.3442857142857143,70.0
"Jeannite, Tayana",10009,0,2,0,1,5,4,0,60724,0,20,Production Technician II,MA,1821,11/06/86,F,Divorced,US Citizen,No,American Indian or Alaska Native,7/5/2011,,N/A-StillEmployed,Active,Production       ,Ketsia Liebig,19.0,LinkedIn,Exceeds,4.6,4,0,2/25/2019,0,11,10009,14,9,73.64285714285714,1,64.28571428571429,45,0.4666666666666667,89,66,69,25,123,3.0,22.71666666666667,3.0,10,7,82.66,3.108571428571428,70.0
"Jhaveri, Sneha  ",10060,0,3,0,1,5,3,0,60436,0,19,Production Technician I,MA,2109,04/13/64,F,Separated,US Citizen,No,White,1/6/2014,,N/A-StillEmployed,Active,Production       ,Kelley Spirea,18.0,LinkedIn,Fully Meets,5.0,5,0,1/21/2019,0,9,10060,14,10,79.5,2,71.42857142857143,45,0.5555555555555556,120,68,62,39,103,5.0,18.086,1.0,11,9,87.92555555555556,3.271111111111111,81.81818181818183
"Johnson, George",10034,1,1,1,5,5,4,0,46837,1,19,Production Technician I,MA,2445,08/19/59,M ,Married,US Citizen,No,White,11/7/2011,4/29/2018,more money,Voluntarily Terminated,Production       ,Michael Albert,22.0,CareerBuilder,Exceeds,4.7,4,0,2/14/2018,0,9,10034,11,10,92.27272727272727,2,90.9090909090909,45,0.5777777777777777,119,83,93,16,90,4.0,14.3325,3.0,10,8,86.27,2.32125,80.0
"Johnson, Noelle ",10156,1,1,0,3,3,3,0,105700,0,8,Database Administrator,MA,2301,11/07/86,F,Married,US Citizen,No,Asian,1/5/2015,,N/A-StillEmployed,Active,IT/IS,Simon Roup,4.0,Indeed,Fully Meets,3.75,3,5,2/11/2019,0,2,10156,14,10,93.57142857142857,6,71.42857142857143,45,0.5111111111111111,87,77,60,12,95,1.0,,1.0,10,7,83.39142857142858,2.454285714285714,70.0
"Johnston, Yen",10036,0,0,0,1,5,4,0,63322,0,20,Production Technician II,MA,2128,09/08/69,F,Single,US Citizen,No,White,7/7/2014,,N/A-StillEmployed,Active,Production       ,Brannon Miller,12.0,LinkedIn,Exceeds,4.3,3,0,1/11/2019,0,1,10036,14,8,79.64285714285714,5,57.14285714285714,45,0.4888888888888889,143,48,82,24,64,5.0,16.076,4.0,8,6,86.54166666666667,2.8200000000000003,75.0
"Jung, Judy  ",10138,1,1,0,5,5,3,0,61154,1,19,Production Technician I,MA,2446,04/17/86,F,Married,US Citizen,No,Black or African American,1/10/2011,4/1/2016,unhappy,Voluntarily Terminated,Production       ,Elijiah Gray,16.0,CareerBuilder,Fully Meets,4.0,4,0,2/3/2016,0,4,10138,14,10,87.64285714285714,2,71.42857142857143,45,0.5333333333333333,112,59,75,30,89,1.0,23.24,0.0,11,9,83.61699999999999,2.917777777777778,81.81818181818183
"Kampew, Donysha",10244,0,0,0,5,6,3,0,68999,1,21,Sales Manager,PA,19444,11/11/89,F,Single,US Citizen,No,White,11/7/2011,4/24/2014,maternity leave - did not return,Voluntarily Terminated,Sales,Debra Houlihan,15.0,Google Search,Fully Meets,4.5,5,0,3/30/2013,0,2,10244,14,11,86.0,3,78.57142857142857,45,0.4444444444444444,143,6,4,76,107,2.0,18.44,1.0,10,9,86.0911111111111,2.7044444444444444,90.0
"Keatts, Kramer ",10192,0,0,1,1,5,3,0,50482,0,19,Production Technician I,MA,1887,01/19/76,M ,Single,US Citizen,No,White,9/30/2013,,N/A-StillEmployed,Active,Production       ,Michael Albert,22.0,Indeed,Fully Meets,3.07,4,0,1/23/2019,0,10,10192,14,12,95.57142857142857,2,85.71428571428571,45,0.5555555555555556,101,59,96,20,116,5.0,32.932,4.0,11,6,80.40428571428572,3.0683333333333334,54.54545454545454
"Khemmich, Bartholemew",10231,0,0,1,1,6,3,0,65310,0,3,Area Sales Manager,CO,80820,11/27/79,M ,Single,US Citizen,No,White,8/19/2013,,N/A-StillEmployed,Active,Sales,Lynn Daneault,21.0,Indeed,Fully Meets,4.3,5,0,1/22/2019,0,13,10231,14,11,89.92857142857143,0,78.57142857142857,45,0.4666666666666667,86,17,4,60,139,,,,11,7,76.99125000000001,2.8728571428571428,63.63636363636363
"King, Janet",10089,1,1,0,1,2,3,0,250000,0,16,President & CEO,MA,1902,09/21/54,F,Married,US Citizen,Yes,White,7/2/2012,,N/A-StillEmployed,Active,Executive Office,Board of Directors,9.0,Indeed,Fully Meets,4.83,3,0,1/17/2019,0,10,10089,14,13,95.14285714285714,2,92.85714285714286,45,0.4666666666666667,87,27,6,91,118,5.0,19.118000000000002,5.0,10,7,88.17857142857143,3.13,70.0
"Kinsella, Kathleen  ",10166,1,1,0,5,5,3,0,54005,1,19,Production Technician I,MA,2170,12/08/73,F,Married,US Citizen,No,White,9/26/2011,6/4/2015,more money,Voluntarily Terminated,Production       ,Webster Butler,39.0,Google Search,Fully Meets,3.6,5,0,3/1/2015,0,16,10166,14,10,80.57142857142857,4,71.42857142857143,45,0.5333333333333333,116,69,80,40,96,3.0,9.613333333333333,3.0,11,8,83.171,3.115,72.72727272727273
"Kirill, Alexandra  ",10170,1,1,0,5,5,3,0,45433,1,19,Production Technician I,MA,2127,10/08/70,F,Married,US Citizen,No,White,9/26/2011,1/9/2014,more money,Voluntarily Terminated,Production       ,Amy Dunn,11.0,Google Search,Fully Meets,3.49,4,0,1/30/2013,0,6,10170,14,11,90.35714285714286,4,78.57142857142857,45,0.5111111111111111,99,81,82,41,96,4.0,9.756666666666666,4.0,11,8,84.69999999999999,3.295,72.72727272727273
"Knapp, Bradley  J",10208,0,0,1,1,5,3,0,46654,0,19,Production Technician I,MA,1721,11/10/77,M ,Single,US Citizen,No,Black or African American,2/17/2014,,N/A-StillEmployed,Active,Production       ,Ketsia Liebig,19.0,LinkedIn,Fully Meets,3.1,3,0,2/6/2019,0,3,10208,14,11,86.57142857142857,4,78.57142857142857,45,0.5333333333333333,96,68,83,32,73,1.0,11.69,1.0,10,7,84.71857142857142,2.281428571428571,70.0
"Kretschmer, John",10176,1,1,1,1,5,3,0,63973,0,19,Production Technician I,MA,1801,02/02/80,M ,Married,US Citizen,No,Asian,1/10/2011,,N/A-StillEmployed,Active,Production       ,Brannon Miller,12.0,Indeed,Fully Meets,3.38,3,0,1/21/2019,0,17,10176,12,10,88.33333333333333,2,83.33333333333334,45,0.4666666666666667,74,63,79,12,105,2.0,13.98,2.0,10,6,78.28,2.84,60.0
"Kreuger, Freddy",10165,0,0,1,1,6,3,1,71339,0,3,Area Sales Manager,NY,10171,02/24/69,M ,Single,US Citizen,Yes,Black or African American,3/7/2011,,N/A-StillEmployed,Active,Sales,John Smith,17.0,Diversity Job Fair,Fully Meets,3.65,5,0,1/17/2019,0,20,10165,14,11,78.57142857142857,1,78.57142857142857,45,0.4888888888888889,113,36,0,75,154,4.0,25.63,4.0,9,6,84.655,2.8249999999999997,66.66666666666666
"Lajiri,  Jyoti",10113,1,1,1,3,3,3,0,93206,0,28,Sr. Network Engineer,MA,2169,04/23/86,M ,Married,US Citizen,No,White,11/10/2014,,N/A-StillEmployed,Active,IT/IS,Peter Monroe,7.0,Employee Referral,Fully Meets,4.46,5,6,1/7/2019,0,7,10113,14,13,93.92857142857143,4,92.85714285714286,45,0.5777777777777777,131,71,75,38,90,3.0,19.62,2.0,10,8,88.04125,2.4025,80.0
"Landa, Hans",10092,1,1,1,4,5,3,0,82758,1,18,Production Manager,MA,1890,07/01/72,M ,Married,US Citizen,No,White,1/10/2011,12/12/2015,attendance,Terminated for Cause,Production       ,Janet King,2.0,Employee Referral,Fully Meets,4.78,4,0,2/15/2015,0,9,10092,14,10,84.14285714285714,2,71.42857142857143,45,0.4,76,41,16,44,123,6.0,22.16,6.0,10,8,83.53,3.08625,80.0
"Langford, Lindsey",10106,0,2,0,5,5,3,0,66074,1,20,Production Technician II,MA,2090,07/25/79,F,Divorced,US Citizen,No,Asian,1/7/2013,3/31/2014,Another position,Voluntarily Terminated,Production       ,David Stanley,14.0,Indeed,Fully Meets,4.52,3,0,2/20/2014,0,20,10106,14,9,82.28571428571429,4,64.28571428571429,45,0.5111111111111111,111,56,94,19,117,3.0,8.405000000000001,2.0,10,8,86.5775,3.05625,80.0
"Langton, Enrico",10052,1,1,1,1,5,3,0,46120,0,19,Production Technician I,MA,2048,12/09/86,M ,Married,US Citizen,No,White,7/9/2012,,N/A-StillEmployed,Active,Production       ,David Stanley,14.0,LinkedIn,Fully Meets,5.0,5,0,2/4/2019,0,13,10052,14,11,89.14285714285714,1,78.57142857142857,45,0.5555555555555556,134,78,84,22,87,6.0,16.556,5.0,9,4,79.616,3.5425,44.44444444444444
"LaRotonda, William  ",10038,0,2,1,1,1,3,0,64520,0,1,Accountant I,MA,1460,04/26/84,M ,Divorced,US Citizen,No,Black or African American,1/6/2014,,N/A-StillEmployed,Active,Admin Offices,Brandon R. LeBlanc,1.0,Website,Fully Meets,5.0,4,4,1/17/2019,0,3,10038,14,12,93.5,4,85.71428571428571,45,0.4,70,20,0,51,142,7.0,19.874285714285715,4.0,10,9,84.13222222222223,2.7366666666666664,90.0
"Latif, Mohammed",10249,1,1,1,5,5,3,0,61962,1,20,Production Technician II,MA,2126,05/09/84,M ,Married,US Citizen,No,White,4/2/2012,4/15/2013,more money,Voluntarily Terminated,Production       ,Kissy Sullivan,20.0,Google Search,Fully Meets,4.9,3,0,2/20/2013,0,20,10249,14,7,76.92857142857143,3,50.0,45,0.5555555555555556,112,88,69,33,99,3.0,20.05666666666667,3.0,10,8,88.67,2.8475,80.0
"Le, Binh",10232,0,0,0,1,3,3,0,81584,0,22,Senior BI Developer,MA,1886,06/14/87,F,Single,US Citizen,No,Asian,10/2/2016,,N/A-StillEmployed,Active,IT/IS,Brian Champaigne,13.0,Indeed,Fully Meets,4.1,5,7,1/8/2019,0,2,10232,14,10,90.92857142857143,1,71.42857142857143,45,0.5555555555555556,100,73,89,29,108,1.0,,1.0,10,9,88.68444444444444,3.1133333333333333,90.0
"Leach, Dallas",10087,0,0,0,5,5,3,0,63676,1,19,Production Technician I,MA,1810,01/17/79,F,Single,US Citizen,No,Asian,9/26/2011,8/19/2018,return to school,Voluntarily Terminated,Production       ,Kissy Sullivan,20.0,CareerBuilder,Fully Meets,4.88,3,0,7/2/2017,0,17,10087,12,8,71.41666666666667,4,66.66666666666666,45,0.6222222222222222,86,86,88,33,100,5.0,8.1675,5.0,11,9,90.21,3.0877777777777777,81.81818181818183
"LeBlanc, Brandon  R",10134,1,1,1,1,1,3,0,93046,0,23,Shared Services Manager,MA,1460,06/10/84,M ,Married,US Citizen,No,White,1/5/2016,,N/A-StillEmployed,Active,Admin Offices,Janet King,2.0,CareerBuilder,Fully Meets,4.1,4,0,1/28/2019,0,20,10134,14,10,85.78571428571429,4,71.42857142857143,45,0.5555555555555556,85,39,3,52,88,7.0,18.991666666666667,4.0,10,6,88.94857142857143,3.205,60.0
"Lecter, Hannibal",10251,1,1,1,1,5,3,0,64738,0,19,Production Technician I,MA,1776,09/02/82,M ,Married,US Citizen,No,Asian,5/14/2012,,N/A-StillEmployed,Active,Production       ,Elijiah Gray,16.0,Google Search,Fully Meets,4.1,3,0,2/22/2019,0,10,10251,12,7,74.08333333333333,3,58.333333333333336,45,0.5111111111111111,96,75,77,22,87,1.0,3.29,1.0,11,7,92.79285714285713,2.967142857142857,63.63636363636363
"Leruth, Giovanni",10103,0,3,1,1,6,3,0,70468,0,3,Area Sales Manager,UT,84111,12/27/88,M ,Separated,US Citizen,No,Black or African American,4/30/2012,,N/A-StillEmployed,Active,Sales,John Smith,17.0,Website,Fully Meets,4.53,3,0,1/29/2019,0,16,10103,12,7,78.16666666666667,2,58.333333333333336,45,0.4666666666666667,102,13,0,78,174,7.0,26.859999999999996,5.0,11,8,86.37375,2.5125,72.72727272727273
"Liebig, Ketsia",10017,1,1,0,1,5,4,0,77915,0,18,Production Manager,MA,2110,10/26/81,F,Married,US Citizen,No,White,9/30/2013,,N/A-StillEmployed,Active,Production       ,Janet King,2.0,Website,Exceeds,4.1,3,0,1/21/2019,0,11,10017,14,12,90.14285714285714,2,85.71428571428571,45,0.4444444444444444,87,37,4,57,132,2.0,17.33,2.0,10,9,88.86,2.808888888888889,90.0
"Linares, Marilyn ",10186,1,1,0,5,5,3,0,52624,1,19,Production Technician I,MA,1886,03/26/81,F,Married,US Citizen,No,White,7/5/2011,9/26/2018,unhappy,Voluntarily Terminated,Production       ,Michael Albert,22.0,Indeed,Fully Meets,3.18,4,0,3/2/2018,0,16,10186,14,7,76.35714285714286,2,50.0,45,0.6222222222222222,122,64,81,31,99,,,,11,9,85.21666666666667,3.132222222222222,81.81818181818183
"Linden, Mathew",10137,1,1,1,3,5,3,0,63450,0,20,Production Technician II,MA,1770,03/19/79,M ,Married,US Citizen,No,White,7/8/2013,,N/A-StillEmployed,Active,Production       ,Kelley Spirea,18.0,LinkedIn,Fully Meets,4.0,3,0,2/18/2019,0,7,10137,14,10,90.57142857142857,3,71.42857142857143,45,0.5555555555555556,118,91,73,21,104,6.0,24.71,6.0,11,11,82.72272727272727,2.9736363636363636,100.0
"Lindsay, Leonara ",10008,0,0,0,1,3,4,1,51777,0,14,IT Support,CT,6070,10/05/88,F,Single,US Citizen,Yes,Black or African American,1/21/2011,,N/A-StillEmployed,Active,IT/IS,Eric Dougall,6.0,Diversity Job Fair,Exceeds,4.64,4,5,1/25/2019,0,14,10008,13,7,71.53846153846153,2,53.84615384615385,45,0.4888888888888889,107,56,63,7,102,4.0,13.1075,2.0,11,7,81.94571428571429,3.3300000000000005,63.63636363636363
"Lundy, Susan",10096,0,4,0,5,5,3,0,67237,1,20,Production Technician II,MA,2122,12/26/76,F,Widowed,US Citizen,No,White,7/8/2013,9/15/2016,more money,Voluntarily Terminated,Production       ,Michael Albert,22.0,LinkedIn,Fully Meets,4.65,4,0,6/10/2016,0,15,10096,14,8,76.5,4,57.14285714285714,45,0.4888888888888889,130,70,102,15,89,6.0,30.101999999999997,4.0,10,5,77.23,2.352,50.0
"Lunquist, Lisa",10035,0,0,0,1,5,4,0,73330,0,20,Production Technician II,MA,2324,03/28/82,F,Single,US Citizen,No,Black or African American,8/19/2013,,N/A-StillEmployed,Active,Production       ,Elijiah Gray,16.0,Indeed,Exceeds,4.2,4,0,2/12/2019,0,19,10035,14,12,89.0,3,85.71428571428571,45,0.5555555555555556,108,70,83,36,50,4.0,13.903333333333334,4.0,11,6,88.77833333333332,3.603333333333333,54.54545454545454
"Lydon, Allison",10057,1,1,0,3,5,3,0,52057,0,19,Production Technician I,MA,2122,10/22/75,F,Married,US Citizen,No,Black or African American,2/16/2015,,N/A-StillEmployed,Active,Production       ,Elijiah Gray,16.0,Website,Fully Meets,5.0,3,0,1/23/2019,0,6,10057,14,11,82.28571428571429,3,78.57142857142857,45,0.5555555555555556,87,79,72,17,84,5.0,9.946666666666667,5.0,10,5,88.988,3.596,50.0
"Lynch, Lindsay",10004,0,0,0,5,5,4,1,47434,1,19,Production Technician I,MA,1844,02/14/73,F,Single,US Citizen,Yes,Black or African American,11/7/2011,11/14/2015,Another position,Voluntarily Terminated,Production       ,Webster Butler,39.0,Diversity Job Fair,Exceeds,5.0,4,0,2/2/2015,0,17,10004,14,12,89.21428571428571,4,85.71428571428571,45,0.5333333333333333,96,76,81,45,88,3.0,20.16,3.0,10,7,85.36142857142856,2.575714285714286,70.0
"MacLennan, Samuel",10191,0,4,1,5,5,3,0,52788,1,19,Production Technician I,MA,1938,11/09/72,M ,Widowed,US Citizen,No,White,9/24/2012,9/26/2017,hours,Voluntarily Terminated,Production       ,Amy Dunn,11.0,Indeed,Fully Meets,3.08,4,0,4/1/2017,0,18,10191,14,10,85.0,4,71.42857142857143,45,0.5777777777777777,118,58,102,29,82,2.0,15.21,1.0,11,5,81.42857142857143,2.93,45.45454545454545
"Mahoney, Lauren  ",10219,0,0,0,1,5,3,0,45395,0,19,Production Technician I,MA,2189,07/07/86,F,Single,US Citizen,No,White,1/6/2014,,N/A-StillEmployed,Active,Production       ,Ketsia Liebig,19.0,LinkedIn,Fully Meets,4.6,4,0,2/26/2019,0,14,10219,14,10,89.35714285714286,3,71.42857142857143,45,0.5111111111111111,110,53,71,14,62,1.0,10.35,1.0,10,7,87.75,3.1999999999999997,70.0
"Manchester, Robyn",10077,1,1,0,2,5,3,0,62385,0,20,Production Technician II,MA,2324,08/25/76,F,Married,US Citizen,No,White,5/11/2016,,N/A-StillEmployed,Active,Production       ,Webster Butler,,LinkedIn,Fully Meets,5.0,3,0,1/21/2019,0,4,10077,14,11,88.78571428571429,4,78.57142857142857,45,0.5333333333333333,121,80,73,20,122,,,,11,7,87.82714285714285,2.5857142857142854,63.63636363636363
"Mancuso, Karen",10073,1,1,0,5,5,3,0,68407,1,20,Production Technician II,MA,2176,12/10/86,F,Married,US Citizen,No,Two or more races,7/5/2011,8/19/2012,Another position,Voluntarily Terminated,Production       ,Amy Dunn,11.0,LinkedIn,Fully Meets,5.0,4,0,7/2/2012,0,16,10073,14,10,85.57142857142857,3,71.42857142857143,45,0.6222222222222222,117,80,92,21,83,5.0,28.356,4.0,11,6,86.73,3.44,54.54545454545454
"Mangal, Debbie",10279,1,1,0,1,5,3,0,61349,0,19,Production Technician I,MA,2451,11/07/74,F,Married,US Citizen,No,White,11/11/2013,,N/A-StillEmployed,Active,Production       ,Brannon Miller,12.0,LinkedIn,Fully Meets,4.1,3,0,1/22/2019,0,11,10279,14,8,71.92857142857143,3,57.14285714285714,45,0.5555555555555556,108,79,107,21,90,3.0,14.520000000000001,2.0,10,8,84.08500000000001,3.0975,80.0
"Martin, Sandra",10110,0,0,0,1,4,3,0,105688,0,24,Software Engineer,MA,2135,11/07/87,F,Single,US Citizen,No,Asian,11/11/2013,,N/A-StillEmployed,Active,Software Engineering,Alex Sweetwater,10.0,Google Search,Fully Meets,4.5,5,4,1/14/2019,0,14,10110,14,8,67.14285714285714,1,57.14285714285714,45,0.5111111111111111,108,60,70,31,125,2.0,7.185,2.0,10,6,87.58333333333333,3.035,60.0
"Maurice, Shana",10053,1,1,0,1,5,3,0,54132,0,19,Production Technician I,MA,2330,11/22/77,F,Married,US Citizen,No,White,5/31/2011,,N/A-StillEmployed,Active,Production       ,David Stanley,14.0,Indeed,Fully Meets,5.0,4,0,1/10/2019,0,8,10053,14,12,93.14285714285714,3,85.71428571428571,45,0.5777777777777777,99,60,87,42,85,3.0,19.916666666666668,3.0,10,5,85.332,3.006,50.0
"Carthy, B'rigit",10076,0,0,0,1,5,3,0,55315,0,20,Production Technician II,MA,2149,05/21/87,F,Single,US Citizen,No,Black or African American,3/30/2015,,N/A-StillEmployed,Active,Production       ,Ketsia Liebig,19.0,LinkedIn,Fully Meets,5.0,5,0,2/7/2019,0,16,10076,14,11,85.71428571428571,3,78.57142857142857,45,0.6,137,74,91,37,113,7.0,20.94857142857143,5.0,10,5,89.952,3.79,50.0
"Mckenna, Sandy",10145,1,1,0,1,5,3,0,62810,0,19,Production Technician I,MA,2184,01/07/87,F,Married,US Citizen,No,Black or African American,1/7/2013,,N/A-StillEmployed,Active,Production       ,Kissy Sullivan,20.0,CareerBuilder,Fully Meets,3.93,3,0,1/30/2019,0,20,10145,14,10,80.78571428571429,2,71.42857142857143,45,0.6,94,60,76,54,91,5.0,42.5525,3.0,11,8,85.0488888888889,2.7199999999999998,72.72727272727273
"McKinzie, Jac",10202,1,1,1,2,6,3,0,63291,0,3,Area Sales Manager,TX,78789,07/01/84,M ,Married,US Citizen,No,Two or more races,7/6/2016,,N/A-StillEmployed,Active,Sales,Lynn Daneault,21.0,Website,Fully Meets,3.4,4,0,1/29/2019,0,7,10202,10,8,89.6,3,80.0,45,0.4666666666666667,102,8,5,93,136,3.0,18.09,2.0,10,7,84.10142857142857,3.608571428571428,70.0
"Meads, Elizabeth",10128,0,0,0,5,5,3,1,62659,1,19,Production Technician I,MA,1760,05/30/68,F,Single,US Citizen,No,Black or African American,4/2/2012,11/11/2016,Another position,Voluntarily Terminated,Production       ,Kelley Spirea,18.0,Diversity Job Fair,Fully Meets,4.18,4,0,2/5/2016,0,17,10128,14,13,95.85714285714286,5,92.85714285714286,45,0.5555555555555556,102,70,88,22,145,3.0,22.99,1.0,11,9,86.41,2.7255555555555557,81.81818181818183
"Medeiros, Jennifer",10068,0,0,0,1,5,3,0,55688,0,19,Production Technician I,MA,2346,09/22/76,F,Single,US Citizen,No,White,3/30/2015,,N/A-StillEmployed,Active,Production       ,Michael Albert,22.0,CareerBuilder,Fully Meets,5.0,4,0,1/21/2019,0,10,10068,14,11,87.28571428571429,2,78.57142857142857,45,0.5111111111111111,96,52,61,34,113,2.0,19.380000000000003,2.0,11,9,86.59333333333332,2.9433333333333334,81.81818181818183
"Miller, Brannon",10116,0,0,1,1,5,3,0,83667,0,18,Production Manager,MA,2045,08/10/81,M ,Single,US Citizen,yes,Hispanic,8/16/2012,,N/A-StillEmployed,Active,Production       ,Janet King,2.0,Indeed,Fully Meets,4.37,3,0,1/14/2019,0,2,10116,14,12,93.14285714285714,2,85.71428571428571,45,0.35555555555555557,95,25,8,40,104,3.0,23.28,1.0,10,7,85.04375,2.7742857142857145,70.0
"Miller, Ned",10298,0,0,1,5,5,1,0,55800,1,20,Production Technician II,MA,2472,06/29/85,M ,Single,US Citizen,No,White,8/15/2011,9/4/2014,unhappy,Voluntarily Terminated,Production       ,Brannon Miller,12.0,LinkedIn,PIP,3.0,2,0,1/14/2013,6,6,10298,14,9,71.78571428571429,5,64.28571428571429,45,0.5777777777777777,109,61,90,25,103,1.0,21.52,1.0,10,7,86.37428571428572,2.8300000000000005,70.0
"Monkfish, Erasumus",10213,1,1,1,1,5,3,0,58207,0,20,Production Technician II,MA,1450,08/17/92,M ,Married,US Citizen,No,White,11/7/2011,,N/A-StillEmployed,Active,Production       ,David Stanley,14.0,LinkedIn,Fully Meets,3.7,3,0,1/8/2019,0,14,10213,14,11,87.07142857142857,3,78.57142857142857,45,0.5777777777777777,94,65,87,34,109,1.0,13.47,1.0,8,7,87.8125,3.295714285714286,87.5
"Monroe, Peter",10288,1,1,1,1,3,2,1,157000,0,13,IT Manager - Infra,MA,2134,10/05/86,M ,Married,Eligible NonCitizen,Yes,Black or African American,2/15/2012,,N/A-StillEmployed,Active,IT/IS,Jennifer Zamora,5.0,Diversity Job Fair,Needs Improvement,2.39,3,6,2/22/2019,4,13,10288,14,11,87.78571428571429,2,78.57142857142857,45,0.6,123,85,85,35,113,4.0,27.86,3.0,10,7,81.58,3.5585714285714287,70.0
"Monterro, Luisa",10025,0,0,0,1,5,4,0,72460,0,20,Production Technician II,MA,2126,04/24/70,F,Single,US Citizen,No,Black or African American,5/13/2013,,N/A-StillEmployed,Active,Production       ,Kissy Sullivan,20.0,Indeed,Exceeds,4.7,3,0,1/14/2019,0,1,10025,14,8,70.85714285714286,1,57.14285714285714,45,0.4888888888888889,87,39,76,18,98,3.0,18.45,3.0,11,5,84.166,2.4699999999999998,45.45454545454545
"Moran, Patrick",10223,0,0,1,3,5,3,1,72106,0,20,Production Technician II,MA,2127,12/03/76,M ,Single,US Citizen,No,Black or African American,1/9/2012,,N/A-StillEmployed,Active,Production       ,Kelley Spirea,18.0,Diversity Job Fair,Fully Meets,4.1,4,0,1/31/2019,0,12,10223,14,13,97.5,2,92.85714285714286,45,0.5777777777777777,117,81,80,46,93,2.0,7.97,2.0,10,7,81.63571428571429,3.2514285714285713,70.0
"Morway, Tanya",10151,1,1,0,1,3,3,0,52599,0,15,Network Engineer,MA,2048,04/04/79,F,Married,US Citizen,No,White,2/16/2015,,N/A-StillEmployed,Active,IT/IS,Peter Monroe,7.0,CareerBuilder,Fully Meets,3.81,3,6,2/11/2019,0,6,10151,14,10,81.0,1,71.42857142857143,45,0.5777777777777777,127,49,85,14,94,2.0,13.700000000000001,2.0,11,7,83.85666666666667,4.061428571428571,63.63636363636363
"Motlagh,  Dawn",10254,0,2,0,1,5,3,0,63430,0,19,Production Technician I,MA,2453,07/07/84,F,Divorced,US Citizen,No,White,4/1/2013,,N/A-StillEmployed,Active,Production       ,Elijiah Gray,16.0,LinkedIn,Fully Meets,4.4,4,0,1/17/2019,0,18,10254,14,9,81.57142857142857,3,64.28571428571429,45,0.5555555555555556,92,77,86,42,84,2.0,38.465,2.0,10,4,82.76333333333334,1.73,40.0
"Moumanil, Maliki ",10120,0,3,1,1,5,3,0,74417,0,20,Production Technician II,MA,1460,12/01/74,M ,Separated,US Citizen,No,Black or African American,5/13/2013,,N/A-StillEmployed,Active,Production       ,Michael Albert,22.0,LinkedIn,Fully Meets,4.29,5,0,1/28/2019,0,11,10120,14,7,67.14285714285714,2,50.0,45,0.5777777777777777,136,91,119,24,77,4.0,8.96,4.0,10,8,89.57,2.98,80.0
"Myers, Michael",10216,0,0,1,1,5,3,0,57575,0,19,Production Technician I,MA,1550,04/18/80,M ,Single,US Citizen,No,Asian,7/8/2013,,N/A-StillEmployed,Active,Production       ,Kissy Sullivan,20.0,LinkedIn,Fully Meets,4.1,4,0,1/22/2019,0,13,10216,14,13,97.78571428571429,4,92.85714285714286,45,0.4888888888888889,112,66,79,19,138,1.0,14.0,1.0,10,8,87.3875,2.7162499999999996,80.0
"Navathe, Kurt",10079,0,0,1,1,3,3,0,87921,0,22,Senior BI Developer,MA,2056,04/25/70,M ,Single,US Citizen,No,Asian,2/10/2017,,N/A-StillEmployed,Active,IT/IS,Brian Champaigne,13.0,Indeed,Fully Meets,5.0,3,6,2/25/2019,0,17,10079,14,10,82.78571428571429,3,71.42857142857143,45,0.6222222222222222,130,57,98,26,87,6.0,19.546,6.0,11,6,86.08428571428571,3.1733333333333333,54.54545454545454
"Ndzi, Colombui",10215,0,0,1,5,5,3,1,50470,1,19,Production Technician I,MA,2110,05/02/89,M ,Single,US Citizen,No,Black or African American,9/26/2011,4/4/2014,return to school,Voluntarily Terminated,Production       ,Webster Butler,39.0,Diversity Job Fair,Fully Meets,4.3,3,0,3/2/2013,0,19,10215,14,12,92.64285714285714,3,85.71428571428571,45,0.5777777777777777,111,63,97,34,98,5.0,15.488,5.0,10,6,85.54285714285713,2.8949999999999996,60.0
"Ndzi, Horia",10185,1,1,1,5,5,3,0,46664,1,19,Production Technician I,MA,2421,03/28/83,M ,Married,US Citizen,No,White,4/1/2013,5/25/2016,more money,Voluntarily Terminated,Production       ,Amy Dunn,11.0,Employee Referral,Fully Meets,3.18,3,0,3/6/2016,0,10,10185,14,9,79.21428571428571,4,64.28571428571429,45,0.6222222222222222,122,66,85,32,83,1.0,16.19,1.0,10,9,91.92444444444443,3.501111111111111,90.0
"Newman, Richard ",10063,1,1,1,3,5,3,0,48495,0,19,Production Technician I,MA,2136,04/08/77,M ,Married,US Citizen,No,White,5/12/2014,,N/A-StillEmployed,Active,Production       ,Ketsia Liebig,19.0,LinkedIn,Fully Meets,5.0,5,0,2/18/2019,0,11,10063,11,10,93.18181818181819,1,90.9090909090909,45,0.4888888888888889,132,66,88,26,87,,,,11,8,87.075,3.08375,72.72727272727273
"Ngodup, Shari ",10037,0,3,0,1,5,4,1,52984,0,19,Production Technician I,MA,1810,06/03/67,F,Separated,US Citizen,No,Black or African American,4/1/2013,,N/A-StillEmployed,Active,Production       ,Brannon Miller,12.0,Diversity Job Fair,Exceeds,4.0,3,0,2/13/2019,0,12,10037,14,8,75.92857142857143,5,57.14285714285714,45,0.5333333333333333,102,70,75,25,88,1.0,16.47,1.0,11,7,84.95125,3.0800000000000005,63.63636363636363
"Nguyen, Dheepa",10042,0,0,0,1,6,3,0,63695,0,3,Area Sales Manager,GA,30428,03/31/89,F,Single,US Citizen,No,Two or more races,7/8/2013,,N/A-StillEmployed,Active,Sales,Lynn Daneault,21.0,Indeed,Fully Meets,5.0,5,0,1/25/2019,0,2,10042,14,10,83.14285714285714,4,71.42857142857143,45,0.4222222222222222,97,32,2,70,124,4.0,15.545,4.0,10,6,85.36,3.5683333333333334,60.0
"Nguyen, Lei-Ming",10206,0,0,0,1,5,3,0,62061,0,19,Production Technician I,MA,2132,07/07/84,F,Single,US Citizen,No,White,7/8/2013,,N/A-StillEmployed,Active,Production       ,David Stanley,14.0,LinkedIn,Fully Meets,3.6,5,0,1/2/2019,0,4,10206,14,10,82.78571428571429,4,71.42857142857143,45,0.4444444444444444,113,73,83,17,60,5.0,16.343333333333334,4.0,10,7,80.70375,3.2800000000000002,70.0
"Nowlan, Kristie",10104,0,0,0,1,5,3,0,66738,0,20,Production Technician II,MA,1040,11/23/85,F,Single,US Citizen,No,White,11/10/2014,,N/A-StillEmployed,Active,Production       ,Elijiah Gray,16.0,Indeed,Fully Meets,4.53,5,0,1/16/2019,0,5,10104,14,11,90.71428571428571,4,78.57142857142857,45,0.5555555555555556,121,73,80,23,85,2.0,48.945,2.0,11,9,86.58999999999999,3.1555555555555554,81.81818181818183
"O'hare, Lynn",10303,0,0,0,4,5,1,0,52674,1,19,Production Technician I,MA,2152,09/30/80,F,Single,US Citizen,No,Two or more races,3/31/2014,5/1/2018,performance,Terminated for Cause,Production       ,Kissy Sullivan,20.0,LinkedIn,PIP,2.33,2,0,3/9/2018,6,3,10303,14,13,99.35714285714286,4,92.85714285714286,45,0.4888888888888889,102,49,77,46,53,1.0,21.24,0.0,10,6,84.76,2.8966666666666665,60.0
"Oliver, Brooke ",10078,1,1,0,5,5,3,0,71966,1,20,Production Technician II,MA,2492,02/11/52,F,Married,US Citizen,No,Asian,5/14/2012,8/19/2013,unhappy,Voluntarily Terminated,Production       ,Webster Butler,39.0,LinkedIn,Fully Meets,5.0,3,0,7/2/2013,0,17,10078,14,13,93.42857142857143,7,92.85714285714286,45,0.4888888888888889,104,55,91,15,84,1.0,12.06,0.0,11,5,90.844,1.92,45.45454545454545
"Onque, Jasmine",10121,0,0,0,1,6,3,0,63051,0,3,Area Sales Manager,FL,33174,05/11/90,F,Single,US Citizen,Yes,White,9/30/2013,,N/A-StillEmployed,Active,Sales,Lynn Daneault,21.0,Indeed,Fully Meets,4.28,3,0,1/25/2019,0,1,10121,14,11,86.64285714285714,1,78.57142857142857,45,0.5333333333333333,142,25,20,67,126,5.0,8.455,3.0,9,8,87.74,2.95125,88.88888888888889
"Osturnka, Adeel",10021,1,1,1,1,5,4,0,47414,0,19,Production Technician I,MA,2478,12/11/76,M ,Married,US Citizen,No,White,9/30/2013,,N/A-StillEmployed,Active,Production       ,Kelley Spirea,18.0,LinkedIn,Exceeds,5.0,3,0,2/7/2019,0,13,10021,14,13,95.35714285714286,4,92.85714285714286,45,0.5555555555555556,82,54,83,27,119,,,,11,8,85.67999999999999,2.585,72.72727272727273
"Owad, Clinton",10281,0,0,1,1,5,2,0,53060,0,19,Production Technician I,MA,1760,11/24/79,M ,Single,US Citizen,No,Black or African American,2/17/2014,,N/A-StillEmployed,Active,Production       ,Michael Albert,22.0,LinkedIn,Needs Improvement,4.25,3,0,2/4/2019,4,6,10281,14,7,72.5,2,50.0,45,0.6,101,51,84,15,110,4.0,27.45,4.0,10,8,85.55875,3.7675,80.0
"Ozark, Travis",10041,0,0,1,1,6,3,0,68829,0,3,Area Sales Manager,NC,27229,05/19/82,M ,Single,US Citizen,No,White,1/5/2015,,N/A-StillEmployed,Active,Sales,John Smith,17.0,Website,Fully Meets,5.0,5,0,1/14/2019,0,18,10041,14,8,65.42857142857143,5,57.14285714285714,45,0.35555555555555557,96,31,7,26,135,2.0,33.865,1.0,10,8,87.93125,2.3325,80.0
"Panjwani, Nina",10148,1,1,0,5,5,3,0,63515,1,19,Production Technician I,MA,2351,05/01/79,F,Married,US Citizen,No,White,2/7/2011,1/12/2014,Another position,Voluntarily Terminated,Production       ,Elijiah Gray,16.0,Google Search,Fully Meets,3.89,4,0,3/4/2013,0,7,10148,14,12,85.92857142857143,6,85.71428571428571,45,0.5333333333333333,111,52,86,31,97,,,,11,4,81.12833333333333,3.125,36.36363636363637
"Patronick, Lucas",10005,0,0,1,5,4,4,1,108987,1,24,Software Engineer,MA,1844,02/20/79,M ,Single,US Citizen,No,Black or African American,11/7/2011,9/7/2015,Another position,Voluntarily Terminated,Software Engineering,Alex Sweetwater,10.0,Diversity Job Fair,Exceeds,5.0,5,3,8/16/2015,0,13,10005,14,10,86.92857142857143,3,71.42857142857143,45,0.6,112,68,69,28,131,6.0,20.558,6.0,11,7,87.16714285714285,2.781428571428571,63.63636363636363
"Pearson, Randall",10259,1,1,1,5,3,3,0,93093,1,9,Data Analyst,MA,2747,09/05/84,M ,Married,US Citizen,No,White,12/1/2014,5/1/2016,performance,Voluntarily Terminated,IT/IS,Simon Roup,4.0,Employee Referral,Fully Meets,4.7,4,5,1/16/2016,0,19,10259,13,9,76.23076923076923,3,69.23076923076923,45,0.5333333333333333,138,56,83,29,56,2.0,,2.0,10,8,80.97625,2.69375,80.0
"Smith, Martin",10286,0,0,1,5,5,2,0,53564,1,19,Production Technician I,MA,2458,03/17/88,M ,Single,US Citizen,No,Black or African American,1/10/2011,12/28/2017,career change,Voluntarily Terminated,Production       ,Webster Butler,39.0,Google Search,Needs Improvement,3.54,5,0,4/6/2017,4,15,10286,14,11,82.35714285714286,1,78.57142857142857,45,0.4888888888888889,155,75,75,21,59,3.0,19.323333333333334,2.0,11,7,81.18375,3.537142857142857,63.63636363636363
"Pelletier, Ermine",10297,1,1,0,5,5,2,0,60270,1,20,Production Technician II,MA,2472,07/18/89,F,Married,US Citizen,No,Asian,7/5/2011,9/15/2015,unhappy,Voluntarily Terminated,Production       ,Amy Dunn,11.0,CareerBuilder,Needs Improvement,2.4,5,0,2/6/2015,5,2,10297,14,8,70.92857142857143,2,57.14285714285714,45,0.5333333333333333,118,59,81,18,96,3.0,17.08666666666667,2.0,10,7,84.485,2.71,70.0
"Perry, Shakira",10171,0,0,0,5,5,3,0,45998,1,19,Production Technician I,MA,2176,07/20/86,F,Single,US Citizen,No,White,5/16/2011,10/25/2015,medical issues,Voluntarily Terminated,Production       ,Amy Dunn,11.0,LinkedIn,Fully Meets,3.45,4,0,5/13/2014,0,5,10171,14,7,71.57142857142857,3,50.0,45,0.6,107,65,98,14,80,3.0,21.753333333333334,3.0,11,6,79.96,3.7483333333333335,54.54545454545454
"Peters, Lauren",10032,1,1,0,5,5,4,0,57954,1,20,Production Technician II,MA,1886,08/17/86,F,Married,US Citizen,No,White,5/16/2011,2/4/2013,more money,Voluntarily Terminated,Production       ,Ketsia Liebig,19.0,Indeed,Exceeds,4.2,5,0,1/10/2013,0,12,10032,14,12,91.92857142857143,4,85.71428571428571,45,0.4888888888888889,107,65,87,24,65,4.0,22.5475,4.0,10,7,79.86714285714287,2.7685714285714282,70.0
"Peterson, Ebonee  ",10130,1,1,0,5,5,3,0,74669,1,18,Production Manager,MA,2030,05/09/77,F,Married,US Citizen,No,White,10/25/2010,5/18/2016,Another position,Voluntarily Terminated,Production       ,Janet King,2.0,Indeed,Fully Meets,4.16,5,0,3/5/2015,0,6,10130,14,10,86.21428571428571,4,71.42857142857143,45,0.35555555555555557,68,24,5,38,101,3.0,15.766666666666666,3.0,11,10,88.479,3.118,90.9090909090909
"Petingill, Shana  ",10217,1,1,0,1,5,3,0,74226,0,20,Production Technician II,MA,2050,03/10/79,F,Married,Eligible NonCitizen,No,Asian,4/2/2012,,N/A-StillEmployed,Active,Production       ,Brannon Miller,12.0,LinkedIn,Fully Meets,4.3,3,0,1/14/2019,0,14,10217,14,11,83.28571428571429,3,78.57142857142857,45,0.5111111111111111,99,77,104,12,86,4.0,33.3625,4.0,10,4,78.892,2.1325000000000003,40.0
"Petrowsky, Thelma",10016,1,1,0,1,3,4,0,93554,0,9,Data Analyst,MA,1886,09/16/84,F,Married,US Citizen,No,Black or African American,11/10/2014,,N/A-StillEmployed,Active,IT/IS,Simon Roup,4.0,Employee Referral,Exceeds,4.6,5,7,1/4/2019,0,16,10016,14,9,77.57142857142857,2,64.28571428571429,45,0.5111111111111111,103,79,80,34,112,1.0,24.01,1.0,11,7,80.49888888888889,2.7971428571428576,63.63636363636363
"Pham, Hong",10050,1,1,1,5,5,3,0,64724,1,19,Production Technician I,MA,2451,03/06/88,M ,Married,US Citizen,No,Asian,7/5/2011,11/30/2012,more money,Voluntarily Terminated,Production       ,Brannon Miller,12.0,Google Search,Fully Meets,5.0,3,0,2/20/2012,0,13,10050,14,14,100.0,4,100.0,45,0.6,121,64,89,37,111,5.0,22.564,2.0,11,10,89.58200000000001,3.376,90.9090909090909
"Pitt, Brad ",10164,0,0,1,1,5,3,0,47001,0,19,Production Technician I,MA,2451,11/23/81,M ,Single,US Citizen,No,White,11/5/2007,,N/A-StillEmployed,Active,Production       ,David Stanley,14.0,Google Search,Fully Meets,3.66,3,0,2/25/2019,0,15,10164,14,9,75.64285714285714,2,64.28571428571429,45,0.5555555555555556,127,73,89,14,98,3.0,13.88,3.0,11,8,85.0975,3.05625,72.72727272727273
"Potts, Xana",10124,1,1,0,1,6,3,0,61844,0,3,Area Sales Manager,KY,40220,08/29/88,F,Married,US Citizen,No,Black or African American,1/9/2012,,N/A-StillEmployed,Active,Sales,Lynn Daneault,21.0,Website,Fully Meets,4.2,5,0,2/1/2019,0,9,10124,14,13,93.07142857142857,6,92.85714285714286,45,0.4666666666666667,108,20,2,45,160,3.0,16.146666666666665,2.0,11,9,85.29777777777777,3.2355555555555555,81.81818181818183
"Power, Morissa",10187,0,2,0,5,5,3,0,46799,1,19,Production Technician I,MA,1742,10/15/84,F,Divorced,Eligible NonCitizen,No,Asian,5/16/2011,6/4/2018,Another position,Voluntarily Terminated,Production       ,Kissy Sullivan,20.0,Google Search,Fully Meets,3.17,4,0,4/2/2018,0,14,10187,12,10,90.41666666666667,5,83.33333333333334,45,0.5555555555555556,127,69,82,10,117,2.0,19.94,2.0,11,8,80.545,3.085,72.72727272727273
"Punjabhi, Louis  ",10225,0,0,1,1,5,3,0,59472,0,19,Production Technician I,MA,2109,06/19/61,M ,Single,US Citizen,No,White,1/6/2014,,N/A-StillEmployed,Active,Production       ,Kelley Spirea,18.0,Employee Referral,Fully Meets,4.8,3,0,1/7/2019,0,14,10225,14,12,95.28571428571429,5,85.71428571428571,45,0.7111111111111111,107,71,73,16,148,4.0,17.4375,1.0,10,6,83.69571428571429,2.9166666666666665,60.0
"Purinton, Janine",10262,0,2,0,5,5,3,0,46430,1,19,Production Technician I,MA,2474,09/22/70,F,Divorced,US Citizen,No,White,9/24/2012,6/18/2013,unhappy,Voluntarily Terminated,Production       ,Kissy Sullivan,20.0,Indeed,Fully Meets,4.5,5,0,4/2/2013,0,16,10262,10,5,68.6,0,50.0,45,0.6,116,89,91,36,109,1.0,14.33,1.0,11,9,84.21555555555555,3.828888888888889,81.81818181818183
"Quinn, Sean",10131,1,1,1,5,1,3,1,83363,1,23,Software Engineer,MA,2045,11/06/84,M ,Married,Eligible NonCitizen,No,Black or African American,2/21/2011,8/15/2015,career change,Voluntarily Terminated,Software Engineering,Janet King,2.0,Diversity Job Fair,Fully Meets,4.15,4,0,4/19/2014,0,4,10131,14,9,79.0,5,64.28571428571429,45,0.5555555555555556,143,61,88,14,103,7.0,13.782857142857143,6.0,10,8,85.6375,3.15125,80.0
"Rachael, Maggie",10239,1,1,0,1,3,3,0,95920,0,4,BI Developer,MA,2110,05/12/80,F,Married,US Citizen,No,Black or African American,10/2/2016,,N/A-StillEmployed,Active,IT/IS,Brian Champaigne,13.0,Indeed,Fully Meets,4.4,4,6,2/6/2019,0,10,10239,12,8,75.25,2,66.66666666666666,45,0.5111111111111111,94,63,85,32,106,3.0,16.146666666666665,2.0,10,7,82.42857142857143,3.107142857142857,70.0
"Rarrick, Quinn",10152,0,2,1,5,5,3,0,61729,1,19,Production Technician I,MA,2478,12/31/84,M ,Divorced,US Citizen,No,White,9/26/2011,4/7/2018,more money,Voluntarily Terminated,Production       ,Michael Albert,22.0,Indeed,Fully Meets,3.8,5,0,2/4/2018,0,19,10152,13,7,82.6923076923077,2,53.84615384615385,45,0.5333333333333333,117,51,96,35,87,6.0,20.184,3.0,10,5,82.24666666666667,1.8079999999999998,50.0
"Ren, Kylo",10140,1,1,1,1,6,3,0,61809,0,3,Area Sales Manager,ID,83706,10/12/54,M ,Married,US Citizen,No,White,5/12/2014,,N/A-StillEmployed,Active,Sales,John Smith,17.0,CareerBuilder,Fully Meets,3.98,3,0,1/28/2019,0,4,10140,14,9,78.35714285714286,3,64.28571428571429,45,0.4888888888888889,117,32,6,40,131,4.0,23.6875,4.0,10,6,80.14833333333333,2.4933333333333336,60.0
"Rhoads, Thomas",10058,0,2,1,5,5,3,0,45115,1,19,Production Technician I,MA,2176,07/22/82,M ,Divorced,US Citizen,Yes,White,5/16/2011,1/15/2016,retiring,Voluntarily Terminated,Production       ,Elijiah Gray,16.0,LinkedIn,Fully Meets,5.0,4,0,3/30/2015,0,11,10058,14,13,96.14285714285714,4,92.85714285714286,45,0.5333333333333333,93,59,63,38,118,4.0,16.4975,4.0,10,7,83.90666666666667,3.064285714285714,70.0
"Rivera, Haley  ",10011,1,1,0,1,5,4,0,46738,0,19,Production Technician I,MA,2171,01/12/73,F,Married,US Citizen,No,Asian,11/28/2011,,N/A-StillEmployed,Active,Production       ,Webster Butler,,Google Search,Exceeds,4.36,5,0,2/11/2019,0,16,10011,14,9,82.14285714285714,4,64.28571428571429,45,0.5555555555555556,101,47,91,12,110,3.0,24.156666666666666,2.0,10,6,81.61666666666666,3.846666666666667,60.0
"Roberson, May",10230,0,2,0,5,5,3,0,64971,1,20,Production Technician II,MA,1902,09/05/81,F,Divorced,Eligible NonCitizen,No,Black or African American,9/26/2011,10/22/2011,return to school,Voluntarily Terminated,Production       ,David Stanley,14.0,Google Search,Fully Meets,4.5,4,0,10/22/2011,0,10,10230,14,11,84.07142857142857,0,78.57142857142857,45,0.5777777777777777,114,70,95,19,115,,,,10,9,89.41444444444444,2.578888888888889,90.0
"Robertson, Peter",10224,1,1,1,5,5,3,0,55578,1,20,Production Technician II,MA,2138,07/03/72,M ,Married,US Citizen,No,White,7/5/2011,2/8/2012,Another position,Voluntarily Terminated,Production       ,Kissy Sullivan,20.0,Indeed,Fully Meets,4.2,5,0,1/6/2012,0,13,10224,13,8,84.07692307692308,3,61.53846153846154,45,0.5555555555555556,132,79,90,22,83,4.0,22.27666666666667,3.0,11,6,86.78666666666668,2.921666666666667,54.54545454545454
"Robinson, Alain  ",10047,1,1,1,5,5,3,0,50428,1,19,Production Technician I,MA,1420,01/07/74,M ,Married,US Citizen,No,Black or African American,1/10/2011,1/26/2016,attendance,Voluntarily Terminated,Production       ,Amy Dunn,11.0,Indeed,Fully Meets,5.0,3,0,1/10/2015,0,11,10047,14,13,95.21428571428571,4,92.85714285714286,45,0.5777777777777777,87,70,77,42,106,5.0,18.412,4.0,9,5,83.66333333333334,2.97,55.55555555555556
"Robinson, Cherly",10285,1,1,0,4,5,2,0,61422,1,19,Production Technician I,MA,1460,01/07/85,F,Married,US Citizen,No,White,1/10/2011,5/17/2016,attendance,Terminated for Cause,Production       ,Ketsia Liebig,19.0,Indeed,Needs Improvement,3.6,3,0,4/5/2016,4,16,10285,11,8,90.36363636363636,2,72.72727272727273,45,0.5777777777777777,148,69,76,16,66,2.0,12.68,1.0,11,9,80.24199999999999,2.785555555555556,81.81818181818183
"Robinson, Elias",10020,0,4,1,1,5,4,0,63353,0,19,Production Technician I,MA,1730,01/28/85,M ,Widowed,US Citizen,No,White,7/8/2013,,N/A-StillEmployed,Active,Production       ,Brannon Miller,12.0,Employee Referral,Exceeds,3.6,5,0,2/11/2019,0,4,10020,14,7,74.78571428571429,2,50.0,45,0.5333333333333333,132,65,73,32,105,2.0,53.66,2.0,11,7,82.99222222222221,2.7128571428571426,63.63636363636363
"Roby, Lori ",10162,1,1,0,1,3,3,0,89883,0,9,Data Analyst,MA,1886,10/11/81,F,Married,US Citizen,No,White,2/16/2015,,N/A-StillEmployed,Active,IT/IS,Simon Roup,4.0,Employee Referral,Fully Meets,3.69,5,6,2/14/2019,0,15,10162,14,7,73.78571428571429,2,50.0,45,0.6222222222222222,119,65,75,26,111,3.0,18.335,3.0,10,8,84.8475,2.52875,80.0
"Roehrich, Bianca",10149,0,0,0,5,3,3,0,120000,1,29,Principal Data Architect,MA,2703,05/27/73,F,Single,US Citizen,Yes,White,1/5/2015,11/10/2018,Another position,Voluntarily Terminated,IT/IS,Simon Roup,4.0,LinkedIn,Fully Meets,3.88,3,7,2/13/2018,0,12,10149,14,12,88.21428571428571,6,85.71428571428571,45,0.4888888888888889,73,73,57,17,94,3.0,20.11,2.0,11,5,79.648,2.862,45.45454545454545
"Roper, Katie",10086,0,0,0,1,3,3,0,150290,0,7,Data Architect,MA,2056,11/21/72,F,Single,US Citizen,No,Black or African American,1/7/2017,,N/A-StillEmployed,Active,IT/IS,Brian Champaigne,13.0,Indeed,Fully Meets,4.94,3,5,2/6/2019,0,17,10086,12,9,80.16666666666667,0,75.0,45,0.4888888888888889,97,74,74,32,70,5.0,42.732,4.0,11,7,84.63666666666667,2.628571428571429,63.63636363636363
"Rose, Ashley  ",10054,0,3,0,1,5,3,0,60627,0,19,Production Technician I,MA,1886,12/05/74,F,Separated,US Citizen,No,White,1/6/2014,,N/A-StillEmployed,Active,Production       ,David Stanley,14.0,Website,Fully Meets,5.0,4,0,1/31/2019,0,8,10054,14,9,72.71428571428571,2,64.28571428571429,45,0.5777777777777777,148,67,79,23,80,6.0,20.153333333333332,5.0,11,4,81.61,3.8575,36.36363636363637
"Rossetti, Bruno",10065,0,0,1,5,5,3,0,53180,1,19,Production Technician I,MA,2155,03/18/87,M ,Single,US Citizen,No,White,4/4/2011,8/13/2018,Another position,Voluntarily Terminated,Production       ,Kissy Sullivan,20.0,Google Search,Fully Meets,5.0,5,0,7/2/2018,0,4,10065,14,13,95.57142857142857,4,92.85714285714286,45,0.5111111111111111,100,78,88,32,31,4.0,37.5175,3.0,10,7,87.82714285714285,3.3214285714285716,70.0
"Roup,Simon",10198,0,0,1,1,3,3,0,140920,0,13,IT Manager - DB,MA,2481,04/05/73,M ,Single,US Citizen,No,White,1/20/2013,,N/A-StillEmployed,Active,IT/IS,Jennifer Zamora,5.0,Indeed,Fully Meets,3.6,5,7,2/18/2019,0,13,10198,12,11,91.66666666666667,4,91.66666666666666,45,0.4888888888888889,88,42,87,34,102,1.0,16.77,1.0,10,4,82.428,2.82,40.0
"Ruiz, Ricardo",10222,0,2,1,5,3,3,1,148999,1,13,IT Manager - DB,MA,1915,01/04/64,M ,Divorced,US Citizen,No,Black or African American,1/9/2012,11/4/2015,hours,Voluntarily Terminated,IT/IS,Jennifer Zamora,5.0,Diversity Job Fair,Fully Meets,4.3,4,6,1/4/2015,0,8,10222,14,12,92.0,5,85.71428571428571,45,0.4888888888888889,124,63,83,33,118,6.0,19.065,4.0,10,8,84.61625,3.04,80.0
"Saada, Adell",10126,1,1,0,1,4,3,0,86214,0,24,Software Engineer,MA,2132,07/24/86,F,Married,US Citizen,No,White,11/5/2012,,N/A-StillEmployed,Active,Software Engineering,Alex Sweetwater,10.0,Indeed,Fully Meets,4.2,3,6,2/13/2019,0,2,10126,14,13,95.85714285714286,3,92.85714285714286,45,0.4888888888888889,116,49,76,29,75,6.0,17.052500000000002,5.0,11,5,82.88428571428572,2.352,45.45454545454545
"Saar-Beckles, Melinda",10295,0,0,0,2,5,2,1,47750,0,19,Production Technician I,MA,1801,06/06/68,F,Single,US Citizen,No,Black or African American,7/4/2016,,N/A-StillEmployed,Active,Production       ,Kelley Spirea,18.0,Diversity Job Fair,Needs Improvement,2.6,4,0,2/18/2019,5,4,10295,14,11,92.5,2,78.57142857142857,45,0.6222222222222222,122,61,101,13,75,5.0,26.81,2.0,11,9,82.93199999999999,2.698888888888889,81.81818181818183
"Sadki, Nore  ",10260,0,0,1,5,5,3,0,46428,1,19,Production Technician I,MA,2148,12/21/74,M ,Single,US Citizen,No,White,1/5/2009,7/30/2018,relocation out of area,Voluntarily Terminated,Production       ,Michael Albert,22.0,Google Search,Fully Meets,4.6,5,0,2/5/2018,0,7,10260,11,8,85.27272727272727,1,72.72727272727273,45,0.5333333333333333,117,62,66,3,107,5.0,17.798000000000002,4.0,10,10,87.831,2.786,100.0
"Sahoo, Adil",10233,1,1,1,1,5,3,0,57975,0,20,Production Technician II,MA,2062,04/26/86,M ,Married,US Citizen,No,White,8/30/2010,,N/A-StillEmployed,Active,Production       ,Kelley Spirea,18.0,CareerBuilder,Fully Meets,4.1,3,0,1/10/2019,0,13,10233,14,10,86.78571428571429,6,71.42857142857143,45,0.5555555555555556,89,72,72,8,75,4.0,22.30333333333333,1.0,10,7,83.02428571428571,2.34,70.0
"Salter, Jason",10229,0,2,1,5,3,3,0,88527,1,9,Data Analyst ,MA,2452,12/17/87,M ,Divorced,US Citizen,No,Black or African American,1/5/2015,10/31/2015,hours,Voluntarily Terminated,IT/IS,Simon Roup,4.0,LinkedIn,Fully Meets,4.2,3,5,4/20/2015,0,2,10229,14,11,84.5,3,78.57142857142857,45,0.5111111111111111,108,62,81,6,110,3.0,20.42,3.0,11,7,84.07714285714285,3.4785714285714286,63.63636363636363
"Sander, Kamrin",10169,1,1,0,1,5,3,0,56147,0,19,Production Technician I,MA,2154,07/10/88,F,Married,US Citizen,No,Black or African American,9/29/2014,,N/A-StillEmployed,Active,Production       ,Elijiah Gray,16.0,LinkedIn,Fully Meets,3.51,3,0,2/18/2019,0,2,10169,14,11,91.64285714285714,4,78.57142857142857,45,0.5555555555555556,109,60,85,39,88,3.0,35.19,3.0,10,7,88.7875,3.0271428571428567,70.0
"Sewkumar, Nori",10071,0,0,0,3,5,3,0,50923,0,19,Production Technician I,MA,2191,03/10/75,F,Single,US Citizen,No,Asian,9/30/2013,,N/A-StillEmployed,Active,Production       ,Webster Butler,,Google Search,Fully Meets,5.0,5,0,2/6/2019,0,14,10071,14,10,86.64285714285714,3,71.42857142857143,45,0.5333333333333333,92,67,81,17,59,5.0,22.958000000000002,3.0,11,9,82.215,3.5477777777777777,81.81818181818183
"Shepard, Anita ",10179,1,1,0,1,3,3,0,50750,0,15,Network Engineer,MA,1773,04/14/81,F,Married,US Citizen,No,White,9/30/2014,,N/A-StillEmployed,Active,IT/IS,Peter Monroe,7.0,LinkedIn,Fully Meets,3.31,3,6,1/7/2019,0,7,10179,14,10,78.28571428571429,2,71.42857142857143,45,0.5555555555555556,107,96,98,31,95,6.0,37.468333333333334,6.0,11,8,84.25222222222222,2.26625,72.72727272727273
"Shields, Seffi",10091,1,1,0,1,5,3,0,52087,0,19,Production Technician I,MA,2149,08/24/85,F,Married,US Citizen,No,White,8/19/2013,,N/A-StillEmployed,Active,Production       ,Amy Dunn,11.0,LinkedIn,Fully Meets,4.81,4,0,2/15/2019,0,15,10091,14,10,83.28571428571429,1,71.42857142857143,45,0.5111111111111111,120,42,76,40,82,4.0,29.563333333333333,3.0,10,10,87.5,2.948,100.0
"Simard, Kramer",10178,1,1,1,1,3,3,0,87826,0,9,Data Analyst,MA,2110,02/08/70,M ,Married,US Citizen,Yes,White,1/5/2015,,N/A-StillEmployed,Active,IT/IS,Simon Roup,4.0,Employee Referral,Fully Meets,3.32,3,7,1/14/2019,0,16,10178,14,13,95.42857142857143,4,92.85714285714286,45,0.4444444444444444,93,65,59,17,101,6.0,24.396666666666665,3.0,10,5,85.58999999999999,3.1380000000000003,50.0
"Singh, Nan ",10039,0,0,0,1,1,3,0,51920,0,2,Administrative Assistant,MA,2330,05/19/88,F,Single,US Citizen,No,White,5/1/2015,,N/A-StillEmployed,Active,Admin Offices,Brandon R. LeBlanc,1.0,Website,Fully Meets,5.0,3,5,1/15/2019,0,2,10039,14,11,89.07142857142857,5,78.57142857142857,45,0.5333333333333333,90,44,26,68,96,5.0,20.868000000000002,4.0,10,7,88.83,3.0542857142857143,70.0
"Sloan, Constance",10095,0,0,0,5,5,3,0,63878,1,20,Production Technician II,MA,1851,11/25/87,F,Single,US Citizen,No,White,10/26/2009,4/8/2015,maternity leave - did not return,Voluntarily Terminated,Production       ,Michael Albert,22.0,CareerBuilder,Fully Meets,4.68,4,0,4/2/2015,0,20,10095,14,9,78.28571428571429,3,64.28571428571429,45,0.5111111111111111,125,71,70,17,100,3.0,16.05,3.0,10,5,82.865,2.016,50.0
"Smith, Joe",10027,0,0,1,1,5,4,0,60656,0,20,Production Technician II,MA,2045,10/30/63,M ,Single,US Citizen,No,White,9/29/2014,,N/A-StillEmployed,Active,Production       ,Elijiah Gray,16.0,Indeed,Exceeds,4.3,3,0,1/28/2019,0,4,10027,14,9,78.14285714285714,3,64.28571428571429,45,0.5777777777777777,124,63,79,23,130,5.0,25.134,4.0,11,10,87.763,2.621,90.9090909090909
"Smith, John",10291,0,2,1,1,6,2,1,72992,0,21,Sales Manager,MA,1886,08/16/84,M ,Divorced,US Citizen,No,Black or African American,5/18/2014,,N/A-StillEmployed,Active,Sales,Debra Houlihan,15.0,Diversity Job Fair,Needs Improvement,2.4,4,0,1/16/2019,2,16,10291,14,8,72.28571428571429,1,57.14285714285714,45,0.4888888888888889,107,18,6,83,137,8.0,30.447142857142858,6.0,10,7,88.43625,2.1185714285714288,70.0
"Smith, Leigh Ann",10153,1,1,0,5,1,3,1,55000,1,2,Administrative Assistant,MA,1844,06/14/87,F,Married,US Citizen,No,Black or African American,9/26/2011,9/25/2013,career change,Voluntarily Terminated,Admin Offices,Brandon R. LeBlanc,1.0,Diversity Job Fair,Fully Meets,3.8,4,4,8/15/2013,0,17,10153,11,7,74.9090909090909,2,63.63636363636363,45,0.4666666666666667,68,42,33,63,127,4.0,25.14333333333333,4.0,10,8,89.7025,3.14375,80.0
"Smith, Sade",10157,0,0,0,1,5,3,0,58939,0,19,Production Technician I,MA,2130,02/02/65,F,Single,US Citizen,No,White,11/11/2013,,N/A-StillEmployed,Active,Production       ,Ketsia Liebig,19.0,Employee Referral,Fully Meets,3.73,3,0,1/24/2019,0,16,10157,14,9,75.57142857142857,3,64.28571428571429,45,0.5333333333333333,88,65,79,21,141,4.0,18.057499999999997,1.0,10,9,87.74333333333333,2.7011111111111115,90.0
"Soto, Julia ",10119,1,1,0,1,3,3,0,66593,0,14,IT Support,MA,2360,03/12/73,F,Married,US Citizen,No,Black or African American,6/10/2011,,N/A-StillEmployed,Active,IT/IS,Eric Dougall,6.0,LinkedIn,Fully Meets,4.3,3,5,2/8/2019,0,19,10119,14,12,90.92857142857143,2,85.71428571428571,45,0.6,133,65,80,11,105,2.0,27.86,1.0,11,9,85.93555555555555,3.4388888888888887,81.81818181818183
"Soze, Keyser",10180,1,1,1,2,3,3,0,87565,0,28,Sr. Network Engineer,MA,1545,02/09/83,M ,Married,US Citizen,No,Asian,6/30/2016,,N/A-StillEmployed,Active,IT/IS,Peter Monroe,7.0,LinkedIn,Fully Meets,3.27,4,5,1/14/2019,0,13,10180,14,12,86.28571428571429,3,85.71428571428571,45,0.4888888888888889,100,68,82,42,69,4.0,17.3875,4.0,10,10,88.925,3.2399999999999998,100.0
"Sparks, Taylor  ",10302,1,1,0,1,5,1,0,64021,0,19,Production Technician I,MA,2093,07/20/68,F,Married,US Citizen,No,White,2/20/2012,,N/A-StillEmployed,Active,Production       ,Brannon Miller,12.0,Indeed,PIP,2.4,2,1,2/25/2019,6,20,10302,14,10,85.14285714285714,2,71.42857142857143,45,0.5333333333333333,98,59,77,27,100,3.0,11.344999999999999,3.0,11,7,81.89999999999999,3.182857142857143,63.63636363636363
"Spirea, Kelley",10090,1,1,0,1,5,3,0,65714,0,18,Production Manager,MA,2451,09/30/75,F,Married,US Citizen,No,White,10/2/2012,,N/A-StillEmployed,Active,Production       ,Janet King,2.0,LinkedIn,Fully Meets,4.83,5,0,2/14/2019,0,15,10090,13,7,68.53846153846153,0,53.84615384615385,45,0.5111111111111111,73,37,8,75,152,8.0,19.12125,7.0,10,8,87.9075,3.245,80.0
"Squatrito, Kristen",10030,0,2,0,5,5,4,0,62425,1,19,Production Technician I,MA,2359,03/26/73,F,Divorced,US Citizen,No,White,5/13/2013,6/29/2015,unhappy,Voluntarily Terminated,Production       ,David Stanley,14.0,LinkedIn,Exceeds,4.1,4,0,3/2/2015,0,16,10030,14,12,91.92857142857143,2,85.71428571428571,45,0.5111111111111111,98,74,75,31,124,5.0,19.9575,4.0,10,7,84.48428571428572,3.2128571428571426,70.0
"Stanford,Barbara  M",10278,0,2,0,1,5,3,0,47961,0,19,Production Technician I,MA,2050,08/25/82,F,Divorced,US Citizen,No,Two or more races,1/10/2011,,N/A-StillEmployed,Active,Production       ,Kissy Sullivan,20.0,Google Search,Fully Meets,4.1,4,0,2/7/2019,0,9,10278,12,9,81.58333333333333,2,75.0,45,0.5333333333333333,99,58,91,25,102,4.0,11.934999999999999,3.0,11,5,79.874,2.8579999999999997,45.45454545454545
"Stansfield, Norman",10307,1,1,1,1,6,1,0,58273,0,3,Area Sales Manager,NV,89139,05/09/74,M ,Married,US Citizen,No,White,5/12/2014,,N/A-StillEmployed,Active,Sales,Lynn Daneault,21.0,Website,PIP,1.81,2,0,1/17/2019,3,5,10307,12,9,84.66666666666667,1,75.0,45,0.4222222222222222,110,9,0,67,130,4.0,32.5075,4.0,11,6,82.88857142857144,3.283333333333333,54.54545454545454
"Steans, Tyrone  ",10147,0,0,1,1,1,3,0,63003,0,1,Accountant I,MA,2703,09/01/86,M ,Single,US Citizen,No,White,9/29/2014,,N/A-StillEmployed,Active,Admin Offices,Brandon R. LeBlanc,1.0,Indeed,Fully Meets,3.9,5,5,1/18/2019,0,9,10147,14,10,88.92857142857143,5,71.42857142857143,45,0.4444444444444444,79,16,0,73,145,4.0,13.323333333333332,3.0,10,6,83.38857142857144,2.9566666666666666,60.0
"Stoica, Rick",10266,1,1,1,1,5,3,0,61355,0,19,Production Technician I,MA,2301,03/14/85,M ,Married,US Citizen,No,Asian,2/17/2014,,N/A-StillEmployed,Active,Production       ,Kelley Spirea,18.0,LinkedIn,Fully Meets,4.7,3,0,1/11/2019,0,4,10266,14,11,89.21428571428571,3,78.57142857142857,45,0.5111111111111111,127,66,72,41,116,2.0,16.990000000000002,1.0,10,8,86.25125,3.1237500000000002,80.0
"Strong, Caitrin",10241,1,1,0,1,6,3,0,60120,0,3,Area Sales Manager,MT,59102,05/12/89,F,Married,US Citizen,No,Black or African American,9/27/2010,,N/A-StillEmployed,Active,Sales,John Smith,17.0,Indeed,Fully Meets,4.1,4,0,1/31/2019,0,18,10241,14,11,92.85714285714286,2,78.57142857142857,45,0.4666666666666667,98,16,7,64,140,6.0,35.343333333333334,4.0,10,8,89.115,2.9175,80.0
"Sullivan, Kissy ",10158,1,1,0,1,5,3,0,63682,0,18,Production Manager,MA,1776,03/28/78,F,Married,US Citizen,No,Black or African American,1/8/2009,,N/A-StillEmployed,Active,Production       ,Janet King,2.0,Indeed,Fully Meets,3.73,4,0,1/24/2019,0,12,10158,14,13,94.0,0,92.85714285714286,45,0.5333333333333333,130,25,5,81,114,8.0,21.82125,5.0,9,5,80.226,2.8579999999999997,55.55555555555556
"Sullivan, Timothy",10117,1,1,1,1,5,3,0,63025,0,19,Production Technician I,MA,2747,10/07/82,M ,Married,US Citizen,Yes,White,1/5/2015,,N/A-StillEmployed,Active,Production       ,Michael Albert,22.0,Google Search,Fully Meets,4.36,5,0,1/24/2019,0,10,10117,14,11,90.42857142857143,3,78.57142857142857,45,0.6444444444444445,98,67,86,32,112,2.0,53.25,1.0,11,7,89.40857142857143,2.652857142857143,63.63636363636363
"Sutwell, Barbara",10209,0,0,0,1,5,3,0,59238,0,19,Production Technician I,MA,2718,08/15/68,F,Single,Eligible NonCitizen,No,Asian,5/14/2012,,N/A-StillEmployed,Active,Production       ,Elijiah Gray,16.0,Indeed,Fully Meets,3.4,5,0,1/31/2019,0,13,10209,14,8,74.64285714285714,3,57.14285714285714,45,0.5777777777777777,91,72,77,14,104,4.0,19.0075,4.0,10,5,75.26599999999999,1.86,50.0
"Szabo, Andrew",10024,0,0,1,1,4,4,0,92989,0,24,Software Engineer,MA,2140,05/06/83,M ,Single,US Citizen,No,White,7/7/2014,,N/A-StillEmployed,Active,Software Engineering,Alex Sweetwater,10.0,LinkedIn,Exceeds,4.5,5,5,2/18/2019,0,1,10024,14,12,90.5,3,85.71428571428571,45,0.5777777777777777,128,70,76,9,113,2.0,13.705,1.0,10,10,84.411,3.567,100.0
"Tannen, Biff",10173,1,1,1,1,3,3,0,90100,0,4,BI Developer,MA,2134,10/24/87,M ,Married,US Citizen,No,White,4/20/2017,,N/A-StillEmployed,Active,IT/IS,Brian Champaigne,13.0,Indeed,Fully Meets,3.4,3,6,1/2/2019,0,14,10173,14,9,80.71428571428571,3,64.28571428571429,45,0.5777777777777777,109,66,77,19,73,3.0,15.105,2.0,11,10,88.994,3.107,90.9090909090909
"Tavares, Desiree  ",10221,1,1,0,5,5,3,1,60754,1,19,Production Technician I,MA,1801,04/03/75,F,Married,Non-Citizen,No,Black or African American,4/27/2009,4/1/2013,Another position,Voluntarily Terminated,Production       ,Webster Butler,39.0,Diversity Job Fair,Fully Meets,4.5,5,0,2/15/2012,0,11,10221,12,6,73.91666666666667,2,50.0,45,0.6,157,76,79,55,118,4.0,18.673333333333332,4.0,11,8,75.5175,3.69625,72.72727272727273
"Tejeda, Lenora ",10146,1,1,0,5,5,3,0,72202,1,20,Production Technician II,MA,2129,05/24/53,F,Married,US Citizen,No,White,5/16/2011,7/8/2017,Another position,Voluntarily Terminated,Production       ,Elijiah Gray,16.0,Google Search,Fully Meets,3.93,3,0,4/18/2017,0,3,10146,14,9,66.0,2,64.28571428571429,45,0.4888888888888889,122,51,60,12,81,6.0,27.505000000000003,6.0,11,5,81.138,3.536,45.45454545454545
"Terry, Sharlene ",10161,0,0,0,1,6,3,0,58370,0,3,Area Sales Manager,OR,97756,05/07/65,F,Single,US Citizen,No,Black or African American,9/29/2014,,N/A-StillEmployed,Active,Sales,Lynn Daneault,21.0,Indeed,Fully Meets,3.69,3,0,1/28/2019,0,18,10161,13,11,86.84615384615384,3,84.61538461538461,45,0.5111111111111111,102,23,5,101,103,3.0,13.05,3.0,11,8,85.38777777777779,2.96625,72.72727272727273
"Theamstern, Sophia",10141,0,0,0,5,5,3,0,48413,1,19,Production Technician I,MA,2066,05/09/65,F,Single,US Citizen,No,White,7/5/2011,9/5/2016,return to school,Voluntarily Terminated,Production       ,Amy Dunn,11.0,Indeed,Fully Meets,3.98,4,0,3/2/2016,0,1,10141,14,9,85.28571428571429,3,64.28571428571429,45,0.5333333333333333,113,55,64,17,126,3.0,10.886666666666665,2.0,10,7,87.47142857142856,2.617142857142857,70.0
"Thibaud, Kenneth",10268,0,4,1,5,5,3,0,67176,1,20,Production Technician II,MA,2472,09/16/75,M ,Widowed,US Citizen,No,White,6/25/2007,8/30/2010,military,Voluntarily Terminated,Production       ,Webster Butler,39.0,Other,Fully Meets,4.1,4,0,7/14/2010,0,15,10268,14,13,96.78571428571429,3,92.85714285714286,45,0.5333333333333333,102,76,66,20,83,1.0,16.54,0.0,9,6,82.63857142857144,2.873333333333333,66.66666666666666
"Tippett, Jeanette",10123,0,2,0,1,5,3,0,56339,0,19,Production Technician I,MA,2093,06/05/67,F,Divorced,US Citizen,No,Black or African American,2/18/2013,,N/A-StillEmployed,Active,Production       ,Brannon Miller,12.0,Indeed,Fully Meets,4.21,5,0,1/14/2019,0,4,10123,12,10,90.41666666666667,3,83.33333333333334,45,0.5333333333333333,118,68,88,40,97,1.0,16.57,0.0,11,7,88.28999999999999,3.182857142857143,63.63636363636363
"Torrence, Jack",10013,0,3,1,1,6,4,0,64397,0,3,Area Sales Manager,ND,58782,01/15/68,M ,Separated,US Citizen,No,White,1/9/2006,,N/A-StillEmployed,Active,Sales,Lynn Daneault,21.0,Indeed,Exceeds,4.1,3,0,1/4/2019,0,6,10013,14,9,75.42857142857143,3,64.28571428571429,45,0.4,77,5,9,88,125,5.0,17.88,4.0,10,8,83.10875,3.175,80.0
"Trang, Mei",10287,0,0,0,1,5,2,0,63025,0,19,Production Technician I,MA,2021,05/16/83,F,Single,US Citizen,No,White,2/17/2014,,N/A-StillEmployed,Active,Production       ,David Stanley,14.0,LinkedIn,Needs Improvement,2.44,5,0,2/11/2019,4,18,10287,14,12,95.92857142857143,3,85.71428571428571,45,0.6222222222222222,107,67,69,31,123,,,,10,10,89.795,2.5599999999999996,100.0
"Tredinnick, Neville ",10044,1,1,1,5,3,3,0,75281,1,15,Network Engineer,MA,1420,05/05/88,M ,Married,US Citizen,No,White,1/5/2015,2/12/2016,medical issues,Voluntarily Terminated,IT/IS,Peter Monroe,7.0,CareerBuilder,Fully Meets,5.0,3,5,4/15/2015,0,11,10044,14,9,79.57142857142857,2,64.28571428571429,45,0.6,142,69,86,52,46,2.0,7.88,2.0,10,7,82.93857142857142,2.9614285714285713,70.0
"True, Edward",10102,0,0,1,5,4,3,1,100416,1,24,Software Engineer,MA,2451,06/14/83,M ,Single,Non-Citizen,No,Black or African American,2/18/2013,4/15/2018,medical issues,Voluntarily Terminated,Software Engineering,Alex Sweetwater,10.0,Diversity Job Fair,Fully Meets,4.6,3,4,2/12/2017,0,9,10102,14,13,92.85714285714286,5,92.85714285714286,45,0.5333333333333333,99,70,59,21,105,6.0,12.02,4.0,11,8,81.21125,2.97875,72.72727272727273
"Trzeciak, Cybil",10270,0,0,0,5,5,3,0,74813,1,20,Production Technician II,MA,1778,03/15/85,F,Single,US Citizen,No,White,1/10/2011,7/2/2014,unhappy,Voluntarily Terminated,Production       ,Amy Dunn,11.0,LinkedIn,Fully Meets,4.4,3,0,1/5/2014,0,5,10270,14,11,91.78571428571429,5,78.57142857142857,45,0.4888888888888889,116,84,80,12,79,3.0,24.313333333333333,3.0,9,5,82.39,2.582,55.55555555555556
"Turpin, Jumil",10045,1,1,1,1,3,3,0,76029,0,15,Network Engineer,MA,2343,03/31/69,M ,Married,Eligible NonCitizen,No,White,3/30/2015,,N/A-StillEmployed,Active,IT/IS,Peter Monroe,7.0,Employee Referral,Fully Meets,5.0,4,7,1/14/2019,0,8,10045,14,10,85.21428571428571,4,71.42857142857143,45,0.6222222222222222,109,80,81,21,123,4.0,19.19333333333333,2.0,10,8,84.36875,2.20625,80.0
"Valentin,Jackie",10205,1,1,0,1,6,3,0,57859,0,3,Area Sales Manager,AZ,85006,05/23/91,F,Married,US Citizen,No,Two or more races,7/5/2011,,N/A-StillEmployed,Active,Sales,John Smith,17.0,Indeed,Fully Meets,2.81,3,0,1/17/2019,0,16,10205,14,12,88.78571428571429,7,85.71428571428571,45,0.5333333333333333,104,29,7,72,130,2.0,30.395000000000003,2.0,8,8,84.55375000000001,2.94625,100.0
"Veera, Abdellah ",10014,0,2,1,5,5,4,0,58523,1,19,Production Technician I,MA,2171,01/31/87,M ,Divorced,US Citizen,No,White,8/13/2012,2/5/2016,maternity leave - did not return,Voluntarily Terminated,Production       ,Kissy Sullivan,20.0,LinkedIn,Exceeds,4.5,5,0,2/1/2016,0,15,10014,14,12,91.28571428571429,4,85.71428571428571,45,0.4666666666666667,106,57,64,46,101,4.0,24.5825,4.0,8,7,90.16142857142857,3.412857142857143,87.5
"Vega, Vincent",10144,0,2,1,1,5,3,0,88976,0,17,Production Manager,MA,2169,10/10/68,M ,Divorced,US Citizen,No,White,8/1/2011,,N/A-StillEmployed,Active,Production       ,Janet King,2.0,Employee Referral,Fully Meets,3.93,3,0,2/27/2019,0,19,10144,14,10,75.42857142857143,3,71.42857142857143,45,0.28888888888888886,104,26,10,49,101,4.0,44.192499999999995,4.0,10,4,77.64833333333333,3.1925,40.0
"Villanueva, Noah",10253,0,0,1,1,6,3,0,55875,0,3,Area Sales Manager,ME,4063,07/11/89,M ,Single,US Citizen,No,Asian,3/5/2012,,N/A-StillEmployed,Active,Sales,John Smith,17.0,Website,Fully Meets,4.5,4,0,1/18/2019,0,11,10253,14,11,94.42857142857143,2,78.57142857142857,45,0.4222222222222222,129,18,8,87,122,3.0,17.103333333333335,3.0,10,7,82.48857142857142,2.792857142857143,70.0
"Voldemort, Lord",10118,1,1,1,4,3,3,0,113999,1,8,Database Administrator,MA,1960,08/07/86,M ,Married,US Citizen,No,Black or African American,2/16/2015,2/22/2017,"no-call, no-show",Terminated for Cause,IT/IS,Simon Roup,4.0,Employee Referral,Fully Meets,4.33,3,7,2/15/2017,0,9,10118,14,8,78.71428571428571,2,57.14285714285714,45,0.5555555555555556,149,46,87,30,87,5.0,19.816,4.0,10,9,90.46555555555557,2.98,90.0
"Volk, Colleen",10022,1,1,0,4,5,4,0,49773,1,19,Production Technician I,MA,2747,06/03/86,F,Married,US Citizen,No,White,9/26/2011,2/8/2016,gross misconduct,Terminated for Cause,Production       ,Kelley Spirea,18.0,Google Search,Exceeds,4.3,5,0,2/1/2015,0,18,10022,14,9,82.78571428571429,1,64.28571428571429,45,0.4666666666666667,95,77,87,29,86,1.0,13.04,0.0,11,4,75.10000000000001,3.0149999999999997,36.36363636363637
"Von Massenbach, Anna",10183,0,0,0,2,5,3,0,62068,0,19,Production Technician I,MA,2124,04/06/85,F,Single,US Citizen,No,White,7/5/2015,,N/A-StillEmployed,Active,Production       ,Michael Albert,22.0,LinkedIn,Fully Meets,3.21,3,0,1/29/2019,0,7,10183,14,11,93.78571428571429,5,78.57142857142857,45,0.5333333333333333,136,72,82,31,93,3.0,19.006666666666664,2.0,10,6,82.37,2.8349999999999995,60.0
"Walker, Roger",10190,0,0,1,1,5,3,0,66541,0,20,Production Technician II,MA,2459,02/10/76,M ,Single,US Citizen,No,Black or African American,8/18/2014,,N/A-StillEmployed,Active,Production       ,Ketsia Liebig,19.0,Employee Referral,Fully Meets,3.11,5,0,2/12/2019,0,4,10190,12,8,85.66666666666667,2,66.66666666666666,45,0.5555555555555556,93,87,86,40,87,1.0,10.09,1.0,11,9,88.0188888888889,2.9266666666666667,81.81818181818183
"Wallace, Courtney  E",10274,1,1,0,5,5,3,1,80512,1,18,Production Manager,MA,2478,11/14/55,F,Married,US Citizen,No,Black or African American,9/26/2011,1/2/2012,Another position,Voluntarily Terminated,Production       ,Janet King,2.0,Diversity Job Fair,Fully Meets,4.5,3,0,1/2/2012,0,5,10274,14,10,85.42857142857143,2,71.42857142857143,45,0.35555555555555557,92,37,4,56,119,6.0,11.616,5.0,10,7,86.98,3.0214285714285714,70.0
"Wallace, Theresa",10293,0,0,0,5,5,2,0,50274,1,19,Production Technician I,MA,1887,08/02/80,F,Single,US Citizen,No,White,8/13/2012,9/1/2015,career change,Voluntarily Terminated,Production       ,Elijiah Gray,16.0,CareerBuilder,Needs Improvement,2.5,3,0,9/5/2014,6,13,10293,14,11,86.71428571428571,4,78.57142857142857,45,0.5555555555555556,98,66,92,20,119,2.0,30.345,2.0,10,8,88.05555555555556,2.6937499999999996,80.0
"Wang, Charlie",10172,0,0,1,1,3,3,0,84903,0,22,Senior BI Developer,MA,1887,07/08/81,M ,Single,US Citizen,No,Asian,2/15/2017,,N/A-StillEmployed,Active,IT/IS,Brian Champaigne,13.0,Indeed,Fully Meets,3.42,4,7,1/4/2019,0,17,10172,14,12,90.71428571428571,2,85.71428571428571,45,0.5555555555555556,103,72,79,23,90,3.0,21.165,3.0,11,6,84.25857142857141,2.966666666666667,54.54545454545454
"Warfield, Sarah",10127,0,4,0,1,3,3,0,107226,0,28,Sr. Network Engineer,MA,2453,05/02/78,F,Widowed,US Citizen,No,Asian,3/30/2015,,N/A-StillEmployed,Active,IT/IS,Peter Monroe,7.0,Employee Referral,Fully Meets,4.2,4,8,2/5/2019,0,7,10127,11,8,85.0909090909091,4,72.72727272727273,45,0.5555555555555556,106,52,91,39,43,,,,11,8,84.1975,2.965,72.72727272727273
"Whittier, Scott",10072,0,0,1,5,5,3,0,58371,1,19,Production Technician I,MA,2030,05/24/87,M ,Single,US Citizen,Yes,White,1/10/2011,5/15/2014,hours,Voluntarily Terminated,Production       ,Webster Butler,39.0,LinkedIn,Fully Meets,5.0,5,0,5/15/2014,0,11,10072,14,9,80.07142857142857,5,64.28571428571429,45,0.6888888888888889,136,83,110,42,94,10.0,20.493333333333336,9.0,10,8,82.44625,3.08875,80.0
"Wilber, Barry",10048,1,1,1,5,5,3,0,55140,1,19,Production Technician I,MA,2324,09/09/65,M ,Married,Eligible NonCitizen,No,White,5/16/2011,9/7/2015,unhappy,Voluntarily Terminated,Production       ,Amy Dunn,11.0,Website,Fully Meets,5.0,3,0,2/15/2015,0,7,10048,14,7,62.642857142857146,0,50.0,45,0.5111111111111111,135,77,71,18,100,7.0,40.302,7.0,10,8,80.35,3.525,80.0
"Wilkes, Annie",10204,0,2,0,5,5,3,0,58062,1,19,Production Technician I,MA,1876,07/30/83,F,Divorced,US Citizen,No,White,1/10/2011,5/14/2012,Another position,Voluntarily Terminated,Production       ,Ketsia Liebig,19.0,Google Search,Fully Meets,3.6,5,0,2/6/2011,0,9,10204,14,9,81.92857142857143,3,64.28571428571429,45,0.5555555555555556,121,67,68,38,116,4.0,17.393333333333334,4.0,10,9,83.02222222222223,2.802222222222222,90.0
"Williams, Jacquelyn  ",10264,0,0,0,5,5,3,1,59728,1,19,Production Technician I,MA,2109,10/02/69,F,Single,US Citizen,Yes,Black or African American,1/9/2012,6/27/2015,relocation out of area,Voluntarily Terminated,Production       ,Ketsia Liebig,19.0,Diversity Job Fair,Fully Meets,4.3,4,0,6/2/2014,0,16,10264,12,7,72.91666666666667,2,58.333333333333336,45,0.4888888888888889,93,47,93,27,100,7.0,15.984,7.0,11,7,83.77285714285715,3.46,63.63636363636363
"Winthrop, Jordan  ",10033,0,0,1,5,5,4,0,70507,1,20,Production Technician II,MA,2045,11/07/58,M ,Single,US Citizen,No,White,1/7/2013,2/21/2016,retiring,Voluntarily Terminated,Production       ,Brannon Miller,12.0,LinkedIn,Exceeds,5.0,3,0,1/19/2016,0,7,10033,14,12,88.14285714285714,6,85.71428571428571,45,0.5555555555555556,143,52,91,36,118,1.0,14.7,0.0,10,6,76.87428571428572,3.0500000000000003,60.0
"Wolk, Hang  T",10174,0,0,0,1,5,3,0,60446,0,20,Production Technician II,MA,2302,04/20/85,F,Single,US Citizen,No,White,9/29/2014,,N/A-StillEmployed,Active,Production       ,David Stanley,14.0,LinkedIn,Fully Meets,3.4,4,0,2/21/2019,0,14,10174,14,10,84.21428571428571,1,71.42857142857143,45,0.4888888888888889,102,85,107,26,58,4.0,22.61666666666667,4.0,10,10,84.815,3.073,100.0
"Woodson, Jason",10135,0,0,1,1,5,3,0,65893,0,20,Production Technician II,MA,1810,05/11/85,M ,Single,US Citizen,No,White,7/7/2014,,N/A-StillEmployed,Active,Production       ,Kissy Sullivan,20.0,LinkedIn,Fully Meets,4.07,4,0,2/28/2019,0,13,10135,14,9,77.14285714285714,2,64.28571428571429,45,0.5777777777777777,116,64,105,45,148,3.0,16.275,3.0,11,6,80.5457142857143,3.345,54.54545454545454
"Ybarra, Catherine ",10301,0,0,0,5,5,1,0,48513,1,19,Production Technician I,MA,2458,05/04/82,F,Single,US Citizen,No,Asian,9/2/2008,9/29/2015,Another position,Voluntarily Terminated,Production       ,Brannon Miller,12.0,Google Search,PIP,3.2,2,0,9/2/2015,5,4,10301,14,8,75.07142857142857,2,57.14285714285714,45,0.6444444444444445,120,61,95,29,74,1.0,29.77,0.0,10,6,88.61166666666666,2.891666666666667,60.0
"Zamora, Jennifer",10010,0,0,0,1,3,4,0,220450,0,6,CIO,MA,2067,08/30/79,F,Single,US Citizen,No,White,4/10/2010,,N/A-StillEmployed,Active,IT/IS,Janet King,2.0,Employee Referral,Exceeds,4.6,5,6,2/21/2019,0,16,10010,14,11,80.57142857142857,5,78.57142857142857,45,0.5111111111111111,109,82,70,23,63,2.0,9.66,2.0,9,6,79.6,2.6350000000000002,66.66666666666666
"Zhou, Julia",10043,0,0,0,1,3,3,0,89292,0,9,Data Analyst,MA,2148,02/24/79,F,Single,US Citizen,No,White,3/30/2015,,N/A-StillEmployed,Active,IT/IS,Simon Roup,4.0,Employee Referral,Fully Meets,5.0,3,5,2/1/2019,0,11,10043,14,11,91.71428571428571,6,78.57142857142857,45,0.6666666666666666,131,78,113,39,91,3.0,14.155000000000001,3.0,11,8,85.2875,2.55125,72.72727272727273
"Zima, Colleen",10271,0,4,0,1,5,3,0,45046,0,19,Production Technician I,MA,1730,08/17/78,F,Widowed,US Citizen,No,Asian,9/29/2014,,N/A-StillEmployed,Active,Production       ,David Stanley,14.0,LinkedIn,Fully Meets,4.5,5,0,1/30/2019,0,2,10271,11,10,97.54545454545455,3,90.9090909090909,45,0.6222222222222222,87,74,84,13,127,3.0,5.376666666666668,0.0,10,7,84.35714285714286,2.2328571428571427,70.0
