usage_id,employee_id,usage_date,slack_activity_count,jira_usage_count,github_activity_count,teams_activity_count,workspace_activity_count,daily_active_usage
USE00001,10026,2011-07-05,0,0,0,0,3,False
USE00002,10026,2011-07-06,0,0,0,0,0,False
USE00003,10026,2011-07-07,0,1,0,0,0,False
USE00004,10026,2011-07-08,0,0,0,0,0,False
USE00005,10026,2011-07-09,0,0,0,0,0,False
USE00006,10026,2011-07-10,0,0,0,0,0,False
USE00007,10026,2011-07-11,0,3,3,0,1,True
USE00008,10026,2011-07-12,0,0,0,0,0,False
USE00009,10026,2011-07-13,0,0,0,0,0,False
USE00010,10026,2011-07-14,0,0,0,0,0,False
USE00011,10026,2011-07-15,4,1,0,0,0,True
USE00012,10026,2011-07-16,0,0,0,0,0,False
USE00013,10026,2011-07-17,0,0,0,0,0,False
USE00014,10026,2011-07-18,0,2,1,0,0,True
USE00015,10026,2011-07-19,0,4,3,0,7,True
USE00016,10026,2011-07-20,2,1,4,0,0,True
USE00017,10026,2011-07-21,0,4,3,0,0,True
USE00018,10026,2011-07-22,4,0,0,2,0,True
USE00019,10026,2011-07-23,0,0,0,0,0,False
USE00020,10026,2011-07-24,0,0,0,0,0,False
USE00021,10026,2011-07-25,11,0,3,3,4,True
USE00022,10026,2011-07-26,4,4,6,0,6,True
USE00023,10026,2011-07-27,0,0,1,7,8,True
USE00024,10026,2011-07-28,5,2,1,7,4,True
USE00025,10026,2011-07-29,3,0,9,0,6,True
USE00026,10026,2011-07-30,0,0,0,0,0,False
USE00027,10026,2011-07-31,0,0,0,0,0,False
USE00028,10026,2011-08-01,10,2,0,8,0,True
USE00029,10026,2011-08-02,10,7,2,0,13,True
USE00030,10026,2011-08-03,4,4,0,0,7,True
USE00031,10026,2011-08-04,5,3,0,6,11,True
USE00032,10026,2011-08-05,4,6,7,3,0,True
USE00033,10026,2011-08-06,0,0,0,0,0,False
USE00034,10026,2011-08-07,0,1,3,0,0,True
USE00035,10026,2011-08-08,0,7,5,0,5,True
USE00036,10026,2011-08-09,0,0,3,0,0,False
USE00037,10026,2011-08-10,0,4,5,0,0,True
USE00038,10026,2011-08-11,6,2,4,0,0,True
USE00039,10026,2011-08-12,7,7,5,4,18,True
USE00040,10026,2011-08-13,0,0,0,0,6,False
USE00041,10026,2011-08-14,4,0,0,0,0,False
USE00042,10026,2011-08-15,0,0,3,0,8,True
USE00043,10026,2011-08-16,0,4,6,0,0,True
USE00044,10026,2011-08-17,6,0,8,0,0,True
USE00045,10026,2011-08-18,7,10,5,0,3,True
USE00046,10084,2015-03-30,0,0,0,0,2,False
USE00047,10084,2015-03-31,0,0,0,0,2,False
USE00048,10084,2015-04-01,0,0,0,0,0,False
USE00049,10084,2015-04-02,2,0,0,2,2,True
USE00050,10084,2015-04-03,0,1,0,0,0,False
USE00051,10084,2015-04-04,2,0,0,0,0,False
USE00052,10084,2015-04-05,0,0,0,0,0,False
USE00053,10084,2015-04-06,3,0,1,0,0,True
USE00054,10084,2015-04-07,0,0,2,0,0,False
USE00055,10084,2015-04-08,2,2,0,0,0,True
USE00056,10084,2015-04-09,0,0,0,0,0,False
USE00057,10084,2015-04-10,0,2,4,0,0,True
USE00058,10084,2015-04-11,0,0,0,2,3,True
USE00059,10084,2015-04-12,0,0,0,0,0,False
USE00060,10084,2015-04-13,8,3,1,0,0,True
USE00061,10084,2015-04-14,0,0,4,0,0,False
USE00062,10084,2015-04-15,3,0,2,0,0,True
USE00063,10084,2015-04-16,4,4,7,2,0,True
USE00064,10084,2015-04-17,0,1,5,0,0,True
USE00065,10084,2015-04-18,0,0,1,0,0,False
USE00066,10084,2015-04-19,2,0,0,0,0,False
USE00067,10084,2015-04-20,6,3,5,0,7,True
USE00068,10084,2015-04-21,0,0,0,0,7,False
USE00069,10084,2015-04-22,3,0,2,6,0,True
USE00070,10084,2015-04-23,5,7,0,0,0,True
USE00071,10084,2015-04-24,0,5,4,0,6,True
USE00072,10084,2015-04-25,0,0,0,0,0,False
USE00073,10084,2015-04-26,0,0,0,0,0,False
USE00074,10084,2015-04-27,7,0,0,0,0,False
USE00075,10084,2015-04-28,12,3,3,0,0,True
USE00076,10084,2015-04-29,0,4,5,0,12,True
USE00077,10084,2015-04-30,7,8,0,2,1,True
USE00078,10084,2015-05-01,0,3,0,0,9,True
USE00079,10084,2015-05-02,2,0,3,0,0,True
USE00080,10084,2015-05-03,0,0,0,0,2,False
USE00081,10084,2015-05-04,5,6,4,6,0,True
USE00082,10084,2015-05-05,5,2,0,0,7,True
USE00083,10084,2015-05-06,8,6,5,5,0,True
USE00084,10084,2015-05-07,0,0,6,0,7,True
USE00085,10084,2015-05-08,0,0,6,4,5,True
USE00086,10084,2015-05-09,0,0,0,0,0,False
USE00087,10084,2015-05-10,0,0,0,0,0,False
USE00088,10084,2015-05-11,0,5,5,0,0,True
USE00089,10084,2015-05-12,7,2,6,0,0,True
USE00090,10084,2015-05-13,6,2,0,0,8,True
USE00091,10196,2011-07-05,0,0,0,0,6,False
USE00092,10196,2011-07-06,0,0,0,0,0,False
USE00093,10196,2011-07-07,0,0,0,0,0,False
USE00094,10196,2011-07-08,0,0,0,0,0,False
USE00095,10196,2011-07-09,0,0,0,0,0,False
USE00096,10196,2011-07-10,0,0,0,0,0,False
USE00097,10196,2011-07-11,3,0,5,0,0,True
USE00098,10196,2011-07-12,0,0,0,0,4,False
USE00099,10196,2011-07-13,0,2,0,0,0,False
USE00100,10196,2011-07-14,0,0,0,0,0,False
USE00101,10196,2011-07-15,3,0,0,0,0,False
USE00102,10196,2011-07-16,3,0,0,0,0,False
USE00103,10196,2011-07-17,0,0,0,0,0,False
USE00104,10196,2011-07-18,0,0,0,0,4,False
USE00105,10196,2011-07-19,0,2,5,0,0,True
USE00106,10196,2011-07-20,2,0,0,6,0,True
USE00107,10196,2011-07-21,4,1,4,0,0,True
USE00108,10196,2011-07-22,0,0,0,0,0,False
USE00109,10196,2011-07-23,0,0,0,0,0,False
USE00110,10196,2011-07-24,0,0,0,0,0,False
USE00111,10196,2011-07-25,0,0,0,0,0,False
USE00112,10196,2011-07-26,6,1,0,0,0,True
USE00113,10196,2011-07-27,0,2,0,5,7,True
USE00114,10196,2011-07-28,5,3,8,0,0,True
USE00115,10196,2011-07-29,4,0,0,0,5,True
USE00116,10196,2011-07-30,0,0,0,0,0,False
USE00117,10196,2011-07-31,4,0,0,0,0,False
USE00118,10196,2011-08-01,11,5,9,0,0,True
USE00119,10196,2011-08-02,10,1,4,0,8,True
USE00120,10196,2011-08-03,5,5,0,0,8,True
USE00121,10196,2011-08-04,3,0,9,0,8,True
USE00122,10196,2011-08-05,9,3,3,10,9,True
USE00123,10196,2011-08-06,3,0,1,0,0,True
USE00124,10196,2011-08-07,0,0,0,0,0,False
USE00125,10196,2011-08-08,10,6,0,0,0,True
USE00126,10196,2011-08-09,0,5,3,0,5,True
USE00127,10196,2011-08-10,3,4,3,0,9,True
USE00128,10196,2011-08-11,3,5,2,5,0,True
USE00129,10196,2011-08-12,8,0,5,0,0,True
USE00130,10196,2011-08-13,0,0,0,0,0,False
USE00131,10196,2011-08-14,0,0,0,0,0,False
USE00132,10196,2011-08-15,10,2,8,0,4,True
USE00133,10196,2011-08-16,4,3,6,0,6,True
USE00134,10196,2011-08-17,7,1,6,0,10,True
USE00135,10196,2011-08-18,0,4,4,0,8,True
USE00136,10088,2008-01-07,0,0,0,0,0,False
USE00137,10088,2008-01-08,0,0,0,0,0,False
USE00138,10088,2008-01-09,0,1,1,0,0,True
USE00139,10088,2008-01-10,1,0,1,0,0,True
USE00140,10088,2008-01-11,0,0,0,0,0,False
USE00141,10088,2008-01-12,0,0,0,0,0,False
USE00142,10088,2008-01-13,0,0,0,0,0,False
USE00143,10088,2008-01-14,0,0,1,0,0,False
USE00144,10088,2008-01-15,1,0,0,0,0,False
USE00145,10088,2008-01-16,2,0,3,0,0,True
USE00146,10088,2008-01-17,3,2,0,0,0,True
USE00147,10088,2008-01-18,0,0,0,0,0,False
USE00148,10088,2008-01-19,0,0,0,0,0,False
USE00149,10088,2008-01-20,2,0,0,0,0,False
USE00150,10088,2008-01-21,4,3,5,4,0,True
USE00151,10088,2008-01-22,3,3,0,0,0,True
USE00152,10088,2008-01-23,4,2,4,0,0,True
USE00153,10088,2008-01-24,0,2,3,0,9,True
USE00154,10088,2008-01-25,0,3,2,0,0,True
USE00155,10088,2008-01-26,0,0,0,0,0,False
USE00156,10088,2008-01-27,0,0,1,3,0,True
USE00157,10088,2008-01-28,6,2,3,2,0,True
USE00158,10088,2008-01-29,6,4,2,0,3,True
USE00159,10088,2008-01-30,8,0,6,0,0,True
USE00160,10088,2008-01-31,5,3,3,0,4,True
USE00161,10088,2008-02-01,0,1,7,0,0,True
USE00162,10088,2008-02-02,0,0,0,0,0,False
USE00163,10088,2008-02-03,2,0,0,0,2,True
USE00164,10088,2008-02-04,13,3,9,0,0,True
USE00165,10088,2008-02-05,0,2,8,4,9,True
USE00166,10088,2008-02-06,7,3,0,0,6,True
USE00167,10088,2008-02-07,5,8,4,0,8,True
USE00168,10088,2008-02-08,6,2,3,3,0,True
USE00169,10088,2008-02-09,0,0,0,0,0,False
USE00170,10088,2008-02-10,1,0,1,0,0,True
USE00171,10088,2008-02-11,8,6,8,0,13,True
USE00172,10088,2008-02-12,10,0,13,7,0,True
USE00173,10088,2008-02-13,12,4,7,0,0,True
USE00174,10088,2008-02-14,10,3,0,5,0,True
USE00175,10088,2008-02-15,0,2,4,0,0,True
USE00176,10088,2008-02-16,0,1,0,0,0,False
USE00177,10088,2008-02-17,2,2,0,0,0,True
USE00178,10088,2008-02-18,6,0,6,0,5,True
USE00179,10088,2008-02-19,8,9,4,3,10,True
USE00180,10088,2008-02-20,10,2,4,0,12,True
USE00181,10069,2011-07-11,1,0,0,0,2,True
USE00182,10069,2011-07-12,0,0,0,0,0,False
USE00183,10069,2011-07-13,1,0,0,0,0,False
USE00184,10069,2011-07-14,1,0,0,0,0,False
USE00185,10069,2011-07-15,0,1,0,0,0,False
USE00186,10069,2011-07-16,0,0,0,0,0,False
USE00187,10069,2011-07-17,0,1,0,0,0,False
USE00188,10069,2011-07-18,0,0,2,0,0,False
USE00189,10069,2011-07-19,2,0,0,0,0,False
USE00190,10069,2011-07-20,0,0,4,1,0,True
USE00191,10069,2011-07-21,3,3,0,0,0,True
USE00192,10069,2011-07-22,0,1,3,0,4,True
USE00193,10069,2011-07-23,0,0,3,0,0,False
USE00194,10069,2011-07-24,0,0,0,0,0,False
USE00195,10069,2011-07-25,1,0,5,0,0,True
USE00196,10069,2011-07-26,4,0,3,0,7,True
USE00197,10069,2011-07-27,5,4,4,0,0,True
USE00198,10069,2011-07-28,10,0,0,0,0,False
USE00199,10069,2011-07-29,0,1,0,0,6,True
USE00200,10069,2011-07-30,5,0,0,0,0,False
USE00201,10069,2011-07-31,3,1,0,0,0,True
USE00202,10069,2011-08-01,0,0,1,0,9,True
USE00203,10069,2011-08-02,0,4,3,0,4,True
USE00204,10069,2011-08-03,0,0,2,0,0,False
USE00205,10069,2011-08-04,0,3,0,6,0,True
USE00206,10069,2011-08-05,3,5,2,6,0,True
USE00207,10069,2011-08-06,0,2,0,0,1,True
USE00208,10069,2011-08-07,0,1,3,0,5,True
USE00209,10069,2011-08-08,0,0,2,0,0,False
USE00210,10069,2011-08-09,3,5,0,0,6,True
USE00211,10069,2011-08-10,8,6,2,0,0,True
USE00212,10069,2011-08-11,4,5,6,0,6,True
USE00213,10069,2011-08-12,9,0,4,6,4,True
USE00214,10069,2011-08-13,0,0,0,0,0,False
USE00215,10069,2011-08-14,0,0,0,0,0,False
USE00216,10069,2011-08-15,3,5,6,2,11,True
USE00217,10069,2011-08-16,6,7,5,0,6,True
USE00218,10069,2011-08-17,0,6,2,0,8,True
USE00219,10069,2011-08-18,8,2,2,0,0,True
USE00220,10069,2011-08-19,6,4,2,0,0,True
USE00221,10069,2011-08-20,0,0,0,0,0,False
USE00222,10069,2011-08-21,0,0,0,0,0,False
USE00223,10069,2011-08-22,15,0,7,13,8,True
USE00224,10069,2011-08-23,3,4,6,0,0,True
USE00225,10069,2011-08-24,12,0,8,0,11,True
USE00226,10002,2012-01-09,0,0,0,0,0,False
USE00227,10002,2012-01-10,0,0,0,0,0,False
USE00228,10002,2012-01-11,0,0,0,0,0,False
USE00229,10002,2012-01-12,1,0,1,0,0,True
USE00230,10002,2012-01-13,0,0,0,0,3,False
USE00231,10002,2012-01-14,0,0,0,0,0,False
USE00232,10002,2012-01-15,0,0,0,0,0,False
USE00233,10002,2012-01-16,0,0,0,3,0,False
USE00234,10002,2012-01-17,2,0,1,0,0,True
USE00235,10002,2012-01-18,2,1,0,4,0,True
USE00236,10002,2012-01-19,2,2,0,0,0,True
USE00237,10002,2012-01-20,0,0,0,0,0,False
USE00238,10002,2012-01-21,0,0,0,0,0,False
USE00239,10002,2012-01-22,0,1,0,0,0,False
USE00240,10002,2012-01-23,1,3,2,0,0,True
USE00241,10002,2012-01-24,0,0,0,0,0,False
USE00242,10002,2012-01-25,0,0,0,0,0,False
USE00243,10002,2012-01-26,0,5,0,0,0,False
USE00244,10002,2012-01-27,0,0,0,5,6,True
USE00245,10002,2012-01-28,0,1,0,0,0,False
USE00246,10002,2012-01-29,0,0,0,0,0,False
USE00247,10002,2012-01-30,2,0,9,5,0,True
USE00248,10002,2012-01-31,0,0,3,5,2,True
USE00249,10002,2012-02-01,2,4,4,0,0,True
USE00250,10002,2012-02-02,4,6,3,0,0,True
USE00251,10002,2012-02-03,8,4,0,2,8,True
USE00252,10002,2012-02-04,2,0,3,0,0,True
USE00253,10002,2012-02-05,4,0,0,0,0,False
USE00254,10002,2012-02-06,4,0,10,0,10,True
USE00255,10002,2012-02-07,0,4,4,3,0,True
USE00256,10002,2012-02-08,7,4,3,0,6,True
USE00257,10002,2012-02-09,4,3,6,1,7,True
USE00258,10002,2012-02-10,4,0,4,0,13,True
USE00259,10002,2012-02-11,0,0,0,0,0,False
USE00260,10002,2012-02-12,0,0,2,0,0,False
USE00261,10002,2012-02-13,13,4,4,0,0,True
USE00262,10002,2012-02-14,6,0,3,0,0,True
USE00263,10002,2012-02-15,9,0,9,0,0,True
USE00264,10002,2012-02-16,13,1,5,0,5,True
USE00265,10002,2012-02-17,3,0,5,0,8,True
USE00266,10002,2012-02-18,0,0,0,0,0,False
USE00267,10002,2012-02-19,0,4,0,0,4,True
USE00268,10002,2012-02-20,5,3,4,0,5,True
USE00269,10002,2012-02-21,6,0,3,0,0,True
USE00270,10002,2012-02-22,8,3,2,0,0,True
USE00271,10194,2014-11-10,0,0,0,0,0,False
USE00272,10194,2014-11-11,0,0,0,0,0,False
USE00273,10194,2014-11-12,0,0,0,0,0,False
USE00274,10194,2014-11-13,0,0,0,0,0,False
USE00275,10194,2014-11-14,2,0,3,0,4,True
USE00276,10194,2014-11-15,0,0,0,0,0,False
USE00277,10194,2014-11-16,0,0,0,0,0,False
USE00278,10194,2014-11-17,0,0,0,0,0,False
USE00279,10194,2014-11-18,8,1,0,0,0,True
USE00280,10194,2014-11-19,2,0,0,2,8,True
USE00281,10194,2014-11-20,3,0,3,0,0,True
USE00282,10194,2014-11-21,0,2,0,0,3,True
USE00283,10194,2014-11-22,0,0,0,1,0,False
USE00284,10194,2014-11-23,0,0,0,0,0,False
USE00285,10194,2014-11-24,0,0,4,0,0,False
USE00286,10194,2014-11-25,3,5,1,3,4,True
USE00287,10194,2014-11-26,0,1,0,0,0,False
USE00288,10194,2014-11-27,0,3,1,0,0,True
USE00289,10194,2014-11-28,0,3,6,0,6,True
USE00290,10194,2014-11-29,2,0,0,0,3,True
USE00291,10194,2014-11-30,0,0,0,0,0,False
USE00292,10194,2014-12-01,5,3,4,0,0,True
USE00293,10194,2014-12-02,4,3,4,7,0,True
USE00294,10194,2014-12-03,0,3,0,0,2,True
USE00295,10194,2014-12-04,0,3,0,0,2,True
USE00296,10194,2014-12-05,6,4,4,0,8,True
USE00297,10194,2014-12-06,0,0,0,0,0,False
USE00298,10194,2014-12-07,2,2,0,0,0,True
USE00299,10194,2014-12-08,0,0,4,0,0,False
USE00300,10194,2014-12-09,6,4,4,0,5,True
USE00301,10194,2014-12-10,1,1,0,0,9,True
USE00302,10194,2014-12-11,6,0,4,0,0,True
USE00303,10194,2014-12-12,5,7,9,0,4,True
USE00304,10194,2014-12-13,0,0,3,0,0,False
USE00305,10194,2014-12-14,0,1,1,0,0,True
USE00306,10194,2014-12-15,9,4,4,7,0,True
USE00307,10194,2014-12-16,10,1,3,0,0,True
USE00308,10194,2014-12-17,0,6,4,0,0,True
USE00309,10194,2014-12-18,0,1,8,0,6,True
USE00310,10194,2014-12-19,9,3,5,0,7,True
USE00311,10194,2014-12-20,0,0,0,1,0,False
USE00312,10194,2014-12-21,0,0,0,0,0,False
USE00313,10194,2014-12-22,8,3,7,0,9,True
USE00314,10194,2014-12-23,0,4,9,5,0,True
USE00315,10194,2014-12-24,9,0,10,0,6,True
USE00316,10062,2013-09-30,0,0,0,1,2,True
USE00317,10062,2013-10-01,0,0,0,0,0,False
USE00318,10062,2013-10-02,4,1,0,0,0,True
USE00319,10062,2013-10-03,0,0,0,0,0,False
USE00320,10062,2013-10-04,1,0,0,0,0,False
USE00321,10062,2013-10-05,0,0,0,0,0,False
USE00322,10062,2013-10-06,0,0,0,0,0,False
USE00323,10062,2013-10-07,0,1,0,0,0,False
USE00324,10062,2013-10-08,0,0,0,0,0,False
USE00325,10062,2013-10-09,0,0,1,1,0,True
USE00326,10062,2013-10-10,0,3,1,0,5,True
USE00327,10062,2013-10-11,0,0,3,0,2,True
USE00328,10062,2013-10-12,0,0,0,0,0,False
USE00329,10062,2013-10-13,0,0,0,0,0,False
USE00330,10062,2013-10-14,0,0,2,0,4,True
USE00331,10062,2013-10-15,0,4,7,3,6,True
USE00332,10062,2013-10-16,0,0,0,4,0,False
USE00333,10062,2013-10-17,5,3,4,0,7,True
USE00334,10062,2013-10-18,1,5,4,0,0,True
USE00335,10062,2013-10-19,0,0,0,0,3,False
USE00336,10062,2013-10-20,1,0,3,0,4,True
USE00337,10062,2013-10-21,0,1,2,2,0,True
USE00338,10062,2013-10-22,5,1,1,0,0,True
USE00339,10062,2013-10-23,1,6,3,0,6,True
USE00340,10062,2013-10-24,8,3,11,0,0,True
USE00341,10062,2013-10-25,6,7,4,4,5,True
USE00342,10062,2013-10-26,0,0,0,0,0,False
USE00343,10062,2013-10-27,0,0,3,0,0,False
USE00344,10062,2013-10-28,8,0,4,11,9,True
USE00345,10062,2013-10-29,9,2,7,0,0,True
USE00346,10062,2013-10-30,7,4,3,0,9,True
USE00347,10062,2013-10-31,7,8,5,0,5,True
USE00348,10062,2013-11-01,0,2,4,3,10,True
USE00349,10062,2013-11-02,0,0,2,0,1,True
USE00350,10062,2013-11-03,0,0,0,0,0,False
USE00351,10062,2013-11-04,0,3,3,0,9,True
USE00352,10062,2013-11-05,0,5,9,0,9,True
USE00353,10062,2013-11-06,5,0,3,11,8,True
USE00354,10062,2013-11-07,7,2,6,4,0,True
USE00355,10062,2013-11-08,5,3,7,5,6,True
USE00356,10062,2013-11-09,0,0,0,0,0,False
USE00357,10062,2013-11-10,0,0,0,0,0,False
USE00358,10062,2013-11-11,8,1,5,0,0,True
USE00359,10062,2013-11-12,5,5,5,0,0,True
USE00360,10062,2013-11-13,3,0,0,0,0,False
USE00361,10114,2009-07-06,0,0,0,0,0,False
USE00362,10114,2009-07-07,0,0,4,0,0,False
USE00363,10114,2009-07-08,0,0,0,0,0,False
USE00364,10114,2009-07-09,0,0,3,0,2,True
USE00365,10114,2009-07-10,5,0,0,0,0,False
USE00366,10114,2009-07-11,0,0,0,0,2,False
USE00367,10114,2009-07-12,4,0,0,0,0,False
USE00368,10114,2009-07-13,0,0,0,0,6,False
USE00369,10114,2009-07-14,0,0,0,0,0,False
USE00370,10114,2009-07-15,0,0,2,0,0,False
USE00371,10114,2009-07-16,0,0,1,0,0,False
USE00372,10114,2009-07-17,0,0,1,0,6,True
USE00373,10114,2009-07-18,2,0,0,0,0,False
USE00374,10114,2009-07-19,0,0,0,0,0,False
USE00375,10114,2009-07-20,4,4,0,6,3,True
USE00376,10114,2009-07-21,4,4,2,0,0,True
USE00377,10114,2009-07-22,0,0,4,0,6,True
USE00378,10114,2009-07-23,4,0,0,0,0,False
USE00379,10114,2009-07-24,1,0,5,0,4,True
USE00380,10114,2009-07-25,0,0,0,0,0,False
USE00381,10114,2009-07-26,1,0,1,0,0,True
USE00382,10114,2009-07-27,4,2,4,0,0,True
USE00383,10114,2009-07-28,0,1,0,0,8,True
USE00384,10114,2009-07-29,4,0,0,0,0,False
USE00385,10114,2009-07-30,7,7,1,9,5,True
USE00386,10114,2009-07-31,0,0,0,0,3,False
USE00387,10114,2009-08-01,0,0,0,0,2,False
USE00388,10114,2009-08-02,0,0,0,0,0,False
USE00389,10114,2009-08-03,0,0,3,0,4,True
USE00390,10114,2009-08-04,6,1,4,0,7,True
USE00391,10114,2009-08-05,9,5,1,3,3,True
USE00392,10114,2009-08-06,7,2,9,0,2,True
USE00393,10114,2009-08-07,0,6,8,0,7,True
USE00394,10114,2009-08-08,0,0,0,0,0,False
USE00395,10114,2009-08-09,0,2,0,0,0,False
USE00396,10114,2009-08-10,6,0,4,0,0,True
USE00397,10114,2009-08-11,6,6,5,2,11,True
USE00398,10114,2009-08-12,5,0,2,0,4,True
USE00399,10114,2009-08-13,5,0,11,0,0,True
USE00400,10114,2009-08-14,7,4,7,0,11,True
USE00401,10114,2009-08-15,5,0,0,0,0,False
USE00402,10114,2009-08-16,0,0,0,0,0,False
USE00403,10114,2009-08-17,8,0,5,0,0,True
USE00404,10114,2009-08-18,9,0,3,0,8,True
USE00405,10114,2009-08-19,7,4,6,3,11,True
USE00406,10250,2015-01-05,0,0,2,0,0,False
USE00407,10250,2015-01-06,0,0,0,0,0,False
USE00408,10250,2015-01-07,0,0,0,0,0,False
USE00409,10250,2015-01-08,0,0,0,0,0,False
USE00410,10250,2015-01-09,6,0,0,0,0,False
USE00411,10250,2015-01-10,0,0,0,0,0,False
USE00412,10250,2015-01-11,0,0,0,0,1,False
USE00413,10250,2015-01-12,0,0,1,0,0,False
USE00414,10250,2015-01-13,0,0,0,0,0,False
USE00415,10250,2015-01-14,0,0,1,0,0,False
USE00416,10250,2015-01-15,0,1,3,0,0,True
USE00417,10250,2015-01-16,0,1,0,0,2,True
USE00418,10250,2015-01-17,0,0,1,0,0,False
USE00419,10250,2015-01-18,0,0,0,0,0,False
USE00420,10250,2015-01-19,0,1,0,0,4,True
USE00421,10250,2015-01-20,4,2,0,0,0,True
USE00422,10250,2015-01-21,0,0,0,0,0,False
USE00423,10250,2015-01-22,0,8,1,0,0,True
USE00424,10250,2015-01-23,6,1,2,0,3,True
USE00425,10250,2015-01-24,0,0,0,0,0,False
USE00426,10250,2015-01-25,2,0,0,0,1,True
USE00427,10250,2015-01-26,0,0,3,0,0,False
USE00428,10250,2015-01-27,0,3,4,2,0,True
USE00429,10250,2015-01-28,0,0,6,0,8,True
USE00430,10250,2015-01-29,5,5,0,0,0,True
USE00431,10250,2015-01-30,6,5,4,9,4,True
USE00432,10250,2015-01-31,0,0,0,0,0,False
USE00433,10250,2015-02-01,0,0,1,0,0,False
USE00434,10250,2015-02-02,3,3,1,0,0,True
USE00435,10250,2015-02-03,5,7,7,0,9,True
USE00436,10250,2015-02-04,8,8,3,0,8,True
USE00437,10250,2015-02-05,0,6,8,7,6,True
USE00438,10250,2015-02-06,7,3,2,0,10,True
USE00439,10250,2015-02-07,2,0,0,0,0,False
USE00440,10250,2015-02-08,0,0,0,0,0,False
USE00441,10250,2015-02-09,0,0,9,0,0,False
USE00442,10250,2015-02-10,7,6,10,0,10,True
USE00443,10250,2015-02-11,9,7,3,7,0,True
USE00444,10250,2015-02-12,8,2,3,6,0,True
USE00445,10250,2015-02-13,2,2,6,7,7,True
USE00446,10250,2015-02-14,1,0,0,0,0,False
USE00447,10250,2015-02-15,0,0,0,0,0,False
USE00448,10250,2015-02-16,10,3,7,3,7,True
USE00449,10250,2015-02-17,7,0,0,0,0,False
USE00450,10250,2015-02-18,7,3,7,0,0,True
USE00451,10252,2011-01-10,0,0,0,0,0,False
USE00452,10252,2011-01-11,0,0,0,0,0,False
USE00453,10252,2011-01-12,0,0,0,0,0,False
USE00454,10252,2011-01-13,1,0,0,0,0,False
USE00455,10252,2011-01-14,0,0,0,0,0,False
USE00456,10252,2011-01-15,0,0,0,0,1,False
USE00457,10252,2011-01-16,0,0,0,0,0,False
USE00458,10252,2011-01-17,0,0,0,0,5,False
USE00459,10252,2011-01-18,0,0,0,0,5,False
USE00460,10252,2011-01-19,0,2,1,0,2,True
USE00461,10252,2011-01-20,3,3,0,0,0,True
USE00462,10252,2011-01-21,0,5,0,0,0,False
USE00463,10252,2011-01-22,0,0,0,0,3,False
USE00464,10252,2011-01-23,0,0,0,1,0,False
USE00465,10252,2011-01-24,0,0,2,0,0,False
USE00466,10252,2011-01-25,0,4,4,0,6,True
USE00467,10252,2011-01-26,8,0,3,0,5,True
USE00468,10252,2011-01-27,7,5,3,0,5,True
USE00469,10252,2011-01-28,6,5,5,0,0,True
USE00470,10252,2011-01-29,0,0,0,0,0,False
USE00471,10252,2011-01-30,0,0,0,0,0,False
USE00472,10252,2011-01-31,2,0,8,0,0,True
USE00473,10252,2011-02-01,4,0,0,6,6,True
USE00474,10252,2011-02-02,5,1,5,0,0,True
USE00475,10252,2011-02-03,7,0,0,3,0,True
USE00476,10252,2011-02-04,0,2,4,0,10,True
USE00477,10252,2011-02-05,0,0,0,0,4,False
USE00478,10252,2011-02-06,2,0,0,0,0,False
USE00479,10252,2011-02-07,0,3,5,3,5,True
USE00480,10252,2011-02-08,5,7,0,0,0,True
USE00481,10252,2011-02-09,9,2,6,0,0,True
USE00482,10252,2011-02-10,4,5,12,0,0,True
USE00483,10252,2011-02-11,0,7,6,0,9,True
USE00484,10252,2011-02-12,0,0,0,0,4,False
USE00485,10252,2011-02-13,2,0,1,0,0,True
USE00486,10252,2011-02-14,0,6,7,0,12,True
USE00487,10252,2011-02-15,4,3,6,0,0,True
USE00488,10252,2011-02-16,5,0,3,0,0,True
USE00489,10252,2011-02-17,5,5,9,0,7,True
USE00490,10252,2011-02-18,4,3,4,0,12,True
USE00491,10252,2011-02-19,3,0,0,0,0,False
USE00492,10252,2011-02-20,0,0,0,0,0,False
USE00493,10252,2011-02-21,0,2,7,0,0,True
USE00494,10252,2011-02-22,6,0,4,0,0,True
USE00495,10252,2011-02-23,5,5,5,0,5,True
USE00496,10242,2012-04-02,0,0,0,0,1,False
USE00497,10242,2012-04-03,0,0,0,0,0,False
USE00498,10242,2012-04-04,2,0,0,0,0,False
USE00499,10242,2012-04-05,0,0,0,0,3,False
USE00500,10242,2012-04-06,0,0,0,0,0,False
USE00501,10242,2012-04-07,0,0,0,0,0,False
USE00502,10242,2012-04-08,0,0,0,0,0,False
USE00503,10242,2012-04-09,0,0,0,0,7,False
USE00504,10242,2012-04-10,1,0,1,0,0,True
USE00505,10242,2012-04-11,2,0,3,0,0,True
USE00506,10242,2012-04-12,0,4,0,0,0,False
USE00507,10242,2012-04-13,2,2,0,0,0,True
USE00508,10242,2012-04-14,0,0,1,0,0,False
USE00509,10242,2012-04-15,0,0,0,0,0,False
USE00510,10242,2012-04-16,0,0,0,0,8,False
USE00511,10242,2012-04-17,4,0,0,0,0,False
USE00512,10242,2012-04-18,0,0,0,0,0,False
USE00513,10242,2012-04-19,0,0,0,0,0,False
USE00514,10242,2012-04-20,0,2,0,0,8,True
USE00515,10242,2012-04-21,3,0,2,0,0,True
USE00516,10242,2012-04-22,0,0,0,0,0,False
USE00517,10242,2012-04-23,0,0,0,0,0,False
USE00518,10242,2012-04-24,8,3,4,0,0,True
USE00519,10242,2012-04-25,0,2,4,0,4,True
USE00520,10242,2012-04-26,7,4,0,0,10,True
USE00521,10242,2012-04-27,10,0,3,0,0,True
USE00522,10242,2012-04-28,0,1,0,0,0,False
USE00523,10242,2012-04-29,0,0,0,0,0,False
USE00524,10242,2012-04-30,6,6,7,8,0,True
USE00525,10242,2012-05-01,0,3,5,0,0,True
USE00526,10242,2012-05-02,0,4,0,0,8,True
USE00527,10242,2012-05-03,0,5,0,0,0,False
USE00528,10242,2012-05-04,6,2,8,9,0,True
USE00529,10242,2012-05-05,0,1,0,0,0,False
USE00530,10242,2012-05-06,0,0,0,0,3,False
USE00531,10242,2012-05-07,5,1,5,0,0,True
USE00532,10242,2012-05-08,5,4,5,0,7,True
USE00533,10242,2012-05-09,8,4,5,0,7,True
USE00534,10242,2012-05-10,9,4,5,0,16,True
USE00535,10242,2012-05-11,10,3,9,0,7,True
USE00536,10242,2012-05-12,2,0,0,0,0,False
USE00537,10242,2012-05-13,0,0,0,0,0,False
USE00538,10242,2012-05-14,7,5,8,0,6,True
USE00539,10242,2012-05-15,9,5,5,0,0,True
USE00540,10242,2012-05-16,5,3,1,0,0,True
USE00541,10012,2014-11-10,0,0,0,0,0,False
USE00542,10012,2014-11-11,0,0,0,0,0,False
USE00543,10012,2014-11-12,0,2,0,0,0,False
USE00544,10012,2014-11-13,0,1,0,0,0,False
USE00545,10012,2014-11-14,0,0,0,0,0,False
USE00546,10012,2014-11-15,0,0,0,0,0,False
USE00547,10012,2014-11-16,0,0,0,1,0,False
USE00548,10012,2014-11-17,0,0,0,0,2,False
USE00549,10012,2014-11-18,0,0,0,0,0,False
USE00550,10012,2014-11-19,0,3,2,0,0,True
USE00551,10012,2014-11-20,0,0,0,0,0,False
USE00552,10012,2014-11-21,5,2,0,0,0,True
USE00553,10012,2014-11-22,1,0,0,0,0,False
USE00554,10012,2014-11-23,2,0,0,0,0,False
USE00555,10012,2014-11-24,5,1,0,0,0,True
USE00556,10012,2014-11-25,5,0,0,0,4,True
USE00557,10012,2014-11-26,0,0,0,0,6,False
USE00558,10012,2014-11-27,3,2,1,0,0,True
USE00559,10012,2014-11-28,4,2,0,0,2,True
USE00560,10012,2014-11-29,0,2,0,0,0,False
USE00561,10012,2014-11-30,0,0,1,0,0,False
USE00562,10012,2014-12-01,6,0,8,0,0,True
USE00563,10012,2014-12-02,4,1,0,0,8,True
USE00564,10012,2014-12-03,7,0,8,0,0,True
USE00565,10012,2014-12-04,4,2,0,0,0,True
USE00566,10012,2014-12-05,0,0,10,0,0,False
USE00567,10012,2014-12-06,0,0,1,0,2,True
USE00568,10012,2014-12-07,0,0,1,0,7,True
USE00569,10012,2014-12-08,7,3,4,0,6,True
USE00570,10012,2014-12-09,5,3,3,0,9,True
USE00571,10012,2014-12-10,7,0,2,0,11,True
USE00572,10012,2014-12-11,4,4,6,0,8,True
USE00573,10012,2014-12-12,0,3,1,0,0,True
USE00574,10012,2014-12-13,0,0,0,0,0,False
USE00575,10012,2014-12-14,0,0,0,0,3,False
USE00576,10012,2014-12-15,9,4,9,0,0,True
USE00577,10012,2014-12-16,5,7,2,0,5,True
USE00578,10012,2014-12-17,12,4,6,0,3,True
USE00579,10012,2014-12-18,7,5,7,0,14,True
USE00580,10012,2014-12-19,6,3,4,3,8,True
USE00581,10012,2014-12-20,0,0,0,0,0,False
USE00582,10012,2014-12-21,0,0,0,0,0,False
USE00583,10012,2014-12-22,7,9,4,0,7,True
USE00584,10012,2014-12-23,5,6,6,0,0,True
USE00585,10012,2014-12-24,0,5,2,0,11,True
USE00586,10265,2012-02-20,0,0,2,0,0,False
USE00587,10265,2012-02-21,0,0,0,4,0,False
USE00588,10265,2012-02-22,5,0,2,0,0,True
USE00589,10265,2012-02-23,0,0,0,0,2,False
USE00590,10265,2012-02-24,0,0,1,0,0,False
USE00591,10265,2012-02-25,0,0,0,0,0,False
USE00592,10265,2012-02-26,0,0,0,0,0,False
USE00593,10265,2012-02-27,0,0,2,0,0,False
USE00594,10265,2012-02-28,0,0,0,0,0,False
USE00595,10265,2012-02-29,5,0,0,3,0,True
USE00596,10265,2012-03-01,0,0,4,0,0,False
USE00597,10265,2012-03-02,0,0,3,0,8,True
USE00598,10265,2012-03-03,0,0,0,0,0,False
USE00599,10265,2012-03-04,0,0,0,0,0,False
USE00600,10265,2012-03-05,0,0,0,0,9,False
USE00601,10265,2012-03-06,0,0,0,0,0,False
USE00602,10265,2012-03-07,0,2,5,0,0,True
USE00603,10265,2012-03-08,0,0,0,0,0,False
USE00604,10265,2012-03-09,0,4,0,0,0,False
USE00605,10265,2012-03-10,0,0,0,0,0,False
USE00606,10265,2012-03-11,0,0,0,0,0,False
USE00607,10265,2012-03-12,7,1,3,0,7,True
USE00608,10265,2012-03-13,6,0,8,0,0,True
USE00609,10265,2012-03-14,2,5,4,0,7,True
USE00610,10265,2012-03-15,0,0,3,0,9,True
USE00611,10265,2012-03-16,0,0,6,0,3,True
USE00612,10265,2012-03-17,0,0,0,0,0,False
USE00613,10265,2012-03-18,0,0,0,0,0,False
USE00614,10265,2012-03-19,0,3,2,0,5,True
USE00615,10265,2012-03-20,0,4,0,0,8,True
USE00616,10265,2012-03-21,9,0,8,0,0,True
USE00617,10265,2012-03-22,5,4,0,7,9,True
USE00618,10265,2012-03-23,0,10,4,0,4,True
USE00619,10265,2012-03-24,1,0,2,0,1,True
USE00620,10265,2012-03-25,2,5,0,0,2,True
USE00621,10265,2012-03-26,0,6,6,0,12,True
USE00622,10265,2012-03-27,0,0,2,0,5,True
USE00623,10265,2012-03-28,8,1,6,0,5,True
USE00624,10265,2012-03-29,3,2,4,0,0,True
USE00625,10265,2012-03-30,5,7,0,0,7,True
USE00626,10265,2012-03-31,0,0,0,0,0,False
USE00627,10265,2012-04-01,2,0,0,0,3,True
USE00628,10265,2012-04-02,6,3,3,0,7,True
USE00629,10265,2012-04-03,7,0,0,0,0,False
USE00630,10265,2012-04-04,11,0,6,4,7,True
USE00631,10066,2012-09-24,0,0,0,0,0,False
USE00632,10066,2012-09-25,0,0,0,0,0,False
USE00633,10066,2012-09-26,0,0,1,0,0,False
USE00634,10066,2012-09-27,5,1,0,0,1,True
USE00635,10066,2012-09-28,2,0,0,0,0,False
USE00636,10066,2012-09-29,0,0,0,0,0,False
USE00637,10066,2012-09-30,0,0,0,2,0,False
USE00638,10066,2012-10-01,0,0,1,0,0,False
USE00639,10066,2012-10-02,3,0,0,0,0,False
USE00640,10066,2012-10-03,1,2,2,0,0,True
USE00641,10066,2012-10-04,4,2,4,0,0,True
USE00642,10066,2012-10-05,6,0,0,0,0,False
USE00643,10066,2012-10-06,0,0,0,0,0,False
USE00644,10066,2012-10-07,0,0,0,0,0,False
USE00645,10066,2012-10-08,6,0,0,0,0,False
USE00646,10066,2012-10-09,4,2,0,0,0,True
USE00647,10066,2012-10-10,6,1,3,0,10,True
USE00648,10066,2012-10-11,3,4,1,1,0,True
USE00649,10066,2012-10-12,6,0,0,0,2,True
USE00650,10066,2012-10-13,2,1,0,0,1,True
USE00651,10066,2012-10-14,0,0,0,0,0,False
USE00652,10066,2012-10-15,8,3,0,5,3,True
USE00653,10066,2012-10-16,4,3,0,0,0,True
USE00654,10066,2012-10-17,6,1,3,8,8,True
USE00655,10066,2012-10-18,2,3,5,0,8,True
USE00656,10066,2012-10-19,8,2,0,0,0,True
USE00657,10066,2012-10-20,0,0,0,0,0,False
USE00658,10066,2012-10-21,0,1,0,0,5,True
USE00659,10066,2012-10-22,7,8,0,0,2,True
USE00660,10066,2012-10-23,6,7,0,0,0,True
USE00661,10066,2012-10-24,11,4,5,6,0,True
USE00662,10066,2012-10-25,6,6,6,5,5,True
USE00663,10066,2012-10-26,6,2,7,0,6,True
USE00664,10066,2012-10-27,0,0,0,0,0,False
USE00665,10066,2012-10-28,0,0,0,0,0,False
USE00666,10066,2012-10-29,6,3,4,5,0,True
USE00667,10066,2012-10-30,9,3,5,0,6,True
USE00668,10066,2012-10-31,9,2,7,8,0,True
USE00669,10066,2012-11-01,9,5,7,0,8,True
USE00670,10066,2012-11-02,0,4,7,0,0,True
USE00671,10066,2012-11-03,0,0,0,0,0,False
USE00672,10066,2012-11-04,0,0,0,0,0,False
USE00673,10066,2012-11-05,8,4,0,0,12,True
USE00674,10066,2012-11-06,0,5,6,3,0,True
USE00675,10066,2012-11-07,0,3,11,7,11,True
USE00676,10061,2011-02-21,0,0,0,1,0,False
USE00677,10061,2011-02-22,3,0,0,0,0,False
USE00678,10061,2011-02-23,3,0,0,0,0,False
USE00679,10061,2011-02-24,0,0,3,0,0,False
USE00680,10061,2011-02-25,1,0,3,0,0,True
USE00681,10061,2011-02-26,0,0,0,0,0,False
USE00682,10061,2011-02-27,0,0,0,0,0,False
USE00683,10061,2011-02-28,3,3,0,0,0,True
USE00684,10061,2011-03-01,4,4,0,0,0,True
USE00685,10061,2011-03-02,0,0,2,0,0,False
USE00686,10061,2011-03-03,3,0,1,3,0,True
USE00687,10061,2011-03-04,2,0,0,0,0,False
USE00688,10061,2011-03-05,0,0,0,0,0,False
USE00689,10061,2011-03-06,2,0,0,0,0,False
USE00690,10061,2011-03-07,0,2,0,0,0,False
USE00691,10061,2011-03-08,8,0,2,1,0,True
USE00692,10061,2011-03-09,5,2,0,0,0,True
USE00693,10061,2011-03-10,0,3,5,0,3,True
USE00694,10061,2011-03-11,3,0,0,0,0,False
USE00695,10061,2011-03-12,0,0,0,0,0,False
USE00696,10061,2011-03-13,0,0,2,0,0,False
USE00697,10061,2011-03-14,9,0,10,0,12,True
USE00698,10061,2011-03-15,8,2,3,4,0,True
USE00699,10061,2011-03-16,10,0,0,0,12,True
USE00700,10061,2011-03-17,0,5,0,0,0,False
USE00701,10061,2011-03-18,12,4,5,0,0,True
USE00702,10061,2011-03-19,2,0,2,0,0,True
USE00703,10061,2011-03-20,0,2,0,0,0,False
USE00704,10061,2011-03-21,12,1,0,4,0,True
USE00705,10061,2011-03-22,8,3,6,0,10,True
USE00706,10061,2011-03-23,4,1,3,0,5,True
USE00707,10061,2011-03-24,5,5,5,0,0,True
USE00708,10061,2011-03-25,6,3,3,0,7,True
USE00709,10061,2011-03-26,0,0,3,0,0,False
USE00710,10061,2011-03-27,1,1,0,0,1,True
USE00711,10061,2011-03-28,0,5,6,0,5,True
USE00712,10061,2011-03-29,6,3,3,0,6,True
USE00713,10061,2011-03-30,0,6,12,0,6,True
USE00714,10061,2011-03-31,3,4,7,4,7,True
USE00715,10061,2011-04-01,3,3,8,0,6,True
USE00716,10061,2011-04-02,0,1,0,0,2,True
USE00717,10061,2011-04-03,0,0,0,0,0,False
USE00718,10061,2011-04-04,8,4,10,4,0,True
USE00719,10061,2011-04-05,6,4,2,0,6,True
USE00720,10061,2011-04-06,4,7,1,6,0,True
USE00721,10023,2016-07-21,0,0,0,0,0,False
USE00722,10023,2016-07-22,0,0,0,0,0,False
USE00723,10023,2016-07-23,2,0,0,0,0,False
USE00724,10023,2016-07-24,0,0,0,1,0,False
USE00725,10023,2016-07-25,0,0,1,0,0,False
USE00726,10023,2016-07-26,2,0,2,0,0,True
USE00727,10023,2016-07-27,0,0,0,0,2,False
USE00728,10023,2016-07-28,0,0,0,3,0,False
USE00729,10023,2016-07-29,0,1,0,0,5,True
USE00730,10023,2016-07-30,0,0,0,0,0,False
USE00731,10023,2016-07-31,0,0,0,0,0,False
USE00732,10023,2016-08-01,0,0,2,0,7,True
USE00733,10023,2016-08-02,0,1,3,0,0,True
USE00734,10023,2016-08-03,0,0,2,0,3,True
USE00735,10023,2016-08-04,2,0,0,1,6,True
USE00736,10023,2016-08-05,6,6,3,0,7,True
USE00737,10023,2016-08-06,0,2,0,0,0,False
USE00738,10023,2016-08-07,0,0,0,0,0,False
USE00739,10023,2016-08-08,3,3,6,0,0,True
USE00740,10023,2016-08-09,6,0,0,0,0,False
USE00741,10023,2016-08-10,4,2,7,0,0,True
USE00742,10023,2016-08-11,1,4,0,9,6,True
USE00743,10023,2016-08-12,0,5,2,0,3,True
USE00744,10023,2016-08-13,0,0,0,0,0,False
USE00745,10023,2016-08-14,0,0,0,0,4,False
USE00746,10023,2016-08-15,7,0,3,0,0,True
USE00747,10023,2016-08-16,0,6,0,0,6,True
USE00748,10023,2016-08-17,0,3,2,0,8,True
USE00749,10023,2016-08-18,5,3,9,0,0,True
USE00750,10023,2016-08-19,4,2,8,0,5,True
USE00751,10023,2016-08-20,0,2,0,0,0,False
USE00752,10023,2016-08-21,0,0,0,0,0,False
USE00753,10023,2016-08-22,15,7,7,6,10,True
USE00754,10023,2016-08-23,6,0,2,0,7,True
USE00755,10023,2016-08-24,8,4,0,6,0,True
USE00756,10023,2016-08-25,6,1,6,0,9,True
USE00757,10023,2016-08-26,7,6,6,0,0,True
USE00758,10023,2016-08-27,1,0,0,0,0,False
USE00759,10023,2016-08-28,4,0,0,0,1,True
USE00760,10023,2016-08-29,6,0,5,0,5,True
USE00761,10023,2016-08-30,5,6,0,0,13,True
USE00762,10023,2016-08-31,7,4,3,0,0,True
USE00763,10023,2016-09-01,10,5,3,3,11,True
USE00764,10023,2016-09-02,0,4,7,6,0,True
USE00765,10023,2016-09-03,0,0,3,0,0,False
USE00766,10055,2011-04-04,0,0,0,0,0,False
USE00767,10055,2011-04-05,0,0,0,0,0,False
USE00768,10055,2011-04-06,0,1,0,0,0,False
USE00769,10055,2011-04-07,1,0,0,0,0,False
USE00770,10055,2011-04-08,1,0,0,0,0,False
USE00771,10055,2011-04-09,0,0,2,0,0,False
USE00772,10055,2011-04-10,0,0,0,0,0,False
USE00773,10055,2011-04-11,0,4,1,0,0,True
USE00774,10055,2011-04-12,0,0,0,0,0,False
USE00775,10055,2011-04-13,0,2,0,0,0,False
USE00776,10055,2011-04-14,0,0,0,0,0,False
USE00777,10055,2011-04-15,0,2,0,0,5,True
USE00778,10055,2011-04-16,0,1,0,0,0,False
USE00779,10055,2011-04-17,3,1,0,0,0,True
USE00780,10055,2011-04-18,0,3,0,5,4,True
USE00781,10055,2011-04-19,2,0,0,0,0,False
USE00782,10055,2011-04-20,4,0,0,0,3,True
USE00783,10055,2011-04-21,2,0,0,0,0,False
USE00784,10055,2011-04-22,12,2,1,0,9,True
USE00785,10055,2011-04-23,0,0,0,0,0,False
USE00786,10055,2011-04-24,0,0,0,0,0,False
USE00787,10055,2011-04-25,0,0,6,0,0,False
USE00788,10055,2011-04-26,3,0,0,0,5,True
USE00789,10055,2011-04-27,9,3,6,0,5,True
USE00790,10055,2011-04-28,0,2,5,4,0,True
USE00791,10055,2011-04-29,3,4,5,0,6,True
USE00792,10055,2011-04-30,0,0,0,0,2,False
USE00793,10055,2011-05-01,0,0,0,0,0,False
USE00794,10055,2011-05-02,10,0,3,0,0,True
USE00795,10055,2011-05-03,9,0,6,0,0,True
USE00796,10055,2011-05-04,0,3,6,0,0,True
USE00797,10055,2011-05-05,10,0,6,0,5,True
USE00798,10055,2011-05-06,8,2,6,5,5,True
USE00799,10055,2011-05-07,0,0,0,0,0,False
USE00800,10055,2011-05-08,0,0,0,0,0,False
USE00801,10055,2011-05-09,8,4,5,5,0,True
USE00802,10055,2011-05-10,0,6,5,0,8,True
USE00803,10055,2011-05-11,8,3,2,0,11,True
USE00804,10055,2011-05-12,2,3,4,6,8,True
USE00805,10055,2011-05-13,8,3,6,0,0,True
USE00806,10055,2011-05-14,3,2,4,0,0,True
USE00807,10055,2011-05-15,0,1,1,2,0,True
USE00808,10055,2011-05-16,9,0,6,0,0,True
USE00809,10055,2011-05-17,9,3,0,0,0,True
USE00810,10055,2011-05-18,7,3,6,0,9,True
USE00811,10245,2014-07-07,0,0,0,0,0,False
USE00812,10245,2014-07-08,0,0,0,0,0,False
USE00813,10245,2014-07-09,0,0,0,0,0,False
USE00814,10245,2014-07-10,0,0,3,2,0,True
USE00815,10245,2014-07-11,0,0,0,0,0,False
USE00816,10245,2014-07-12,0,1,0,0,0,False
USE00817,10245,2014-07-13,0,0,0,0,0,False
USE00818,10245,2014-07-14,0,0,0,0,0,False
USE00819,10245,2014-07-15,0,0,0,0,0,False
USE00820,10245,2014-07-16,0,0,0,0,0,False
USE00821,10245,2014-07-17,2,0,2,0,1,True
USE00822,10245,2014-07-18,3,0,0,0,0,False
USE00823,10245,2014-07-19,0,2,3,0,0,True
USE00824,10245,2014-07-20,0,0,1,0,2,True
USE00825,10245,2014-07-21,4,0,0,3,2,True
USE00826,10245,2014-07-22,0,0,0,0,0,False
USE00827,10245,2014-07-23,4,0,0,0,0,False
USE00828,10245,2014-07-24,4,0,1,0,0,True
USE00829,10245,2014-07-25,6,1,0,0,0,True
USE00830,10245,2014-07-26,0,0,1,0,0,False
USE00831,10245,2014-07-27,0,0,0,0,3,False
USE00832,10245,2014-07-28,5,3,0,5,0,True
USE00833,10245,2014-07-29,0,2,3,0,7,True
USE00834,10245,2014-07-30,6,2,3,5,1,True
USE00835,10245,2014-07-31,8,4,6,0,0,True
USE00836,10245,2014-08-01,7,1,6,0,4,True
USE00837,10245,2014-08-02,2,0,0,0,0,False
USE00838,10245,2014-08-03,0,2,0,0,0,False
USE00839,10245,2014-08-04,9,0,10,0,11,True
USE00840,10245,2014-08-05,4,3,4,0,6,True
USE00841,10245,2014-08-06,4,1,12,0,5,True
USE00842,10245,2014-08-07,5,7,3,0,8,True
USE00843,10245,2014-08-08,5,2,5,0,10,True
USE00844,10245,2014-08-09,0,0,0,0,0,False
USE00845,10245,2014-08-10,0,0,0,0,0,False
USE00846,10245,2014-08-11,7,0,5,4,0,True
USE00847,10245,2014-08-12,5,2,7,6,0,True
USE00848,10245,2014-08-13,0,4,4,0,10,True
USE00849,10245,2014-08-14,7,4,0,0,8,True
USE00850,10245,2014-08-15,0,0,4,0,0,False
USE00851,10245,2014-08-16,4,2,0,0,3,True
USE00852,10245,2014-08-17,0,0,0,0,0,False
USE00853,10245,2014-08-18,0,0,8,0,10,True
USE00854,10245,2014-08-19,3,0,6,2,0,True
USE00855,10245,2014-08-20,8,0,0,2,6,True
USE00856,10277,2013-07-08,0,0,0,0,0,False
USE00857,10277,2013-07-09,0,0,1,0,0,False
USE00858,10277,2013-07-10,0,0,3,0,0,False
USE00859,10277,2013-07-11,0,0,0,0,0,False
USE00860,10277,2013-07-12,0,0,0,0,0,False
USE00861,10277,2013-07-13,0,0,0,0,1,False
USE00862,10277,2013-07-14,0,0,0,0,0,False
USE00863,10277,2013-07-15,2,1,0,0,2,True
USE00864,10277,2013-07-16,0,1,0,0,5,True
USE00865,10277,2013-07-17,0,1,0,0,0,False
USE00866,10277,2013-07-18,0,0,0,0,0,False
USE00867,10277,2013-07-19,8,0,0,0,0,False
USE00868,10277,2013-07-20,0,0,0,0,0,False
USE00869,10277,2013-07-21,0,0,0,0,0,False
USE00870,10277,2013-07-22,0,4,3,0,0,True
USE00871,10277,2013-07-23,0,3,0,0,0,False
USE00872,10277,2013-07-24,6,4,0,0,0,True
USE00873,10277,2013-07-25,3,2,0,2,7,True
USE00874,10277,2013-07-26,0,5,0,4,6,True
USE00875,10277,2013-07-27,0,0,2,0,3,True
USE00876,10277,2013-07-28,0,0,0,0,0,False
USE00877,10277,2013-07-29,8,4,4,0,0,True
USE00878,10277,2013-07-30,9,0,0,0,0,False
USE00879,10277,2013-07-31,8,4,0,4,0,True
USE00880,10277,2013-08-01,11,5,0,0,0,True
USE00881,10277,2013-08-02,5,0,9,0,10,True
USE00882,10277,2013-08-03,0,1,0,0,0,False
USE00883,10277,2013-08-04,0,0,0,0,0,False
USE00884,10277,2013-08-05,5,3,5,12,12,True
USE00885,10277,2013-08-06,12,0,0,0,8,True
USE00886,10277,2013-08-07,9,5,4,0,0,True
USE00887,10277,2013-08-08,1,5,5,0,0,True
USE00888,10277,2013-08-09,0,6,3,0,14,True
USE00889,10277,2013-08-10,0,0,0,0,0,False
USE00890,10277,2013-08-11,0,3,0,0,0,False
USE00891,10277,2013-08-12,0,3,9,0,0,True
USE00892,10277,2013-08-13,10,5,8,0,0,True
USE00893,10277,2013-08-14,9,2,4,0,9,True
USE00894,10277,2013-08-15,0,5,3,0,0,True
USE00895,10277,2013-08-16,3,0,0,0,9,True
USE00896,10277,2013-08-17,0,0,0,0,0,False
USE00897,10277,2013-08-18,0,0,0,0,0,False
USE00898,10277,2013-08-19,8,6,0,6,0,True
USE00899,10277,2013-08-20,5,0,7,0,8,True
USE00900,10277,2013-08-21,5,3,4,0,0,True
USE00901,10046,2012-04-02,2,0,1,0,0,True
USE00902,10046,2012-04-03,0,0,0,0,0,False
USE00903,10046,2012-04-04,0,0,0,0,0,False
USE00904,10046,2012-04-05,1,0,0,0,0,False
USE00905,10046,2012-04-06,0,0,0,0,3,False
USE00906,10046,2012-04-07,1,0,0,0,0,False
USE00907,10046,2012-04-08,0,0,0,0,0,False
USE00908,10046,2012-04-09,6,0,0,0,0,False
USE00909,10046,2012-04-10,4,0,0,0,0,False
USE00910,10046,2012-04-11,2,0,0,0,0,False
USE00911,10046,2012-04-12,0,0,2,0,0,False
USE00912,10046,2012-04-13,2,0,6,0,0,True
USE00913,10046,2012-04-14,0,0,0,0,0,False
USE00914,10046,2012-04-15,0,0,0,0,0,False
USE00915,10046,2012-04-16,0,1,0,0,1,True
USE00916,10046,2012-04-17,4,0,0,0,5,True
USE00917,10046,2012-04-18,0,0,0,0,7,False
USE00918,10046,2012-04-19,0,0,0,0,9,False
USE00919,10046,2012-04-20,6,0,0,0,3,True
USE00920,10046,2012-04-21,0,0,0,0,0,False
USE00921,10046,2012-04-22,0,0,0,0,0,False
USE00922,10046,2012-04-23,3,1,3,0,9,True
USE00923,10046,2012-04-24,0,0,3,0,7,True
USE00924,10046,2012-04-25,0,6,4,0,0,True
USE00925,10046,2012-04-26,0,0,0,0,0,False
USE00926,10046,2012-04-27,0,0,4,0,0,False
USE00927,10046,2012-04-28,0,3,0,0,0,False
USE00928,10046,2012-04-29,0,0,0,0,3,False
USE00929,10046,2012-04-30,0,6,0,0,0,False
USE00930,10046,2012-05-01,0,3,4,0,4,True
USE00931,10046,2012-05-02,0,3,4,0,0,True
USE00932,10046,2012-05-03,0,0,7,0,9,True
USE00933,10046,2012-05-04,5,3,4,0,0,True
USE00934,10046,2012-05-05,2,0,0,0,0,False
USE00935,10046,2012-05-06,4,0,0,0,0,False
USE00936,10046,2012-05-07,0,7,5,0,7,True
USE00937,10046,2012-05-08,7,0,6,0,11,True
USE00938,10046,2012-05-09,5,0,0,0,0,False
USE00939,10046,2012-05-10,6,5,8,0,4,True
USE00940,10046,2012-05-11,7,0,4,0,4,True
USE00941,10046,2012-05-12,0,0,0,0,0,False
USE00942,10046,2012-05-13,0,0,0,0,0,False
USE00943,10046,2012-05-14,3,8,0,0,0,True
USE00944,10046,2012-05-15,4,4,5,7,8,True
USE00945,10046,2012-05-16,0,3,5,0,0,True
USE00946,10226,2013-08-19,0,0,0,0,0,False
USE00947,10226,2013-08-20,0,0,2,0,0,False
USE00948,10226,2013-08-21,0,0,0,0,0,False
USE00949,10226,2013-08-22,0,0,0,0,0,False
USE00950,10226,2013-08-23,0,2,0,0,7,True
USE00951,10226,2013-08-24,0,0,0,0,0,False
USE00952,10226,2013-08-25,0,0,0,0,0,False
USE00953,10226,2013-08-26,0,0,3,0,0,False
USE00954,10226,2013-08-27,0,0,3,0,0,False
USE00955,10226,2013-08-28,0,4,0,0,5,True
USE00956,10226,2013-08-29,1,0,4,0,0,True
USE00957,10226,2013-08-30,0,5,0,0,0,False
USE00958,10226,2013-08-31,0,0,0,0,0,False
USE00959,10226,2013-09-01,0,0,0,0,0,False
USE00960,10226,2013-09-02,0,0,1,0,6,True
USE00961,10226,2013-09-03,5,0,3,0,0,True
USE00962,10226,2013-09-04,0,0,0,0,3,False
USE00963,10226,2013-09-05,5,2,2,0,6,True
USE00964,10226,2013-09-06,5,0,5,0,5,True
USE00965,10226,2013-09-07,0,0,0,0,0,False
USE00966,10226,2013-09-08,0,0,0,0,2,False
USE00967,10226,2013-09-09,3,0,3,0,4,True
USE00968,10226,2013-09-10,0,2,0,0,4,True
USE00969,10226,2013-09-11,0,0,2,0,0,False
USE00970,10226,2013-09-12,0,6,5,0,8,True
USE00971,10226,2013-09-13,6,0,7,0,5,True
USE00972,10226,2013-09-14,0,0,2,0,0,False
USE00973,10226,2013-09-15,0,0,2,0,0,False
USE00974,10226,2013-09-16,0,7,5,0,4,True
USE00975,10226,2013-09-17,0,3,8,0,0,True
USE00976,10226,2013-09-18,5,0,3,0,0,True
USE00977,10226,2013-09-19,4,0,6,0,7,True
USE00978,10226,2013-09-20,13,0,4,0,8,True
USE00979,10226,2013-09-21,0,2,0,0,0,False
USE00980,10226,2013-09-22,0,1,3,0,0,True
USE00981,10226,2013-09-23,9,2,5,0,0,True
USE00982,10226,2013-09-24,0,5,0,0,10,True
USE00983,10226,2013-09-25,0,5,3,5,5,True
USE00984,10226,2013-09-26,4,4,5,0,7,True
USE00985,10226,2013-09-27,8,4,7,0,10,True
USE00986,10226,2013-09-28,0,0,0,0,0,False
USE00987,10226,2013-09-29,0,0,0,0,1,False
USE00988,10226,2013-09-30,0,6,6,0,6,True
USE00989,10226,2013-10-01,3,2,5,4,0,True
USE00990,10226,2013-10-02,6,5,6,0,0,True
USE00991,10003,2014-07-07,0,0,0,0,0,False
USE00992,10003,2014-07-08,1,1,0,0,0,True
USE00993,10003,2014-07-09,4,0,5,0,0,True
USE00994,10003,2014-07-10,0,0,0,0,0,False
USE00995,10003,2014-07-11,0,2,1,0,0,True
USE00996,10003,2014-07-12,0,0,1,0,0,False
USE00997,10003,2014-07-13,0,0,0,0,0,False
USE00998,10003,2014-07-14,0,0,0,0,0,False
USE00999,10003,2014-07-15,4,0,0,3,0,True
USE01000,10003,2014-07-16,0,0,0,0,0,False
USE01001,10003,2014-07-17,4,0,0,0,6,True
USE01002,10003,2014-07-18,0,0,0,0,0,False
USE01003,10003,2014-07-19,2,0,0,0,0,False
USE01004,10003,2014-07-20,0,0,0,0,3,False
USE01005,10003,2014-07-21,2,3,1,0,0,True
USE01006,10003,2014-07-22,0,0,2,0,3,True
USE01007,10003,2014-07-23,0,2,0,0,0,False
USE01008,10003,2014-07-24,0,0,0,0,4,False
USE01009,10003,2014-07-25,0,0,0,0,0,False
USE01010,10003,2014-07-26,0,0,0,0,0,False
USE01011,10003,2014-07-27,0,0,0,0,3,False
USE01012,10003,2014-07-28,0,0,6,4,0,True
USE01013,10003,2014-07-29,8,4,0,0,0,True
USE01014,10003,2014-07-30,0,0,7,0,12,True
USE01015,10003,2014-07-31,7,5,2,0,0,True
USE01016,10003,2014-08-01,0,0,5,0,0,False
USE01017,10003,2014-08-02,0,1,1,0,5,True
USE01018,10003,2014-08-03,2,0,0,3,0,True
USE01019,10003,2014-08-04,4,3,6,0,0,True
USE01020,10003,2014-08-05,7,6,0,3,6,True
USE01021,10003,2014-08-06,9,6,3,0,0,True
USE01022,10003,2014-08-07,0,11,5,0,12,True
USE01023,10003,2014-08-08,0,0,6,0,3,True
USE01024,10003,2014-08-09,0,0,0,0,0,False
USE01025,10003,2014-08-10,1,0,0,0,0,False
USE01026,10003,2014-08-11,0,1,4,0,8,True
USE01027,10003,2014-08-12,8,6,6,0,9,True
USE01028,10003,2014-08-13,0,2,2,0,9,True
USE01029,10003,2014-08-14,6,5,0,0,0,True
USE01030,10003,2014-08-15,2,4,0,0,7,True
USE01031,10003,2014-08-16,0,0,0,0,0,False
USE01032,10003,2014-08-17,0,2,3,0,0,True
USE01033,10003,2014-08-18,11,4,0,0,0,True
USE01034,10003,2014-08-19,0,3,4,3,0,True
USE01035,10003,2014-08-20,8,0,0,3,0,True
USE01036,10294,2011-04-04,0,2,0,0,0,False
USE01037,10294,2011-04-05,0,0,1,0,0,False
USE01038,10294,2011-04-06,0,0,0,0,0,False
USE01039,10294,2011-04-07,1,0,0,0,0,False
USE01040,10294,2011-04-08,0,0,0,0,0,False
USE01041,10294,2011-04-09,0,0,0,0,0,False
USE01042,10294,2011-04-10,0,0,0,0,0,False
USE01043,10294,2011-04-11,0,0,1,0,0,False
USE01044,10294,2011-04-12,0,0,5,0,0,False
USE01045,10294,2011-04-13,3,0,4,0,0,True
USE01046,10294,2011-04-14,0,0,0,0,0,False
USE01047,10294,2011-04-15,0,0,3,3,0,True
USE01048,10294,2011-04-16,0,0,0,0,0,False
USE01049,10294,2011-04-17,0,0,0,0,0,False
USE01050,10294,2011-04-18,0,2,6,0,0,True
USE01051,10294,2011-04-19,0,0,0,0,6,False
USE01052,10294,2011-04-20,7,3,2,1,0,True
USE01053,10294,2011-04-21,7,3,0,0,4,True
USE01054,10294,2011-04-22,6,0,1,0,0,True
USE01055,10294,2011-04-23,0,0,0,0,0,False
USE01056,10294,2011-04-24,0,0,0,0,0,False
USE01057,10294,2011-04-25,11,1,0,6,6,True
USE01058,10294,2011-04-26,4,4,0,3,5,True
USE01059,10294,2011-04-27,6,0,0,0,8,True
USE01060,10294,2011-04-28,2,0,4,0,0,True
USE01061,10294,2011-04-29,6,1,0,0,10,True
USE01062,10294,2011-04-30,0,0,0,0,0,False
USE01063,10294,2011-05-01,0,0,0,0,0,False
USE01064,10294,2011-05-02,5,8,1,0,3,True
USE01065,10294,2011-05-03,3,0,0,6,0,True
USE01066,10294,2011-05-04,9,3,8,0,12,True
USE01067,10294,2011-05-05,7,4,6,0,6,True
USE01068,10294,2011-05-06,9,11,5,0,10,True
USE01069,10294,2011-05-07,0,0,2,0,0,False
USE01070,10294,2011-05-08,0,3,0,2,3,True
USE01071,10294,2011-05-09,10,3,0,0,16,True
USE01072,10294,2011-05-10,6,0,0,0,9,True
USE01073,10294,2011-05-11,6,2,0,0,0,True
USE01074,10294,2011-05-12,5,5,3,6,0,True
USE01075,10294,2011-05-13,8,0,6,0,6,True
USE01076,10294,2011-05-14,3,0,0,0,0,False
USE01077,10294,2011-05-15,2,0,0,0,0,False
USE01078,10294,2011-05-16,0,4,0,0,0,False
USE01079,10294,2011-05-17,0,6,5,0,0,True
USE01080,10294,2011-05-18,4,4,6,0,9,True
USE01081,10267,2011-01-10,0,0,0,0,0,False
USE01082,10267,2011-01-11,2,2,0,0,0,True
USE01083,10267,2011-01-12,0,0,3,0,0,False
USE01084,10267,2011-01-13,0,0,0,0,0,False
USE01085,10267,2011-01-14,0,0,2,0,0,False
USE01086,10267,2011-01-15,0,0,0,0,0,False
USE01087,10267,2011-01-16,0,2,0,0,1,True
USE01088,10267,2011-01-17,0,1,0,0,0,False
USE01089,10267,2011-01-18,0,0,4,0,3,True
USE01090,10267,2011-01-19,2,0,0,0,0,False
USE01091,10267,2011-01-20,5,0,0,2,0,True
USE01092,10267,2011-01-21,0,3,0,0,0,False
USE01093,10267,2011-01-22,2,0,0,0,0,False
USE01094,10267,2011-01-23,1,0,0,2,0,True
USE01095,10267,2011-01-24,0,0,4,0,5,True
USE01096,10267,2011-01-25,0,1,0,5,0,True
USE01097,10267,2011-01-26,10,2,4,0,0,True
USE01098,10267,2011-01-27,4,1,0,0,5,True
USE01099,10267,2011-01-28,5,0,2,0,0,True
USE01100,10267,2011-01-29,6,0,0,0,2,True
USE01101,10267,2011-01-30,0,0,0,0,0,False
USE01102,10267,2011-01-31,7,0,1,0,0,True
USE01103,10267,2011-02-01,4,6,4,3,4,True
USE01104,10267,2011-02-02,0,4,2,0,8,True
USE01105,10267,2011-02-03,0,2,9,5,5,True
USE01106,10267,2011-02-04,4,2,0,0,0,True
USE01107,10267,2011-02-05,0,1,1,0,0,True
USE01108,10267,2011-02-06,0,0,0,0,0,False
USE01109,10267,2011-02-07,8,3,6,0,0,True
USE01110,10267,2011-02-08,0,5,6,0,0,True
USE01111,10267,2011-02-09,9,4,4,0,0,True
USE01112,10267,2011-02-10,5,2,5,0,9,True
USE01113,10267,2011-02-11,7,0,5,0,11,True
USE01114,10267,2011-02-12,2,0,5,0,0,True
USE01115,10267,2011-02-13,0,0,1,0,4,True
USE01116,10267,2011-02-14,0,5,1,0,12,True
USE01117,10267,2011-02-15,8,3,4,2,0,True
USE01118,10267,2011-02-16,9,5,5,0,0,True
USE01119,10267,2011-02-17,7,4,2,0,6,True
USE01120,10267,2011-02-18,5,0,12,8,6,True
USE01121,10267,2011-02-19,0,0,0,0,2,False
USE01122,10267,2011-02-20,0,0,0,0,0,False
USE01123,10267,2011-02-21,11,4,0,0,11,True
USE01124,10267,2011-02-22,13,2,6,0,9,True
USE01125,10267,2011-02-23,11,3,5,0,9,True
USE01126,10199,2014-02-17,0,0,0,0,0,False
USE01127,10199,2014-02-18,0,0,0,0,0,False
USE01128,10199,2014-02-19,1,0,3,3,0,True
USE01129,10199,2014-02-20,3,0,0,0,0,False
USE01130,10199,2014-02-21,0,0,0,0,0,False
USE01131,10199,2014-02-22,0,0,0,0,0,False
USE01132,10199,2014-02-23,0,0,0,0,0,False
USE01133,10199,2014-02-24,0,0,0,0,0,False
USE01134,10199,2014-02-25,2,0,0,0,6,True
USE01135,10199,2014-02-26,4,0,2,0,0,True
USE01136,10199,2014-02-27,0,3,6,0,0,True
USE01137,10199,2014-02-28,4,4,3,0,0,True
USE01138,10199,2014-03-01,0,0,0,0,0,False
USE01139,10199,2014-03-02,0,0,0,2,0,False
USE01140,10199,2014-03-03,0,0,4,0,0,False
USE01141,10199,2014-03-04,9,1,2,0,0,True
USE01142,10199,2014-03-05,0,0,4,0,0,False
USE01143,10199,2014-03-06,0,3,0,0,0,False
USE01144,10199,2014-03-07,8,0,0,0,0,False
USE01145,10199,2014-03-08,0,0,0,0,0,False
USE01146,10199,2014-03-09,5,0,0,0,2,True
USE01147,10199,2014-03-10,5,0,0,0,0,False
USE01148,10199,2014-03-11,0,0,1,0,0,False
USE01149,10199,2014-03-12,2,0,9,0,0,True
USE01150,10199,2014-03-13,4,3,0,0,7,True
USE01151,10199,2014-03-14,0,1,4,0,10,True
USE01152,10199,2014-03-15,0,0,0,0,0,False
USE01153,10199,2014-03-16,0,0,0,0,0,False
USE01154,10199,2014-03-17,8,4,3,7,7,True
USE01155,10199,2014-03-18,6,3,0,0,11,True
USE01156,10199,2014-03-19,12,0,7,8,8,True
USE01157,10199,2014-03-20,5,0,3,6,7,True
USE01158,10199,2014-03-21,2,7,3,0,0,True
USE01159,10199,2014-03-22,0,0,0,0,3,False
USE01160,10199,2014-03-23,0,0,0,0,0,False
USE01161,10199,2014-03-24,0,5,3,4,9,True
USE01162,10199,2014-03-25,9,6,3,0,7,True
USE01163,10199,2014-03-26,6,0,7,0,0,True
USE01164,10199,2014-03-27,8,1,3,0,8,True
USE01165,10199,2014-03-28,7,6,7,0,4,True
USE01166,10199,2014-03-29,0,4,1,0,0,True
USE01167,10199,2014-03-30,1,0,0,0,6,True
USE01168,10199,2014-03-31,7,3,8,0,0,True
USE01169,10199,2014-04-01,7,0,9,0,10,True
USE01170,10199,2014-04-02,0,5,6,0,0,True
USE01171,10081,2015-02-16,0,0,0,0,0,False
USE01172,10081,2015-02-17,0,0,0,0,0,False
USE01173,10081,2015-02-18,1,0,0,1,2,True
USE01174,10081,2015-02-19,0,0,0,0,0,False
USE01175,10081,2015-02-20,0,0,0,0,0,False
USE01176,10081,2015-02-21,0,0,0,0,0,False
USE01177,10081,2015-02-22,0,0,0,0,0,False
USE01178,10081,2015-02-23,0,0,0,0,4,False
USE01179,10081,2015-02-24,5,0,0,0,0,False
USE01180,10081,2015-02-25,0,0,0,2,0,False
USE01181,10081,2015-02-26,0,0,0,0,1,False
USE01182,10081,2015-02-27,0,0,0,0,2,False
USE01183,10081,2015-02-28,0,0,0,0,0,False
USE01184,10081,2015-03-01,0,4,0,0,0,False
USE01185,10081,2015-03-02,0,0,3,0,4,True
USE01186,10081,2015-03-03,4,0,0,0,0,False
USE01187,10081,2015-03-04,0,0,0,4,0,False
USE01188,10081,2015-03-05,7,3,0,0,10,True
USE01189,10081,2015-03-06,0,4,0,0,3,True
USE01190,10081,2015-03-07,0,0,0,0,0,False
USE01191,10081,2015-03-08,0,0,0,0,0,False
USE01192,10081,2015-03-09,0,0,0,3,0,False
USE01193,10081,2015-03-10,0,0,0,5,10,True
USE01194,10081,2015-03-11,4,0,0,2,0,True
USE01195,10081,2015-03-12,0,0,0,2,0,False
USE01196,10081,2015-03-13,0,3,0,1,0,True
USE01197,10081,2015-03-14,0,0,0,0,0,False
USE01198,10081,2015-03-15,0,0,0,0,3,False
USE01199,10081,2015-03-16,4,3,0,0,10,True
USE01200,10081,2015-03-17,4,0,0,0,9,True
USE01201,10081,2015-03-18,0,0,0,8,5,True
USE01202,10081,2015-03-19,7,0,0,0,11,True
USE01203,10081,2015-03-20,0,2,0,2,9,True
USE01204,10081,2015-03-21,0,0,0,0,0,False
USE01205,10081,2015-03-22,7,0,0,0,0,False
USE01206,10081,2015-03-23,4,0,0,0,5,True
USE01207,10081,2015-03-24,0,4,0,0,9,True
USE01208,10081,2015-03-25,10,0,0,2,9,True
USE01209,10081,2015-03-26,4,0,0,0,2,True
USE01210,10081,2015-03-27,0,0,0,6,0,False
USE01211,10081,2015-03-28,0,0,0,0,6,False
USE01212,10081,2015-03-29,1,0,0,0,3,True
USE01213,10081,2015-03-30,8,0,0,0,11,True
USE01214,10081,2015-03-31,0,0,0,5,13,True
USE01215,10081,2015-04-01,0,0,0,0,3,False
USE01216,10175,2013-09-30,0,0,0,0,0,False
USE01217,10175,2013-10-01,0,0,0,0,0,False
USE01218,10175,2013-10-02,0,0,0,1,0,False
USE01219,10175,2013-10-03,0,0,1,0,0,False
USE01220,10175,2013-10-04,0,0,0,0,0,False
USE01221,10175,2013-10-05,0,0,0,0,0,False
USE01222,10175,2013-10-06,0,0,0,0,0,False
USE01223,10175,2013-10-07,0,0,0,0,2,False
USE01224,10175,2013-10-08,0,0,0,0,0,False
USE01225,10175,2013-10-09,0,0,0,0,0,False
USE01226,10175,2013-10-10,0,3,0,0,0,False
USE01227,10175,2013-10-11,0,0,0,2,0,False
USE01228,10175,2013-10-12,0,0,0,0,2,False
USE01229,10175,2013-10-13,0,0,0,0,0,False
USE01230,10175,2013-10-14,0,0,0,0,0,False
USE01231,10175,2013-10-15,4,0,0,0,0,False
USE01232,10175,2013-10-16,12,4,0,0,1,True
USE01233,10175,2013-10-17,0,0,0,0,9,False
USE01234,10175,2013-10-18,3,0,0,5,0,True
USE01235,10175,2013-10-19,0,0,0,0,0,False
USE01236,10175,2013-10-20,0,0,0,0,0,False
USE01237,10175,2013-10-21,0,3,0,4,0,True
USE01238,10175,2013-10-22,0,0,0,0,0,False
USE01239,10175,2013-10-23,2,2,1,0,0,True
USE01240,10175,2013-10-24,7,1,0,2,11,True
USE01241,10175,2013-10-25,6,0,0,4,0,True
USE01242,10175,2013-10-26,3,0,0,0,6,True
USE01243,10175,2013-10-27,0,0,0,0,3,False
USE01244,10175,2013-10-28,0,1,0,6,0,True
USE01245,10175,2013-10-29,13,0,0,0,8,True
USE01246,10175,2013-10-30,12,0,0,0,13,True
USE01247,10175,2013-10-31,0,0,0,0,8,False
USE01248,10175,2013-11-01,5,5,0,0,7,True
USE01249,10175,2013-11-02,0,0,0,0,0,False
USE01250,10175,2013-11-03,0,0,0,2,0,False
USE01251,10175,2013-11-04,9,0,0,0,8,True
USE01252,10175,2013-11-05,0,0,0,5,4,True
USE01253,10175,2013-11-06,0,0,0,0,14,False
USE01254,10175,2013-11-07,6,0,0,0,5,True
USE01255,10175,2013-11-08,5,0,0,0,0,False
USE01256,10175,2013-11-09,7,0,0,1,0,True
USE01257,10175,2013-11-10,0,0,0,0,2,False
USE01258,10175,2013-11-11,9,0,0,0,9,True
USE01259,10175,2013-11-12,8,7,0,0,0,True
USE01260,10175,2013-11-13,0,4,4,6,8,True
USE01261,10177,2012-04-02,0,0,0,0,0,False
USE01262,10177,2012-04-03,0,2,0,0,0,False
USE01263,10177,2012-04-04,0,1,0,0,5,True
USE01264,10177,2012-04-05,0,0,0,0,0,False
USE01265,10177,2012-04-06,0,0,2,0,0,False
USE01266,10177,2012-04-07,0,0,1,0,0,False
USE01267,10177,2012-04-08,0,0,0,0,0,False
USE01268,10177,2012-04-09,0,1,0,0,0,False
USE01269,10177,2012-04-10,3,0,0,0,0,False
USE01270,10177,2012-04-11,0,1,0,0,4,True
USE01271,10177,2012-04-12,0,3,0,3,0,True
USE01272,10177,2012-04-13,0,0,0,0,0,False
USE01273,10177,2012-04-14,0,0,0,0,0,False
USE01274,10177,2012-04-15,0,0,0,0,0,False
USE01275,10177,2012-04-16,0,0,1,0,0,False
USE01276,10177,2012-04-17,0,0,3,0,5,True
USE01277,10177,2012-04-18,0,0,3,0,0,False
USE01278,10177,2012-04-19,0,0,3,0,0,False
USE01279,10177,2012-04-20,0,0,0,0,0,False
USE01280,10177,2012-04-21,0,1,0,0,0,False
USE01281,10177,2012-04-22,0,0,0,0,0,False
USE01282,10177,2012-04-23,10,0,0,0,0,False
USE01283,10177,2012-04-24,5,7,3,0,0,True
USE01284,10177,2012-04-25,0,2,2,0,0,True
USE01285,10177,2012-04-26,9,3,5,0,5,True
USE01286,10177,2012-04-27,0,3,6,4,5,True
USE01287,10177,2012-04-28,0,2,0,0,0,False
USE01288,10177,2012-04-29,0,0,1,0,0,False
USE01289,10177,2012-04-30,5,5,5,0,9,True
USE01290,10177,2012-05-01,0,0,5,0,0,False
USE01291,10177,2012-05-02,8,6,5,6,8,True
USE01292,10177,2012-05-03,6,0,0,0,0,False
USE01293,10177,2012-05-04,0,0,5,5,0,True
USE01294,10177,2012-05-05,0,0,0,0,0,False
USE01295,10177,2012-05-06,0,0,0,0,0,False
USE01296,10177,2012-05-07,4,3,8,0,7,True
USE01297,10177,2012-05-08,0,6,6,3,0,True
USE01298,10177,2012-05-09,0,3,0,0,9,True
USE01299,10177,2012-05-10,6,8,5,0,0,True
USE01300,10177,2012-05-11,8,5,0,0,11,True
USE01301,10177,2012-05-12,0,0,0,0,0,False
USE01302,10177,2012-05-13,0,0,0,0,4,False
USE01303,10177,2012-05-14,8,2,3,5,9,True
USE01304,10177,2012-05-15,4,0,4,0,0,True
USE01305,10177,2012-05-16,0,3,6,0,0,True
USE01306,10238,2008-10-27,0,0,0,0,0,False
USE01307,10238,2008-10-28,0,0,0,0,0,False
USE01308,10238,2008-10-29,0,0,0,0,3,False
USE01309,10238,2008-10-30,0,0,0,0,0,False
USE01310,10238,2008-10-31,0,0,0,0,2,False
USE01311,10238,2008-11-01,0,0,0,0,0,False
USE01312,10238,2008-11-02,0,0,0,0,0,False
USE01313,10238,2008-11-03,0,0,0,0,0,False
USE01314,10238,2008-11-04,0,0,0,3,4,True
USE01315,10238,2008-11-05,3,0,0,0,6,True
USE01316,10238,2008-11-06,0,0,0,0,4,False
USE01317,10238,2008-11-07,0,0,0,2,2,True
USE01318,10238,2008-11-08,0,0,0,0,0,False
USE01319,10238,2008-11-09,0,0,0,0,0,False
USE01320,10238,2008-11-10,0,0,0,5,0,False
USE01321,10238,2008-11-11,0,0,0,5,0,False
USE01322,10238,2008-11-12,0,0,0,0,0,False
USE01323,10238,2008-11-13,0,0,0,2,4,True
USE01324,10238,2008-11-14,0,0,0,0,0,False
USE01325,10238,2008-11-15,0,0,0,0,2,False
USE01326,10238,2008-11-16,0,2,0,0,0,False
USE01327,10238,2008-11-17,0,0,0,0,6,False
USE01328,10238,2008-11-18,0,0,0,0,8,False
USE01329,10238,2008-11-19,7,4,0,0,0,True
USE01330,10238,2008-11-20,0,4,5,4,9,True
USE01331,10238,2008-11-21,0,0,0,4,0,False
USE01332,10238,2008-11-22,0,0,0,0,5,False
USE01333,10238,2008-11-23,0,0,0,2,0,False
USE01334,10238,2008-11-24,4,2,0,10,0,True
USE01335,10238,2008-11-25,0,0,0,5,10,True
USE01336,10238,2008-11-26,10,6,0,0,6,True
USE01337,10238,2008-11-27,0,0,0,0,10,False
USE01338,10238,2008-11-28,0,7,0,0,11,True
USE01339,10238,2008-11-29,0,0,0,0,0,False
USE01340,10238,2008-11-30,0,0,0,0,0,False
USE01341,10238,2008-12-01,11,0,0,3,14,True
USE01342,10238,2008-12-02,8,0,0,4,0,True
USE01343,10238,2008-12-03,5,0,0,12,9,True
USE01344,10238,2008-12-04,0,2,0,0,8,True
USE01345,10238,2008-12-05,12,0,0,0,6,True
USE01346,10238,2008-12-06,0,0,0,1,0,False
USE01347,10238,2008-12-07,0,0,0,1,0,False
USE01348,10238,2008-12-08,0,0,0,2,5,True
USE01349,10238,2008-12-09,4,0,0,7,8,True
USE01350,10238,2008-12-10,0,0,0,2,6,True
USE01351,10184,2014-09-29,0,0,2,0,0,False
USE01352,10184,2014-09-30,0,0,0,0,4,False
USE01353,10184,2014-10-01,0,0,5,0,0,False
USE01354,10184,2014-10-02,0,0,0,0,0,False
USE01355,10184,2014-10-03,0,0,0,0,0,False
USE01356,10184,2014-10-04,0,3,0,0,0,False
USE01357,10184,2014-10-05,0,0,0,0,0,False
USE01358,10184,2014-10-06,0,3,0,0,0,False
USE01359,10184,2014-10-07,0,0,0,0,8,False
USE01360,10184,2014-10-08,0,1,3,0,0,True
USE01361,10184,2014-10-09,0,0,5,0,0,False
USE01362,10184,2014-10-10,0,0,0,0,0,False
USE01363,10184,2014-10-11,0,0,0,0,0,False
USE01364,10184,2014-10-12,0,0,0,0,0,False
USE01365,10184,2014-10-13,0,0,6,0,0,False
USE01366,10184,2014-10-14,5,0,4,0,0,True
USE01367,10184,2014-10-15,3,0,3,0,0,True
USE01368,10184,2014-10-16,2,2,0,0,3,True
USE01369,10184,2014-10-17,7,0,5,0,0,True
USE01370,10184,2014-10-18,0,0,1,0,0,False
USE01371,10184,2014-10-19,3,1,0,0,0,True
USE01372,10184,2014-10-20,3,6,6,0,7,True
USE01373,10184,2014-10-21,2,0,0,0,0,False
USE01374,10184,2014-10-22,6,2,0,0,0,True
USE01375,10184,2014-10-23,5,0,2,0,10,True
USE01376,10184,2014-10-24,5,0,5,0,4,True
USE01377,10184,2014-10-25,0,0,0,1,0,False
USE01378,10184,2014-10-26,0,1,1,0,0,True
USE01379,10184,2014-10-27,6,5,6,5,10,True
USE01380,10184,2014-10-28,0,6,0,6,7,True
USE01381,10184,2014-10-29,10,0,7,0,0,True
USE01382,10184,2014-10-30,12,0,8,0,0,True
USE01383,10184,2014-10-31,3,1,0,0,0,True
USE01384,10184,2014-11-01,0,0,0,0,0,False
USE01385,10184,2014-11-02,0,0,0,0,3,False
USE01386,10184,2014-11-03,9,3,2,0,5,True
USE01387,10184,2014-11-04,15,2,0,0,8,True
USE01388,10184,2014-11-05,2,6,8,0,8,True
USE01389,10184,2014-11-06,0,3,0,7,10,True
USE01390,10184,2014-11-07,10,0,12,0,0,True
USE01391,10184,2014-11-08,0,0,2,0,0,False
USE01392,10184,2014-11-09,0,0,0,0,1,False
USE01393,10184,2014-11-10,8,2,3,0,0,True
USE01394,10184,2014-11-11,11,4,5,7,9,True
USE01395,10184,2014-11-12,3,4,0,0,5,True
USE01396,10203,2013-11-11,0,0,0,0,4,False
USE01397,10203,2013-11-12,0,0,2,0,0,False
USE01398,10203,2013-11-13,0,0,1,0,5,True
USE01399,10203,2013-11-14,0,0,0,0,0,False
USE01400,10203,2013-11-15,0,0,0,0,3,False
USE01401,10203,2013-11-16,1,0,0,0,0,False
USE01402,10203,2013-11-17,0,0,0,0,0,False
USE01403,10203,2013-11-18,5,2,0,0,0,True
USE01404,10203,2013-11-19,3,0,0,0,0,False
USE01405,10203,2013-11-20,3,0,0,0,0,False
USE01406,10203,2013-11-21,2,0,0,0,0,False
USE01407,10203,2013-11-22,0,0,0,2,3,True
USE01408,10203,2013-11-23,3,0,0,0,0,False
USE01409,10203,2013-11-24,0,0,3,0,0,False
USE01410,10203,2013-11-25,3,3,0,0,0,True
USE01411,10203,2013-11-26,2,3,0,0,0,True
USE01412,10203,2013-11-27,0,5,0,0,7,True
USE01413,10203,2013-11-28,4,0,6,0,4,True
USE01414,10203,2013-11-29,1,0,0,0,12,True
USE01415,10203,2013-11-30,1,0,0,0,0,False
USE01416,10203,2013-12-01,0,0,0,0,0,False
USE01417,10203,2013-12-02,0,0,0,0,9,False
USE01418,10203,2013-12-03,9,4,0,0,10,True
USE01419,10203,2013-12-04,3,3,5,0,0,True
USE01420,10203,2013-12-05,2,4,2,5,0,True
USE01421,10203,2013-12-06,0,3,0,4,0,True
USE01422,10203,2013-12-07,0,0,0,0,0,False
USE01423,10203,2013-12-08,0,1,0,0,0,False
USE01424,10203,2013-12-09,4,4,1,0,3,True
USE01425,10203,2013-12-10,0,4,2,0,0,True
USE01426,10203,2013-12-11,0,5,3,4,13,True
USE01427,10203,2013-12-12,3,6,0,7,0,True
USE01428,10203,2013-12-13,6,7,0,0,10,True
USE01429,10203,2013-12-14,0,0,0,0,0,False
USE01430,10203,2013-12-15,3,0,4,0,0,True
USE01431,10203,2013-12-16,9,6,4,0,0,True
USE01432,10203,2013-12-17,0,3,7,4,0,True
USE01433,10203,2013-12-18,9,3,0,0,0,True
USE01434,10203,2013-12-19,6,0,0,0,0,False
USE01435,10203,2013-12-20,6,2,4,0,0,True
USE01436,10203,2013-12-21,0,1,0,0,0,False
USE01437,10203,2013-12-22,0,1,0,0,0,False
USE01438,10203,2013-12-23,0,3,3,3,0,True
USE01439,10203,2013-12-24,9,8,3,0,10,True
USE01440,10203,2013-12-25,6,0,0,3,12,True
USE01441,10188,2011-08-15,0,0,0,0,0,False
USE01442,10188,2011-08-16,0,0,0,0,0,False
USE01443,10188,2011-08-17,0,0,0,0,0,False
USE01444,10188,2011-08-18,0,0,0,0,0,False
USE01445,10188,2011-08-19,0,0,0,1,0,False
USE01446,10188,2011-08-20,0,0,0,0,0,False
USE01447,10188,2011-08-21,0,0,0,0,0,False
USE01448,10188,2011-08-22,0,0,0,0,0,False
USE01449,10188,2011-08-23,0,0,0,3,3,True
USE01450,10188,2011-08-24,0,0,0,0,0,False
USE01451,10188,2011-08-25,0,0,0,0,3,False
USE01452,10188,2011-08-26,0,0,0,0,4,False
USE01453,10188,2011-08-27,0,0,0,0,0,False
USE01454,10188,2011-08-28,0,0,0,0,0,False
USE01455,10188,2011-08-29,0,0,0,0,7,False
USE01456,10188,2011-08-30,7,0,0,0,0,False
USE01457,10188,2011-08-31,0,0,0,2,5,True
USE01458,10188,2011-09-01,4,1,0,1,0,True
USE01459,10188,2011-09-02,0,0,0,0,3,False
USE01460,10188,2011-09-03,0,0,0,0,3,False
USE01461,10188,2011-09-04,0,0,0,0,0,False
USE01462,10188,2011-09-05,0,0,0,4,0,False
USE01463,10188,2011-09-06,0,0,0,4,12,True
USE01464,10188,2011-09-07,0,0,0,4,7,True
USE01465,10188,2011-09-08,0,0,0,6,0,False
USE01466,10188,2011-09-09,7,0,0,0,6,True
USE01467,10188,2011-09-10,0,0,0,0,0,False
USE01468,10188,2011-09-11,0,0,0,0,0,False
USE01469,10188,2011-09-12,3,0,0,0,7,True
USE01470,10188,2011-09-13,4,0,0,4,0,True
USE01471,10188,2011-09-14,8,2,0,1,8,True
USE01472,10188,2011-09-15,11,6,0,5,0,True
USE01473,10188,2011-09-16,7,0,0,6,0,True
USE01474,10188,2011-09-17,0,0,0,0,0,False
USE01475,10188,2011-09-18,0,0,0,0,0,False
USE01476,10188,2011-09-19,5,0,0,0,5,True
USE01477,10188,2011-09-20,8,0,0,4,0,True
USE01478,10188,2011-09-21,4,7,0,5,14,True
USE01479,10188,2011-09-22,3,0,0,2,0,True
USE01480,10188,2011-09-23,8,0,0,6,0,True
USE01481,10188,2011-09-24,3,0,0,0,0,False
USE01482,10188,2011-09-25,0,0,0,2,0,False
USE01483,10188,2011-09-26,7,0,0,5,13,True
USE01484,10188,2011-09-27,8,0,0,0,12,True
USE01485,10188,2011-09-28,0,0,0,3,7,True
USE01486,10107,2012-03-05,1,0,2,0,0,True
USE01487,10107,2012-03-06,0,0,0,0,2,False
USE01488,10107,2012-03-07,0,0,1,0,0,False
USE01489,10107,2012-03-08,0,0,2,3,0,True
USE01490,10107,2012-03-09,0,1,0,0,0,False
USE01491,10107,2012-03-10,0,0,0,0,0,False
USE01492,10107,2012-03-11,0,0,0,0,0,False
USE01493,10107,2012-03-12,0,0,0,0,0,False
USE01494,10107,2012-03-13,0,0,1,0,0,False
USE01495,10107,2012-03-14,0,0,1,0,0,False
USE01496,10107,2012-03-15,4,6,2,0,0,True
USE01497,10107,2012-03-16,2,0,0,0,0,False
USE01498,10107,2012-03-17,1,2,0,0,0,True
USE01499,10107,2012-03-18,2,0,2,0,0,True
USE01500,10107,2012-03-19,0,0,2,0,5,True
USE01501,10107,2012-03-20,0,0,3,0,0,False
USE01502,10107,2012-03-21,0,3,0,0,0,False
USE01503,10107,2012-03-22,5,0,0,0,3,True
USE01504,10107,2012-03-23,0,0,0,0,0,False
USE01505,10107,2012-03-24,4,0,0,0,0,False
USE01506,10107,2012-03-25,0,0,0,0,0,False
USE01507,10107,2012-03-26,0,1,5,0,0,True
USE01508,10107,2012-03-27,0,1,1,0,6,True
USE01509,10107,2012-03-28,6,4,0,0,4,True
USE01510,10107,2012-03-29,7,5,3,0,0,True
USE01511,10107,2012-03-30,3,0,5,0,0,True
USE01512,10107,2012-03-31,0,0,2,0,4,True
USE01513,10107,2012-04-01,0,0,0,1,0,False
USE01514,10107,2012-04-02,11,6,3,4,0,True
USE01515,10107,2012-04-03,0,2,10,0,6,True
USE01516,10107,2012-04-04,0,4,4,0,0,True
USE01517,10107,2012-04-05,0,5,4,2,0,True
USE01518,10107,2012-04-06,0,3,5,0,10,True
USE01519,10107,2012-04-07,2,1,0,0,2,True
USE01520,10107,2012-04-08,0,0,0,0,0,False
USE01521,10107,2012-04-09,0,4,2,0,4,True
USE01522,10107,2012-04-10,0,6,0,0,0,False
USE01523,10107,2012-04-11,0,2,6,0,0,True
USE01524,10107,2012-04-12,0,0,0,5,0,False
USE01525,10107,2012-04-13,8,0,9,2,0,True
USE01526,10107,2012-04-14,0,0,0,0,0,False
USE01527,10107,2012-04-15,0,0,1,0,0,False
USE01528,10107,2012-04-16,5,3,5,0,10,True
USE01529,10107,2012-04-17,8,3,0,0,8,True
USE01530,10107,2012-04-18,0,1,4,0,0,True
USE01531,10181,2011-04-04,0,0,0,0,0,False
USE01532,10181,2011-04-05,0,0,0,0,0,False
USE01533,10181,2011-04-06,0,1,0,0,0,False
USE01534,10181,2011-04-07,0,0,0,0,0,False
USE01535,10181,2011-04-08,0,0,0,0,0,False
USE01536,10181,2011-04-09,0,0,0,0,0,False
USE01537,10181,2011-04-10,0,0,0,0,0,False
USE01538,10181,2011-04-11,0,0,3,0,5,True
USE01539,10181,2011-04-12,3,0,0,0,5,True
USE01540,10181,2011-04-13,0,0,2,0,0,False
USE01541,10181,2011-04-14,0,1,0,0,0,False
USE01542,10181,2011-04-15,0,0,3,0,0,False
USE01543,10181,2011-04-16,0,0,0,0,0,False
USE01544,10181,2011-04-17,0,0,0,0,0,False
USE01545,10181,2011-04-18,0,6,0,0,4,True
USE01546,10181,2011-04-19,5,4,2,0,0,True
USE01547,10181,2011-04-20,3,0,0,0,0,False
USE01548,10181,2011-04-21,8,4,5,0,3,True
USE01549,10181,2011-04-22,0,5,4,0,4,True
USE01550,10181,2011-04-23,0,0,3,0,0,False
USE01551,10181,2011-04-24,0,0,0,0,0,False
USE01552,10181,2011-04-25,6,1,6,5,6,True
USE01553,10181,2011-04-26,0,0,1,0,0,False
USE01554,10181,2011-04-27,6,0,2,0,4,True
USE01555,10181,2011-04-28,6,0,1,0,0,True
USE01556,10181,2011-04-29,4,4,3,0,0,True
USE01557,10181,2011-04-30,2,0,0,0,0,False
USE01558,10181,2011-05-01,4,0,0,0,4,True
USE01559,10181,2011-05-02,7,1,2,0,10,True
USE01560,10181,2011-05-03,12,6,7,2,0,True
USE01561,10181,2011-05-04,0,8,0,0,10,True
USE01562,10181,2011-05-05,12,2,2,7,14,True
USE01563,10181,2011-05-06,0,4,0,0,12,True
USE01564,10181,2011-05-07,0,0,0,0,2,False
USE01565,10181,2011-05-08,0,0,0,0,0,False
USE01566,10181,2011-05-09,0,5,0,5,7,True
USE01567,10181,2011-05-10,0,0,5,0,7,True
USE01568,10181,2011-05-11,3,4,0,0,0,True
USE01569,10181,2011-05-12,6,4,4,0,0,True
USE01570,10181,2011-05-13,11,2,2,5,7,True
USE01571,10181,2011-05-14,0,1,0,0,6,True
USE01572,10181,2011-05-15,0,0,0,0,0,False
USE01573,10181,2011-05-16,5,4,5,0,5,True
USE01574,10181,2011-05-17,7,0,6,0,0,True
USE01575,10181,2011-05-18,0,4,7,0,0,True
USE01576,10150,2011-08-15,2,0,4,0,0,True
USE01577,10150,2011-08-16,1,0,0,0,0,False
USE01578,10150,2011-08-17,0,0,0,0,0,False
USE01579,10150,2011-08-18,0,0,2,0,0,False
USE01580,10150,2011-08-19,4,0,0,0,0,False
USE01581,10150,2011-08-20,3,0,0,0,0,False
USE01582,10150,2011-08-21,0,0,0,0,0,False
USE01583,10150,2011-08-22,0,0,0,0,0,False
USE01584,10150,2011-08-23,0,1,0,0,4,True
USE01585,10150,2011-08-24,0,1,0,0,0,False
USE01586,10150,2011-08-25,0,2,0,1,0,True
USE01587,10150,2011-08-26,0,0,0,0,0,False
USE01588,10150,2011-08-27,0,0,0,0,1,False
USE01589,10150,2011-08-28,0,0,0,0,0,False
USE01590,10150,2011-08-29,0,3,0,0,7,True
USE01591,10150,2011-08-30,0,0,3,0,0,False
USE01592,10150,2011-08-31,7,0,0,0,4,True
USE01593,10150,2011-09-01,0,2,0,0,4,True
USE01594,10150,2011-09-02,0,2,0,2,4,True
USE01595,10150,2011-09-03,0,0,0,0,0,False
USE01596,10150,2011-09-04,0,0,3,0,0,False
USE01597,10150,2011-09-05,0,7,5,2,0,True
USE01598,10150,2011-09-06,3,3,0,0,0,True
USE01599,10150,2011-09-07,0,0,0,0,9,False
USE01600,10150,2011-09-08,5,0,8,0,7,True
USE01601,10150,2011-09-09,6,6,0,0,0,True
USE01602,10150,2011-09-10,0,0,0,0,0,False
USE01603,10150,2011-09-11,0,0,0,0,5,False
USE01604,10150,2011-09-12,9,4,5,5,0,True
USE01605,10150,2011-09-13,7,2,0,0,6,True
USE01606,10150,2011-09-14,5,4,5,0,6,True
USE01607,10150,2011-09-15,0,5,4,3,0,True
USE01608,10150,2011-09-16,0,3,6,0,13,True
USE01609,10150,2011-09-17,0,0,1,0,0,False
USE01610,10150,2011-09-18,0,4,0,0,6,True
USE01611,10150,2011-09-19,0,4,4,0,6,True
USE01612,10150,2011-09-20,10,3,6,0,5,True
USE01613,10150,2011-09-21,6,2,3,0,0,True
USE01614,10150,2011-09-22,5,0,3,5,0,True
USE01615,10150,2011-09-23,8,6,4,0,0,True
USE01616,10150,2011-09-24,1,0,3,0,0,True
USE01617,10150,2011-09-25,0,0,0,0,0,False
USE01618,10150,2011-09-26,6,2,1,0,9,True
USE01619,10150,2011-09-27,0,5,6,0,8,True
USE01620,10150,2011-09-28,10,5,5,0,6,True
USE01621,10001,2016-01-28,0,0,0,0,0,False
USE01622,10001,2016-01-29,1,0,0,2,0,True
USE01623,10001,2016-01-30,0,0,0,2,0,False
USE01624,10001,2016-01-31,0,0,0,0,0,False
USE01625,10001,2016-02-01,0,1,0,0,0,False
USE01626,10001,2016-02-02,3,0,0,2,5,True
USE01627,10001,2016-02-03,0,0,0,0,0,False
USE01628,10001,2016-02-04,0,0,0,0,0,False
USE01629,10001,2016-02-05,5,0,0,0,0,False
USE01630,10001,2016-02-06,0,2,0,0,1,True
USE01631,10001,2016-02-07,0,0,0,0,0,False
USE01632,10001,2016-02-08,0,0,0,4,0,False
USE01633,10001,2016-02-09,3,4,0,0,0,True
USE01634,10001,2016-02-10,0,0,0,0,4,False
USE01635,10001,2016-02-11,0,0,0,2,0,False
USE01636,10001,2016-02-12,6,3,0,0,0,True
USE01637,10001,2016-02-13,0,0,0,0,0,False
USE01638,10001,2016-02-14,0,0,0,0,2,False
USE01639,10001,2016-02-15,4,0,0,0,0,False
USE01640,10001,2016-02-16,4,0,0,0,0,False
USE01641,10001,2016-02-17,0,0,0,0,7,False
USE01642,10001,2016-02-18,0,0,0,0,0,False
USE01643,10001,2016-02-19,4,5,0,0,0,True
USE01644,10001,2016-02-20,0,0,0,0,0,False
USE01645,10001,2016-02-21,0,0,0,0,0,False
USE01646,10001,2016-02-22,8,2,0,2,0,True
USE01647,10001,2016-02-23,0,0,0,6,5,True
USE01648,10001,2016-02-24,4,0,0,4,7,True
USE01649,10001,2016-02-25,0,0,0,0,8,False
USE01650,10001,2016-02-26,6,5,0,5,9,True
USE01651,10001,2016-02-27,0,0,0,0,0,False
USE01652,10001,2016-02-28,0,0,0,0,0,False
USE01653,10001,2016-02-29,12,8,0,0,9,True
USE01654,10001,2016-03-01,5,8,0,3,0,True
USE01655,10001,2016-03-02,0,0,7,0,8,True
USE01656,10001,2016-03-03,6,6,7,3,8,True
USE01657,10001,2016-03-04,11,5,0,0,17,True
USE01658,10001,2016-03-05,2,1,0,0,0,True
USE01659,10001,2016-03-06,0,0,0,0,1,False
USE01660,10001,2016-03-07,8,2,0,0,6,True
USE01661,10001,2016-03-08,9,1,0,1,3,True
USE01662,10001,2016-03-09,5,6,0,7,6,True
USE01663,10001,2016-03-10,0,0,0,4,4,True
USE01664,10001,2016-03-11,7,0,0,0,4,True
USE01665,10001,2016-03-12,0,0,0,0,1,False
USE01666,10085,2013-11-11,0,0,0,0,0,False
USE01667,10085,2013-11-12,1,0,0,0,2,True
USE01668,10085,2013-11-13,0,0,0,0,0,False
USE01669,10085,2013-11-14,1,0,0,2,0,True
USE01670,10085,2013-11-15,0,0,0,0,5,False
USE01671,10085,2013-11-16,0,0,0,0,0,False
USE01672,10085,2013-11-17,0,0,0,0,0,False
USE01673,10085,2013-11-18,0,0,0,0,0,False
USE01674,10085,2013-11-19,0,0,0,0,2,False
USE01675,10085,2013-11-20,0,0,2,0,0,False
USE01676,10085,2013-11-21,0,0,0,0,4,False
USE01677,10085,2013-11-22,0,0,0,0,0,False
USE01678,10085,2013-11-23,0,0,0,0,0,False
USE01679,10085,2013-11-24,0,0,1,0,0,False
USE01680,10085,2013-11-25,0,0,0,0,0,False
USE01681,10085,2013-11-26,0,0,0,0,4,False
USE01682,10085,2013-11-27,0,0,0,0,3,False
USE01683,10085,2013-11-28,8,5,0,0,2,True
USE01684,10085,2013-11-29,6,1,0,0,0,True
USE01685,10085,2013-11-30,0,0,0,0,0,False
USE01686,10085,2013-12-01,0,0,0,0,0,False
USE01687,10085,2013-12-02,5,1,5,0,6,True
USE01688,10085,2013-12-03,4,0,6,7,10,True
USE01689,10085,2013-12-04,0,0,8,0,0,False
USE01690,10085,2013-12-05,2,3,0,6,12,True
USE01691,10085,2013-12-06,9,3,1,0,11,True
USE01692,10085,2013-12-07,0,0,0,0,4,False
USE01693,10085,2013-12-08,0,0,1,0,0,False
USE01694,10085,2013-12-09,0,6,5,6,7,True
USE01695,10085,2013-12-10,0,2,3,0,0,True
USE01696,10085,2013-12-11,8,3,7,8,0,True
USE01697,10085,2013-12-12,6,0,0,0,0,False
USE01698,10085,2013-12-13,0,5,4,0,7,True
USE01699,10085,2013-12-14,0,3,0,0,0,False
USE01700,10085,2013-12-15,0,0,0,0,0,False
USE01701,10085,2013-12-16,1,3,2,0,0,True
USE01702,10085,2013-12-17,3,0,5,0,0,True
USE01703,10085,2013-12-18,5,4,4,6,6,True
USE01704,10085,2013-12-19,0,2,6,0,0,True
USE01705,10085,2013-12-20,4,0,3,0,0,True
USE01706,10085,2013-12-21,0,2,0,0,0,False
USE01707,10085,2013-12-22,0,0,0,0,0,False
USE01708,10085,2013-12-23,3,0,0,0,6,True
USE01709,10085,2013-12-24,3,4,4,7,0,True
USE01710,10085,2013-12-25,11,2,6,0,9,True
USE01711,10115,2014-03-31,0,0,0,0,0,False
USE01712,10115,2014-04-01,3,0,0,0,0,False
USE01713,10115,2014-04-02,0,1,0,0,0,False
USE01714,10115,2014-04-03,0,0,0,0,0,False
USE01715,10115,2014-04-04,0,0,2,0,0,False
USE01716,10115,2014-04-05,0,0,0,0,0,False
USE01717,10115,2014-04-06,0,0,0,0,0,False
USE01718,10115,2014-04-07,4,0,0,0,0,False
USE01719,10115,2014-04-08,0,0,0,0,0,False
USE01720,10115,2014-04-09,0,0,2,0,0,False
USE01721,10115,2014-04-10,0,0,2,2,4,True
USE01722,10115,2014-04-11,3,0,1,0,0,True
USE01723,10115,2014-04-12,0,0,0,0,0,False
USE01724,10115,2014-04-13,0,0,0,0,0,False
USE01725,10115,2014-04-14,4,3,0,0,10,True
USE01726,10115,2014-04-15,0,0,0,0,5,False
USE01727,10115,2014-04-16,2,0,5,0,5,True
USE01728,10115,2014-04-17,1,0,0,0,9,True
USE01729,10115,2014-04-18,0,0,10,0,0,False
USE01730,10115,2014-04-19,0,0,0,0,0,False
USE01731,10115,2014-04-20,0,0,0,0,0,False
USE01732,10115,2014-04-21,0,0,4,6,7,True
USE01733,10115,2014-04-22,0,0,3,0,7,True
USE01734,10115,2014-04-23,7,0,3,0,12,True
USE01735,10115,2014-04-24,3,1,10,0,0,True
USE01736,10115,2014-04-25,0,5,0,8,8,True
USE01737,10115,2014-04-26,3,0,0,0,0,False
USE01738,10115,2014-04-27,0,0,0,0,0,False
USE01739,10115,2014-04-28,0,5,0,0,0,False
USE01740,10115,2014-04-29,0,3,4,8,5,True
USE01741,10115,2014-04-30,0,5,5,5,0,True
USE01742,10115,2014-05-01,9,0,2,6,0,True
USE01743,10115,2014-05-02,0,4,0,0,14,True
USE01744,10115,2014-05-03,0,0,0,0,2,False
USE01745,10115,2014-05-04,0,0,0,0,0,False
USE01746,10115,2014-05-05,8,5,7,8,0,True
USE01747,10115,2014-05-06,4,0,0,0,8,True
USE01748,10115,2014-05-07,10,4,6,0,0,True
USE01749,10115,2014-05-08,11,3,3,0,0,True
USE01750,10115,2014-05-09,3,6,4,0,7,True
USE01751,10115,2014-05-10,2,0,0,0,0,False
USE01752,10115,2014-05-11,0,0,0,0,0,False
USE01753,10115,2014-05-12,0,3,4,0,10,True
USE01754,10115,2014-05-13,4,0,10,0,6,True
USE01755,10115,2014-05-14,10,4,4,8,0,True
USE01756,10082,2016-06-30,0,0,0,0,0,False
USE01757,10082,2016-07-01,0,0,0,0,0,False
USE01758,10082,2016-07-02,0,2,0,0,0,False
USE01759,10082,2016-07-03,1,0,0,0,0,False
USE01760,10082,2016-07-04,2,0,0,0,0,False
USE01761,10082,2016-07-05,0,0,1,0,0,False
USE01762,10082,2016-07-06,0,0,0,0,0,False
USE01763,10082,2016-07-07,0,0,0,0,0,False
USE01764,10082,2016-07-08,0,0,0,0,0,False
USE01765,10082,2016-07-09,0,0,0,0,0,False
USE01766,10082,2016-07-10,0,0,0,0,0,False
USE01767,10082,2016-07-11,0,0,0,0,0,False
USE01768,10082,2016-07-12,0,3,0,0,0,False
USE01769,10082,2016-07-13,5,2,0,0,11,True
USE01770,10082,2016-07-14,0,0,0,0,0,False
USE01771,10082,2016-07-15,0,0,3,0,0,False
USE01772,10082,2016-07-16,0,0,0,0,0,False
USE01773,10082,2016-07-17,0,0,0,0,0,False
USE01774,10082,2016-07-18,0,4,0,8,0,True
USE01775,10082,2016-07-19,6,0,4,3,10,True
USE01776,10082,2016-07-20,6,0,6,0,0,True
USE01777,10082,2016-07-21,0,4,0,5,0,True
USE01778,10082,2016-07-22,0,1,3,0,11,True
USE01779,10082,2016-07-23,0,0,0,1,3,True
USE01780,10082,2016-07-24,0,1,1,0,0,True
USE01781,10082,2016-07-25,4,0,0,0,8,True
USE01782,10082,2016-07-26,0,5,5,0,0,True
USE01783,10082,2016-07-27,6,2,2,0,0,True
USE01784,10082,2016-07-28,5,2,3,0,0,True
USE01785,10082,2016-07-29,0,6,5,3,5,True
USE01786,10082,2016-07-30,0,2,2,0,2,True
USE01787,10082,2016-07-31,0,0,0,0,5,False
USE01788,10082,2016-08-01,3,1,0,0,0,True
USE01789,10082,2016-08-02,13,7,11,6,0,True
USE01790,10082,2016-08-03,11,0,9,0,7,True
USE01791,10082,2016-08-04,0,3,4,0,0,True
USE01792,10082,2016-08-05,8,4,7,0,7,True
USE01793,10082,2016-08-06,0,0,0,0,0,False
USE01794,10082,2016-08-07,0,0,4,0,0,False
USE01795,10082,2016-08-08,5,2,3,0,5,True
USE01796,10082,2016-08-09,0,4,6,0,13,True
USE01797,10082,2016-08-10,8,3,4,0,5,True
USE01798,10082,2016-08-11,0,3,5,0,7,True
USE01799,10082,2016-08-12,8,7,7,0,0,True
USE01800,10082,2016-08-13,0,0,2,0,1,True
USE01801,10040,2014-08-18,0,0,0,0,0,False
USE01802,10040,2014-08-19,1,1,0,0,0,True
USE01803,10040,2014-08-20,2,0,0,0,0,False
USE01804,10040,2014-08-21,0,0,0,0,1,False
USE01805,10040,2014-08-22,0,0,0,0,0,False
USE01806,10040,2014-08-23,0,0,0,0,0,False
USE01807,10040,2014-08-24,0,0,0,0,0,False
USE01808,10040,2014-08-25,0,0,0,5,0,False
USE01809,10040,2014-08-26,0,0,0,0,4,False
USE01810,10040,2014-08-27,0,0,0,0,1,False
USE01811,10040,2014-08-28,0,0,0,0,0,False
USE01812,10040,2014-08-29,4,0,0,0,7,True
USE01813,10040,2014-08-30,0,0,0,0,0,False
USE01814,10040,2014-08-31,0,0,0,0,0,False
USE01815,10040,2014-09-01,0,0,0,3,5,True
USE01816,10040,2014-09-02,0,0,0,7,5,True
USE01817,10040,2014-09-03,0,0,0,2,8,True
USE01818,10040,2014-09-04,2,0,2,0,0,True
USE01819,10040,2014-09-05,4,0,0,0,5,True
USE01820,10040,2014-09-06,0,0,0,0,2,False
USE01821,10040,2014-09-07,0,0,0,0,0,False
USE01822,10040,2014-09-08,0,0,0,4,2,True
USE01823,10040,2014-09-09,7,6,0,0,12,True
USE01824,10040,2014-09-10,5,4,0,3,9,True
USE01825,10040,2014-09-11,5,0,0,6,8,True
USE01826,10040,2014-09-12,8,5,0,4,7,True
USE01827,10040,2014-09-13,1,0,0,0,0,False
USE01828,10040,2014-09-14,0,0,0,0,0,False
USE01829,10040,2014-09-15,4,3,0,2,9,True
USE01830,10040,2014-09-16,11,0,0,6,0,True
USE01831,10040,2014-09-17,0,0,0,0,8,False
USE01832,10040,2014-09-18,4,0,0,6,11,True
USE01833,10040,2014-09-19,4,0,0,5,13,True
USE01834,10040,2014-09-20,0,0,0,0,0,False
USE01835,10040,2014-09-21,0,0,0,0,0,False
USE01836,10040,2014-09-22,8,0,0,4,5,True
USE01837,10040,2014-09-23,4,0,0,2,0,True
USE01838,10040,2014-09-24,0,0,0,0,9,False
USE01839,10040,2014-09-25,4,0,0,4,0,True
USE01840,10040,2014-09-26,8,0,0,4,6,True
USE01841,10040,2014-09-27,0,0,0,0,0,False
USE01842,10040,2014-09-28,5,0,0,0,0,False
USE01843,10040,2014-09-29,0,0,0,2,9,True
USE01844,10040,2014-09-30,0,0,0,0,8,False
USE01845,10040,2014-10-01,10,0,0,4,8,True
USE01846,10067,2014-09-29,0,0,1,0,0,False
USE01847,10067,2014-09-30,0,0,0,0,0,False
USE01848,10067,2014-10-01,0,0,0,0,0,False
USE01849,10067,2014-10-02,0,0,0,1,0,False
USE01850,10067,2014-10-03,0,0,0,0,0,False
USE01851,10067,2014-10-04,0,0,0,0,0,False
USE01852,10067,2014-10-05,0,0,0,0,0,False
USE01853,10067,2014-10-06,1,0,0,0,0,False
USE01854,10067,2014-10-07,4,0,2,0,0,True
USE01855,10067,2014-10-08,0,0,0,0,0,False
USE01856,10067,2014-10-09,0,0,0,0,6,False
USE01857,10067,2014-10-10,0,0,0,0,0,False
USE01858,10067,2014-10-11,0,0,0,0,0,False
USE01859,10067,2014-10-12,0,0,0,0,0,False
USE01860,10067,2014-10-13,3,1,0,0,0,True
USE01861,10067,2014-10-14,0,0,5,0,7,True
USE01862,10067,2014-10-15,6,0,0,6,0,True
USE01863,10067,2014-10-16,8,2,3,0,8,True
USE01864,10067,2014-10-17,0,0,6,0,5,True
USE01865,10067,2014-10-18,0,0,0,0,0,False
USE01866,10067,2014-10-19,0,0,0,0,0,False
USE01867,10067,2014-10-20,4,3,0,5,7,True
USE01868,10067,2014-10-21,0,3,4,0,6,True
USE01869,10067,2014-10-22,7,2,4,0,0,True
USE01870,10067,2014-10-23,4,8,5,0,0,True
USE01871,10067,2014-10-24,7,0,1,0,10,True
USE01872,10067,2014-10-25,0,2,0,0,0,False
USE01873,10067,2014-10-26,0,0,0,0,0,False
USE01874,10067,2014-10-27,4,4,5,0,5,True
USE01875,10067,2014-10-28,10,2,0,0,8,True
USE01876,10067,2014-10-29,0,8,4,0,9,True
USE01877,10067,2014-10-30,4,3,0,0,7,True
USE01878,10067,2014-10-31,0,0,3,0,8,True
USE01879,10067,2014-11-01,0,1,0,0,0,False
USE01880,10067,2014-11-02,1,0,0,0,0,False
USE01881,10067,2014-11-03,4,3,0,7,0,True
USE01882,10067,2014-11-04,6,7,1,0,5,True
USE01883,10067,2014-11-05,7,4,3,0,4,True
USE01884,10067,2014-11-06,14,0,0,4,7,True
USE01885,10067,2014-11-07,0,0,2,0,12,True
USE01886,10067,2014-11-08,0,0,0,0,0,False
USE01887,10067,2014-11-09,4,0,0,0,0,False
USE01888,10067,2014-11-10,7,3,9,1,3,True
USE01889,10067,2014-11-11,5,4,7,0,4,True
USE01890,10067,2014-11-12,8,0,0,0,13,True
USE01891,10108,2016-09-06,0,0,1,0,0,False
USE01892,10108,2016-09-07,0,0,0,0,0,False
USE01893,10108,2016-09-08,0,0,0,0,0,False
USE01894,10108,2016-09-09,0,1,0,0,0,False
USE01895,10108,2016-09-10,0,0,0,0,0,False
USE01896,10108,2016-09-11,0,0,0,0,0,False
USE01897,10108,2016-09-12,0,3,0,0,5,True
USE01898,10108,2016-09-13,0,0,0,0,0,False
USE01899,10108,2016-09-14,0,0,0,0,0,False
USE01900,10108,2016-09-15,0,0,1,0,0,False
USE01901,10108,2016-09-16,0,2,0,0,0,False
USE01902,10108,2016-09-17,0,0,2,0,0,False
USE01903,10108,2016-09-18,0,0,0,0,0,False
USE01904,10108,2016-09-19,7,2,0,0,0,True
USE01905,10108,2016-09-20,0,0,4,0,0,False
USE01906,10108,2016-09-21,0,1,0,0,6,True
USE01907,10108,2016-09-22,0,0,1,0,0,False
USE01908,10108,2016-09-23,5,0,0,0,0,False
USE01909,10108,2016-09-24,0,0,0,0,0,False
USE01910,10108,2016-09-25,0,0,2,0,0,False
USE01911,10108,2016-09-26,8,0,1,0,0,True
USE01912,10108,2016-09-27,0,3,0,0,0,False
USE01913,10108,2016-09-28,5,0,0,0,0,False
USE01914,10108,2016-09-29,4,2,0,4,8,True
USE01915,10108,2016-09-30,9,2,3,0,0,True
USE01916,10108,2016-10-01,1,0,0,0,0,False
USE01917,10108,2016-10-02,0,0,0,0,0,False
USE01918,10108,2016-10-03,2,3,0,2,0,True
USE01919,10108,2016-10-04,6,3,11,0,6,True
USE01920,10108,2016-10-05,8,0,3,0,0,True
USE01921,10108,2016-10-06,3,0,1,3,0,True
USE01922,10108,2016-10-07,10,0,6,2,9,True
USE01923,10108,2016-10-08,3,0,0,0,0,False
USE01924,10108,2016-10-09,0,0,0,0,0,False
USE01925,10108,2016-10-10,5,4,0,0,0,True
USE01926,10108,2016-10-11,0,4,11,8,0,True
USE01927,10108,2016-10-12,8,2,6,0,0,True
USE01928,10108,2016-10-13,7,7,4,0,0,True
USE01929,10108,2016-10-14,0,5,0,5,12,True
USE01930,10108,2016-10-15,0,0,0,0,1,False
USE01931,10108,2016-10-16,0,0,0,0,0,False
USE01932,10108,2016-10-17,7,3,12,0,7,True
USE01933,10108,2016-10-18,0,5,0,5,12,True
USE01934,10108,2016-10-19,7,7,0,0,0,True
USE01935,10108,2016-10-20,0,6,4,0,7,True
USE01936,10210,2014-05-12,0,0,0,2,1,True
USE01937,10210,2014-05-13,0,0,0,0,0,False
USE01938,10210,2014-05-14,0,0,0,0,0,False
USE01939,10210,2014-05-15,0,1,0,0,0,False
USE01940,10210,2014-05-16,0,0,0,0,0,False
USE01941,10210,2014-05-17,0,0,0,0,0,False
USE01942,10210,2014-05-18,0,0,0,0,0,False
USE01943,10210,2014-05-19,1,6,0,0,0,True
USE01944,10210,2014-05-20,0,0,0,0,0,False
USE01945,10210,2014-05-21,0,1,1,0,0,True
USE01946,10210,2014-05-22,0,0,1,0,0,False
USE01947,10210,2014-05-23,5,0,0,0,0,False
USE01948,10210,2014-05-24,0,0,0,0,0,False
USE01949,10210,2014-05-25,0,0,0,0,0,False
USE01950,10210,2014-05-26,4,2,0,0,4,True
USE01951,10210,2014-05-27,5,0,0,0,0,False
USE01952,10210,2014-05-28,0,3,0,0,5,True
USE01953,10210,2014-05-29,5,2,4,0,8,True
USE01954,10210,2014-05-30,7,2,3,0,9,True
USE01955,10210,2014-05-31,0,1,0,0,4,True
USE01956,10210,2014-06-01,0,0,0,0,0,False
USE01957,10210,2014-06-02,0,2,0,0,0,False
USE01958,10210,2014-06-03,3,2,0,0,0,True
USE01959,10210,2014-06-04,0,2,0,0,0,False
USE01960,10210,2014-06-05,0,0,5,0,0,False
USE01961,10210,2014-06-06,0,2,0,0,10,True
USE01962,10210,2014-06-07,0,0,0,0,0,False
USE01963,10210,2014-06-08,0,0,1,2,0,True
USE01964,10210,2014-06-09,6,1,5,0,0,True
USE01965,10210,2014-06-10,3,4,5,3,0,True
USE01966,10210,2014-06-11,0,2,0,0,7,True
USE01967,10210,2014-06-12,4,2,4,9,0,True
USE01968,10210,2014-06-13,0,3,6,0,7,True
USE01969,10210,2014-06-14,3,0,0,0,0,False
USE01970,10210,2014-06-15,0,0,0,1,0,False
USE01971,10210,2014-06-16,5,0,8,0,0,True
USE01972,10210,2014-06-17,6,3,3,4,0,True
USE01973,10210,2014-06-18,4,4,0,0,13,True
USE01974,10210,2014-06-19,2,1,0,0,0,True
USE01975,10210,2014-06-20,0,0,0,6,0,False
USE01976,10210,2014-06-21,0,0,0,0,0,False
USE01977,10210,2014-06-22,0,0,0,0,0,False
USE01978,10210,2014-06-23,0,0,5,0,7,True
USE01979,10210,2014-06-24,3,5,4,0,0,True
USE01980,10210,2014-06-25,0,1,8,0,11,True
USE01981,10154,2013-07-08,0,0,0,0,0,False
USE01982,10154,2013-07-09,0,0,0,0,0,False
USE01983,10154,2013-07-10,0,0,0,0,0,False
USE01984,10154,2013-07-11,0,0,0,0,0,False
USE01985,10154,2013-07-12,2,0,0,0,0,False
USE01986,10154,2013-07-13,0,0,0,0,0,False
USE01987,10154,2013-07-14,0,0,0,0,0,False
USE01988,10154,2013-07-15,0,1,0,0,5,True
USE01989,10154,2013-07-16,0,3,3,0,0,True
USE01990,10154,2013-07-17,5,1,0,0,5,True
USE01991,10154,2013-07-18,0,3,0,0,0,False
USE01992,10154,2013-07-19,3,3,0,0,0,True
USE01993,10154,2013-07-20,0,0,0,0,0,False
USE01994,10154,2013-07-21,0,0,0,0,0,False
USE01995,10154,2013-07-22,0,0,9,0,0,False
USE01996,10154,2013-07-23,5,0,3,0,0,True
USE01997,10154,2013-07-24,1,0,0,0,0,False
USE01998,10154,2013-07-25,0,0,0,0,6,False
USE01999,10154,2013-07-26,0,8,3,1,7,True
USE02000,10154,2013-07-27,0,0,1,0,0,False
USE02001,10154,2013-07-28,0,0,0,0,0,False
USE02002,10154,2013-07-29,0,0,1,0,0,False
USE02003,10154,2013-07-30,0,4,6,0,0,True
USE02004,10154,2013-07-31,0,4,5,0,0,True
USE02005,10154,2013-08-01,0,5,5,0,7,True
USE02006,10154,2013-08-02,11,3,2,0,0,True
USE02007,10154,2013-08-03,0,0,0,0,0,False
USE02008,10154,2013-08-04,0,0,0,0,0,False
USE02009,10154,2013-08-05,14,4,0,0,11,True
USE02010,10154,2013-08-06,6,6,5,0,9,True
USE02011,10154,2013-08-07,3,5,0,0,7,True
USE02012,10154,2013-08-08,4,4,8,6,0,True
USE02013,10154,2013-08-09,0,6,0,0,8,True
USE02014,10154,2013-08-10,1,0,1,0,0,True
USE02015,10154,2013-08-11,0,0,0,0,3,False
USE02016,10154,2013-08-12,7,5,2,0,7,True
USE02017,10154,2013-08-13,6,4,3,4,5,True
USE02018,10154,2013-08-14,0,0,4,4,0,True
USE02019,10154,2013-08-15,5,2,5,9,9,True
USE02020,10154,2013-08-16,15,0,0,0,0,False
USE02021,10154,2013-08-17,0,2,2,0,0,True
USE02022,10154,2013-08-18,0,0,0,3,0,False
USE02023,10154,2013-08-19,4,4,4,0,8,True
USE02024,10154,2013-08-20,9,3,0,0,0,True
USE02025,10154,2013-08-21,3,6,0,5,11,True
USE02026,10200,2012-05-14,0,0,0,0,0,False
USE02027,10200,2012-05-15,0,0,0,0,0,False
USE02028,10200,2012-05-16,0,0,0,2,1,True
USE02029,10200,2012-05-17,0,0,0,0,0,False
USE02030,10200,2012-05-18,0,0,0,2,0,False
USE02031,10200,2012-05-19,0,0,0,0,0,False
USE02032,10200,2012-05-20,0,0,0,0,0,False
USE02033,10200,2012-05-21,0,0,0,0,2,False
USE02034,10200,2012-05-22,0,0,0,0,0,False
USE02035,10200,2012-05-23,2,0,0,0,0,False
USE02036,10200,2012-05-24,2,0,0,0,0,False
USE02037,10200,2012-05-25,0,0,0,0,0,False
USE02038,10200,2012-05-26,0,0,0,0,0,False
USE02039,10200,2012-05-27,0,0,0,0,0,False
USE02040,10200,2012-05-28,3,0,0,0,0,False
USE02041,10200,2012-05-29,3,0,0,0,0,False
USE02042,10200,2012-05-30,0,0,0,1,2,True
USE02043,10200,2012-05-31,0,0,0,3,0,False
USE02044,10200,2012-06-01,0,0,0,0,6,False
USE02045,10200,2012-06-02,0,0,0,0,0,False
USE02046,10200,2012-06-03,0,0,0,1,0,False
USE02047,10200,2012-06-04,7,0,0,0,10,True
USE02048,10200,2012-06-05,0,0,0,3,6,True
USE02049,10200,2012-06-06,3,0,5,0,5,True
USE02050,10200,2012-06-07,0,1,0,4,3,True
USE02051,10200,2012-06-08,4,3,0,0,4,True
USE02052,10200,2012-06-09,0,0,0,0,0,False
USE02053,10200,2012-06-10,0,0,0,0,0,False
USE02054,10200,2012-06-11,0,0,0,0,12,False
USE02055,10200,2012-06-12,0,3,0,3,0,True
USE02056,10200,2012-06-13,11,0,8,4,8,True
USE02057,10200,2012-06-14,9,0,0,7,9,True
USE02058,10200,2012-06-15,8,3,0,5,0,True
USE02059,10200,2012-06-16,0,0,0,0,0,False
USE02060,10200,2012-06-17,3,0,0,0,0,False
USE02061,10200,2012-06-18,12,0,0,0,7,True
USE02062,10200,2012-06-19,0,0,0,0,0,False
USE02063,10200,2012-06-20,4,0,0,0,0,False
USE02064,10200,2012-06-21,0,0,0,4,12,True
USE02065,10200,2012-06-22,8,0,0,0,7,True
USE02066,10200,2012-06-23,0,0,0,1,0,False
USE02067,10200,2012-06-24,0,0,0,0,0,False
USE02068,10200,2012-06-25,0,0,0,7,9,True
USE02069,10200,2012-06-26,12,0,0,8,0,True
USE02070,10200,2012-06-27,5,0,0,11,11,True
USE02071,10240,2011-06-27,0,0,0,0,0,False
USE02072,10240,2011-06-28,0,0,0,0,0,False
USE02073,10240,2011-06-29,0,0,0,0,0,False
USE02074,10240,2011-06-30,0,0,0,0,0,False
USE02075,10240,2011-07-01,0,2,0,0,3,True
USE02076,10240,2011-07-02,1,0,0,0,0,False
USE02077,10240,2011-07-03,0,0,0,0,0,False
USE02078,10240,2011-07-04,7,0,0,0,0,False
USE02079,10240,2011-07-05,0,0,1,0,0,False
USE02080,10240,2011-07-06,2,0,0,2,0,True
USE02081,10240,2011-07-07,4,0,2,0,5,True
USE02082,10240,2011-07-08,4,2,0,0,0,True
USE02083,10240,2011-07-09,0,0,1,0,0,False
USE02084,10240,2011-07-10,0,0,0,0,0,False
USE02085,10240,2011-07-11,3,3,0,0,0,True
USE02086,10240,2011-07-12,2,0,4,0,0,True
USE02087,10240,2011-07-13,2,0,1,0,5,True
USE02088,10240,2011-07-14,0,0,3,4,9,True
USE02089,10240,2011-07-15,5,2,3,0,4,True
USE02090,10240,2011-07-16,0,0,0,0,2,False
USE02091,10240,2011-07-17,0,0,0,0,3,False
USE02092,10240,2011-07-18,0,5,0,0,0,False
USE02093,10240,2011-07-19,0,0,5,0,7,True
USE02094,10240,2011-07-20,0,0,4,4,0,True
USE02095,10240,2011-07-21,0,0,0,0,8,False
USE02096,10240,2011-07-22,4,0,5,0,0,True
USE02097,10240,2011-07-23,0,0,4,0,0,False
USE02098,10240,2011-07-24,0,0,0,2,0,False
USE02099,10240,2011-07-25,8,4,7,2,6,True
USE02100,10240,2011-07-26,6,1,8,0,0,True
USE02101,10240,2011-07-27,8,6,1,0,10,True
USE02102,10240,2011-07-28,7,0,3,0,0,True
USE02103,10240,2011-07-29,0,0,0,0,0,False
USE02104,10240,2011-07-30,1,0,0,0,0,False
USE02105,10240,2011-07-31,0,1,1,0,0,True
USE02106,10240,2011-08-01,10,3,8,3,0,True
USE02107,10240,2011-08-02,8,6,4,0,11,True
USE02108,10240,2011-08-03,5,3,0,0,0,True
USE02109,10240,2011-08-04,0,1,5,5,0,True
USE02110,10240,2011-08-05,6,0,0,3,10,True
USE02111,10240,2011-08-06,0,0,0,0,0,False
USE02112,10240,2011-08-07,1,1,3,0,0,True
USE02113,10240,2011-08-08,5,0,11,0,5,True
USE02114,10240,2011-08-09,7,0,7,4,10,True
USE02115,10240,2011-08-10,6,5,5,0,0,True
USE02116,10168,2011-10-03,0,0,0,0,0,False
USE02117,10168,2011-10-04,1,0,3,0,0,True
USE02118,10168,2011-10-05,0,0,0,0,0,False
USE02119,10168,2011-10-06,0,0,0,0,0,False
USE02120,10168,2011-10-07,0,0,0,0,1,False
USE02121,10168,2011-10-08,0,0,0,0,0,False
USE02122,10168,2011-10-09,0,0,0,2,2,True
USE02123,10168,2011-10-10,0,2,5,0,2,True
USE02124,10168,2011-10-11,2,0,0,0,0,False
USE02125,10168,2011-10-12,0,0,0,0,0,False
USE02126,10168,2011-10-13,0,0,1,0,0,False
USE02127,10168,2011-10-14,2,0,1,0,2,True
USE02128,10168,2011-10-15,0,0,0,0,0,False
USE02129,10168,2011-10-16,0,0,0,0,0,False
USE02130,10168,2011-10-17,4,0,1,0,2,True
USE02131,10168,2011-10-18,4,5,0,2,8,True
USE02132,10168,2011-10-19,0,2,0,0,0,False
USE02133,10168,2011-10-20,0,2,0,2,1,True
USE02134,10168,2011-10-21,0,1,2,0,4,True
USE02135,10168,2011-10-22,0,0,0,0,0,False
USE02136,10168,2011-10-23,0,1,0,0,0,False
USE02137,10168,2011-10-24,7,0,7,0,0,True
USE02138,10168,2011-10-25,2,2,5,0,0,True
USE02139,10168,2011-10-26,0,1,1,0,5,True
USE02140,10168,2011-10-27,10,7,2,0,0,True
USE02141,10168,2011-10-28,7,0,8,0,0,True
USE02142,10168,2011-10-29,0,0,0,0,0,False
USE02143,10168,2011-10-30,0,0,2,0,0,False
USE02144,10168,2011-10-31,6,1,3,7,0,True
USE02145,10168,2011-11-01,8,4,4,0,0,True
USE02146,10168,2011-11-02,8,6,1,8,0,True
USE02147,10168,2011-11-03,8,2,5,5,0,True
USE02148,10168,2011-11-04,0,0,2,0,0,False
USE02149,10168,2011-11-05,0,1,0,0,1,True
USE02150,10168,2011-11-06,4,0,0,0,5,True
USE02151,10168,2011-11-07,0,4,4,0,6,True
USE02152,10168,2011-11-08,5,0,8,0,0,True
USE02153,10168,2011-11-09,6,7,5,0,0,True
USE02154,10168,2011-11-10,0,1,7,0,0,True
USE02155,10168,2011-11-11,11,4,6,0,13,True
USE02156,10168,2011-11-12,0,0,0,0,0,False
USE02157,10168,2011-11-13,0,3,0,0,0,False
USE02158,10168,2011-11-14,8,3,5,0,0,True
USE02159,10168,2011-11-15,10,6,5,0,0,True
USE02160,10168,2011-11-16,0,0,8,0,0,False
USE02161,10220,2012-09-05,0,0,0,0,0,False
USE02162,10220,2012-09-06,0,0,0,0,0,False
USE02163,10220,2012-09-07,0,0,0,0,0,False
USE02164,10220,2012-09-08,0,0,0,0,0,False
USE02165,10220,2012-09-09,1,0,0,0,0,False
USE02166,10220,2012-09-10,0,0,2,0,3,True
USE02167,10220,2012-09-11,0,0,0,0,0,False
USE02168,10220,2012-09-12,0,0,0,0,0,False
USE02169,10220,2012-09-13,0,0,0,0,0,False
USE02170,10220,2012-09-14,0,0,2,0,0,False
USE02171,10220,2012-09-15,0,0,0,0,0,False
USE02172,10220,2012-09-16,0,0,0,0,0,False
USE02173,10220,2012-09-17,7,3,0,0,0,True
USE02174,10220,2012-09-18,0,1,0,0,6,True
USE02175,10220,2012-09-19,0,2,1,0,0,True
USE02176,10220,2012-09-20,0,4,4,0,2,True
USE02177,10220,2012-09-21,3,0,4,0,6,True
USE02178,10220,2012-09-22,0,0,0,0,0,False
USE02179,10220,2012-09-23,0,0,0,2,2,True
USE02180,10220,2012-09-24,3,0,1,0,4,True
USE02181,10220,2012-09-25,0,2,0,4,0,True
USE02182,10220,2012-09-26,2,7,0,4,0,True
USE02183,10220,2012-09-27,0,1,1,0,5,True
USE02184,10220,2012-09-28,3,0,0,0,0,False
USE02185,10220,2012-09-29,0,1,0,0,0,False
USE02186,10220,2012-09-30,0,0,1,0,0,False
USE02187,10220,2012-10-01,6,4,6,0,5,True
USE02188,10220,2012-10-02,5,3,0,0,6,True
USE02189,10220,2012-10-03,4,2,3,0,0,True
USE02190,10220,2012-10-04,7,3,7,0,0,True
USE02191,10220,2012-10-05,0,6,5,0,0,True
USE02192,10220,2012-10-06,0,0,0,0,0,False
USE02193,10220,2012-10-07,0,0,0,0,3,False
USE02194,10220,2012-10-08,8,2,5,0,0,True
USE02195,10220,2012-10-09,6,0,6,0,0,True
USE02196,10220,2012-10-10,3,0,8,0,0,True
USE02197,10220,2012-10-11,8,2,0,0,0,True
USE02198,10220,2012-10-12,10,5,4,0,0,True
USE02199,10220,2012-10-13,0,0,1,0,0,False
USE02200,10220,2012-10-14,0,0,0,0,4,False
USE02201,10220,2012-10-15,4,2,7,4,6,True
USE02202,10220,2012-10-16,0,0,7,0,0,False
USE02203,10220,2012-10-17,8,5,9,0,0,True
USE02204,10220,2012-10-18,4,3,2,0,9,True
USE02205,10220,2012-10-19,7,3,3,0,0,True
USE02206,10275,2011-05-16,0,0,0,0,0,False
USE02207,10275,2011-05-17,0,0,0,0,0,False
USE02208,10275,2011-05-18,0,0,1,0,0,False
USE02209,10275,2011-05-19,0,0,0,0,0,False
USE02210,10275,2011-05-20,2,0,0,0,0,False
USE02211,10275,2011-05-21,0,0,0,0,0,False
USE02212,10275,2011-05-22,0,0,0,0,0,False
USE02213,10275,2011-05-23,2,0,0,0,0,False
USE02214,10275,2011-05-24,0,4,0,0,0,False
USE02215,10275,2011-05-25,0,0,0,0,5,False
USE02216,10275,2011-05-26,7,0,1,0,0,True
USE02217,10275,2011-05-27,5,1,4,0,0,True
USE02218,10275,2011-05-28,0,0,0,0,0,False
USE02219,10275,2011-05-29,0,0,0,1,0,False
USE02220,10275,2011-05-30,0,0,0,0,5,False
USE02221,10275,2011-05-31,4,0,4,0,4,True
USE02222,10275,2011-06-01,7,1,3,0,0,True
USE02223,10275,2011-06-02,2,0,0,0,0,False
USE02224,10275,2011-06-03,0,2,0,0,0,False
USE02225,10275,2011-06-04,0,0,1,3,0,True
USE02226,10275,2011-06-05,0,0,0,0,0,False
USE02227,10275,2011-06-06,8,2,3,0,0,True
USE02228,10275,2011-06-07,0,0,0,0,0,False
USE02229,10275,2011-06-08,6,0,5,0,0,True
USE02230,10275,2011-06-09,1,7,8,0,6,True
USE02231,10275,2011-06-10,9,2,1,0,0,True
USE02232,10275,2011-06-11,0,0,0,0,0,False
USE02233,10275,2011-06-12,0,0,0,2,0,False
USE02234,10275,2011-06-13,4,3,0,0,0,True
USE02235,10275,2011-06-14,11,0,2,0,2,True
USE02236,10275,2011-06-15,0,3,5,4,5,True
USE02237,10275,2011-06-16,6,2,9,1,0,True
USE02238,10275,2011-06-17,0,3,0,2,11,True
USE02239,10275,2011-06-18,0,0,0,3,3,True
USE02240,10275,2011-06-19,0,0,0,1,0,False
USE02241,10275,2011-06-20,10,0,7,0,7,True
USE02242,10275,2011-06-21,10,6,5,0,0,True
USE02243,10275,2011-06-22,0,6,3,0,8,True
USE02244,10275,2011-06-23,6,2,0,0,7,True
USE02245,10275,2011-06-24,4,4,4,5,8,True
USE02246,10275,2011-06-25,0,0,3,0,0,False
USE02247,10275,2011-06-26,0,0,0,0,2,False
USE02248,10275,2011-06-27,6,2,4,1,8,True
USE02249,10275,2011-06-28,8,7,8,0,7,True
USE02250,10275,2011-06-29,3,0,8,0,10,True
USE02251,10269,2010-08-30,0,0,0,0,0,False
USE02252,10269,2010-08-31,2,0,0,0,2,True
USE02253,10269,2010-09-01,3,0,0,0,0,False
USE02254,10269,2010-09-02,0,0,0,2,0,False
USE02255,10269,2010-09-03,0,0,2,0,5,True
USE02256,10269,2010-09-04,0,0,0,0,0,False
USE02257,10269,2010-09-05,0,0,0,0,0,False
USE02258,10269,2010-09-06,2,0,0,0,0,False
USE02259,10269,2010-09-07,3,0,0,0,0,False
USE02260,10269,2010-09-08,0,2,0,0,0,False
USE02261,10269,2010-09-09,5,0,0,0,1,True
USE02262,10269,2010-09-10,0,2,3,0,0,True
USE02263,10269,2010-09-11,0,0,0,0,0,False
USE02264,10269,2010-09-12,0,0,0,1,0,False
USE02265,10269,2010-09-13,7,0,0,0,0,False
USE02266,10269,2010-09-14,0,3,0,2,0,True
USE02267,10269,2010-09-15,4,0,0,0,0,False
USE02268,10269,2010-09-16,0,3,0,0,0,False
USE02269,10269,2010-09-17,0,4,3,0,0,True
USE02270,10269,2010-09-18,0,0,0,0,0,False
USE02271,10269,2010-09-19,0,0,0,0,0,False
USE02272,10269,2010-09-20,0,5,0,0,9,True
USE02273,10269,2010-09-21,9,3,6,0,7,True
USE02274,10269,2010-09-22,0,0,4,0,3,True
USE02275,10269,2010-09-23,0,5,0,0,0,False
USE02276,10269,2010-09-24,1,5,4,0,0,True
USE02277,10269,2010-09-25,0,0,0,0,0,False
USE02278,10269,2010-09-26,2,0,2,0,0,True
USE02279,10269,2010-09-27,6,0,4,0,0,True
USE02280,10269,2010-09-28,12,3,11,0,7,True
USE02281,10269,2010-09-29,7,4,7,0,8,True
USE02282,10269,2010-09-30,4,2,6,0,5,True
USE02283,10269,2010-10-01,10,5,0,0,8,True
USE02284,10269,2010-10-02,0,0,2,0,0,False
USE02285,10269,2010-10-03,0,0,1,0,0,False
USE02286,10269,2010-10-04,0,4,3,0,0,True
USE02287,10269,2010-10-05,7,4,0,0,4,True
USE02288,10269,2010-10-06,11,3,1,6,0,True
USE02289,10269,2010-10-07,11,0,4,3,15,True
USE02290,10269,2010-10-08,12,4,0,7,7,True
USE02291,10269,2010-10-09,0,3,0,0,0,False
USE02292,10269,2010-10-10,1,0,3,1,0,True
USE02293,10269,2010-10-11,8,3,2,0,6,True
USE02294,10269,2010-10-12,0,4,8,0,0,True
USE02295,10269,2010-10-13,4,5,5,4,4,True
USE02296,10029,2016-07-06,0,0,0,0,3,False
USE02297,10029,2016-07-07,0,0,1,0,0,False
USE02298,10029,2016-07-08,0,0,0,0,5,False
USE02299,10029,2016-07-09,0,0,0,0,0,False
USE02300,10029,2016-07-10,0,0,0,0,0,False
USE02301,10029,2016-07-11,4,0,0,0,0,False
USE02302,10029,2016-07-12,4,0,0,0,5,True
USE02303,10029,2016-07-13,0,0,0,0,0,False
USE02304,10029,2016-07-14,0,0,0,2,0,False
USE02305,10029,2016-07-15,0,1,3,0,2,True
USE02306,10029,2016-07-16,0,1,0,0,0,False
USE02307,10029,2016-07-17,0,0,0,0,0,False
USE02308,10029,2016-07-18,0,4,5,0,5,True
USE02309,10029,2016-07-19,0,3,1,3,7,True
USE02310,10029,2016-07-20,7,1,0,0,0,True
USE02311,10029,2016-07-21,6,0,2,0,0,True
USE02312,10029,2016-07-22,5,5,3,2,0,True
USE02313,10029,2016-07-23,0,0,0,0,0,False
USE02314,10029,2016-07-24,0,0,0,0,0,False
USE02315,10029,2016-07-25,0,2,0,0,5,True
USE02316,10029,2016-07-26,0,2,0,0,5,True
USE02317,10029,2016-07-27,0,0,4,6,0,True
USE02318,10029,2016-07-28,4,0,0,0,6,True
USE02319,10029,2016-07-29,0,7,1,0,5,True
USE02320,10029,2016-07-30,0,0,0,0,0,False
USE02321,10029,2016-07-31,0,0,2,0,0,False
USE02322,10029,2016-08-01,3,6,4,0,6,True
USE02323,10029,2016-08-02,4,3,3,0,5,True
USE02324,10029,2016-08-03,5,5,0,0,0,True
USE02325,10029,2016-08-04,0,3,2,0,8,True
USE02326,10029,2016-08-05,7,2,0,0,0,True
USE02327,10029,2016-08-06,0,0,1,0,0,False
USE02328,10029,2016-08-07,0,0,0,0,2,False
USE02329,10029,2016-08-08,6,4,7,0,0,True
USE02330,10029,2016-08-09,3,0,0,0,5,True
USE02331,10029,2016-08-10,0,4,5,0,0,True
USE02332,10029,2016-08-11,5,1,0,0,0,True
USE02333,10029,2016-08-12,6,0,6,0,0,True
USE02334,10029,2016-08-13,0,3,3,0,0,True
USE02335,10029,2016-08-14,0,0,0,0,0,False
USE02336,10029,2016-08-15,6,2,3,0,9,True
USE02337,10029,2016-08-16,0,5,8,5,6,True
USE02338,10029,2016-08-17,8,0,6,0,0,True
USE02339,10029,2016-08-18,11,0,8,9,9,True
USE02340,10029,2016-08-19,7,6,3,0,8,True
USE02341,10261,2013-07-08,0,0,0,0,2,False
USE02342,10261,2013-07-09,0,0,0,0,3,False
USE02343,10261,2013-07-10,0,0,0,0,0,False
USE02344,10261,2013-07-11,0,0,0,0,0,False
USE02345,10261,2013-07-12,0,0,0,2,0,False
USE02346,10261,2013-07-13,0,1,0,0,0,False
USE02347,10261,2013-07-14,0,0,0,0,0,False
USE02348,10261,2013-07-15,0,1,0,3,0,True
USE02349,10261,2013-07-16,0,1,2,0,5,True
USE02350,10261,2013-07-17,0,3,0,0,3,True
USE02351,10261,2013-07-18,2,1,3,3,0,True
USE02352,10261,2013-07-19,0,2,0,0,3,True
USE02353,10261,2013-07-20,0,0,0,0,0,False
USE02354,10261,2013-07-21,0,0,0,0,0,False
USE02355,10261,2013-07-22,0,0,7,0,0,False
USE02356,10261,2013-07-23,2,1,2,0,13,True
USE02357,10261,2013-07-24,5,0,0,0,0,False
USE02358,10261,2013-07-25,3,0,2,0,0,True
USE02359,10261,2013-07-26,8,0,4,0,0,True
USE02360,10261,2013-07-27,0,0,0,0,0,False
USE02361,10261,2013-07-28,0,0,0,2,0,False
USE02362,10261,2013-07-29,6,0,0,0,6,True
USE02363,10261,2013-07-30,0,4,0,0,3,True
USE02364,10261,2013-07-31,9,4,0,3,11,True
USE02365,10261,2013-08-01,4,4,2,0,0,True
USE02366,10261,2013-08-02,8,0,0,0,0,False
USE02367,10261,2013-08-03,0,0,1,0,0,False
USE02368,10261,2013-08-04,0,0,0,0,0,False
USE02369,10261,2013-08-05,3,0,8,0,0,True
USE02370,10261,2013-08-06,9,1,3,4,10,True
USE02371,10261,2013-08-07,6,2,5,0,0,True
USE02372,10261,2013-08-08,10,0,6,0,9,True
USE02373,10261,2013-08-09,0,7,6,0,0,True
USE02374,10261,2013-08-10,2,0,0,0,0,False
USE02375,10261,2013-08-11,4,0,0,0,0,False
USE02376,10261,2013-08-12,10,7,7,0,11,True
USE02377,10261,2013-08-13,5,0,9,6,0,True
USE02378,10261,2013-08-14,8,0,5,0,0,True
USE02379,10261,2013-08-15,6,3,0,6,5,True
USE02380,10261,2013-08-16,0,6,5,0,8,True
USE02381,10261,2013-08-17,0,2,2,0,0,True
USE02382,10261,2013-08-18,4,0,0,0,0,False
USE02383,10261,2013-08-19,0,3,1,0,8,True
USE02384,10261,2013-08-20,0,3,3,0,0,True
USE02385,10261,2013-08-21,10,3,1,0,6,True
USE02386,10292,2011-07-11,0,0,0,0,0,False
USE02387,10292,2011-07-12,0,0,0,0,5,False
USE02388,10292,2011-07-13,0,1,0,0,0,False
USE02389,10292,2011-07-14,0,0,0,0,0,False
USE02390,10292,2011-07-15,0,0,0,0,0,False
USE02391,10292,2011-07-16,0,0,0,0,0,False
USE02392,10292,2011-07-17,0,0,0,0,0,False
USE02393,10292,2011-07-18,0,2,0,0,0,False
USE02394,10292,2011-07-19,0,1,0,0,2,True
USE02395,10292,2011-07-20,3,0,0,1,0,True
USE02396,10292,2011-07-21,0,2,5,0,4,True
USE02397,10292,2011-07-22,0,5,1,0,0,True
USE02398,10292,2011-07-23,0,0,0,0,0,False
USE02399,10292,2011-07-24,3,0,0,0,0,False
USE02400,10292,2011-07-25,0,0,0,3,0,False
USE02401,10292,2011-07-26,5,3,0,1,0,True
USE02402,10292,2011-07-27,4,0,0,0,0,False
USE02403,10292,2011-07-28,3,0,0,0,0,False
USE02404,10292,2011-07-29,5,3,5,0,0,True
USE02405,10292,2011-07-30,0,0,0,0,0,False
USE02406,10292,2011-07-31,0,0,0,0,0,False
USE02407,10292,2011-08-01,0,3,5,0,0,True
USE02408,10292,2011-08-02,4,0,1,0,5,True
USE02409,10292,2011-08-03,7,2,3,0,0,True
USE02410,10292,2011-08-04,5,5,0,0,0,True
USE02411,10292,2011-08-05,3,5,0,0,0,True
USE02412,10292,2011-08-06,0,0,0,0,0,False
USE02413,10292,2011-08-07,2,4,0,0,0,True
USE02414,10292,2011-08-08,0,0,0,0,0,False
USE02415,10292,2011-08-09,0,3,7,0,0,True
USE02416,10292,2011-08-10,6,7,6,0,0,True
USE02417,10292,2011-08-11,0,3,0,0,0,False
USE02418,10292,2011-08-12,10,3,7,0,0,True
USE02419,10292,2011-08-13,0,0,0,0,0,False
USE02420,10292,2011-08-14,0,1,0,0,0,False
USE02421,10292,2011-08-15,6,3,7,4,10,True
USE02422,10292,2011-08-16,7,8,7,0,9,True
USE02423,10292,2011-08-17,9,0,6,0,0,True
USE02424,10292,2011-08-18,3,3,2,0,0,True
USE02425,10292,2011-08-19,0,4,3,0,0,True
USE02426,10292,2011-08-20,0,0,0,0,0,False
USE02427,10292,2011-08-21,0,0,0,0,0,False
USE02428,10292,2011-08-22,2,0,4,0,0,True
USE02429,10292,2011-08-23,0,4,6,0,0,True
USE02430,10292,2011-08-24,7,3,0,0,0,True
USE02431,10282,2010-07-20,0,0,0,0,0,False
USE02432,10282,2010-07-21,0,0,0,0,0,False
USE02433,10282,2010-07-22,0,0,0,0,0,False
USE02434,10282,2010-07-23,0,0,0,0,0,False
USE02435,10282,2010-07-24,0,0,0,0,1,False
USE02436,10282,2010-07-25,0,0,0,0,0,False
USE02437,10282,2010-07-26,2,0,0,0,0,False
USE02438,10282,2010-07-27,0,3,0,0,0,False
USE02439,10282,2010-07-28,0,0,0,0,2,False
USE02440,10282,2010-07-29,0,2,0,0,0,False
USE02441,10282,2010-07-30,0,0,0,0,3,False
USE02442,10282,2010-07-31,0,0,0,0,0,False
USE02443,10282,2010-08-01,0,0,0,0,0,False
USE02444,10282,2010-08-02,5,0,0,0,3,True
USE02445,10282,2010-08-03,0,0,0,0,0,False
USE02446,10282,2010-08-04,4,3,0,0,4,True
USE02447,10282,2010-08-05,5,7,0,0,0,True
USE02448,10282,2010-08-06,0,0,0,0,6,False
USE02449,10282,2010-08-07,0,0,0,0,0,False
USE02450,10282,2010-08-08,0,0,0,1,0,False
USE02451,10282,2010-08-09,0,1,0,0,0,False
USE02452,10282,2010-08-10,0,0,0,0,0,False
USE02453,10282,2010-08-11,0,3,0,4,0,True
USE02454,10282,2010-08-12,10,0,0,2,0,True
USE02455,10282,2010-08-13,0,0,0,0,14,False
USE02456,10282,2010-08-14,0,0,0,0,0,False
USE02457,10282,2010-08-15,3,0,0,0,0,False
USE02458,10282,2010-08-16,0,0,0,4,10,True
USE02459,10282,2010-08-17,0,0,7,8,9,True
USE02460,10282,2010-08-18,10,0,0,5,4,True
USE02461,10282,2010-08-19,0,0,0,0,6,False
USE02462,10282,2010-08-20,0,3,0,6,18,True
USE02463,10282,2010-08-21,0,0,0,0,0,False
USE02464,10282,2010-08-22,4,0,0,0,6,True
USE02465,10282,2010-08-23,8,1,0,6,11,True
USE02466,10282,2010-08-24,0,4,0,0,0,False
USE02467,10282,2010-08-25,9,0,0,0,0,False
USE02468,10282,2010-08-26,8,4,0,2,9,True
USE02469,10282,2010-08-27,0,0,0,0,7,False
USE02470,10282,2010-08-28,0,0,0,0,0,False
USE02471,10282,2010-08-29,0,1,0,1,0,True
USE02472,10282,2010-08-30,4,0,0,0,8,True
USE02473,10282,2010-08-31,0,3,0,2,9,True
USE02474,10282,2010-09-01,11,0,0,6,0,True
USE02475,10282,2010-09-02,6,0,0,0,6,True
USE02476,10019,2009-01-05,0,0,0,0,0,False
USE02477,10019,2009-01-06,1,0,0,0,0,False
USE02478,10019,2009-01-07,0,0,0,0,0,False
USE02479,10019,2009-01-08,0,0,0,0,0,False
USE02480,10019,2009-01-09,0,0,0,0,0,False
USE02481,10019,2009-01-10,0,0,0,0,0,False
USE02482,10019,2009-01-11,0,0,0,0,0,False
USE02483,10019,2009-01-12,0,0,0,0,0,False
USE02484,10019,2009-01-13,1,0,0,0,0,False
USE02485,10019,2009-01-14,0,0,0,0,3,False
USE02486,10019,2009-01-15,0,0,0,0,0,False
USE02487,10019,2009-01-16,4,0,0,0,3,True
USE02488,10019,2009-01-17,1,0,0,0,0,False
USE02489,10019,2009-01-18,0,0,0,0,2,False
USE02490,10019,2009-01-19,0,0,0,0,0,False
USE02491,10019,2009-01-20,7,0,0,0,0,False
USE02492,10019,2009-01-21,5,0,0,0,0,False
USE02493,10019,2009-01-22,0,0,0,0,0,False
USE02494,10019,2009-01-23,0,2,0,0,4,True
USE02495,10019,2009-01-24,3,0,0,0,0,False
USE02496,10019,2009-01-25,0,0,0,0,2,False
USE02497,10019,2009-01-26,0,0,4,0,6,True
USE02498,10019,2009-01-27,0,0,0,0,0,False
USE02499,10019,2009-01-28,6,0,0,4,0,True
USE02500,10019,2009-01-29,0,4,0,0,0,False
USE02501,10019,2009-01-30,0,8,0,0,11,True
USE02502,10019,2009-01-31,0,0,0,0,0,False
USE02503,10019,2009-02-01,0,0,0,0,4,False
USE02504,10019,2009-02-02,0,4,0,0,7,True
USE02505,10019,2009-02-03,10,2,0,6,11,True
USE02506,10019,2009-02-04,4,4,0,8,9,True
USE02507,10019,2009-02-05,0,0,0,0,8,False
USE02508,10019,2009-02-06,0,3,0,4,6,True
USE02509,10019,2009-02-07,2,0,0,0,0,False
USE02510,10019,2009-02-08,0,0,0,0,4,False
USE02511,10019,2009-02-09,0,4,0,5,8,True
USE02512,10019,2009-02-10,8,6,0,4,4,True
USE02513,10019,2009-02-11,8,10,10,7,5,True
USE02514,10019,2009-02-12,0,11,0,0,0,False
USE02515,10019,2009-02-13,6,7,0,7,12,True
USE02516,10019,2009-02-14,0,0,0,0,0,False
USE02517,10019,2009-02-15,0,0,0,2,0,False
USE02518,10019,2009-02-16,7,0,0,7,12,True
USE02519,10019,2009-02-17,0,0,0,0,7,False
USE02520,10019,2009-02-18,5,0,0,7,0,True
USE02521,10094,2015-01-05,0,0,0,0,0,False
USE02522,10094,2015-01-06,0,0,0,0,0,False
USE02523,10094,2015-01-07,0,0,0,0,0,False
USE02524,10094,2015-01-08,1,1,1,0,0,True
USE02525,10094,2015-01-09,0,0,0,0,0,False
USE02526,10094,2015-01-10,0,0,0,0,0,False
USE02527,10094,2015-01-11,0,0,0,0,0,False
USE02528,10094,2015-01-12,1,0,1,0,0,True
USE02529,10094,2015-01-13,2,0,0,0,0,False
USE02530,10094,2015-01-14,0,0,0,0,0,False
USE02531,10094,2015-01-15,0,0,0,0,0,False
USE02532,10094,2015-01-16,4,0,2,2,4,True
USE02533,10094,2015-01-17,0,1,0,0,0,False
USE02534,10094,2015-01-18,0,1,0,0,0,False
USE02535,10094,2015-01-19,0,0,0,0,0,False
USE02536,10094,2015-01-20,0,0,0,0,1,False
USE02537,10094,2015-01-21,0,3,5,0,0,True
USE02538,10094,2015-01-22,0,0,2,4,0,True
USE02539,10094,2015-01-23,5,3,3,0,0,True
USE02540,10094,2015-01-24,0,0,0,0,0,False
USE02541,10094,2015-01-25,0,0,0,0,0,False
USE02542,10094,2015-01-26,9,4,0,4,7,True
USE02543,10094,2015-01-27,7,0,2,4,7,True
USE02544,10094,2015-01-28,9,0,3,5,0,True
USE02545,10094,2015-01-29,0,0,3,0,0,False
USE02546,10094,2015-01-30,3,3,5,0,4,True
USE02547,10094,2015-01-31,0,0,0,0,0,False
USE02548,10094,2015-02-01,0,0,0,0,0,False
USE02549,10094,2015-02-02,5,0,0,0,0,False
USE02550,10094,2015-02-03,2,3,0,0,0,True
USE02551,10094,2015-02-04,9,6,3,0,0,True
USE02552,10094,2015-02-05,7,1,8,0,0,True
USE02553,10094,2015-02-06,10,0,4,0,11,True
USE02554,10094,2015-02-07,3,3,0,0,0,True
USE02555,10094,2015-02-08,0,2,2,0,0,True
USE02556,10094,2015-02-09,7,0,6,0,7,True
USE02557,10094,2015-02-10,1,2,4,0,0,True
USE02558,10094,2015-02-11,7,0,5,0,13,True
USE02559,10094,2015-02-12,7,3,5,7,13,True
USE02560,10094,2015-02-13,6,3,0,3,8,True
USE02561,10094,2015-02-14,0,0,0,0,5,False
USE02562,10094,2015-02-15,1,0,0,0,0,False
USE02563,10094,2015-02-16,6,0,0,0,0,False
USE02564,10094,2015-02-17,7,4,0,0,7,True
USE02565,10094,2015-02-18,0,3,7,0,3,True
USE02566,10193,2015-03-30,0,0,0,0,0,False
USE02567,10193,2015-03-31,0,0,0,0,0,False
USE02568,10193,2015-04-01,0,0,1,0,0,False
USE02569,10193,2015-04-02,0,0,0,0,0,False
USE02570,10193,2015-04-03,0,0,3,0,3,True
USE02571,10193,2015-04-04,0,0,0,0,0,False
USE02572,10193,2015-04-05,2,0,0,0,0,False
USE02573,10193,2015-04-06,0,0,2,3,0,True
USE02574,10193,2015-04-07,0,1,0,0,0,False
USE02575,10193,2015-04-08,0,0,3,0,0,False
USE02576,10193,2015-04-09,4,4,0,0,0,True
USE02577,10193,2015-04-10,6,2,0,0,6,True
USE02578,10193,2015-04-11,0,0,1,0,0,False
USE02579,10193,2015-04-12,0,0,0,0,0,False
USE02580,10193,2015-04-13,0,0,0,0,0,False
USE02581,10193,2015-04-14,3,0,0,0,0,False
USE02582,10193,2015-04-15,8,2,0,0,6,True
USE02583,10193,2015-04-16,8,2,0,0,0,True
USE02584,10193,2015-04-17,3,1,6,0,0,True
USE02585,10193,2015-04-18,3,2,0,0,0,True
USE02586,10193,2015-04-19,0,0,1,0,0,False
USE02587,10193,2015-04-20,0,6,0,0,4,True
USE02588,10193,2015-04-21,0,3,4,0,0,True
USE02589,10193,2015-04-22,0,1,1,0,0,True
USE02590,10193,2015-04-23,0,3,0,0,10,True
USE02591,10193,2015-04-24,10,3,0,0,4,True
USE02592,10193,2015-04-25,4,0,0,0,0,False
USE02593,10193,2015-04-26,0,0,0,0,2,False
USE02594,10193,2015-04-27,13,2,3,0,0,True
USE02595,10193,2015-04-28,9,5,5,0,7,True
USE02596,10193,2015-04-29,10,4,5,0,8,True
USE02597,10193,2015-04-30,13,0,0,0,0,False
USE02598,10193,2015-05-01,5,4,4,0,13,True
USE02599,10193,2015-05-02,0,0,1,1,0,True
USE02600,10193,2015-05-03,0,1,0,0,0,False
USE02601,10193,2015-05-04,7,7,7,0,7,True
USE02602,10193,2015-05-05,0,4,5,0,0,True
USE02603,10193,2015-05-06,3,2,6,0,7,True
USE02604,10193,2015-05-07,0,0,6,2,9,True
USE02605,10193,2015-05-08,0,0,5,0,6,True
USE02606,10193,2015-05-09,0,0,0,0,0,False
USE02607,10193,2015-05-10,5,0,0,0,0,False
USE02608,10193,2015-05-11,3,2,0,0,7,True
USE02609,10193,2015-05-12,13,3,1,0,0,True
USE02610,10193,2015-05-13,9,0,4,0,16,True
USE02611,10132,2016-07-06,2,0,0,0,1,True
USE02612,10132,2016-07-07,0,0,0,0,0,False
USE02613,10132,2016-07-08,0,0,0,0,0,False
USE02614,10132,2016-07-09,0,0,0,0,0,False
USE02615,10132,2016-07-10,0,0,0,0,0,False
USE02616,10132,2016-07-11,3,0,0,0,4,True
USE02617,10132,2016-07-12,0,0,0,0,0,False
USE02618,10132,2016-07-13,0,0,0,0,0,False
USE02619,10132,2016-07-14,0,0,4,0,0,False
USE02620,10132,2016-07-15,4,3,0,0,0,True
USE02621,10132,2016-07-16,0,0,0,0,0,False
USE02622,10132,2016-07-17,0,0,0,0,0,False
USE02623,10132,2016-07-18,0,0,4,0,4,True
USE02624,10132,2016-07-19,0,6,0,0,0,False
USE02625,10132,2016-07-20,7,1,4,0,0,True
USE02626,10132,2016-07-21,10,4,0,0,8,True
USE02627,10132,2016-07-22,4,0,5,5,0,True
USE02628,10132,2016-07-23,0,0,0,0,0,False
USE02629,10132,2016-07-24,0,0,2,0,0,False
USE02630,10132,2016-07-25,0,2,6,2,0,True
USE02631,10132,2016-07-26,6,0,3,0,4,True
USE02632,10132,2016-07-27,0,0,5,0,0,False
USE02633,10132,2016-07-28,6,0,3,0,0,True
USE02634,10132,2016-07-29,8,3,1,0,6,True
USE02635,10132,2016-07-30,0,0,0,0,0,False
USE02636,10132,2016-07-31,0,1,0,0,0,False
USE02637,10132,2016-08-01,5,0,0,0,0,False
USE02638,10132,2016-08-02,6,0,0,0,5,True
USE02639,10132,2016-08-03,10,4,0,0,0,True
USE02640,10132,2016-08-04,8,0,4,0,16,True
USE02641,10132,2016-08-05,5,3,5,0,0,True
USE02642,10132,2016-08-06,0,0,0,1,0,False
USE02643,10132,2016-08-07,0,0,0,0,0,False
USE02644,10132,2016-08-08,9,6,4,0,9,True
USE02645,10132,2016-08-09,5,3,0,0,6,True
USE02646,10132,2016-08-10,7,0,3,0,6,True
USE02647,10132,2016-08-11,10,6,4,3,8,True
USE02648,10132,2016-08-12,8,0,0,0,6,True
USE02649,10132,2016-08-13,0,0,0,0,0,False
USE02650,10132,2016-08-14,0,2,0,2,0,True
USE02651,10132,2016-08-15,8,1,4,0,7,True
USE02652,10132,2016-08-16,0,3,0,0,0,False
USE02653,10132,2016-08-17,6,4,5,6,0,True
USE02654,10132,2016-08-18,5,3,5,0,0,True
USE02655,10132,2016-08-19,7,3,12,5,16,True
USE02656,10083,2014-11-10,0,0,3,0,0,False
USE02657,10083,2014-11-11,0,0,0,1,0,False
USE02658,10083,2014-11-12,3,0,0,0,4,True
USE02659,10083,2014-11-13,1,0,0,1,0,True
USE02660,10083,2014-11-14,2,4,0,0,3,True
USE02661,10083,2014-11-15,0,0,0,0,0,False
USE02662,10083,2014-11-16,0,0,0,0,0,False
USE02663,10083,2014-11-17,0,0,0,0,0,False
USE02664,10083,2014-11-18,2,0,0,0,5,True
USE02665,10083,2014-11-19,0,1,0,0,0,False
USE02666,10083,2014-11-20,3,4,0,0,0,True
USE02667,10083,2014-11-21,3,0,0,0,0,False
USE02668,10083,2014-11-22,0,0,0,0,2,False
USE02669,10083,2014-11-23,1,1,0,0,1,True
USE02670,10083,2014-11-24,0,4,3,0,5,True
USE02671,10083,2014-11-25,8,4,3,0,5,True
USE02672,10083,2014-11-26,0,1,0,5,0,True
USE02673,10083,2014-11-27,0,1,0,0,0,False
USE02674,10083,2014-11-28,1,3,5,0,0,True
USE02675,10083,2014-11-29,0,0,0,0,0,False
USE02676,10083,2014-11-30,4,0,0,0,0,False
USE02677,10083,2014-12-01,0,2,0,0,6,True
USE02678,10083,2014-12-02,0,7,7,0,0,True
USE02679,10083,2014-12-03,4,6,6,0,9,True
USE02680,10083,2014-12-04,0,3,5,0,0,True
USE02681,10083,2014-12-05,0,0,0,0,6,False
USE02682,10083,2014-12-06,0,1,0,0,0,False
USE02683,10083,2014-12-07,0,0,0,0,0,False
USE02684,10083,2014-12-08,0,0,0,5,11,True
USE02685,10083,2014-12-09,9,3,4,5,0,True
USE02686,10083,2014-12-10,8,0,6,7,0,True
USE02687,10083,2014-12-11,9,4,6,0,9,True
USE02688,10083,2014-12-12,0,5,3,9,0,True
USE02689,10083,2014-12-13,0,0,0,0,0,False
USE02690,10083,2014-12-14,0,0,0,0,0,False
USE02691,10083,2014-12-15,0,1,2,7,13,True
USE02692,10083,2014-12-16,9,3,4,0,9,True
USE02693,10083,2014-12-17,0,5,1,0,10,True
USE02694,10083,2014-12-18,10,0,7,0,12,True
USE02695,10083,2014-12-19,2,0,8,3,9,True
USE02696,10083,2014-12-20,0,0,0,5,0,False
USE02697,10083,2014-12-21,0,0,0,0,0,False
USE02698,10083,2014-12-22,0,5,0,0,0,False
USE02699,10083,2014-12-23,7,3,0,0,10,True
USE02700,10083,2014-12-24,0,4,6,5,9,True
USE02701,10099,2014-05-05,0,0,0,0,0,False
USE02702,10099,2014-05-06,2,0,0,0,0,False
USE02703,10099,2014-05-07,0,0,0,0,0,False
USE02704,10099,2014-05-08,0,0,0,0,0,False
USE02705,10099,2014-05-09,1,0,0,0,1,True
USE02706,10099,2014-05-10,0,0,0,0,0,False
USE02707,10099,2014-05-11,0,0,0,0,0,False
USE02708,10099,2014-05-12,4,0,0,0,2,True
USE02709,10099,2014-05-13,0,0,0,0,0,False
USE02710,10099,2014-05-14,0,0,0,0,0,False
USE02711,10099,2014-05-15,0,0,1,0,6,True
USE02712,10099,2014-05-16,0,0,0,0,5,False
USE02713,10099,2014-05-17,0,0,0,0,0,False
USE02714,10099,2014-05-18,0,0,0,0,0,False
USE02715,10099,2014-05-19,5,1,0,6,0,True
USE02716,10099,2014-05-20,0,5,0,4,0,True
USE02717,10099,2014-05-21,0,2,0,1,6,True
USE02718,10099,2014-05-22,0,0,0,0,0,False
USE02719,10099,2014-05-23,3,1,4,0,0,True
USE02720,10099,2014-05-24,0,0,0,1,2,True
USE02721,10099,2014-05-25,0,0,0,0,2,False
USE02722,10099,2014-05-26,4,0,0,1,0,True
USE02723,10099,2014-05-27,2,0,0,0,0,False
USE02724,10099,2014-05-28,6,0,0,4,0,True
USE02725,10099,2014-05-29,0,0,0,3,0,False
USE02726,10099,2014-05-30,0,0,0,0,3,False
USE02727,10099,2014-05-31,0,0,0,0,0,False
USE02728,10099,2014-06-01,0,0,0,2,0,False
USE02729,10099,2014-06-02,0,0,5,0,4,True
USE02730,10099,2014-06-03,0,5,0,0,0,False
USE02731,10099,2014-06-04,6,0,0,4,8,True
USE02732,10099,2014-06-05,0,4,0,1,6,True
USE02733,10099,2014-06-06,0,0,0,0,0,False
USE02734,10099,2014-06-07,0,0,0,4,0,False
USE02735,10099,2014-06-08,0,0,0,6,0,False
USE02736,10099,2014-06-09,10,0,0,6,0,True
USE02737,10099,2014-06-10,4,4,0,5,0,True
USE02738,10099,2014-06-11,0,0,0,10,0,False
USE02739,10099,2014-06-12,0,7,0,0,15,True
USE02740,10099,2014-06-13,7,0,0,3,7,True
USE02741,10099,2014-06-14,0,0,0,0,0,False
USE02742,10099,2014-06-15,0,0,0,0,0,False
USE02743,10099,2014-06-16,7,0,0,0,0,False
USE02744,10099,2014-06-17,4,0,0,2,0,True
USE02745,10099,2014-06-18,7,7,0,0,9,True
USE02746,10212,2014-11-10,0,0,0,0,0,False
USE02747,10212,2014-11-11,0,0,0,0,3,False
USE02748,10212,2014-11-12,0,0,0,0,0,False
USE02749,10212,2014-11-13,0,0,0,0,0,False
USE02750,10212,2014-11-14,0,0,0,0,0,False
USE02751,10212,2014-11-15,0,0,0,0,0,False
USE02752,10212,2014-11-16,0,0,0,0,0,False
USE02753,10212,2014-11-17,0,1,0,0,0,False
USE02754,10212,2014-11-18,0,1,0,0,6,True
USE02755,10212,2014-11-19,0,1,0,0,0,False
USE02756,10212,2014-11-20,0,0,0,0,0,False
USE02757,10212,2014-11-21,2,0,0,0,0,False
USE02758,10212,2014-11-22,0,0,0,0,0,False
USE02759,10212,2014-11-23,0,0,0,0,0,False
USE02760,10212,2014-11-24,0,0,3,0,7,True
USE02761,10212,2014-11-25,0,4,3,0,0,True
USE02762,10212,2014-11-26,0,1,2,0,0,True
USE02763,10212,2014-11-27,7,0,0,0,4,True
USE02764,10212,2014-11-28,6,3,0,0,8,True
USE02765,10212,2014-11-29,0,0,0,0,0,False
USE02766,10212,2014-11-30,0,0,3,0,0,False
USE02767,10212,2014-12-01,0,2,0,0,0,False
USE02768,10212,2014-12-02,0,0,3,0,5,True
USE02769,10212,2014-12-03,7,6,7,0,0,True
USE02770,10212,2014-12-04,5,0,3,0,7,True
USE02771,10212,2014-12-05,0,3,0,3,0,True
USE02772,10212,2014-12-06,0,0,0,0,0,False
USE02773,10212,2014-12-07,0,0,5,0,0,False
USE02774,10212,2014-12-08,0,4,3,0,0,True
USE02775,10212,2014-12-09,7,5,0,0,0,True
USE02776,10212,2014-12-10,4,2,7,3,12,True
USE02777,10212,2014-12-11,0,5,11,0,6,True
USE02778,10212,2014-12-12,0,0,3,0,9,True
USE02779,10212,2014-12-13,2,0,1,0,0,True
USE02780,10212,2014-12-14,0,0,0,0,0,False
USE02781,10212,2014-12-15,5,0,5,0,0,True
USE02782,10212,2014-12-16,11,2,3,3,0,True
USE02783,10212,2014-12-17,8,0,9,0,0,True
USE02784,10212,2014-12-18,6,0,0,3,0,True
USE02785,10212,2014-12-19,9,6,5,9,7,True
USE02786,10212,2014-12-20,0,0,0,0,0,False
USE02787,10212,2014-12-21,0,0,0,0,0,False
USE02788,10212,2014-12-22,6,4,5,0,8,True
USE02789,10212,2014-12-23,0,3,5,0,6,True
USE02790,10212,2014-12-24,8,2,2,0,15,True
USE02791,10056,2012-07-02,0,0,0,0,0,False
USE02792,10056,2012-07-03,0,0,0,0,0,False
USE02793,10056,2012-07-04,0,3,3,0,0,True
USE02794,10056,2012-07-05,0,2,2,0,0,True
USE02795,10056,2012-07-06,0,2,1,0,0,True
USE02796,10056,2012-07-07,0,0,0,0,0,False
USE02797,10056,2012-07-08,0,1,0,1,0,True
USE02798,10056,2012-07-09,2,0,0,0,0,False
USE02799,10056,2012-07-10,0,0,0,0,0,False
USE02800,10056,2012-07-11,0,2,0,0,0,False
USE02801,10056,2012-07-12,0,0,5,0,0,False
USE02802,10056,2012-07-13,5,3,3,2,0,True
USE02803,10056,2012-07-14,0,0,0,0,0,False
USE02804,10056,2012-07-15,0,1,0,0,0,False
USE02805,10056,2012-07-16,4,1,0,0,4,True
USE02806,10056,2012-07-17,5,0,6,0,2,True
USE02807,10056,2012-07-18,2,4,4,0,0,True
USE02808,10056,2012-07-19,8,0,0,0,9,True
USE02809,10056,2012-07-20,0,1,1,0,0,True
USE02810,10056,2012-07-21,0,0,0,0,0,False
USE02811,10056,2012-07-22,0,0,0,0,0,False
USE02812,10056,2012-07-23,0,0,0,0,0,False
USE02813,10056,2012-07-24,2,0,4,6,6,True
USE02814,10056,2012-07-25,6,0,5,0,0,True
USE02815,10056,2012-07-26,2,1,4,0,8,True
USE02816,10056,2012-07-27,7,0,5,0,0,True
USE02817,10056,2012-07-28,4,0,0,0,0,False
USE02818,10056,2012-07-29,0,0,0,0,0,False
USE02819,10056,2012-07-30,0,3,9,0,11,True
USE02820,10056,2012-07-31,6,3,3,0,9,True
USE02821,10056,2012-08-01,5,6,5,6,11,True
USE02822,10056,2012-08-02,9,6,4,3,0,True
USE02823,10056,2012-08-03,9,6,8,0,9,True
USE02824,10056,2012-08-04,0,0,0,0,0,False
USE02825,10056,2012-08-05,0,0,0,1,1,True
USE02826,10056,2012-08-06,4,8,0,0,0,True
USE02827,10056,2012-08-07,9,3,7,6,6,True
USE02828,10056,2012-08-08,3,0,8,0,0,True
USE02829,10056,2012-08-09,4,3,5,0,10,True
USE02830,10056,2012-08-10,5,1,5,8,10,True
USE02831,10056,2012-08-11,0,0,3,0,0,False
USE02832,10056,2012-08-12,2,1,0,0,3,True
USE02833,10056,2012-08-13,0,4,7,0,6,True
USE02834,10056,2012-08-14,3,0,3,0,0,True
USE02835,10056,2012-08-15,6,5,3,0,0,True
USE02836,10143,2011-11-07,0,0,0,1,0,False
USE02837,10143,2011-11-08,0,0,0,0,0,False
USE02838,10143,2011-11-09,0,0,0,0,0,False
USE02839,10143,2011-11-10,7,0,3,0,3,True
USE02840,10143,2011-11-11,0,0,0,0,0,False
USE02841,10143,2011-11-12,2,0,0,0,0,False
USE02842,10143,2011-11-13,2,0,0,0,0,False
USE02843,10143,2011-11-14,0,0,0,4,0,False
USE02844,10143,2011-11-15,0,0,3,0,0,False
USE02845,10143,2011-11-16,2,0,4,0,3,True
USE02846,10143,2011-11-17,0,0,1,0,0,False
USE02847,10143,2011-11-18,4,2,0,0,0,True
USE02848,10143,2011-11-19,0,0,0,0,0,False
USE02849,10143,2011-11-20,0,0,0,0,0,False
USE02850,10143,2011-11-21,0,3,1,0,2,True
USE02851,10143,2011-11-22,0,0,2,0,0,False
USE02852,10143,2011-11-23,3,0,4,0,0,True
USE02853,10143,2011-11-24,0,5,1,0,0,True
USE02854,10143,2011-11-25,0,0,3,0,4,True
USE02855,10143,2011-11-26,0,1,0,0,0,False
USE02856,10143,2011-11-27,0,1,0,0,0,False
USE02857,10143,2011-11-28,4,2,0,0,0,True
USE02858,10143,2011-11-29,7,0,0,2,0,True
USE02859,10143,2011-11-30,0,1,9,0,0,True
USE02860,10143,2011-12-01,4,5,0,0,0,True
USE02861,10143,2011-12-02,5,0,8,0,9,True
USE02862,10143,2011-12-03,0,0,0,0,0,False
USE02863,10143,2011-12-04,0,0,0,0,0,False
USE02864,10143,2011-12-05,0,0,5,4,0,True
USE02865,10143,2011-12-06,3,3,3,0,0,True
USE02866,10143,2011-12-07,5,2,8,0,9,True
USE02867,10143,2011-12-08,8,5,3,6,7,True
USE02868,10143,2011-12-09,0,2,3,0,0,True
USE02869,10143,2011-12-10,0,0,0,0,0,False
USE02870,10143,2011-12-11,0,0,0,0,0,False
USE02871,10143,2011-12-12,9,3,6,4,4,True
USE02872,10143,2011-12-13,6,0,4,3,0,True
USE02873,10143,2011-12-14,0,6,5,0,9,True
USE02874,10143,2011-12-15,0,0,3,0,10,True
USE02875,10143,2011-12-16,4,2,11,0,0,True
USE02876,10143,2011-12-17,5,0,0,0,0,False
USE02877,10143,2011-12-18,0,0,0,0,0,False
USE02878,10143,2011-12-19,12,2,6,0,7,True
USE02879,10143,2011-12-20,0,3,5,5,0,True
USE02880,10143,2011-12-21,0,5,2,6,0,True
USE02881,10311,2018-07-09,0,0,1,0,0,False
USE02882,10311,2018-07-10,0,0,0,0,0,False
USE02883,10311,2018-07-11,0,0,0,0,2,False
USE02884,10311,2018-07-12,0,0,0,0,2,False
USE02885,10311,2018-07-13,2,0,0,0,0,False
USE02886,10311,2018-07-14,2,0,0,0,0,False
USE02887,10311,2018-07-15,0,0,0,0,0,False
USE02888,10311,2018-07-16,0,4,2,2,0,True
USE02889,10311,2018-07-17,0,0,1,0,0,False
USE02890,10311,2018-07-18,2,2,0,0,0,True
USE02891,10311,2018-07-19,0,0,0,0,0,False
USE02892,10311,2018-07-20,0,1,4,2,0,True
USE02893,10311,2018-07-21,0,0,0,0,2,False
USE02894,10311,2018-07-22,0,0,0,0,0,False
USE02895,10311,2018-07-23,0,3,3,0,0,True
USE02896,10311,2018-07-24,0,0,0,0,0,False
USE02897,10311,2018-07-25,0,5,4,0,0,True
USE02898,10311,2018-07-26,0,1,1,0,8,True
USE02899,10311,2018-07-27,0,0,3,0,5,True
USE02900,10311,2018-07-28,1,0,0,0,0,False
USE02901,10311,2018-07-29,1,0,0,0,0,False
USE02902,10311,2018-07-30,5,5,3,5,6,True
USE02903,10311,2018-07-31,0,4,0,0,0,False
USE02904,10311,2018-08-01,0,2,4,5,0,True
USE02905,10311,2018-08-02,7,5,1,0,0,True
USE02906,10311,2018-08-03,4,0,0,5,6,True
USE02907,10311,2018-08-04,0,0,0,0,0,False
USE02908,10311,2018-08-05,0,0,0,0,2,False
USE02909,10311,2018-08-06,8,4,3,0,0,True
USE02910,10311,2018-08-07,0,0,6,0,8,True
USE02911,10311,2018-08-08,2,0,6,0,6,True
USE02912,10311,2018-08-09,0,5,0,0,0,False
USE02913,10311,2018-08-10,4,4,0,0,0,True
USE02914,10311,2018-08-11,0,3,1,0,0,True
USE02915,10311,2018-08-12,0,0,0,0,3,False
USE02916,10311,2018-08-13,9,0,0,0,4,True
USE02917,10311,2018-08-14,0,2,3,0,0,True
USE02918,10311,2018-08-15,6,2,2,3,0,True
USE02919,10311,2018-08-16,5,0,2,0,10,True
USE02920,10311,2018-08-17,4,0,7,6,0,True
USE02921,10311,2018-08-18,6,0,1,1,0,True
USE02922,10311,2018-08-19,0,0,0,0,0,False
USE02923,10311,2018-08-20,0,3,7,0,9,True
USE02924,10311,2018-08-21,0,3,4,0,0,True
USE02925,10311,2018-08-22,12,2,5,0,10,True
USE02926,10070,2011-05-16,0,0,0,0,0,False
USE02927,10070,2011-05-17,0,0,0,2,0,False
USE02928,10070,2011-05-18,0,0,0,0,0,False
USE02929,10070,2011-05-19,0,0,2,0,0,False
USE02930,10070,2011-05-20,0,0,0,0,0,False
USE02931,10070,2011-05-21,0,0,0,0,0,False
USE02932,10070,2011-05-22,2,0,0,0,0,False
USE02933,10070,2011-05-23,0,0,3,0,0,False
USE02934,10070,2011-05-24,1,0,0,0,3,True
USE02935,10070,2011-05-25,0,2,0,1,0,True
USE02936,10070,2011-05-26,7,3,0,0,0,True
USE02937,10070,2011-05-27,4,0,0,1,0,True
USE02938,10070,2011-05-28,0,0,0,0,0,False
USE02939,10070,2011-05-29,0,0,0,0,0,False
USE02940,10070,2011-05-30,4,3,3,0,0,True
USE02941,10070,2011-05-31,0,1,0,0,4,True
USE02942,10070,2011-06-01,0,0,0,0,3,False
USE02943,10070,2011-06-02,0,2,1,0,0,True
USE02944,10070,2011-06-03,3,0,4,0,0,True
USE02945,10070,2011-06-04,3,0,0,0,0,False
USE02946,10070,2011-06-05,0,0,0,0,0,False
USE02947,10070,2011-06-06,0,0,5,5,0,True
USE02948,10070,2011-06-07,4,2,6,0,0,True
USE02949,10070,2011-06-08,4,0,3,0,4,True
USE02950,10070,2011-06-09,7,5,0,0,6,True
USE02951,10070,2011-06-10,7,0,3,0,11,True
USE02952,10070,2011-06-11,0,0,0,0,2,False
USE02953,10070,2011-06-12,0,0,0,0,0,False
USE02954,10070,2011-06-13,11,0,7,0,6,True
USE02955,10070,2011-06-14,7,6,6,0,0,True
USE02956,10070,2011-06-15,10,0,5,0,0,True
USE02957,10070,2011-06-16,7,2,2,0,6,True
USE02958,10070,2011-06-17,8,0,0,0,12,True
USE02959,10070,2011-06-18,2,4,0,0,0,True
USE02960,10070,2011-06-19,0,0,0,0,0,False
USE02961,10070,2011-06-20,0,6,4,3,8,True
USE02962,10070,2011-06-21,9,3,0,0,0,True
USE02963,10070,2011-06-22,5,3,5,7,0,True
USE02964,10070,2011-06-23,7,3,5,0,0,True
USE02965,10070,2011-06-24,9,0,0,0,8,True
USE02966,10070,2011-06-25,0,0,0,0,1,False
USE02967,10070,2011-06-26,0,0,0,0,0,False
USE02968,10070,2011-06-27,2,0,6,0,15,True
USE02969,10070,2011-06-28,0,3,0,0,9,True
USE02970,10070,2011-06-29,0,4,3,0,0,True
USE02971,10155,2012-01-09,0,0,0,0,0,False
USE02972,10155,2012-01-10,0,0,0,0,0,False
USE02973,10155,2012-01-11,2,0,2,0,0,True
USE02974,10155,2012-01-12,0,1,0,0,0,False
USE02975,10155,2012-01-13,0,0,2,0,4,True
USE02976,10155,2012-01-14,0,0,0,0,0,False
USE02977,10155,2012-01-15,0,0,0,0,0,False
USE02978,10155,2012-01-16,0,0,0,0,0,False
USE02979,10155,2012-01-17,0,0,0,0,0,False
USE02980,10155,2012-01-18,3,0,4,0,0,True
USE02981,10155,2012-01-19,0,0,3,0,0,False
USE02982,10155,2012-01-20,0,3,0,1,0,True
USE02983,10155,2012-01-21,0,0,1,0,0,False
USE02984,10155,2012-01-22,0,0,0,0,0,False
USE02985,10155,2012-01-23,0,4,0,0,0,False
USE02986,10155,2012-01-24,4,0,2,0,0,True
USE02987,10155,2012-01-25,1,0,3,0,0,True
USE02988,10155,2012-01-26,6,0,0,0,0,False
USE02989,10155,2012-01-27,4,0,2,0,6,True
USE02990,10155,2012-01-28,0,0,4,0,0,False
USE02991,10155,2012-01-29,0,0,0,0,0,False
USE02992,10155,2012-01-30,0,3,0,0,0,False
USE02993,10155,2012-01-31,8,2,0,0,0,True
USE02994,10155,2012-02-01,7,1,5,0,0,True
USE02995,10155,2012-02-02,0,4,0,5,1,True
USE02996,10155,2012-02-03,0,5,4,0,0,True
USE02997,10155,2012-02-04,0,2,0,0,0,False
USE02998,10155,2012-02-05,0,0,0,0,0,False
USE02999,10155,2012-02-06,0,2,8,0,7,True
USE03000,10155,2012-02-07,5,1,6,0,0,True
USE03001,10155,2012-02-08,8,4,0,0,0,True
USE03002,10155,2012-02-09,7,3,8,0,0,True
USE03003,10155,2012-02-10,0,0,0,0,7,False
USE03004,10155,2012-02-11,0,0,0,0,0,False
USE03005,10155,2012-02-12,0,0,1,0,5,True
USE03006,10155,2012-02-13,0,1,4,0,9,True
USE03007,10155,2012-02-14,6,0,6,0,0,True
USE03008,10155,2012-02-15,7,4,7,0,11,True
USE03009,10155,2012-02-16,3,4,2,0,0,True
USE03010,10155,2012-02-17,7,3,5,0,10,True
USE03011,10155,2012-02-18,0,0,0,0,0,False
USE03012,10155,2012-02-19,0,0,0,0,0,False
USE03013,10155,2012-02-20,15,2,0,0,7,True
USE03014,10155,2012-02-21,4,3,6,0,9,True
USE03015,10155,2012-02-22,4,6,6,0,5,True
USE03016,10306,2014-09-29,0,0,0,0,1,False
USE03017,10306,2014-09-30,0,0,0,0,0,False
USE03018,10306,2014-10-01,0,0,0,0,3,False
USE03019,10306,2014-10-02,0,0,0,0,0,False
USE03020,10306,2014-10-03,0,0,0,0,0,False
USE03021,10306,2014-10-04,0,0,0,0,3,False
USE03022,10306,2014-10-05,0,0,0,0,0,False
USE03023,10306,2014-10-06,3,0,0,0,9,True
USE03024,10306,2014-10-07,0,2,0,0,6,True
USE03025,10306,2014-10-08,0,0,0,0,0,False
USE03026,10306,2014-10-09,0,0,0,1,0,False
USE03027,10306,2014-10-10,4,0,0,0,0,False
USE03028,10306,2014-10-11,1,0,0,0,0,False
USE03029,10306,2014-10-12,0,0,0,0,0,False
USE03030,10306,2014-10-13,0,0,0,2,10,True
USE03031,10306,2014-10-14,0,0,0,0,4,False
USE03032,10306,2014-10-15,3,0,5,2,0,True
USE03033,10306,2014-10-16,6,0,0,2,0,True
USE03034,10306,2014-10-17,0,0,0,0,4,False
USE03035,10306,2014-10-18,0,0,0,0,0,False
USE03036,10306,2014-10-19,0,0,0,1,0,False
USE03037,10306,2014-10-20,0,0,0,4,0,False
USE03038,10306,2014-10-21,5,0,0,6,6,True
USE03039,10306,2014-10-22,9,0,0,0,0,False
USE03040,10306,2014-10-23,0,0,0,3,10,True
USE03041,10306,2014-10-24,7,0,0,4,7,True
USE03042,10306,2014-10-25,0,0,0,0,0,False
USE03043,10306,2014-10-26,0,0,0,0,0,False
USE03044,10306,2014-10-27,7,0,0,8,12,True
USE03045,10306,2014-10-28,0,0,0,2,0,False
USE03046,10306,2014-10-29,0,5,0,7,5,True
USE03047,10306,2014-10-30,0,0,0,5,11,True
USE03048,10306,2014-10-31,15,0,0,2,8,True
USE03049,10306,2014-11-01,0,0,0,2,3,True
USE03050,10306,2014-11-02,0,0,0,0,0,False
USE03051,10306,2014-11-03,0,0,0,12,3,True
USE03052,10306,2014-11-04,5,0,0,0,6,True
USE03053,10306,2014-11-05,10,4,0,0,7,True
USE03054,10306,2014-11-06,0,5,0,6,10,True
USE03055,10306,2014-11-07,0,0,0,7,0,False
USE03056,10306,2014-11-08,1,0,0,0,11,True
USE03057,10306,2014-11-09,0,0,0,0,0,False
USE03058,10306,2014-11-10,8,2,0,0,7,True
USE03059,10306,2014-11-11,6,8,0,5,7,True
USE03060,10306,2014-11-12,9,0,0,5,18,True
USE03061,10100,2011-04-04,0,0,0,0,0,False
USE03062,10100,2011-04-05,1,0,0,0,0,False
USE03063,10100,2011-04-06,0,0,0,0,0,False
USE03064,10100,2011-04-07,2,0,0,0,4,True
USE03065,10100,2011-04-08,0,3,1,0,0,True
USE03066,10100,2011-04-09,0,0,0,0,0,False
USE03067,10100,2011-04-10,0,0,0,0,0,False
USE03068,10100,2011-04-11,0,0,0,0,0,False
USE03069,10100,2011-04-12,0,0,0,0,0,False
USE03070,10100,2011-04-13,0,0,1,0,0,False
USE03071,10100,2011-04-14,0,0,0,0,0,False
USE03072,10100,2011-04-15,0,0,4,3,5,True
USE03073,10100,2011-04-16,0,0,2,0,0,False
USE03074,10100,2011-04-17,2,0,0,0,0,False
USE03075,10100,2011-04-18,4,2,0,0,2,True
USE03076,10100,2011-04-19,6,3,0,0,6,True
USE03077,10100,2011-04-20,0,3,0,0,0,False
USE03078,10100,2011-04-21,3,0,2,0,0,True
USE03079,10100,2011-04-22,3,2,7,0,0,True
USE03080,10100,2011-04-23,0,0,0,0,0,False
USE03081,10100,2011-04-24,0,0,0,0,0,False
USE03082,10100,2011-04-25,0,6,0,0,0,False
USE03083,10100,2011-04-26,0,6,3,0,0,True
USE03084,10100,2011-04-27,0,0,7,0,6,True
USE03085,10100,2011-04-28,6,3,3,0,0,True
USE03086,10100,2011-04-29,6,6,0,0,9,True
USE03087,10100,2011-04-30,1,0,0,0,0,False
USE03088,10100,2011-05-01,0,0,4,0,0,False
USE03089,10100,2011-05-02,4,1,2,0,5,True
USE03090,10100,2011-05-03,0,0,0,0,14,False
USE03091,10100,2011-05-04,10,0,0,2,0,True
USE03092,10100,2011-05-05,8,1,9,3,0,True
USE03093,10100,2011-05-06,12,1,9,0,8,True
USE03094,10100,2011-05-07,0,2,2,0,0,True
USE03095,10100,2011-05-08,0,0,0,0,0,False
USE03096,10100,2011-05-09,3,0,5,0,0,True
USE03097,10100,2011-05-10,7,1,4,0,15,True
USE03098,10100,2011-05-11,5,3,13,10,5,True
USE03099,10100,2011-05-12,8,0,8,3,0,True
USE03100,10100,2011-05-13,5,3,11,4,7,True
USE03101,10100,2011-05-14,2,0,0,0,0,False
USE03102,10100,2011-05-15,0,0,0,0,0,False
USE03103,10100,2011-05-16,9,4,0,0,8,True
USE03104,10100,2011-05-17,6,4,9,2,0,True
USE03105,10100,2011-05-18,0,10,4,0,0,True
USE03106,10310,2014-07-07,1,0,0,0,0,False
USE03107,10310,2014-07-08,0,0,2,0,0,False
USE03108,10310,2014-07-09,0,0,0,0,0,False
USE03109,10310,2014-07-10,0,2,3,0,0,True
USE03110,10310,2014-07-11,2,0,0,0,0,False
USE03111,10310,2014-07-12,0,0,0,0,0,False
USE03112,10310,2014-07-13,0,0,0,0,1,False
USE03113,10310,2014-07-14,5,0,0,0,0,False
USE03114,10310,2014-07-15,4,2,0,0,6,True
USE03115,10310,2014-07-16,1,1,0,0,0,True
USE03116,10310,2014-07-17,1,0,3,1,0,True
USE03117,10310,2014-07-18,0,0,0,0,0,False
USE03118,10310,2014-07-19,2,0,0,0,0,False
USE03119,10310,2014-07-20,0,0,0,0,0,False
USE03120,10310,2014-07-21,0,0,3,0,0,False
USE03121,10310,2014-07-22,5,0,3,0,0,True
USE03122,10310,2014-07-23,0,0,0,0,0,False
USE03123,10310,2014-07-24,0,0,4,0,3,True
USE03124,10310,2014-07-25,0,3,3,2,0,True
USE03125,10310,2014-07-26,0,0,0,0,2,False
USE03126,10310,2014-07-27,0,0,0,0,0,False
USE03127,10310,2014-07-28,11,2,0,0,0,True
USE03128,10310,2014-07-29,6,2,5,0,5,True
USE03129,10310,2014-07-30,5,2,3,0,11,True
USE03130,10310,2014-07-31,0,3,0,0,0,False
USE03131,10310,2014-08-01,5,0,3,0,7,True
USE03132,10310,2014-08-02,0,0,2,0,0,False
USE03133,10310,2014-08-03,0,0,0,0,0,False
USE03134,10310,2014-08-04,10,3,6,0,10,True
USE03135,10310,2014-08-05,6,3,4,0,6,True
USE03136,10310,2014-08-06,7,5,2,0,0,True
USE03137,10310,2014-08-07,0,2,0,0,0,False
USE03138,10310,2014-08-08,0,6,4,0,8,True
USE03139,10310,2014-08-09,0,0,0,0,0,False
USE03140,10310,2014-08-10,1,0,2,0,0,True
USE03141,10310,2014-08-11,5,0,7,0,5,True
USE03142,10310,2014-08-12,10,2,4,0,8,True
USE03143,10310,2014-08-13,6,4,3,0,0,True
USE03144,10310,2014-08-14,11,3,5,0,5,True
USE03145,10310,2014-08-15,5,3,0,0,0,True
USE03146,10310,2014-08-16,0,0,0,0,0,False
USE03147,10310,2014-08-17,2,0,0,0,0,False
USE03148,10310,2014-08-18,1,5,11,0,7,True
USE03149,10310,2014-08-19,0,0,3,0,8,True
USE03150,10310,2014-08-20,10,3,3,5,8,True
USE03151,10197,2017-02-15,0,0,0,0,0,False
USE03152,10197,2017-02-16,1,0,0,2,0,True
USE03153,10197,2017-02-17,0,0,0,0,0,False
USE03154,10197,2017-02-18,0,0,0,0,0,False
USE03155,10197,2017-02-19,0,0,2,0,2,True
USE03156,10197,2017-02-20,2,0,0,0,2,True
USE03157,10197,2017-02-21,0,0,0,0,3,False
USE03158,10197,2017-02-22,0,3,0,2,0,True
USE03159,10197,2017-02-23,3,0,0,0,0,False
USE03160,10197,2017-02-24,0,1,0,0,2,True
USE03161,10197,2017-02-25,0,0,0,0,0,False
USE03162,10197,2017-02-26,0,0,0,0,0,False
USE03163,10197,2017-02-27,4,2,4,0,2,True
USE03164,10197,2017-02-28,0,0,3,0,3,True
USE03165,10197,2017-03-01,0,0,0,0,9,False
USE03166,10197,2017-03-02,1,0,4,0,0,True
USE03167,10197,2017-03-03,0,0,3,0,0,False
USE03168,10197,2017-03-04,1,0,0,0,0,False
USE03169,10197,2017-03-05,2,0,0,0,0,False
USE03170,10197,2017-03-06,3,1,2,0,0,True
USE03171,10197,2017-03-07,0,2,0,0,2,True
USE03172,10197,2017-03-08,0,0,0,4,0,False
USE03173,10197,2017-03-09,6,3,0,0,6,True
USE03174,10197,2017-03-10,11,6,5,0,5,True
USE03175,10197,2017-03-11,0,0,0,0,0,False
USE03176,10197,2017-03-12,0,0,0,0,2,False
USE03177,10197,2017-03-13,8,2,8,0,6,True
USE03178,10197,2017-03-14,0,0,5,0,0,False
USE03179,10197,2017-03-15,0,1,7,4,0,True
USE03180,10197,2017-03-16,5,1,7,0,7,True
USE03181,10197,2017-03-17,5,0,4,0,5,True
USE03182,10197,2017-03-18,2,0,0,0,0,False
USE03183,10197,2017-03-19,0,0,0,0,0,False
USE03184,10197,2017-03-20,0,8,8,0,7,True
USE03185,10197,2017-03-21,7,0,7,0,9,True
USE03186,10197,2017-03-22,7,5,2,4,2,True
USE03187,10197,2017-03-23,0,3,7,6,6,True
USE03188,10197,2017-03-24,5,8,11,0,9,True
USE03189,10197,2017-03-25,0,0,4,0,0,False
USE03190,10197,2017-03-26,0,0,0,3,0,False
USE03191,10197,2017-03-27,7,3,4,0,0,True
USE03192,10197,2017-03-28,7,0,0,0,11,True
USE03193,10197,2017-03-29,0,5,3,0,0,True
USE03194,10197,2017-03-30,0,6,0,0,7,True
USE03195,10197,2017-03-31,3,0,4,0,9,True
USE03196,10276,2014-05-12,0,0,0,0,0,False
USE03197,10276,2014-05-13,0,0,0,0,0,False
USE03198,10276,2014-05-14,0,0,0,0,0,False
USE03199,10276,2014-05-15,0,0,0,3,0,False
USE03200,10276,2014-05-16,5,0,0,0,0,False
USE03201,10276,2014-05-17,0,0,0,0,0,False
USE03202,10276,2014-05-18,0,0,0,0,0,False
USE03203,10276,2014-05-19,2,2,0,4,0,True
USE03204,10276,2014-05-20,3,0,2,0,0,True
USE03205,10276,2014-05-21,0,0,3,0,0,False
USE03206,10276,2014-05-22,7,0,0,0,0,False
USE03207,10276,2014-05-23,0,0,2,0,0,False
USE03208,10276,2014-05-24,0,0,0,0,0,False
USE03209,10276,2014-05-25,0,0,0,0,3,False
USE03210,10276,2014-05-26,3,0,3,9,0,True
USE03211,10276,2014-05-27,3,0,5,0,4,True
USE03212,10276,2014-05-28,5,3,4,0,5,True
USE03213,10276,2014-05-29,0,0,0,3,0,False
USE03214,10276,2014-05-30,0,0,1,0,0,False
USE03215,10276,2014-05-31,0,0,0,0,6,False
USE03216,10276,2014-06-01,0,0,2,0,0,False
USE03217,10276,2014-06-02,2,1,8,5,10,True
USE03218,10276,2014-06-03,5,4,0,0,0,True
USE03219,10276,2014-06-04,0,4,0,0,0,False
USE03220,10276,2014-06-05,9,4,7,0,6,True
USE03221,10276,2014-06-06,4,0,1,0,7,True
USE03222,10276,2014-06-07,0,0,0,0,0,False
USE03223,10276,2014-06-08,5,0,2,0,0,True
USE03224,10276,2014-06-09,6,4,1,0,0,True
USE03225,10276,2014-06-10,7,4,0,0,7,True
USE03226,10276,2014-06-11,5,10,6,0,8,True
USE03227,10276,2014-06-12,0,0,0,0,0,False
USE03228,10276,2014-06-13,7,3,5,0,10,True
USE03229,10276,2014-06-14,0,0,0,0,0,False
USE03230,10276,2014-06-15,0,0,1,0,4,True
USE03231,10276,2014-06-16,9,4,6,4,0,True
USE03232,10276,2014-06-17,12,6,0,0,7,True
USE03233,10276,2014-06-18,9,1,4,0,11,True
USE03234,10276,2014-06-19,11,0,3,0,2,True
USE03235,10276,2014-06-20,10,8,4,4,0,True
USE03236,10276,2014-06-21,0,0,0,0,0,False
USE03237,10276,2014-06-22,0,1,0,0,0,False
USE03238,10276,2014-06-23,4,3,7,0,4,True
USE03239,10276,2014-06-24,4,1,9,0,3,True
USE03240,10276,2014-06-25,4,3,9,0,5,True
USE03241,10304,2012-02-20,0,0,0,0,0,False
USE03242,10304,2012-02-21,0,0,0,0,0,False
USE03243,10304,2012-02-22,0,0,0,0,5,False
USE03244,10304,2012-02-23,0,0,0,0,0,False
USE03245,10304,2012-02-24,0,1,0,0,0,False
USE03246,10304,2012-02-25,0,0,0,0,0,False
USE03247,10304,2012-02-26,0,0,0,0,0,False
USE03248,10304,2012-02-27,0,0,0,0,0,False
USE03249,10304,2012-02-28,0,0,0,0,4,False
USE03250,10304,2012-02-29,4,0,0,0,0,False
USE03251,10304,2012-03-01,6,0,0,1,4,True
USE03252,10304,2012-03-02,0,0,0,0,0,False
USE03253,10304,2012-03-03,0,0,0,3,2,True
USE03254,10304,2012-03-04,0,0,0,0,0,False
USE03255,10304,2012-03-05,2,0,0,0,0,False
USE03256,10304,2012-03-06,3,2,0,2,0,True
USE03257,10304,2012-03-07,0,2,0,2,0,True
USE03258,10304,2012-03-08,5,0,0,0,0,False
USE03259,10304,2012-03-09,0,0,0,3,0,False
USE03260,10304,2012-03-10,1,0,0,4,0,True
USE03261,10304,2012-03-11,0,0,0,0,0,False
USE03262,10304,2012-03-12,8,0,0,0,5,True
USE03263,10304,2012-03-13,6,0,0,6,4,True
USE03264,10304,2012-03-14,6,0,0,0,10,True
USE03265,10304,2012-03-15,0,0,0,0,11,False
USE03266,10304,2012-03-16,0,0,0,0,0,False
USE03267,10304,2012-03-17,0,0,0,0,0,False
USE03268,10304,2012-03-18,0,0,0,0,0,False
USE03269,10304,2012-03-19,9,0,0,5,6,True
USE03270,10304,2012-03-20,0,5,0,10,7,True
USE03271,10304,2012-03-21,0,0,0,6,0,False
USE03272,10304,2012-03-22,6,0,9,2,7,True
USE03273,10304,2012-03-23,8,0,0,3,10,True
USE03274,10304,2012-03-24,0,2,0,2,0,True
USE03275,10304,2012-03-25,0,0,0,0,9,False
USE03276,10304,2012-03-26,0,6,0,0,9,True
USE03277,10304,2012-03-27,5,0,0,0,0,False
USE03278,10304,2012-03-28,7,0,0,0,7,True
USE03279,10304,2012-03-29,12,0,0,0,11,True
USE03280,10304,2012-03-30,11,0,6,6,6,True
USE03281,10304,2012-03-31,0,0,0,0,0,False
USE03282,10304,2012-04-01,0,0,0,4,0,False
USE03283,10304,2012-04-02,2,3,0,12,0,True
USE03284,10304,2012-04-03,0,0,0,6,0,False
USE03285,10304,2012-04-04,7,0,0,6,6,True
USE03286,10284,2013-01-07,0,0,4,0,0,False
USE03287,10284,2013-01-08,0,0,1,0,0,False
USE03288,10284,2013-01-09,1,0,0,0,0,False
USE03289,10284,2013-01-10,0,0,0,0,0,False
USE03290,10284,2013-01-11,0,4,0,0,0,False
USE03291,10284,2013-01-12,0,0,0,0,0,False
USE03292,10284,2013-01-13,0,0,0,0,0,False
USE03293,10284,2013-01-14,0,2,0,0,0,False
USE03294,10284,2013-01-15,0,0,0,0,0,False
USE03295,10284,2013-01-16,0,1,0,0,0,False
USE03296,10284,2013-01-17,0,0,5,0,0,False
USE03297,10284,2013-01-18,1,0,0,3,0,True
USE03298,10284,2013-01-19,4,3,0,2,0,True
USE03299,10284,2013-01-20,1,0,0,0,0,False
USE03300,10284,2013-01-21,4,0,5,0,11,True
USE03301,10284,2013-01-22,4,2,0,3,4,True
USE03302,10284,2013-01-23,0,0,0,0,0,False
USE03303,10284,2013-01-24,2,0,1,0,4,True
USE03304,10284,2013-01-25,2,3,0,3,0,True
USE03305,10284,2013-01-26,2,0,2,0,0,True
USE03306,10284,2013-01-27,0,0,0,0,0,False
USE03307,10284,2013-01-28,9,2,0,4,0,True
USE03308,10284,2013-01-29,0,5,0,6,0,True
USE03309,10284,2013-01-30,0,2,4,0,9,True
USE03310,10284,2013-01-31,4,3,0,3,0,True
USE03311,10284,2013-02-01,5,5,4,0,0,True
USE03312,10284,2013-02-02,0,0,0,0,0,False
USE03313,10284,2013-02-03,0,2,0,0,0,False
USE03314,10284,2013-02-04,9,7,7,0,0,True
USE03315,10284,2013-02-05,10,4,4,2,8,True
USE03316,10284,2013-02-06,3,2,5,0,10,True
USE03317,10284,2013-02-07,0,3,7,4,9,True
USE03318,10284,2013-02-08,0,0,8,0,0,False
USE03319,10284,2013-02-09,0,3,0,5,0,True
USE03320,10284,2013-02-10,0,0,0,0,0,False
USE03321,10284,2013-02-11,5,3,5,4,10,True
USE03322,10284,2013-02-12,10,4,3,0,9,True
USE03323,10284,2013-02-13,5,0,4,0,8,True
USE03324,10284,2013-02-14,9,0,0,0,8,True
USE03325,10284,2013-02-15,12,0,5,0,6,True
USE03326,10284,2013-02-16,0,2,2,0,0,True
USE03327,10284,2013-02-17,0,0,0,0,0,False
USE03328,10284,2013-02-18,6,4,7,0,7,True
USE03329,10284,2013-02-19,6,3,0,0,0,True
USE03330,10284,2013-02-20,0,5,8,0,0,True
USE03331,10207,2012-04-02,0,0,0,0,0,False
USE03332,10207,2012-04-03,0,0,1,0,0,False
USE03333,10207,2012-04-04,0,3,2,2,0,True
USE03334,10207,2012-04-05,0,0,0,0,0,False
USE03335,10207,2012-04-06,4,0,0,0,3,True
USE03336,10207,2012-04-07,0,0,0,0,0,False
USE03337,10207,2012-04-08,0,0,0,0,1,False
USE03338,10207,2012-04-09,0,0,2,0,0,False
USE03339,10207,2012-04-10,0,4,0,2,1,True
USE03340,10207,2012-04-11,0,0,2,0,4,True
USE03341,10207,2012-04-12,4,0,1,4,0,True
USE03342,10207,2012-04-13,1,2,2,0,1,True
USE03343,10207,2012-04-14,0,0,0,0,0,False
USE03344,10207,2012-04-15,0,0,0,0,0,False
USE03345,10207,2012-04-16,3,0,2,0,0,True
USE03346,10207,2012-04-17,0,0,0,0,8,False
USE03347,10207,2012-04-18,5,2,0,0,0,True
USE03348,10207,2012-04-19,6,3,0,0,11,True
USE03349,10207,2012-04-20,0,0,4,4,0,True
USE03350,10207,2012-04-21,0,0,0,0,0,False
USE03351,10207,2012-04-22,0,0,0,0,0,False
USE03352,10207,2012-04-23,7,0,2,0,0,True
USE03353,10207,2012-04-24,0,6,0,0,0,False
USE03354,10207,2012-04-25,0,3,4,0,0,True
USE03355,10207,2012-04-26,5,0,3,0,0,True
USE03356,10207,2012-04-27,3,3,4,0,0,True
USE03357,10207,2012-04-28,0,0,0,0,0,False
USE03358,10207,2012-04-29,0,0,0,0,0,False
USE03359,10207,2012-04-30,3,1,7,0,4,True
USE03360,10207,2012-05-01,10,8,6,6,11,True
USE03361,10207,2012-05-02,4,4,8,3,9,True
USE03362,10207,2012-05-03,6,2,9,0,0,True
USE03363,10207,2012-05-04,2,7,3,0,0,True
USE03364,10207,2012-05-05,0,0,0,0,0,False
USE03365,10207,2012-05-06,0,0,0,0,0,False
USE03366,10207,2012-05-07,5,3,0,0,6,True
USE03367,10207,2012-05-08,5,0,6,7,10,True
USE03368,10207,2012-05-09,5,3,1,0,8,True
USE03369,10207,2012-05-10,5,6,3,0,7,True
USE03370,10207,2012-05-11,5,0,7,0,0,True
USE03371,10207,2012-05-12,0,0,3,0,0,False
USE03372,10207,2012-05-13,0,0,1,0,0,False
USE03373,10207,2012-05-14,0,4,2,0,0,True
USE03374,10207,2012-05-15,11,3,0,0,0,True
USE03375,10207,2012-05-16,7,0,0,0,4,True
USE03376,10133,2015-01-05,0,0,0,0,0,False
USE03377,10133,2015-01-06,1,0,0,0,0,False
USE03378,10133,2015-01-07,0,0,0,0,0,False
USE03379,10133,2015-01-08,0,0,0,2,3,True
USE03380,10133,2015-01-09,0,2,0,0,0,False
USE03381,10133,2015-01-10,0,0,0,0,0,False
USE03382,10133,2015-01-11,0,0,2,0,0,False
USE03383,10133,2015-01-12,2,4,0,3,0,True
USE03384,10133,2015-01-13,0,0,0,0,0,False
USE03385,10133,2015-01-14,0,0,3,0,0,False
USE03386,10133,2015-01-15,0,0,2,1,0,True
USE03387,10133,2015-01-16,0,0,0,0,0,False
USE03388,10133,2015-01-17,0,0,0,0,0,False
USE03389,10133,2015-01-18,0,0,0,0,0,False
USE03390,10133,2015-01-19,4,4,4,6,0,True
USE03391,10133,2015-01-20,0,1,2,0,5,True
USE03392,10133,2015-01-21,0,2,0,6,0,True
USE03393,10133,2015-01-22,3,0,2,0,4,True
USE03394,10133,2015-01-23,4,2,0,0,0,True
USE03395,10133,2015-01-24,0,0,0,0,0,False
USE03396,10133,2015-01-25,0,0,0,0,0,False
USE03397,10133,2015-01-26,0,5,3,1,0,True
USE03398,10133,2015-01-27,9,9,1,5,4,True
USE03399,10133,2015-01-28,0,7,4,0,4,True
USE03400,10133,2015-01-29,0,2,1,0,6,True
USE03401,10133,2015-01-30,9,5,6,6,4,True
USE03402,10133,2015-01-31,0,0,2,0,3,True
USE03403,10133,2015-02-01,0,0,1,0,0,False
USE03404,10133,2015-02-02,7,2,3,0,5,True
USE03405,10133,2015-02-03,5,4,0,0,0,True
USE03406,10133,2015-02-04,9,4,6,0,0,True
USE03407,10133,2015-02-05,6,4,9,0,10,True
USE03408,10133,2015-02-06,0,3,8,8,6,True
USE03409,10133,2015-02-07,0,0,0,0,1,False
USE03410,10133,2015-02-08,0,1,0,0,0,False
USE03411,10133,2015-02-09,5,4,5,0,0,True
USE03412,10133,2015-02-10,0,4,4,0,7,True
USE03413,10133,2015-02-11,5,0,0,8,0,True
USE03414,10133,2015-02-12,13,0,10,8,0,True
USE03415,10133,2015-02-13,6,6,7,0,8,True
USE03416,10133,2015-02-14,0,0,0,0,0,False
USE03417,10133,2015-02-15,0,0,0,0,0,False
USE03418,10133,2015-02-16,0,0,9,3,6,True
USE03419,10133,2015-02-17,0,2,6,0,12,True
USE03420,10133,2015-02-18,0,0,11,0,0,False
USE03421,10028,2014-01-05,0,0,0,0,0,False
USE03422,10028,2014-01-06,1,0,0,0,0,False
USE03423,10028,2014-01-07,0,0,0,0,0,False
USE03424,10028,2014-01-08,0,0,0,0,0,False
USE03425,10028,2014-01-09,0,0,0,0,4,False
USE03426,10028,2014-01-10,0,0,0,0,0,False
USE03427,10028,2014-01-11,0,0,0,0,0,False
USE03428,10028,2014-01-12,0,0,0,0,0,False
USE03429,10028,2014-01-13,0,3,0,0,0,False
USE03430,10028,2014-01-14,0,0,0,0,0,False
USE03431,10028,2014-01-15,4,3,0,0,0,True
USE03432,10028,2014-01-16,0,0,0,0,0,False
USE03433,10028,2014-01-17,5,0,0,0,0,False
USE03434,10028,2014-01-18,0,2,0,0,0,False
USE03435,10028,2014-01-19,0,0,0,0,0,False
USE03436,10028,2014-01-20,0,3,0,0,0,False
USE03437,10028,2014-01-21,3,2,0,0,0,True
USE03438,10028,2014-01-22,0,3,5,0,7,True
USE03439,10028,2014-01-23,0,3,2,0,0,True
USE03440,10028,2014-01-24,7,2,0,0,3,True
USE03441,10028,2014-01-25,0,0,0,0,0,False
USE03442,10028,2014-01-26,0,0,0,0,0,False
USE03443,10028,2014-01-27,7,0,1,0,0,True
USE03444,10028,2014-01-28,8,0,8,0,5,True
USE03445,10028,2014-01-29,5,4,5,0,9,True
USE03446,10028,2014-01-30,0,5,6,0,0,True
USE03447,10028,2014-01-31,6,0,3,0,0,True
USE03448,10028,2014-02-01,0,0,0,0,0,False
USE03449,10028,2014-02-02,2,0,0,0,0,False
USE03450,10028,2014-02-03,0,1,3,0,7,True
USE03451,10028,2014-02-04,7,0,5,0,6,True
USE03452,10028,2014-02-05,3,1,4,0,4,True
USE03453,10028,2014-02-06,6,5,8,0,0,True
USE03454,10028,2014-02-07,13,5,5,0,9,True
USE03455,10028,2014-02-08,0,0,0,0,0,False
USE03456,10028,2014-02-09,0,0,0,0,0,False
USE03457,10028,2014-02-10,4,6,4,0,0,True
USE03458,10028,2014-02-11,2,5,5,0,7,True
USE03459,10028,2014-02-12,0,8,9,4,0,True
USE03460,10028,2014-02-13,8,2,3,0,0,True
USE03461,10028,2014-02-14,9,0,3,0,0,True
USE03462,10028,2014-02-15,0,0,0,0,0,False
USE03463,10028,2014-02-16,0,0,0,3,0,False
USE03464,10028,2014-02-17,4,6,3,0,10,True
USE03465,10028,2014-02-18,10,6,2,0,6,True
USE03466,10006,2011-01-10,0,0,0,0,0,False
USE03467,10006,2011-01-11,1,0,0,0,0,False
USE03468,10006,2011-01-12,0,0,0,0,3,False
USE03469,10006,2011-01-13,0,0,0,0,0,False
USE03470,10006,2011-01-14,4,0,0,0,3,True
USE03471,10006,2011-01-15,0,0,0,0,0,False
USE03472,10006,2011-01-16,0,0,0,0,0,False
USE03473,10006,2011-01-17,0,0,0,0,1,False
USE03474,10006,2011-01-18,0,0,0,0,0,False
USE03475,10006,2011-01-19,0,0,0,0,0,False
USE03476,10006,2011-01-20,0,0,0,0,0,False
USE03477,10006,2011-01-21,0,0,0,0,4,False
USE03478,10006,2011-01-22,0,0,0,0,0,False
USE03479,10006,2011-01-23,0,0,0,0,0,False
USE03480,10006,2011-01-24,4,0,0,1,0,True
USE03481,10006,2011-01-25,7,0,0,0,5,True
USE03482,10006,2011-01-26,0,0,0,0,0,False
USE03483,10006,2011-01-27,5,0,0,0,0,False
USE03484,10006,2011-01-28,0,0,0,0,2,False
USE03485,10006,2011-01-29,0,0,0,0,0,False
USE03486,10006,2011-01-30,2,0,0,0,0,False
USE03487,10006,2011-01-31,0,0,0,0,0,False
USE03488,10006,2011-02-01,8,5,0,0,0,True
USE03489,10006,2011-02-02,0,5,0,0,0,False
USE03490,10006,2011-02-03,5,0,0,6,10,True
USE03491,10006,2011-02-04,0,0,0,5,0,False
USE03492,10006,2011-02-05,0,0,0,0,5,False
USE03493,10006,2011-02-06,0,0,0,0,0,False
USE03494,10006,2011-02-07,6,5,0,2,0,True
USE03495,10006,2011-02-08,8,4,0,0,7,True
USE03496,10006,2011-02-09,0,0,0,0,8,False
USE03497,10006,2011-02-10,0,4,0,1,0,True
USE03498,10006,2011-02-11,8,0,0,6,6,True
USE03499,10006,2011-02-12,0,0,0,0,0,False
USE03500,10006,2011-02-13,3,0,0,0,1,True
USE03501,10006,2011-02-14,4,0,8,4,9,True
USE03502,10006,2011-02-15,12,2,0,4,0,True
USE03503,10006,2011-02-16,8,0,0,0,8,True
USE03504,10006,2011-02-17,5,0,0,0,13,True
USE03505,10006,2011-02-18,3,0,0,5,8,True
USE03506,10006,2011-02-19,0,0,0,0,0,False
USE03507,10006,2011-02-20,0,0,0,0,4,False
USE03508,10006,2011-02-21,0,0,0,9,0,False
USE03509,10006,2011-02-22,0,7,0,0,10,True
USE03510,10006,2011-02-23,12,3,0,7,9,True
USE03511,10105,2014-09-18,0,0,0,0,0,False
USE03512,10105,2014-09-19,0,0,0,1,0,False
USE03513,10105,2014-09-20,0,0,0,0,0,False
USE03514,10105,2014-09-21,0,0,0,0,0,False
USE03515,10105,2014-09-22,0,0,0,0,2,False
USE03516,10105,2014-09-23,0,0,4,0,0,False
USE03517,10105,2014-09-24,0,0,0,0,0,False
USE03518,10105,2014-09-25,0,0,0,0,0,False
USE03519,10105,2014-09-26,3,0,0,0,0,False
USE03520,10105,2014-09-27,0,0,1,0,0,False
USE03521,10105,2014-09-28,0,0,0,0,0,False
USE03522,10105,2014-09-29,0,2,0,0,0,False
USE03523,10105,2014-09-30,5,3,0,2,4,True
USE03524,10105,2014-10-01,0,2,0,0,0,False
USE03525,10105,2014-10-02,0,0,0,0,3,False
USE03526,10105,2014-10-03,4,0,0,0,6,True
USE03527,10105,2014-10-04,0,0,0,0,0,False
USE03528,10105,2014-10-05,0,0,0,0,0,False
USE03529,10105,2014-10-06,0,0,0,0,0,False
USE03530,10105,2014-10-07,0,2,0,0,0,False
USE03531,10105,2014-10-08,3,0,0,0,6,True
USE03532,10105,2014-10-09,0,3,0,5,0,True
USE03533,10105,2014-10-10,3,0,0,2,5,True
USE03534,10105,2014-10-11,0,0,0,0,0,False
USE03535,10105,2014-10-12,2,3,0,0,0,True
USE03536,10105,2014-10-13,0,7,0,0,0,False
USE03537,10105,2014-10-14,4,2,0,0,8,True
USE03538,10105,2014-10-15,0,1,0,4,5,True
USE03539,10105,2014-10-16,0,2,0,6,10,True
USE03540,10105,2014-10-17,0,4,0,0,0,False
USE03541,10105,2014-10-18,0,0,0,0,0,False
USE03542,10105,2014-10-19,0,0,0,3,0,False
USE03543,10105,2014-10-20,0,6,0,0,3,True
USE03544,10105,2014-10-21,0,3,0,0,9,True
USE03545,10105,2014-10-22,8,0,0,0,16,True
USE03546,10105,2014-10-23,9,0,0,10,5,True
USE03547,10105,2014-10-24,13,0,0,0,10,True
USE03548,10105,2014-10-25,0,0,0,0,0,False
USE03549,10105,2014-10-26,0,0,0,3,0,False
USE03550,10105,2014-10-27,6,5,0,7,0,True
USE03551,10105,2014-10-28,0,0,0,3,7,True
USE03552,10105,2014-10-29,7,3,0,5,14,True
USE03553,10105,2014-10-30,0,1,0,6,11,True
USE03554,10105,2014-10-31,8,2,0,2,0,True
USE03555,10105,2014-11-01,0,3,0,0,0,False
USE03556,10211,2010-04-26,0,0,5,0,0,False
USE03557,10211,2010-04-27,2,0,0,0,0,False
USE03558,10211,2010-04-28,0,0,0,0,0,False
USE03559,10211,2010-04-29,0,0,0,0,0,False
USE03560,10211,2010-04-30,3,0,0,0,0,False
USE03561,10211,2010-05-01,0,2,0,0,0,False
USE03562,10211,2010-05-02,0,0,0,0,0,False
USE03563,10211,2010-05-03,0,1,0,0,0,False
USE03564,10211,2010-05-04,0,0,0,0,0,False
USE03565,10211,2010-05-05,5,0,0,6,0,True
USE03566,10211,2010-05-06,0,0,0,0,0,False
USE03567,10211,2010-05-07,0,0,0,0,6,False
USE03568,10211,2010-05-08,0,0,2,0,2,True
USE03569,10211,2010-05-09,1,0,0,0,0,False
USE03570,10211,2010-05-10,4,1,0,0,0,True
USE03571,10211,2010-05-11,5,1,3,0,5,True
USE03572,10211,2010-05-12,4,0,3,5,4,True
USE03573,10211,2010-05-13,3,0,0,0,0,False
USE03574,10211,2010-05-14,0,4,1,0,0,True
USE03575,10211,2010-05-15,2,3,0,0,0,True
USE03576,10211,2010-05-16,0,0,0,0,0,False
USE03577,10211,2010-05-17,0,2,0,0,0,False
USE03578,10211,2010-05-18,5,3,4,0,0,True
USE03579,10211,2010-05-19,9,0,1,0,3,True
USE03580,10211,2010-05-20,3,2,3,0,0,True
USE03581,10211,2010-05-21,0,2,5,0,8,True
USE03582,10211,2010-05-22,0,0,0,0,2,False
USE03583,10211,2010-05-23,0,0,0,4,0,False
USE03584,10211,2010-05-24,7,3,3,0,8,True
USE03585,10211,2010-05-25,8,3,0,0,6,True
USE03586,10211,2010-05-26,3,3,4,0,13,True
USE03587,10211,2010-05-27,8,3,3,0,3,True
USE03588,10211,2010-05-28,8,5,8,0,9,True
USE03589,10211,2010-05-29,0,0,1,0,0,False
USE03590,10211,2010-05-30,0,2,0,0,0,False
USE03591,10211,2010-05-31,0,3,5,0,5,True
USE03592,10211,2010-06-01,13,3,6,0,0,True
USE03593,10211,2010-06-02,6,2,3,0,10,True
USE03594,10211,2010-06-03,6,5,8,0,9,True
USE03595,10211,2010-06-04,9,3,0,0,0,True
USE03596,10211,2010-06-05,2,0,0,1,1,True
USE03597,10211,2010-06-06,1,3,0,0,0,True
USE03598,10211,2010-06-07,13,2,3,0,0,True
USE03599,10211,2010-06-08,2,5,3,0,0,True
USE03600,10211,2010-06-09,0,0,9,0,0,False
USE03601,10064,2011-04-04,0,1,0,0,0,False
USE03602,10064,2011-04-05,0,2,0,0,0,False
USE03603,10064,2011-04-06,0,0,0,0,5,False
USE03604,10064,2011-04-07,0,0,0,0,1,False
USE03605,10064,2011-04-08,0,0,0,0,0,False
USE03606,10064,2011-04-09,0,0,0,0,0,False
USE03607,10064,2011-04-10,0,0,0,0,0,False
USE03608,10064,2011-04-11,0,0,2,0,0,False
USE03609,10064,2011-04-12,1,0,0,0,2,True
USE03610,10064,2011-04-13,0,0,0,0,0,False
USE03611,10064,2011-04-14,5,3,0,0,0,True
USE03612,10064,2011-04-15,0,0,1,0,4,True
USE03613,10064,2011-04-16,0,0,0,0,0,False
USE03614,10064,2011-04-17,0,0,0,0,0,False
USE03615,10064,2011-04-18,0,4,0,0,0,False
USE03616,10064,2011-04-19,0,0,6,3,0,True
USE03617,10064,2011-04-20,0,5,0,0,0,False
USE03618,10064,2011-04-21,0,1,0,0,0,False
USE03619,10064,2011-04-22,0,2,6,0,0,True
USE03620,10064,2011-04-23,0,2,0,0,0,False
USE03621,10064,2011-04-24,4,0,0,0,0,False
USE03622,10064,2011-04-25,0,5,6,0,10,True
USE03623,10064,2011-04-26,4,2,2,0,0,True
USE03624,10064,2011-04-27,6,4,2,1,4,True
USE03625,10064,2011-04-28,0,0,1,0,0,False
USE03626,10064,2011-04-29,10,2,3,0,0,True
USE03627,10064,2011-04-30,0,0,0,0,0,False
USE03628,10064,2011-05-01,6,1,0,1,0,True
USE03629,10064,2011-05-02,6,8,5,0,0,True
USE03630,10064,2011-05-03,5,2,4,0,6,True
USE03631,10064,2011-05-04,0,4,3,0,7,True
USE03632,10064,2011-05-05,5,4,3,0,11,True
USE03633,10064,2011-05-06,5,0,7,0,9,True
USE03634,10064,2011-05-07,0,0,0,0,0,False
USE03635,10064,2011-05-08,0,0,0,0,0,False
USE03636,10064,2011-05-09,9,4,0,0,9,True
USE03637,10064,2011-05-10,10,2,3,0,0,True
USE03638,10064,2011-05-11,6,5,6,0,0,True
USE03639,10064,2011-05-12,0,3,5,1,10,True
USE03640,10064,2011-05-13,4,0,1,0,5,True
USE03641,10064,2011-05-14,0,0,0,0,6,False
USE03642,10064,2011-05-15,1,0,2,2,0,True
USE03643,10064,2011-05-16,7,6,1,0,11,True
USE03644,10064,2011-05-17,0,3,3,0,5,True
USE03645,10064,2011-05-18,8,0,5,0,0,True
USE03646,10247,2014-11-10,2,1,0,0,0,True
USE03647,10247,2014-11-11,0,0,0,0,0,False
USE03648,10247,2014-11-12,1,0,0,0,0,False
USE03649,10247,2014-11-13,0,0,0,0,0,False
USE03650,10247,2014-11-14,0,0,0,0,0,False
USE03651,10247,2014-11-15,1,0,1,0,0,True
USE03652,10247,2014-11-16,0,0,0,0,0,False
USE03653,10247,2014-11-17,0,1,0,0,0,False
USE03654,10247,2014-11-18,6,1,0,0,0,True
USE03655,10247,2014-11-19,0,0,0,0,0,False
USE03656,10247,2014-11-20,0,1,0,0,4,True
USE03657,10247,2014-11-21,0,0,3,0,0,False
USE03658,10247,2014-11-22,0,0,0,0,0,False
USE03659,10247,2014-11-23,0,0,0,0,0,False
USE03660,10247,2014-11-24,3,0,0,0,0,False
USE03661,10247,2014-11-25,0,4,0,0,0,False
USE03662,10247,2014-11-26,0,0,5,0,0,False
USE03663,10247,2014-11-27,0,0,1,0,0,False
USE03664,10247,2014-11-28,0,0,3,0,6,True
USE03665,10247,2014-11-29,2,0,0,0,0,False
USE03666,10247,2014-11-30,0,0,0,0,0,False
USE03667,10247,2014-12-01,4,4,5,0,0,True
USE03668,10247,2014-12-02,7,1,0,0,0,True
USE03669,10247,2014-12-03,7,1,0,0,10,True
USE03670,10247,2014-12-04,7,0,3,0,9,True
USE03671,10247,2014-12-05,7,9,1,0,0,True
USE03672,10247,2014-12-06,0,0,0,0,0,False
USE03673,10247,2014-12-07,0,0,1,0,0,False
USE03674,10247,2014-12-08,3,10,3,5,0,True
USE03675,10247,2014-12-09,5,7,0,0,9,True
USE03676,10247,2014-12-10,0,4,0,0,0,False
USE03677,10247,2014-12-11,12,7,7,0,6,True
USE03678,10247,2014-12-12,13,4,1,6,9,True
USE03679,10247,2014-12-13,0,2,0,0,0,False
USE03680,10247,2014-12-14,6,0,1,0,0,True
USE03681,10247,2014-12-15,3,1,8,0,0,True
USE03682,10247,2014-12-16,7,7,3,0,6,True
USE03683,10247,2014-12-17,0,5,6,0,11,True
USE03684,10247,2014-12-18,5,7,6,3,0,True
USE03685,10247,2014-12-19,0,4,2,0,8,True
USE03686,10247,2014-12-20,1,0,0,3,1,True
USE03687,10247,2014-12-21,0,0,0,0,0,False
USE03688,10247,2014-12-22,10,1,4,0,0,True
USE03689,10247,2014-12-23,8,4,4,0,0,True
USE03690,10247,2014-12-24,7,0,7,0,10,True
USE03691,10235,2014-03-31,0,0,0,0,0,False
USE03692,10235,2014-04-01,3,0,0,0,0,False
USE03693,10235,2014-04-02,0,0,0,0,0,False
USE03694,10235,2014-04-03,0,0,0,0,0,False
USE03695,10235,2014-04-04,1,0,1,0,0,True
USE03696,10235,2014-04-05,0,0,0,0,0,False
USE03697,10235,2014-04-06,0,0,0,0,0,False
USE03698,10235,2014-04-07,4,0,0,0,7,True
USE03699,10235,2014-04-08,0,0,3,0,0,False
USE03700,10235,2014-04-09,2,0,3,0,0,True
USE03701,10235,2014-04-10,4,0,3,0,0,True
USE03702,10235,2014-04-11,0,0,3,3,0,True
USE03703,10235,2014-04-12,0,0,0,0,0,False
USE03704,10235,2014-04-13,0,1,0,0,0,False
USE03705,10235,2014-04-14,4,1,0,0,0,True
USE03706,10235,2014-04-15,0,1,0,0,5,True
USE03707,10235,2014-04-16,0,0,0,0,6,False
USE03708,10235,2014-04-17,0,1,1,0,0,True
USE03709,10235,2014-04-18,0,3,0,1,0,True
USE03710,10235,2014-04-19,0,0,0,0,0,False
USE03711,10235,2014-04-20,0,0,0,0,0,False
USE03712,10235,2014-04-21,7,1,0,0,0,True
USE03713,10235,2014-04-22,1,1,0,0,8,True
USE03714,10235,2014-04-23,0,6,2,5,5,True
USE03715,10235,2014-04-24,0,2,7,0,5,True
USE03716,10235,2014-04-25,7,0,4,0,0,True
USE03717,10235,2014-04-26,0,2,2,0,0,True
USE03718,10235,2014-04-27,0,0,0,0,5,False
USE03719,10235,2014-04-28,6,4,0,0,13,True
USE03720,10235,2014-04-29,0,5,3,0,0,True
USE03721,10235,2014-04-30,9,3,4,0,0,True
USE03722,10235,2014-05-01,7,5,4,0,6,True
USE03723,10235,2014-05-02,6,1,5,6,6,True
USE03724,10235,2014-05-03,2,0,0,1,0,True
USE03725,10235,2014-05-04,0,0,0,0,0,False
USE03726,10235,2014-05-05,0,1,7,0,0,True
USE03727,10235,2014-05-06,11,4,0,0,0,True
USE03728,10235,2014-05-07,1,2,4,0,8,True
USE03729,10235,2014-05-08,2,5,4,0,8,True
USE03730,10235,2014-05-09,2,0,0,0,9,True
USE03731,10235,2014-05-10,0,0,0,1,0,False
USE03732,10235,2014-05-11,0,0,1,0,0,False
USE03733,10235,2014-05-12,7,4,2,0,2,True
USE03734,10235,2014-05-13,9,4,4,0,7,True
USE03735,10235,2014-05-14,9,3,0,2,0,True
USE03736,10299,2014-07-07,2,2,0,0,1,True
USE03737,10299,2014-07-08,0,0,0,0,0,False
USE03738,10299,2014-07-09,0,0,0,0,0,False
USE03739,10299,2014-07-10,0,0,0,0,0,False
USE03740,10299,2014-07-11,0,0,0,0,0,False
USE03741,10299,2014-07-12,0,0,0,0,0,False
USE03742,10299,2014-07-13,0,0,0,0,0,False
USE03743,10299,2014-07-14,0,0,0,0,0,False
USE03744,10299,2014-07-15,5,1,0,0,0,True
USE03745,10299,2014-07-16,0,0,0,2,0,False
USE03746,10299,2014-07-17,4,0,0,0,0,False
USE03747,10299,2014-07-18,3,1,0,2,0,True
USE03748,10299,2014-07-19,0,1,0,0,0,False
USE03749,10299,2014-07-20,0,0,0,0,0,False
USE03750,10299,2014-07-21,2,0,0,0,0,False
USE03751,10299,2014-07-22,0,0,3,0,0,False
USE03752,10299,2014-07-23,0,0,3,0,0,False
USE03753,10299,2014-07-24,4,0,12,2,0,True
USE03754,10299,2014-07-25,8,0,0,2,5,True
USE03755,10299,2014-07-26,0,1,0,0,0,False
USE03756,10299,2014-07-27,2,0,0,0,0,False
USE03757,10299,2014-07-28,0,0,0,5,0,False
USE03758,10299,2014-07-29,4,0,0,0,0,False
USE03759,10299,2014-07-30,0,0,4,0,5,True
USE03760,10299,2014-07-31,0,6,6,0,0,True
USE03761,10299,2014-08-01,8,0,3,0,0,True
USE03762,10299,2014-08-02,1,0,0,0,0,False
USE03763,10299,2014-08-03,0,0,0,0,0,False
USE03764,10299,2014-08-04,6,0,2,0,0,True
USE03765,10299,2014-08-05,0,3,8,0,0,True
USE03766,10299,2014-08-06,0,4,2,0,8,True
USE03767,10299,2014-08-07,0,1,7,0,0,True
USE03768,10299,2014-08-08,2,8,8,0,11,True
USE03769,10299,2014-08-09,0,0,0,0,0,False
USE03770,10299,2014-08-10,0,0,0,0,0,False
USE03771,10299,2014-08-11,13,3,9,0,9,True
USE03772,10299,2014-08-12,1,4,7,4,0,True
USE03773,10299,2014-08-13,10,1,3,0,0,True
USE03774,10299,2014-08-14,12,2,5,0,6,True
USE03775,10299,2014-08-15,12,0,4,0,7,True
USE03776,10299,2014-08-16,0,0,0,3,0,False
USE03777,10299,2014-08-17,0,0,0,0,1,False
USE03778,10299,2014-08-18,4,1,0,0,11,True
USE03779,10299,2014-08-19,7,4,11,0,0,True
USE03780,10299,2014-08-20,7,6,9,0,0,True
USE03781,10280,2012-04-02,0,0,0,0,0,False
USE03782,10280,2012-04-03,0,0,0,0,0,False
USE03783,10280,2012-04-04,2,0,1,0,0,True
USE03784,10280,2012-04-05,0,0,0,0,0,False
USE03785,10280,2012-04-06,0,2,0,0,0,False
USE03786,10280,2012-04-07,0,0,0,0,1,False
USE03787,10280,2012-04-08,0,0,0,0,0,False
USE03788,10280,2012-04-09,0,0,0,0,0,False
USE03789,10280,2012-04-10,0,3,0,0,0,False
USE03790,10280,2012-04-11,0,0,0,0,0,False
USE03791,10280,2012-04-12,3,0,0,3,0,True
USE03792,10280,2012-04-13,0,2,4,0,0,True
USE03793,10280,2012-04-14,0,0,0,0,0,False
USE03794,10280,2012-04-15,0,1,0,0,0,False
USE03795,10280,2012-04-16,0,0,4,0,0,False
USE03796,10280,2012-04-17,1,0,0,5,0,True
USE03797,10280,2012-04-18,0,1,0,0,1,True
USE03798,10280,2012-04-19,0,0,5,2,11,True
USE03799,10280,2012-04-20,0,0,2,1,0,True
USE03800,10280,2012-04-21,0,0,0,0,0,False
USE03801,10280,2012-04-22,0,0,0,0,0,False
USE03802,10280,2012-04-23,3,0,0,3,0,True
USE03803,10280,2012-04-24,10,0,2,0,0,True
USE03804,10280,2012-04-25,2,0,3,0,0,True
USE03805,10280,2012-04-26,9,2,5,6,0,True
USE03806,10280,2012-04-27,6,3,0,6,8,True
USE03807,10280,2012-04-28,0,0,0,0,0,False
USE03808,10280,2012-04-29,0,0,0,0,0,False
USE03809,10280,2012-04-30,4,2,0,0,9,True
USE03810,10280,2012-05-01,0,3,5,0,0,True
USE03811,10280,2012-05-02,0,4,7,0,0,True
USE03812,10280,2012-05-03,0,0,0,5,9,True
USE03813,10280,2012-05-04,0,0,2,7,5,True
USE03814,10280,2012-05-05,0,0,0,0,0,False
USE03815,10280,2012-05-06,2,0,0,0,0,False
USE03816,10280,2012-05-07,5,0,5,0,0,True
USE03817,10280,2012-05-08,9,4,4,0,10,True
USE03818,10280,2012-05-09,6,9,3,0,7,True
USE03819,10280,2012-05-10,2,2,6,0,10,True
USE03820,10280,2012-05-11,11,3,8,3,0,True
USE03821,10280,2012-05-12,0,0,0,0,0,False
USE03822,10280,2012-05-13,1,0,0,0,0,False
USE03823,10280,2012-05-14,7,7,4,0,3,True
USE03824,10280,2012-05-15,2,9,3,0,0,True
USE03825,10280,2012-05-16,8,4,3,0,4,True
USE03826,10296,2014-02-17,0,0,0,0,0,False
USE03827,10296,2014-02-18,0,0,1,0,0,False
USE03828,10296,2014-02-19,0,1,0,0,0,False
USE03829,10296,2014-02-20,0,0,0,0,0,False
USE03830,10296,2014-02-21,0,0,0,0,0,False
USE03831,10296,2014-02-22,0,0,1,0,0,False
USE03832,10296,2014-02-23,0,0,0,0,0,False
USE03833,10296,2014-02-24,0,0,0,0,0,False
USE03834,10296,2014-02-25,0,0,2,0,0,False
USE03835,10296,2014-02-26,4,0,0,0,0,False
USE03836,10296,2014-02-27,0,0,4,1,0,True
USE03837,10296,2014-02-28,7,1,5,0,0,True
USE03838,10296,2014-03-01,0,0,0,0,1,False
USE03839,10296,2014-03-02,0,0,0,0,0,False
USE03840,10296,2014-03-03,5,2,4,0,0,True
USE03841,10296,2014-03-04,5,0,2,0,0,True
USE03842,10296,2014-03-05,4,0,7,0,0,True
USE03843,10296,2014-03-06,0,0,3,5,5,True
USE03844,10296,2014-03-07,6,3,0,0,0,True
USE03845,10296,2014-03-08,0,0,2,0,0,False
USE03846,10296,2014-03-09,0,0,0,0,0,False
USE03847,10296,2014-03-10,0,4,0,0,0,False
USE03848,10296,2014-03-11,8,0,3,0,6,True
USE03849,10296,2014-03-12,5,6,0,3,3,True
USE03850,10296,2014-03-13,0,0,4,0,0,False
USE03851,10296,2014-03-14,2,0,5,0,10,True
USE03852,10296,2014-03-15,0,0,1,0,0,False
USE03853,10296,2014-03-16,1,2,0,0,0,True
USE03854,10296,2014-03-17,0,7,6,6,0,True
USE03855,10296,2014-03-18,3,9,9,0,0,True
USE03856,10296,2014-03-19,0,2,7,0,0,True
USE03857,10296,2014-03-20,0,7,6,0,8,True
USE03858,10296,2014-03-21,0,5,4,0,0,True
USE03859,10296,2014-03-22,0,0,0,0,5,False
USE03860,10296,2014-03-23,0,0,0,0,0,False
USE03861,10296,2014-03-24,0,0,5,3,0,True
USE03862,10296,2014-03-25,4,3,5,0,0,True
USE03863,10296,2014-03-26,0,0,4,0,0,False
USE03864,10296,2014-03-27,6,5,1,0,9,True
USE03865,10296,2014-03-28,3,1,0,0,0,True
USE03866,10296,2014-03-29,3,1,2,0,0,True
USE03867,10296,2014-03-30,0,0,0,0,0,False
USE03868,10296,2014-03-31,8,4,7,0,0,True
USE03869,10296,2014-04-01,6,6,8,0,0,True
USE03870,10296,2014-04-02,3,3,4,3,13,True
USE03871,10290,2011-05-02,0,0,0,0,0,False
USE03872,10290,2011-05-03,0,0,0,0,0,False
USE03873,10290,2011-05-04,2,0,1,0,0,True
USE03874,10290,2011-05-05,0,0,0,3,0,False
USE03875,10290,2011-05-06,0,0,0,0,7,False
USE03876,10290,2011-05-07,0,0,0,0,0,False
USE03877,10290,2011-05-08,0,0,0,0,0,False
USE03878,10290,2011-05-09,3,0,0,0,3,True
USE03879,10290,2011-05-10,6,0,0,0,0,False
USE03880,10290,2011-05-11,0,0,2,0,0,False
USE03881,10290,2011-05-12,0,1,0,0,0,False
USE03882,10290,2011-05-13,0,0,2,5,0,True
USE03883,10290,2011-05-14,0,0,0,0,0,False
USE03884,10290,2011-05-15,0,0,1,0,0,False
USE03885,10290,2011-05-16,0,5,3,0,0,True
USE03886,10290,2011-05-17,0,3,1,0,0,True
USE03887,10290,2011-05-18,7,0,5,0,0,True
USE03888,10290,2011-05-19,0,0,6,0,5,True
USE03889,10290,2011-05-20,3,3,0,0,0,True
USE03890,10290,2011-05-21,0,0,0,0,0,False
USE03891,10290,2011-05-22,0,0,1,0,0,False
USE03892,10290,2011-05-23,6,3,6,0,0,True
USE03893,10290,2011-05-24,0,0,5,0,0,False
USE03894,10290,2011-05-25,7,0,2,0,6,True
USE03895,10290,2011-05-26,0,2,0,3,13,True
USE03896,10290,2011-05-27,6,0,0,0,8,True
USE03897,10290,2011-05-28,0,2,0,0,0,False
USE03898,10290,2011-05-29,0,2,0,0,0,False
USE03899,10290,2011-05-30,0,5,4,0,13,True
USE03900,10290,2011-05-31,7,4,4,0,0,True
USE03901,10290,2011-06-01,4,3,2,0,0,True
USE03902,10290,2011-06-02,13,2,0,2,0,True
USE03903,10290,2011-06-03,13,5,0,0,8,True
USE03904,10290,2011-06-04,0,0,1,0,0,False
USE03905,10290,2011-06-05,2,0,0,0,2,True
USE03906,10290,2011-06-06,7,7,6,7,0,True
USE03907,10290,2011-06-07,0,0,0,0,11,False
USE03908,10290,2011-06-08,4,0,8,6,0,True
USE03909,10290,2011-06-09,6,7,9,0,0,True
USE03910,10290,2011-06-10,10,0,9,0,0,True
USE03911,10290,2011-06-11,0,0,0,0,0,False
USE03912,10290,2011-06-12,0,0,0,0,0,False
USE03913,10290,2011-06-13,7,0,3,7,10,True
USE03914,10290,2011-06-14,13,5,7,6,9,True
USE03915,10290,2011-06-15,0,4,0,5,7,True
USE03916,10263,2014-07-07,2,0,0,0,0,False
USE03917,10263,2014-07-08,2,0,0,0,0,False
USE03918,10263,2014-07-09,0,0,0,0,0,False
USE03919,10263,2014-07-10,0,0,0,0,0,False
USE03920,10263,2014-07-11,3,2,0,0,0,True
USE03921,10263,2014-07-12,0,0,0,0,2,False
USE03922,10263,2014-07-13,0,0,0,0,0,False
USE03923,10263,2014-07-14,0,0,0,0,0,False
USE03924,10263,2014-07-15,2,0,0,0,0,False
USE03925,10263,2014-07-16,2,2,2,0,1,True
USE03926,10263,2014-07-17,0,0,0,0,0,False
USE03927,10263,2014-07-18,0,0,0,0,0,False
USE03928,10263,2014-07-19,0,0,0,0,2,False
USE03929,10263,2014-07-20,2,0,0,0,0,False
USE03930,10263,2014-07-21,2,4,2,0,0,True
USE03931,10263,2014-07-22,0,2,0,0,5,True
USE03932,10263,2014-07-23,6,2,2,0,5,True
USE03933,10263,2014-07-24,9,3,4,0,0,True
USE03934,10263,2014-07-25,7,0,3,0,0,True
USE03935,10263,2014-07-26,0,0,0,0,0,False
USE03936,10263,2014-07-27,2,0,0,0,0,False
USE03937,10263,2014-07-28,0,0,0,0,4,False
USE03938,10263,2014-07-29,8,11,0,0,6,True
USE03939,10263,2014-07-30,6,5,0,0,6,True
USE03940,10263,2014-07-31,4,5,0,0,6,True
USE03941,10263,2014-08-01,5,3,9,0,0,True
USE03942,10263,2014-08-02,0,1,2,0,0,True
USE03943,10263,2014-08-03,0,0,0,0,0,False
USE03944,10263,2014-08-04,6,4,4,0,0,True
USE03945,10263,2014-08-05,1,3,0,0,0,True
USE03946,10263,2014-08-06,5,0,1,0,0,True
USE03947,10263,2014-08-07,10,1,5,5,7,True
USE03948,10263,2014-08-08,2,0,0,0,0,False
USE03949,10263,2014-08-09,1,0,0,0,0,False
USE03950,10263,2014-08-10,0,0,0,0,0,False
USE03951,10263,2014-08-11,6,0,3,7,3,True
USE03952,10263,2014-08-12,0,6,5,5,16,True
USE03953,10263,2014-08-13,0,3,0,0,11,True
USE03954,10263,2014-08-14,3,2,3,3,10,True
USE03955,10263,2014-08-15,11,7,7,0,0,True
USE03956,10263,2014-08-16,2,0,0,2,0,True
USE03957,10263,2014-08-17,0,0,2,0,0,False
USE03958,10263,2014-08-18,6,4,0,6,0,True
USE03959,10263,2014-08-19,5,4,6,6,0,True
USE03960,10263,2014-08-20,5,1,4,0,4,True
USE03961,10136,2014-02-17,0,0,0,0,0,False
USE03962,10136,2014-02-18,0,0,0,0,0,False
USE03963,10136,2014-02-19,1,0,0,0,0,False
USE03964,10136,2014-02-20,3,0,0,0,0,False
USE03965,10136,2014-02-21,1,0,6,0,0,True
USE03966,10136,2014-02-22,0,0,0,0,0,False
USE03967,10136,2014-02-23,0,0,0,0,0,False
USE03968,10136,2014-02-24,0,0,0,0,3,False
USE03969,10136,2014-02-25,0,2,0,0,3,True
USE03970,10136,2014-02-26,0,0,0,0,5,False
USE03971,10136,2014-02-27,0,0,0,0,2,False
USE03972,10136,2014-02-28,2,0,0,0,0,False
USE03973,10136,2014-03-01,0,0,0,0,0,False
USE03974,10136,2014-03-02,0,3,0,0,0,False
USE03975,10136,2014-03-03,0,5,2,0,0,True
USE03976,10136,2014-03-04,0,0,4,1,0,True
USE03977,10136,2014-03-05,0,1,2,0,1,True
USE03978,10136,2014-03-06,7,4,3,0,3,True
USE03979,10136,2014-03-07,0,0,0,0,0,False
USE03980,10136,2014-03-08,0,0,0,0,2,False
USE03981,10136,2014-03-09,0,0,0,2,0,False
USE03982,10136,2014-03-10,11,2,4,0,10,True
USE03983,10136,2014-03-11,0,0,7,4,0,True
USE03984,10136,2014-03-12,0,3,0,0,0,False
USE03985,10136,2014-03-13,6,6,7,4,8,True
USE03986,10136,2014-03-14,8,0,2,7,6,True
USE03987,10136,2014-03-15,0,0,0,0,0,False
USE03988,10136,2014-03-16,3,0,0,0,0,False
USE03989,10136,2014-03-17,5,3,0,0,0,True
USE03990,10136,2014-03-18,9,5,5,0,0,True
USE03991,10136,2014-03-19,0,3,7,4,5,True
USE03992,10136,2014-03-20,6,3,3,0,0,True
USE03993,10136,2014-03-21,7,0,5,0,12,True
USE03994,10136,2014-03-22,4,0,0,0,0,False
USE03995,10136,2014-03-23,0,0,0,0,0,False
USE03996,10136,2014-03-24,6,3,3,0,0,True
USE03997,10136,2014-03-25,7,0,0,0,7,True
USE03998,10136,2014-03-26,0,3,4,0,0,True
USE03999,10136,2014-03-27,11,4,0,0,8,True
USE04000,10136,2014-03-28,9,5,3,5,10,True
USE04001,10136,2014-03-29,0,3,0,0,0,False
USE04002,10136,2014-03-30,0,0,0,0,1,False
USE04003,10136,2014-03-31,0,2,11,0,0,True
USE04004,10136,2014-04-01,13,3,6,0,0,True
USE04005,10136,2014-04-02,8,0,3,0,0,True
USE04006,10189,2011-11-07,0,0,1,0,0,False
USE04007,10189,2011-11-08,0,0,0,0,3,False
USE04008,10189,2011-11-09,0,0,0,0,0,False
USE04009,10189,2011-11-10,0,0,0,0,6,False
USE04010,10189,2011-11-11,0,1,7,0,0,True
USE04011,10189,2011-11-12,0,0,2,0,0,False
USE04012,10189,2011-11-13,0,0,0,0,0,False
USE04013,10189,2011-11-14,2,0,0,0,4,True
USE04014,10189,2011-11-15,3,3,0,0,9,True
USE04015,10189,2011-11-16,0,0,2,0,0,False
USE04016,10189,2011-11-17,0,0,0,0,0,False
USE04017,10189,2011-11-18,0,1,1,0,0,True
USE04018,10189,2011-11-19,0,0,0,0,3,False
USE04019,10189,2011-11-20,1,0,0,0,0,False
USE04020,10189,2011-11-21,0,2,5,0,4,True
USE04021,10189,2011-11-22,5,0,3,0,5,True
USE04022,10189,2011-11-23,6,3,0,0,0,True
USE04023,10189,2011-11-24,4,1,1,0,3,True
USE04024,10189,2011-11-25,0,3,0,0,0,False
USE04025,10189,2011-11-26,0,0,1,0,4,True
USE04026,10189,2011-11-27,0,0,0,0,0,False
USE04027,10189,2011-11-28,0,3,0,0,6,True
USE04028,10189,2011-11-29,4,0,3,0,10,True
USE04029,10189,2011-11-30,4,1,4,0,0,True
USE04030,10189,2011-12-01,8,3,5,0,0,True
USE04031,10189,2011-12-02,0,2,5,0,0,True
USE04032,10189,2011-12-03,3,0,0,0,0,False
USE04033,10189,2011-12-04,0,0,0,1,0,False
USE04034,10189,2011-12-05,0,0,3,5,12,True
USE04035,10189,2011-12-06,6,0,0,0,13,True
USE04036,10189,2011-12-07,8,4,4,0,0,True
USE04037,10189,2011-12-08,6,1,0,0,0,True
USE04038,10189,2011-12-09,5,0,3,0,8,True
USE04039,10189,2011-12-10,0,0,0,0,0,False
USE04040,10189,2011-12-11,0,0,0,0,0,False
USE04041,10189,2011-12-12,10,10,5,0,9,True
USE04042,10189,2011-12-13,8,5,2,0,0,True
USE04043,10189,2011-12-14,10,3,5,4,0,True
USE04044,10189,2011-12-15,6,6,8,0,0,True
USE04045,10189,2011-12-16,5,7,0,0,0,True
USE04046,10189,2011-12-17,0,0,0,0,6,False
USE04047,10189,2011-12-18,0,0,0,0,0,False
USE04048,10189,2011-12-19,0,2,7,0,0,True
USE04049,10189,2011-12-20,10,4,0,0,5,True
USE04050,10189,2011-12-21,6,5,1,0,5,True
USE04051,10308,2015-05-11,0,0,0,0,0,False
USE04052,10308,2015-05-12,0,0,0,0,0,False
USE04053,10308,2015-05-13,0,0,0,2,0,False
USE04054,10308,2015-05-14,0,0,0,0,0,False
USE04055,10308,2015-05-15,0,0,0,0,0,False
USE04056,10308,2015-05-16,0,0,0,0,0,False
USE04057,10308,2015-05-17,0,1,0,0,0,False
USE04058,10308,2015-05-18,0,0,0,0,0,False
USE04059,10308,2015-05-19,0,0,1,0,0,False
USE04060,10308,2015-05-20,0,1,0,0,0,False
USE04061,10308,2015-05-21,3,3,0,0,0,True
USE04062,10308,2015-05-22,0,0,1,0,0,False
USE04063,10308,2015-05-23,0,0,3,0,0,False
USE04064,10308,2015-05-24,0,0,0,0,0,False
USE04065,10308,2015-05-25,0,4,0,0,0,False
USE04066,10308,2015-05-26,0,1,2,0,5,True
USE04067,10308,2015-05-27,4,0,9,0,0,True
USE04068,10308,2015-05-28,0,3,0,0,0,False
USE04069,10308,2015-05-29,0,6,0,0,0,False
USE04070,10308,2015-05-30,0,0,0,0,0,False
USE04071,10308,2015-05-31,0,0,0,0,0,False
USE04072,10308,2015-06-01,0,2,1,0,0,True
USE04073,10308,2015-06-02,5,2,6,4,0,True
USE04074,10308,2015-06-03,5,3,3,0,0,True
USE04075,10308,2015-06-04,4,0,8,0,0,True
USE04076,10308,2015-06-05,0,3,3,0,0,True
USE04077,10308,2015-06-06,0,0,0,0,0,False
USE04078,10308,2015-06-07,0,0,0,0,0,False
USE04079,10308,2015-06-08,0,3,3,0,9,True
USE04080,10308,2015-06-09,0,6,0,6,0,True
USE04081,10308,2015-06-10,0,5,0,0,7,True
USE04082,10308,2015-06-11,0,0,2,0,5,True
USE04083,10308,2015-06-12,5,4,5,8,0,True
USE04084,10308,2015-06-13,2,1,3,0,0,True
USE04085,10308,2015-06-14,0,0,0,0,3,False
USE04086,10308,2015-06-15,0,6,5,6,10,True
USE04087,10308,2015-06-16,6,4,0,0,6,True
USE04088,10308,2015-06-17,5,0,3,5,8,True
USE04089,10308,2015-06-18,8,0,5,5,7,True
USE04090,10308,2015-06-19,7,2,4,0,8,True
USE04091,10308,2015-06-20,1,0,0,1,0,True
USE04092,10308,2015-06-21,0,0,3,0,0,False
USE04093,10308,2015-06-22,7,2,6,0,8,True
USE04094,10308,2015-06-23,5,6,6,3,0,True
USE04095,10308,2015-06-24,13,7,5,0,13,True
USE04096,10309,2015-03-30,0,0,0,0,0,False
USE04097,10309,2015-03-31,0,0,0,0,0,False
USE04098,10309,2015-04-01,0,0,0,0,0,False
USE04099,10309,2015-04-02,0,0,0,0,0,False
USE04100,10309,2015-04-03,0,0,0,0,0,False
USE04101,10309,2015-04-04,0,0,0,0,0,False
USE04102,10309,2015-04-05,0,0,0,0,0,False
USE04103,10309,2015-04-06,0,0,0,0,0,False
USE04104,10309,2015-04-07,4,0,0,3,0,True
USE04105,10309,2015-04-08,0,0,0,0,0,False
USE04106,10309,2015-04-09,0,1,0,0,0,False
USE04107,10309,2015-04-10,0,0,0,1,6,True
USE04108,10309,2015-04-11,0,0,0,0,0,False
USE04109,10309,2015-04-12,0,0,1,0,0,False
USE04110,10309,2015-04-13,0,0,0,0,0,False
USE04111,10309,2015-04-14,4,0,0,0,0,False
USE04112,10309,2015-04-15,4,1,0,0,0,True
USE04113,10309,2015-04-16,5,3,2,0,8,True
USE04114,10309,2015-04-17,0,3,3,0,0,True
USE04115,10309,2015-04-18,0,0,0,0,0,False
USE04116,10309,2015-04-19,0,0,0,0,0,False
USE04117,10309,2015-04-20,6,0,6,4,0,True
USE04118,10309,2015-04-21,0,4,0,0,0,False
USE04119,10309,2015-04-22,6,1,0,0,0,True
USE04120,10309,2015-04-23,0,3,8,0,3,True
USE04121,10309,2015-04-24,0,4,8,7,4,True
USE04122,10309,2015-04-25,0,0,0,0,0,False
USE04123,10309,2015-04-26,0,4,0,0,0,False
USE04124,10309,2015-04-27,7,0,0,6,4,True
USE04125,10309,2015-04-28,9,0,7,0,8,True
USE04126,10309,2015-04-29,7,6,7,6,0,True
USE04127,10309,2015-04-30,6,0,0,0,0,False
USE04128,10309,2015-05-01,6,0,3,0,7,True
USE04129,10309,2015-05-02,4,0,5,0,4,True
USE04130,10309,2015-05-03,0,0,0,0,0,False
USE04131,10309,2015-05-04,7,2,5,0,0,True
USE04132,10309,2015-05-05,13,0,5,0,6,True
USE04133,10309,2015-05-06,0,6,0,3,7,True
USE04134,10309,2015-05-07,8,5,4,0,6,True
USE04135,10309,2015-05-08,3,4,0,0,3,True
USE04136,10309,2015-05-09,3,0,0,0,0,False
USE04137,10309,2015-05-10,0,0,2,0,6,True
USE04138,10309,2015-05-11,4,2,0,0,0,True
USE04139,10309,2015-05-12,4,2,9,7,8,True
USE04140,10309,2015-05-13,0,3,0,6,11,True
USE04141,10049,2012-01-09,0,0,0,0,0,False
USE04142,10049,2012-01-10,0,0,0,0,0,False
USE04143,10049,2012-01-11,1,0,0,0,2,True
USE04144,10049,2012-01-12,0,0,0,0,0,False
USE04145,10049,2012-01-13,4,1,0,0,0,True
USE04146,10049,2012-01-14,0,0,0,0,0,False
USE04147,10049,2012-01-15,0,0,0,0,0,False
USE04148,10049,2012-01-16,0,1,0,0,1,True
USE04149,10049,2012-01-17,0,0,0,0,0,False
USE04150,10049,2012-01-18,8,0,0,0,2,True
USE04151,10049,2012-01-19,6,2,1,0,5,True
USE04152,10049,2012-01-20,6,1,0,6,8,True
USE04153,10049,2012-01-21,0,0,0,0,0,False
USE04154,10049,2012-01-22,0,0,0,0,0,False
USE04155,10049,2012-01-23,6,0,3,0,0,True
USE04156,10049,2012-01-24,0,3,0,0,0,False
USE04157,10049,2012-01-25,0,1,4,0,3,True
USE04158,10049,2012-01-26,4,3,3,0,0,True
USE04159,10049,2012-01-27,0,4,4,0,0,True
USE04160,10049,2012-01-28,0,0,1,0,3,True
USE04161,10049,2012-01-29,0,0,0,1,0,False
USE04162,10049,2012-01-30,0,3,3,0,0,True
USE04163,10049,2012-01-31,0,4,5,0,0,True
USE04164,10049,2012-02-01,8,6,2,0,0,True
USE04165,10049,2012-02-02,5,3,6,0,5,True
USE04166,10049,2012-02-03,6,6,0,0,8,True
USE04167,10049,2012-02-04,0,0,0,0,3,False
USE04168,10049,2012-02-05,0,0,0,0,0,False
USE04169,10049,2012-02-06,4,5,9,6,0,True
USE04170,10049,2012-02-07,6,0,6,0,0,True
USE04171,10049,2012-02-08,10,3,3,0,3,True
USE04172,10049,2012-02-09,0,4,5,0,11,True
USE04173,10049,2012-02-10,5,3,2,0,0,True
USE04174,10049,2012-02-11,0,0,0,1,0,False
USE04175,10049,2012-02-12,5,4,0,0,2,True
USE04176,10049,2012-02-13,0,0,6,7,0,True
USE04177,10049,2012-02-14,0,0,0,5,0,False
USE04178,10049,2012-02-15,7,3,0,0,6,True
USE04179,10049,2012-02-16,7,3,6,0,5,True
USE04180,10049,2012-02-17,6,2,3,0,8,True
USE04181,10049,2012-02-18,0,1,0,0,0,False
USE04182,10049,2012-02-19,0,0,0,0,0,False
USE04183,10049,2012-02-20,6,3,4,0,0,True
USE04184,10049,2012-02-21,13,4,0,0,0,True
USE04185,10049,2012-02-22,0,0,8,8,5,True
USE04186,10093,2011-05-16,0,0,0,0,0,False
USE04187,10093,2011-05-17,0,0,0,0,0,False
USE04188,10093,2011-05-18,0,0,0,0,0,False
USE04189,10093,2011-05-19,0,0,0,0,0,False
USE04190,10093,2011-05-20,0,0,0,0,0,False
USE04191,10093,2011-05-21,0,0,0,0,0,False
USE04192,10093,2011-05-22,0,0,0,0,0,False
USE04193,10093,2011-05-23,0,0,0,0,0,False
USE04194,10093,2011-05-24,0,0,0,0,0,False
USE04195,10093,2011-05-25,0,0,0,0,3,False
USE04196,10093,2011-05-26,0,2,0,0,0,False
USE04197,10093,2011-05-27,0,0,0,0,2,False
USE04198,10093,2011-05-28,0,0,0,0,0,False
USE04199,10093,2011-05-29,0,2,0,0,0,False
USE04200,10093,2011-05-30,5,0,1,0,0,True
USE04201,10093,2011-05-31,0,0,0,0,0,False
USE04202,10093,2011-06-01,0,1,3,0,4,True
USE04203,10093,2011-06-02,0,0,0,1,4,True
USE04204,10093,2011-06-03,1,0,2,0,0,True
USE04205,10093,2011-06-04,0,0,0,0,0,False
USE04206,10093,2011-06-05,2,0,3,0,2,True
USE04207,10093,2011-06-06,0,5,5,4,8,True
USE04208,10093,2011-06-07,0,4,4,0,7,True
USE04209,10093,2011-06-08,6,2,6,0,0,True
USE04210,10093,2011-06-09,4,3,3,0,0,True
USE04211,10093,2011-06-10,0,0,2,6,8,True
USE04212,10093,2011-06-11,3,0,0,1,0,True
USE04213,10093,2011-06-12,1,2,0,3,0,True
USE04214,10093,2011-06-13,4,4,6,0,8,True
USE04215,10093,2011-06-14,0,0,1,10,0,True
USE04216,10093,2011-06-15,10,0,3,0,11,True
USE04217,10093,2011-06-16,11,0,0,0,11,True
USE04218,10093,2011-06-17,0,8,3,6,8,True
USE04219,10093,2011-06-18,1,0,0,0,0,False
USE04220,10093,2011-06-19,1,0,0,0,0,False
USE04221,10093,2011-06-20,15,4,0,0,8,True
USE04222,10093,2011-06-21,5,4,5,3,15,True
USE04223,10093,2011-06-22,0,2,3,1,0,True
USE04224,10093,2011-06-23,6,0,9,0,6,True
USE04225,10093,2011-06-24,5,0,8,0,10,True
USE04226,10093,2011-06-25,0,2,0,0,2,True
USE04227,10093,2011-06-26,0,0,1,0,0,False
USE04228,10093,2011-06-27,0,0,5,7,0,True
USE04229,10093,2011-06-28,0,0,4,0,0,False
USE04230,10093,2011-06-29,8,0,9,0,8,True
USE04231,10163,2011-04-04,0,0,0,0,3,False
USE04232,10163,2011-04-05,0,1,0,0,0,False
USE04233,10163,2011-04-06,0,0,0,0,0,False
USE04234,10163,2011-04-07,2,0,0,0,0,False
USE04235,10163,2011-04-08,1,0,0,0,0,False
USE04236,10163,2011-04-09,0,0,0,0,0,False
USE04237,10163,2011-04-10,0,0,0,0,0,False
USE04238,10163,2011-04-11,0,0,0,0,0,False
USE04239,10163,2011-04-12,0,3,0,0,0,False
USE04240,10163,2011-04-13,3,0,0,0,0,False
USE04241,10163,2011-04-14,0,0,3,0,4,True
USE04242,10163,2011-04-15,0,1,0,0,0,False
USE04243,10163,2011-04-16,2,0,0,0,0,False
USE04244,10163,2011-04-17,0,0,0,0,0,False
USE04245,10163,2011-04-18,0,1,0,0,0,False
USE04246,10163,2011-04-19,2,3,2,0,0,True
USE04247,10163,2011-04-20,4,0,0,0,0,False
USE04248,10163,2011-04-21,4,0,0,0,0,False
USE04249,10163,2011-04-22,0,0,3,3,0,True
USE04250,10163,2011-04-23,0,0,0,0,5,False
USE04251,10163,2011-04-24,0,2,0,0,0,False
USE04252,10163,2011-04-25,4,0,5,0,4,True
USE04253,10163,2011-04-26,8,3,5,0,9,True
USE04254,10163,2011-04-27,3,2,4,0,5,True
USE04255,10163,2011-04-28,8,3,0,8,0,True
USE04256,10163,2011-04-29,0,0,8,0,9,True
USE04257,10163,2011-04-30,0,0,0,0,0,False
USE04258,10163,2011-05-01,0,0,2,2,0,True
USE04259,10163,2011-05-02,5,4,3,1,0,True
USE04260,10163,2011-05-03,5,0,3,0,0,True
USE04261,10163,2011-05-04,5,4,8,0,11,True
USE04262,10163,2011-05-05,5,7,7,0,12,True
USE04263,10163,2011-05-06,9,7,4,0,12,True
USE04264,10163,2011-05-07,0,0,0,0,0,False
USE04265,10163,2011-05-08,0,1,0,0,6,True
USE04266,10163,2011-05-09,6,6,4,8,0,True
USE04267,10163,2011-05-10,8,7,5,0,10,True
USE04268,10163,2011-05-11,0,6,4,0,11,True
USE04269,10163,2011-05-12,7,4,6,0,0,True
USE04270,10163,2011-05-13,4,8,3,0,8,True
USE04271,10163,2011-05-14,0,0,1,0,0,False
USE04272,10163,2011-05-15,0,0,0,0,2,False
USE04273,10163,2011-05-16,0,0,6,0,4,True
USE04274,10163,2011-05-17,0,0,7,0,0,False
USE04275,10163,2011-05-18,0,10,6,0,0,True
USE04276,10305,2014-09-29,1,0,0,0,0,False
USE04277,10305,2014-09-30,0,0,0,0,0,False
USE04278,10305,2014-10-01,8,0,0,2,0,True
USE04279,10305,2014-10-02,0,0,0,0,0,False
USE04280,10305,2014-10-03,0,0,0,0,0,False
USE04281,10305,2014-10-04,0,0,0,0,0,False
USE04282,10305,2014-10-05,0,0,0,0,0,False
USE04283,10305,2014-10-06,0,0,0,1,0,False
USE04284,10305,2014-10-07,0,1,0,0,0,False
USE04285,10305,2014-10-08,0,0,0,0,0,False
USE04286,10305,2014-10-09,0,0,0,0,0,False
USE04287,10305,2014-10-10,0,0,0,0,3,False
USE04288,10305,2014-10-11,0,0,0,0,0,False
USE04289,10305,2014-10-12,0,0,0,0,0,False
USE04290,10305,2014-10-13,0,0,0,2,0,False
USE04291,10305,2014-10-14,0,0,0,5,0,False
USE04292,10305,2014-10-15,7,0,0,0,0,False
USE04293,10305,2014-10-16,2,2,0,5,7,True
USE04294,10305,2014-10-17,4,0,0,0,7,True
USE04295,10305,2014-10-18,3,0,0,1,0,True
USE04296,10305,2014-10-19,0,0,0,0,0,False
USE04297,10305,2014-10-20,4,7,0,3,7,True
USE04298,10305,2014-10-21,4,0,0,0,0,False
USE04299,10305,2014-10-22,9,0,0,3,0,True
USE04300,10305,2014-10-23,0,0,0,5,0,False
USE04301,10305,2014-10-24,0,0,0,9,14,True
USE04302,10305,2014-10-25,0,0,0,0,0,False
USE04303,10305,2014-10-26,0,0,0,0,0,False
USE04304,10305,2014-10-27,9,0,0,3,8,True
USE04305,10305,2014-10-28,5,0,0,9,8,True
USE04306,10305,2014-10-29,10,0,0,0,9,True
USE04307,10305,2014-10-30,11,0,5,2,10,True
USE04308,10305,2014-10-31,9,0,0,6,10,True
USE04309,10305,2014-11-01,0,0,0,2,0,False
USE04310,10305,2014-11-02,0,0,0,0,0,False
USE04311,10305,2014-11-03,7,0,8,4,7,True
USE04312,10305,2014-11-04,0,0,0,5,10,True
USE04313,10305,2014-11-05,9,0,0,3,0,True
USE04314,10305,2014-11-06,0,2,0,6,7,True
USE04315,10305,2014-11-07,8,0,0,4,8,True
USE04316,10305,2014-11-08,4,0,0,0,0,False
USE04317,10305,2014-11-09,0,0,0,0,0,False
USE04318,10305,2014-11-10,0,2,0,3,3,True
USE04319,10305,2014-11-11,9,0,0,0,12,True
USE04320,10305,2014-11-12,0,1,0,4,0,True
USE04321,10015,2011-04-15,0,0,0,0,0,False
USE04322,10015,2011-04-16,0,0,0,0,0,False
USE04323,10015,2011-04-17,0,0,0,0,0,False
USE04324,10015,2011-04-18,0,0,0,0,0,False
USE04325,10015,2011-04-19,0,0,0,0,0,False
USE04326,10015,2011-04-20,0,0,0,0,0,False
USE04327,10015,2011-04-21,0,0,3,0,0,False
USE04328,10015,2011-04-22,0,0,0,0,0,False
USE04329,10015,2011-04-23,0,0,0,0,0,False
USE04330,10015,2011-04-24,1,0,0,0,0,False
USE04331,10015,2011-04-25,1,2,0,0,1,True
USE04332,10015,2011-04-26,0,3,0,0,0,False
USE04333,10015,2011-04-27,0,0,0,0,9,False
USE04334,10015,2011-04-28,5,0,0,0,2,True
USE04335,10015,2011-04-29,8,0,0,0,5,True
USE04336,10015,2011-04-30,0,1,0,0,0,False
USE04337,10015,2011-05-01,0,0,0,0,0,False
USE04338,10015,2011-05-02,5,2,2,5,0,True
USE04339,10015,2011-05-03,3,0,6,0,8,True
USE04340,10015,2011-05-04,0,0,5,0,10,True
USE04341,10015,2011-05-05,6,0,5,0,0,True
USE04342,10015,2011-05-06,4,6,3,0,0,True
USE04343,10015,2011-05-07,0,2,0,0,0,False
USE04344,10015,2011-05-08,0,0,0,0,0,False
USE04345,10015,2011-05-09,7,0,7,0,2,True
USE04346,10015,2011-05-10,0,0,0,0,7,False
USE04347,10015,2011-05-11,0,4,3,0,11,True
USE04348,10015,2011-05-12,9,5,0,0,7,True
USE04349,10015,2011-05-13,0,4,3,0,8,True
USE04350,10015,2011-05-14,0,0,0,0,0,False
USE04351,10015,2011-05-15,5,0,0,1,0,True
USE04352,10015,2011-05-16,11,0,7,4,0,True
USE04353,10015,2011-05-17,6,4,3,0,4,True
USE04354,10015,2011-05-18,0,3,0,0,6,True
USE04355,10015,2011-05-19,7,3,4,8,0,True
USE04356,10015,2011-05-20,11,2,8,6,0,True
USE04357,10015,2011-05-21,0,0,0,0,0,False
USE04358,10015,2011-05-22,0,0,1,0,0,False
USE04359,10015,2011-05-23,8,0,6,5,4,True
USE04360,10015,2011-05-24,7,3,0,0,7,True
USE04361,10015,2011-05-25,0,0,3,0,0,False
USE04362,10015,2011-05-26,9,7,0,0,0,True
USE04363,10015,2011-05-27,6,3,2,0,0,True
USE04364,10015,2011-05-28,0,0,0,0,0,False
USE04365,10015,2011-05-29,0,1,0,0,0,False
USE04366,10080,2009-01-05,0,0,0,0,0,False
USE04367,10080,2009-01-06,0,0,0,0,0,False
USE04368,10080,2009-01-07,0,0,0,0,0,False
USE04369,10080,2009-01-08,0,0,0,0,0,False
USE04370,10080,2009-01-09,0,0,0,0,0,False
USE04371,10080,2009-01-10,0,0,0,0,0,False
USE04372,10080,2009-01-11,0,0,0,0,0,False
USE04373,10080,2009-01-12,0,0,0,0,5,False
USE04374,10080,2009-01-13,5,0,0,2,0,True
USE04375,10080,2009-01-14,4,0,0,3,0,True
USE04376,10080,2009-01-15,0,2,0,0,0,False
USE04377,10080,2009-01-16,0,3,0,0,1,True
USE04378,10080,2009-01-17,0,0,0,0,0,False
USE04379,10080,2009-01-18,0,1,0,0,0,False
USE04380,10080,2009-01-19,5,0,0,0,0,False
USE04381,10080,2009-01-20,4,0,0,3,2,True
USE04382,10080,2009-01-21,0,0,0,0,0,False
USE04383,10080,2009-01-22,0,0,0,1,3,True
USE04384,10080,2009-01-23,4,0,0,0,6,True
USE04385,10080,2009-01-24,0,0,0,0,0,False
USE04386,10080,2009-01-25,0,0,0,0,1,False
USE04387,10080,2009-01-26,0,0,0,6,3,True
USE04388,10080,2009-01-27,0,0,0,0,7,False
USE04389,10080,2009-01-28,0,0,0,0,5,False
USE04390,10080,2009-01-29,0,2,0,4,0,True
USE04391,10080,2009-01-30,0,0,0,0,3,False
USE04392,10080,2009-01-31,2,0,0,0,1,True
USE04393,10080,2009-02-01,0,0,0,0,0,False
USE04394,10080,2009-02-02,10,5,0,9,0,True
USE04395,10080,2009-02-03,8,0,0,5,0,True
USE04396,10080,2009-02-04,13,0,0,0,0,False
USE04397,10080,2009-02-05,9,2,0,0,0,True
USE04398,10080,2009-02-06,0,8,0,7,10,True
USE04399,10080,2009-02-07,0,0,0,0,0,False
USE04400,10080,2009-02-08,0,2,0,0,1,True
USE04401,10080,2009-02-09,0,0,0,5,0,False
USE04402,10080,2009-02-10,0,0,0,7,0,False
USE04403,10080,2009-02-11,2,0,0,5,9,True
USE04404,10080,2009-02-12,0,0,0,3,0,False
USE04405,10080,2009-02-13,0,4,0,3,3,True
USE04406,10080,2009-02-14,0,0,0,0,4,False
USE04407,10080,2009-02-15,0,0,0,0,0,False
USE04408,10080,2009-02-16,9,0,0,5,6,True
USE04409,10080,2009-02-17,3,0,0,10,0,True
USE04410,10080,2009-02-18,0,0,0,6,7,True
USE04411,10258,2011-09-06,0,0,0,0,0,False
USE04412,10258,2011-09-07,0,0,0,3,8,True
USE04413,10258,2011-09-08,0,0,0,0,0,False
USE04414,10258,2011-09-09,0,0,0,0,0,False
USE04415,10258,2011-09-10,0,0,0,0,0,False
USE04416,10258,2011-09-11,0,0,0,0,0,False
USE04417,10258,2011-09-12,0,0,0,0,0,False
USE04418,10258,2011-09-13,0,0,0,5,0,False
USE04419,10258,2011-09-14,2,0,0,0,5,True
USE04420,10258,2011-09-15,0,0,0,0,0,False
USE04421,10258,2011-09-16,4,0,0,0,0,False
USE04422,10258,2011-09-17,3,0,0,0,0,False
USE04423,10258,2011-09-18,0,0,0,0,0,False
USE04424,10258,2011-09-19,4,0,0,0,0,False
USE04425,10258,2011-09-20,0,0,0,4,8,True
USE04426,10258,2011-09-21,0,0,0,1,0,False
USE04427,10258,2011-09-22,0,0,0,0,0,False
USE04428,10258,2011-09-23,0,0,0,3,0,False
USE04429,10258,2011-09-24,0,0,0,0,0,False
USE04430,10258,2011-09-25,2,0,0,3,0,True
USE04431,10258,2011-09-26,0,0,0,7,0,False
USE04432,10258,2011-09-27,8,3,0,3,0,True
USE04433,10258,2011-09-28,0,0,0,5,0,False
USE04434,10258,2011-09-29,3,0,0,0,0,False
USE04435,10258,2011-09-30,5,0,0,2,9,True
USE04436,10258,2011-10-01,1,0,0,0,0,False
USE04437,10258,2011-10-02,0,0,0,2,0,False
USE04438,10258,2011-10-03,4,0,0,4,0,True
USE04439,10258,2011-10-04,2,0,0,6,5,True
USE04440,10258,2011-10-05,5,5,0,6,11,True
USE04441,10258,2011-10-06,5,0,0,3,0,True
USE04442,10258,2011-10-07,8,0,0,2,6,True
USE04443,10258,2011-10-08,0,0,0,0,0,False
USE04444,10258,2011-10-09,3,0,0,0,0,False
USE04445,10258,2011-10-10,0,0,0,0,6,False
USE04446,10258,2011-10-11,14,0,0,3,9,True
USE04447,10258,2011-10-12,2,5,0,9,7,True
USE04448,10258,2011-10-13,0,8,0,2,3,True
USE04449,10258,2011-10-14,6,0,0,6,11,True
USE04450,10258,2011-10-15,0,0,0,0,0,False
USE04451,10258,2011-10-16,2,0,0,0,3,True
USE04452,10258,2011-10-17,11,0,0,5,7,True
USE04453,10258,2011-10-18,7,0,0,4,11,True
USE04454,10258,2011-10-19,9,4,0,2,0,True
USE04455,10258,2011-10-20,4,5,0,8,6,True
USE04456,10273,2010-05-01,0,0,0,0,0,False
USE04457,10273,2010-05-02,0,0,0,0,1,False
USE04458,10273,2010-05-03,0,0,0,0,0,False
USE04459,10273,2010-05-04,0,0,0,0,0,False
USE04460,10273,2010-05-05,0,1,0,0,0,False
USE04461,10273,2010-05-06,3,0,4,0,0,True
USE04462,10273,2010-05-07,0,0,0,0,0,False
USE04463,10273,2010-05-08,0,0,0,0,0,False
USE04464,10273,2010-05-09,0,0,0,0,0,False
USE04465,10273,2010-05-10,0,1,0,0,0,False
USE04466,10273,2010-05-11,0,0,1,0,0,False
USE04467,10273,2010-05-12,0,2,2,0,0,True
USE04468,10273,2010-05-13,0,0,3,0,7,True
USE04469,10273,2010-05-14,3,0,1,0,0,True
USE04470,10273,2010-05-15,0,3,2,0,0,True
USE04471,10273,2010-05-16,0,0,0,0,0,False
USE04472,10273,2010-05-17,4,0,3,0,0,True
USE04473,10273,2010-05-18,2,3,3,0,0,True
USE04474,10273,2010-05-19,0,0,0,0,5,False
USE04475,10273,2010-05-20,4,2,2,0,4,True
USE04476,10273,2010-05-21,0,2,0,0,5,True
USE04477,10273,2010-05-22,0,0,0,0,1,False
USE04478,10273,2010-05-23,0,0,0,2,2,True
USE04479,10273,2010-05-24,3,0,3,7,7,True
USE04480,10273,2010-05-25,0,2,0,0,0,False
USE04481,10273,2010-05-26,5,2,0,0,0,True
USE04482,10273,2010-05-27,6,4,3,0,0,True
USE04483,10273,2010-05-28,3,2,2,0,4,True
USE04484,10273,2010-05-29,0,0,0,2,0,False
USE04485,10273,2010-05-30,0,0,0,0,0,False
USE04486,10273,2010-05-31,0,5,3,4,0,True
USE04487,10273,2010-06-01,1,0,10,0,5,True
USE04488,10273,2010-06-02,0,5,4,0,8,True
USE04489,10273,2010-06-03,0,2,1,1,9,True
USE04490,10273,2010-06-04,7,3,6,4,0,True
USE04491,10273,2010-06-05,0,2,2,0,5,True
USE04492,10273,2010-06-06,0,3,0,0,0,False
USE04493,10273,2010-06-07,7,4,0,0,0,True
USE04494,10273,2010-06-08,6,1,1,2,3,True
USE04495,10273,2010-06-09,5,5,0,3,0,True
USE04496,10273,2010-06-10,3,1,6,0,0,True
USE04497,10273,2010-06-11,5,0,0,0,7,True
USE04498,10273,2010-06-12,0,0,1,0,0,False
USE04499,10273,2010-06-13,0,0,0,0,5,False
USE04500,10273,2010-06-14,2,3,5,4,0,True
USE04501,10111,2015-03-30,0,0,0,0,3,False
USE04502,10111,2015-03-31,2,0,1,0,0,True
USE04503,10111,2015-04-01,5,0,0,0,4,True
USE04504,10111,2015-04-02,0,0,0,0,2,False
USE04505,10111,2015-04-03,0,0,0,0,0,False
USE04506,10111,2015-04-04,0,0,0,0,0,False
USE04507,10111,2015-04-05,0,0,0,0,0,False
USE04508,10111,2015-04-06,0,0,0,0,0,False
USE04509,10111,2015-04-07,0,0,5,0,0,False
USE04510,10111,2015-04-08,5,1,8,0,0,True
USE04511,10111,2015-04-09,3,0,2,0,1,True
USE04512,10111,2015-04-10,0,1,0,0,0,False
USE04513,10111,2015-04-11,0,1,0,0,0,False
USE04514,10111,2015-04-12,0,1,3,0,0,True
USE04515,10111,2015-04-13,3,0,0,0,5,True
USE04516,10111,2015-04-14,0,0,0,3,0,False
USE04517,10111,2015-04-15,8,0,2,0,0,True
USE04518,10111,2015-04-16,7,2,0,0,0,True
USE04519,10111,2015-04-17,4,2,0,0,0,True
USE04520,10111,2015-04-18,0,3,0,3,0,True
USE04521,10111,2015-04-19,0,0,0,0,0,False
USE04522,10111,2015-04-20,5,1,3,0,4,True
USE04523,10111,2015-04-21,0,2,0,0,7,True
USE04524,10111,2015-04-22,2,0,9,4,0,True
USE04525,10111,2015-04-23,8,4,0,0,6,True
USE04526,10111,2015-04-24,5,4,3,0,0,True
USE04527,10111,2015-04-25,0,0,0,0,0,False
USE04528,10111,2015-04-26,0,1,0,0,1,True
USE04529,10111,2015-04-27,0,6,4,0,0,True
USE04530,10111,2015-04-28,8,5,3,6,0,True
USE04531,10111,2015-04-29,6,6,4,0,0,True
USE04532,10111,2015-04-30,10,3,1,0,10,True
USE04533,10111,2015-05-01,0,4,4,0,4,True
USE04534,10111,2015-05-02,0,0,1,0,0,False
USE04535,10111,2015-05-03,0,0,0,0,0,False
USE04536,10111,2015-05-04,2,1,6,0,9,True
USE04537,10111,2015-05-05,0,5,4,0,5,True
USE04538,10111,2015-05-06,8,4,2,5,0,True
USE04539,10111,2015-05-07,0,3,5,7,8,True
USE04540,10111,2015-05-08,6,3,4,3,0,True
USE04541,10111,2015-05-09,0,0,0,0,0,False
USE04542,10111,2015-05-10,0,0,1,0,0,False
USE04543,10111,2015-05-11,7,4,6,3,10,True
USE04544,10111,2015-05-12,6,0,4,0,0,True
USE04545,10111,2015-05-13,8,5,3,0,5,True
USE04546,10257,2011-05-16,0,0,0,0,0,False
USE04547,10257,2011-05-17,0,0,0,0,0,False
USE04548,10257,2011-05-18,0,1,0,0,0,False
USE04549,10257,2011-05-19,0,0,0,0,0,False
USE04550,10257,2011-05-20,0,0,0,0,0,False
USE04551,10257,2011-05-21,0,0,0,0,0,False
USE04552,10257,2011-05-22,0,0,0,0,0,False
USE04553,10257,2011-05-23,0,5,0,0,0,False
USE04554,10257,2011-05-24,0,0,2,0,0,False
USE04555,10257,2011-05-25,0,0,1,0,6,True
USE04556,10257,2011-05-26,0,1,0,0,3,True
USE04557,10257,2011-05-27,4,3,4,2,0,True
USE04558,10257,2011-05-28,0,0,0,0,0,False
USE04559,10257,2011-05-29,0,1,0,2,0,True
USE04560,10257,2011-05-30,0,0,0,0,0,False
USE04561,10257,2011-05-31,2,3,3,0,0,True
USE04562,10257,2011-06-01,3,0,0,0,1,True
USE04563,10257,2011-06-02,0,0,0,0,4,False
USE04564,10257,2011-06-03,0,2,3,3,0,True
USE04565,10257,2011-06-04,0,0,0,0,0,False
USE04566,10257,2011-06-05,2,0,1,0,0,True
USE04567,10257,2011-06-06,0,0,1,0,8,True
USE04568,10257,2011-06-07,3,0,5,4,10,True
USE04569,10257,2011-06-08,11,4,0,0,0,True
USE04570,10257,2011-06-09,0,0,0,0,8,False
USE04571,10257,2011-06-10,9,9,0,6,0,True
USE04572,10257,2011-06-11,0,2,0,0,0,False
USE04573,10257,2011-06-12,0,0,0,0,0,False
USE04574,10257,2011-06-13,0,5,5,0,0,True
USE04575,10257,2011-06-14,3,2,9,4,0,True
USE04576,10257,2011-06-15,5,3,6,0,10,True
USE04577,10257,2011-06-16,4,5,2,0,0,True
USE04578,10257,2011-06-17,0,5,10,3,5,True
USE04579,10257,2011-06-18,0,0,1,2,0,True
USE04580,10257,2011-06-19,0,0,0,0,5,False
USE04581,10257,2011-06-20,6,0,4,0,3,True
USE04582,10257,2011-06-21,10,5,8,7,8,True
USE04583,10257,2011-06-22,8,6,4,0,0,True
USE04584,10257,2011-06-23,9,3,7,0,0,True
USE04585,10257,2011-06-24,6,5,6,0,12,True
USE04586,10257,2011-06-25,0,0,0,0,0,False
USE04587,10257,2011-06-26,4,1,1,0,0,True
USE04588,10257,2011-06-27,0,4,0,0,14,True
USE04589,10257,2011-06-28,8,0,2,0,0,True
USE04590,10257,2011-06-29,7,6,0,0,0,True
USE04591,10159,2015-03-30,0,2,0,0,0,False
USE04592,10159,2015-03-31,1,0,0,0,0,False
USE04593,10159,2015-04-01,6,0,0,0,0,False
USE04594,10159,2015-04-02,0,0,0,0,0,False
USE04595,10159,2015-04-03,3,0,0,0,3,True
USE04596,10159,2015-04-04,0,0,0,0,0,False
USE04597,10159,2015-04-05,0,0,0,0,0,False
USE04598,10159,2015-04-06,0,0,0,0,0,False
USE04599,10159,2015-04-07,0,0,0,0,0,False
USE04600,10159,2015-04-08,0,0,1,0,4,True
USE04601,10159,2015-04-09,0,2,2,0,4,True
USE04602,10159,2015-04-10,0,0,2,0,0,False
USE04603,10159,2015-04-11,0,0,0,0,0,False
USE04604,10159,2015-04-12,0,0,0,0,0,False
USE04605,10159,2015-04-13,4,3,3,0,6,True
USE04606,10159,2015-04-14,0,1,5,0,0,True
USE04607,10159,2015-04-15,4,4,0,1,0,True
USE04608,10159,2015-04-16,5,0,0,0,0,False
USE04609,10159,2015-04-17,0,2,0,0,7,True
USE04610,10159,2015-04-18,0,0,0,0,0,False
USE04611,10159,2015-04-19,0,1,0,0,0,False
USE04612,10159,2015-04-20,7,0,5,0,0,True
USE04613,10159,2015-04-21,2,1,2,0,0,True
USE04614,10159,2015-04-22,0,2,3,0,0,True
USE04615,10159,2015-04-23,8,2,5,0,9,True
USE04616,10159,2015-04-24,0,5,1,0,0,True
USE04617,10159,2015-04-25,0,0,0,0,0,False
USE04618,10159,2015-04-26,0,0,1,2,0,True
USE04619,10159,2015-04-27,3,0,2,0,0,True
USE04620,10159,2015-04-28,7,2,2,5,12,True
USE04621,10159,2015-04-29,9,7,3,0,0,True
USE04622,10159,2015-04-30,0,5,3,0,0,True
USE04623,10159,2015-05-01,14,0,0,0,0,False
USE04624,10159,2015-05-02,0,0,0,0,0,False
USE04625,10159,2015-05-03,0,0,0,0,0,False
USE04626,10159,2015-05-04,10,0,7,0,7,True
USE04627,10159,2015-05-05,10,3,4,0,0,True
USE04628,10159,2015-05-06,7,10,3,7,11,True
USE04629,10159,2015-05-07,0,6,3,0,9,True
USE04630,10159,2015-05-08,7,6,0,2,0,True
USE04631,10159,2015-05-09,0,0,0,0,0,False
USE04632,10159,2015-05-10,0,0,1,0,0,False
USE04633,10159,2015-05-11,12,0,4,0,0,True
USE04634,10159,2015-05-12,0,5,9,0,9,True
USE04635,10159,2015-05-13,9,5,2,0,8,True
USE04636,10122,2011-11-07,0,0,1,0,0,False
USE04637,10122,2011-11-08,3,0,0,0,1,True
USE04638,10122,2011-11-09,0,0,0,0,1,False
USE04639,10122,2011-11-10,1,0,0,0,0,False
USE04640,10122,2011-11-11,2,0,0,0,0,False
USE04641,10122,2011-11-12,0,0,0,0,1,False
USE04642,10122,2011-11-13,0,0,0,0,0,False
USE04643,10122,2011-11-14,1,0,3,0,6,True
USE04644,10122,2011-11-15,0,0,0,0,0,False
USE04645,10122,2011-11-16,4,0,0,0,0,False
USE04646,10122,2011-11-17,0,0,3,0,0,False
USE04647,10122,2011-11-18,8,0,0,0,0,False
USE04648,10122,2011-11-19,0,0,0,0,0,False
USE04649,10122,2011-11-20,0,0,0,0,0,False
USE04650,10122,2011-11-21,0,0,0,0,0,False
USE04651,10122,2011-11-22,0,5,2,0,0,True
USE04652,10122,2011-11-23,0,3,7,0,4,True
USE04653,10122,2011-11-24,0,4,6,4,0,True
USE04654,10122,2011-11-25,0,5,3,0,4,True
USE04655,10122,2011-11-26,0,3,1,0,0,True
USE04656,10122,2011-11-27,0,0,0,0,0,False
USE04657,10122,2011-11-28,0,0,0,0,0,False
USE04658,10122,2011-11-29,2,1,5,0,0,True
USE04659,10122,2011-11-30,7,5,6,0,6,True
USE04660,10122,2011-12-01,5,3,5,4,8,True
USE04661,10122,2011-12-02,0,2,9,0,0,True
USE04662,10122,2011-12-03,0,0,1,0,0,False
USE04663,10122,2011-12-04,0,0,0,0,0,False
USE04664,10122,2011-12-05,0,2,4,0,0,True
USE04665,10122,2011-12-06,4,0,5,5,0,True
USE04666,10122,2011-12-07,7,0,5,3,7,True
USE04667,10122,2011-12-08,5,3,7,0,0,True
USE04668,10122,2011-12-09,11,0,2,5,0,True
USE04669,10122,2011-12-10,2,0,1,0,0,True
USE04670,10122,2011-12-11,0,0,0,0,0,False
USE04671,10122,2011-12-12,11,3,5,10,0,True
USE04672,10122,2011-12-13,0,2,6,0,6,True
USE04673,10122,2011-12-14,7,4,5,0,11,True
USE04674,10122,2011-12-15,8,0,9,2,0,True
USE04675,10122,2011-12-16,12,2,7,6,11,True
USE04676,10122,2011-12-17,0,0,0,0,1,False
USE04677,10122,2011-12-18,0,0,0,1,0,False
USE04678,10122,2011-12-19,9,2,4,0,0,True
USE04679,10122,2011-12-20,10,0,5,0,12,True
USE04680,10122,2011-12-21,4,0,4,0,0,True
USE04681,10142,2014-07-07,0,0,0,0,0,False
USE04682,10142,2014-07-08,0,0,0,0,0,False
USE04683,10142,2014-07-09,2,0,0,0,3,True
USE04684,10142,2014-07-10,0,0,0,0,0,False
USE04685,10142,2014-07-11,4,0,0,0,2,True
USE04686,10142,2014-07-12,0,0,0,0,0,False
USE04687,10142,2014-07-13,0,0,0,0,0,False
USE04688,10142,2014-07-14,0,0,0,0,0,False
USE04689,10142,2014-07-15,0,2,0,0,0,False
USE04690,10142,2014-07-16,6,0,0,0,0,False
USE04691,10142,2014-07-17,0,0,0,0,0,False
USE04692,10142,2014-07-18,0,0,0,0,6,False
USE04693,10142,2014-07-19,0,0,0,0,0,False
USE04694,10142,2014-07-20,0,0,0,0,0,False
USE04695,10142,2014-07-21,0,0,0,4,0,False
USE04696,10142,2014-07-22,0,0,0,2,1,True
USE04697,10142,2014-07-23,0,0,0,0,0,False
USE04698,10142,2014-07-24,0,0,0,0,0,False
USE04699,10142,2014-07-25,0,0,0,0,0,False
USE04700,10142,2014-07-26,0,0,0,0,2,False
USE04701,10142,2014-07-27,0,0,0,0,0,False
USE04702,10142,2014-07-28,2,1,0,4,0,True
USE04703,10142,2014-07-29,5,0,0,0,5,True
USE04704,10142,2014-07-30,0,0,0,5,7,True
USE04705,10142,2014-07-31,7,4,0,4,0,True
USE04706,10142,2014-08-01,7,3,0,2,7,True
USE04707,10142,2014-08-02,0,0,0,0,0,False
USE04708,10142,2014-08-03,0,0,0,2,0,False
USE04709,10142,2014-08-04,5,0,0,5,11,True
USE04710,10142,2014-08-05,9,0,0,0,8,True
USE04711,10142,2014-08-06,0,6,0,0,0,False
USE04712,10142,2014-08-07,9,5,0,4,8,True
USE04713,10142,2014-08-08,9,0,0,4,8,True
USE04714,10142,2014-08-09,0,0,0,0,0,False
USE04715,10142,2014-08-10,0,0,0,0,0,False
USE04716,10142,2014-08-11,0,0,0,0,0,False
USE04717,10142,2014-08-12,6,0,0,4,0,True
USE04718,10142,2014-08-13,9,0,0,5,0,True
USE04719,10142,2014-08-14,10,0,0,0,10,True
USE04720,10142,2014-08-15,4,0,0,0,0,False
USE04721,10142,2014-08-16,0,0,0,2,0,False
USE04722,10142,2014-08-17,0,0,0,0,1,False
USE04723,10142,2014-08-18,0,3,0,0,10,True
USE04724,10142,2014-08-19,0,0,0,10,10,True
USE04725,10142,2014-08-20,0,0,0,6,6,True
USE04726,10283,2012-04-02,0,0,0,1,0,False
USE04727,10283,2012-04-03,0,0,2,0,0,False
USE04728,10283,2012-04-04,0,0,0,0,0,False
USE04729,10283,2012-04-05,0,0,0,0,0,False
USE04730,10283,2012-04-06,0,0,0,0,2,False
USE04731,10283,2012-04-07,0,0,0,0,0,False
USE04732,10283,2012-04-08,0,0,0,1,0,False
USE04733,10283,2012-04-09,0,0,3,0,0,False
USE04734,10283,2012-04-10,0,2,0,0,3,True
USE04735,10283,2012-04-11,0,0,3,0,4,True
USE04736,10283,2012-04-12,4,0,0,0,6,True
USE04737,10283,2012-04-13,0,4,0,0,0,False
USE04738,10283,2012-04-14,0,0,0,0,0,False
USE04739,10283,2012-04-15,0,0,0,0,4,False
USE04740,10283,2012-04-16,0,3,0,0,0,False
USE04741,10283,2012-04-17,0,4,0,0,0,False
USE04742,10283,2012-04-18,8,0,0,4,9,True
USE04743,10283,2012-04-19,7,0,2,0,6,True
USE04744,10283,2012-04-20,0,5,3,0,8,True
USE04745,10283,2012-04-21,0,0,0,0,0,False
USE04746,10283,2012-04-22,0,0,0,0,0,False
USE04747,10283,2012-04-23,0,1,0,0,0,False
USE04748,10283,2012-04-24,0,1,4,0,0,True
USE04749,10283,2012-04-25,3,3,0,0,3,True
USE04750,10283,2012-04-26,7,5,1,0,0,True
USE04751,10283,2012-04-27,0,0,2,0,0,False
USE04752,10283,2012-04-28,0,0,0,1,0,False
USE04753,10283,2012-04-29,3,0,4,0,0,True
USE04754,10283,2012-04-30,0,5,4,0,7,True
USE04755,10283,2012-05-01,4,2,1,6,0,True
USE04756,10283,2012-05-02,8,4,0,0,4,True
USE04757,10283,2012-05-03,0,0,1,0,0,False
USE04758,10283,2012-05-04,0,3,7,0,8,True
USE04759,10283,2012-05-05,1,0,2,0,0,True
USE04760,10283,2012-05-06,0,2,4,0,0,True
USE04761,10283,2012-05-07,4,0,6,0,7,True
USE04762,10283,2012-05-08,8,2,0,0,0,True
USE04763,10283,2012-05-09,0,4,0,7,0,True
USE04764,10283,2012-05-10,9,5,6,0,14,True
USE04765,10283,2012-05-11,4,5,3,0,7,True
USE04766,10283,2012-05-12,2,0,1,0,0,True
USE04767,10283,2012-05-13,0,0,0,0,0,False
USE04768,10283,2012-05-14,5,0,3,0,0,True
USE04769,10283,2012-05-15,7,5,4,0,8,True
USE04770,10283,2012-05-16,5,5,3,3,10,True
USE04771,10018,2014-09-29,2,0,0,0,0,False
USE04772,10018,2014-09-30,0,0,0,0,0,False
USE04773,10018,2014-10-01,1,0,0,0,0,False
USE04774,10018,2014-10-02,1,0,1,0,0,True
USE04775,10018,2014-10-03,2,0,2,0,8,True
USE04776,10018,2014-10-04,0,0,0,0,0,False
USE04777,10018,2014-10-05,0,0,0,0,0,False
USE04778,10018,2014-10-06,0,2,0,0,0,False
USE04779,10018,2014-10-07,0,0,0,0,0,False
USE04780,10018,2014-10-08,0,0,0,0,0,False
USE04781,10018,2014-10-09,3,0,0,0,3,True
USE04782,10018,2014-10-10,0,4,0,0,0,False
USE04783,10018,2014-10-11,0,1,1,0,0,True
USE04784,10018,2014-10-12,0,0,0,0,0,False
USE04785,10018,2014-10-13,0,0,0,0,0,False
USE04786,10018,2014-10-14,0,0,0,0,0,False
USE04787,10018,2014-10-15,6,0,1,0,0,True
USE04788,10018,2014-10-16,2,0,4,0,0,True
USE04789,10018,2014-10-17,5,0,9,0,7,True
USE04790,10018,2014-10-18,0,0,1,0,0,False
USE04791,10018,2014-10-19,0,0,0,0,0,False
USE04792,10018,2014-10-20,7,0,0,0,2,True
USE04793,10018,2014-10-21,4,5,0,0,0,True
USE04794,10018,2014-10-22,0,6,6,0,0,True
USE04795,10018,2014-10-23,3,5,0,0,3,True
USE04796,10018,2014-10-24,0,0,3,0,15,True
USE04797,10018,2014-10-25,0,0,0,0,0,False
USE04798,10018,2014-10-26,2,0,0,0,3,True
USE04799,10018,2014-10-27,0,0,0,4,7,True
USE04800,10018,2014-10-28,6,3,4,0,12,True
USE04801,10018,2014-10-29,0,0,8,0,8,True
USE04802,10018,2014-10-30,5,2,3,0,5,True
USE04803,10018,2014-10-31,7,1,0,0,5,True
USE04804,10018,2014-11-01,0,0,0,0,0,False
USE04805,10018,2014-11-02,0,0,0,0,0,False
USE04806,10018,2014-11-03,0,3,3,5,6,True
USE04807,10018,2014-11-04,2,3,3,0,0,True
USE04808,10018,2014-11-05,0,6,0,0,9,True
USE04809,10018,2014-11-06,5,3,5,0,7,True
USE04810,10018,2014-11-07,1,3,6,0,0,True
USE04811,10018,2014-11-08,0,1,0,0,0,False
USE04812,10018,2014-11-09,0,0,0,0,0,False
USE04813,10018,2014-11-10,6,4,6,0,0,True
USE04814,10018,2014-11-11,0,0,4,0,10,True
USE04815,10018,2014-11-12,6,5,4,0,0,True
USE04816,10255,2015-02-16,3,0,0,0,0,False
USE04817,10255,2015-02-17,0,0,0,0,0,False
USE04818,10255,2015-02-18,0,0,0,0,0,False
USE04819,10255,2015-02-19,0,0,0,4,0,False
USE04820,10255,2015-02-20,0,0,0,0,0,False
USE04821,10255,2015-02-21,0,0,0,0,0,False
USE04822,10255,2015-02-22,0,0,0,0,0,False
USE04823,10255,2015-02-23,3,0,0,0,3,True
USE04824,10255,2015-02-24,0,0,0,1,0,False
USE04825,10255,2015-02-25,1,0,0,0,6,True
USE04826,10255,2015-02-26,0,0,0,0,0,False
USE04827,10255,2015-02-27,4,0,0,0,0,False
USE04828,10255,2015-02-28,1,0,0,0,0,False
USE04829,10255,2015-03-01,2,0,0,0,0,False
USE04830,10255,2015-03-02,0,2,0,0,10,True
USE04831,10255,2015-03-03,0,0,3,0,3,True
USE04832,10255,2015-03-04,8,3,0,0,0,True
USE04833,10255,2015-03-05,4,0,0,5,0,True
USE04834,10255,2015-03-06,0,0,0,0,2,False
USE04835,10255,2015-03-07,0,0,0,0,0,False
USE04836,10255,2015-03-08,0,0,0,0,0,False
USE04837,10255,2015-03-09,0,0,0,3,0,False
USE04838,10255,2015-03-10,0,0,0,4,0,False
USE04839,10255,2015-03-11,4,3,0,0,4,True
USE04840,10255,2015-03-12,9,0,0,5,7,True
USE04841,10255,2015-03-13,13,5,0,7,10,True
USE04842,10255,2015-03-14,0,0,0,0,0,False
USE04843,10255,2015-03-15,0,0,0,0,0,False
USE04844,10255,2015-03-16,4,0,0,0,2,True
USE04845,10255,2015-03-17,4,0,0,0,11,True
USE04846,10255,2015-03-18,0,0,0,4,4,True
USE04847,10255,2015-03-19,0,0,0,0,10,False
USE04848,10255,2015-03-20,4,0,0,7,11,True
USE04849,10255,2015-03-21,0,0,0,0,0,False
USE04850,10255,2015-03-22,0,0,0,0,0,False
USE04851,10255,2015-03-23,8,0,0,9,0,True
USE04852,10255,2015-03-24,13,0,0,0,13,True
USE04853,10255,2015-03-25,14,0,0,5,13,True
USE04854,10255,2015-03-26,6,7,0,0,0,True
USE04855,10255,2015-03-27,0,4,0,0,4,True
USE04856,10255,2015-03-28,0,0,0,0,0,False
USE04857,10255,2015-03-29,1,0,0,0,0,False
USE04858,10255,2015-03-30,7,0,0,10,7,True
USE04859,10255,2015-03-31,0,4,0,5,12,True
USE04860,10255,2015-04-01,5,0,0,2,0,True
USE04861,10246,2015-02-16,3,0,0,0,0,False
USE04862,10246,2015-02-17,0,1,0,0,0,False
USE04863,10246,2015-02-18,0,2,0,0,0,False
USE04864,10246,2015-02-19,0,0,0,0,2,False
USE04865,10246,2015-02-20,1,0,0,3,1,True
USE04866,10246,2015-02-21,0,0,0,0,0,False
USE04867,10246,2015-02-22,0,0,0,0,0,False
USE04868,10246,2015-02-23,0,0,4,0,0,False
USE04869,10246,2015-02-24,0,1,0,0,0,False
USE04870,10246,2015-02-25,4,0,3,0,0,True
USE04871,10246,2015-02-26,0,0,3,0,0,False
USE04872,10246,2015-02-27,0,5,0,0,0,False
USE04873,10246,2015-02-28,0,0,0,0,0,False
USE04874,10246,2015-03-01,0,0,0,0,0,False
USE04875,10246,2015-03-02,0,1,2,2,0,True
USE04876,10246,2015-03-03,0,8,1,3,0,True
USE04877,10246,2015-03-04,0,3,0,0,5,True
USE04878,10246,2015-03-05,0,7,2,0,0,True
USE04879,10246,2015-03-06,0,0,2,1,0,True
USE04880,10246,2015-03-07,0,0,0,0,0,False
USE04881,10246,2015-03-08,0,0,0,0,0,False
USE04882,10246,2015-03-09,4,0,4,0,6,True
USE04883,10246,2015-03-10,10,0,3,0,0,True
USE04884,10246,2015-03-11,9,3,0,0,0,True
USE04885,10246,2015-03-12,6,2,2,3,0,True
USE04886,10246,2015-03-13,5,4,3,0,0,True
USE04887,10246,2015-03-14,0,0,0,0,0,False
USE04888,10246,2015-03-15,0,0,2,0,0,False
USE04889,10246,2015-03-16,10,7,5,0,10,True
USE04890,10246,2015-03-17,0,0,0,2,0,False
USE04891,10246,2015-03-18,0,4,5,0,0,True
USE04892,10246,2015-03-19,10,6,1,0,5,True
USE04893,10246,2015-03-20,7,0,5,0,0,True
USE04894,10246,2015-03-21,0,0,3,0,0,False
USE04895,10246,2015-03-22,0,2,0,0,0,False
USE04896,10246,2015-03-23,0,0,6,0,11,True
USE04897,10246,2015-03-24,0,4,2,0,0,True
USE04898,10246,2015-03-25,9,0,5,0,0,True
USE04899,10246,2015-03-26,9,4,2,0,9,True
USE04900,10246,2015-03-27,7,5,4,3,0,True
USE04901,10246,2015-03-28,0,2,0,0,0,False
USE04902,10246,2015-03-29,0,2,3,0,0,True
USE04903,10246,2015-03-30,7,5,0,0,6,True
USE04904,10246,2015-03-31,6,3,0,0,0,True
USE04905,10246,2015-04-01,5,6,4,0,0,True
USE04906,10228,2015-03-30,0,1,0,0,0,False
USE04907,10228,2015-03-31,0,0,1,0,0,False
USE04908,10228,2015-04-01,0,0,2,0,0,False
USE04909,10228,2015-04-02,0,0,0,0,0,False
USE04910,10228,2015-04-03,0,0,4,0,3,True
USE04911,10228,2015-04-04,1,0,0,0,0,False
USE04912,10228,2015-04-05,0,0,0,0,2,False
USE04913,10228,2015-04-06,0,0,0,0,2,False
USE04914,10228,2015-04-07,2,1,3,0,0,True
USE04915,10228,2015-04-08,0,1,0,0,0,False
USE04916,10228,2015-04-09,0,0,6,0,7,True
USE04917,10228,2015-04-10,5,0,0,3,0,True
USE04918,10228,2015-04-11,0,0,0,0,1,False
USE04919,10228,2015-04-12,0,0,0,0,0,False
USE04920,10228,2015-04-13,0,2,0,0,0,False
USE04921,10228,2015-04-14,0,0,3,0,11,True
USE04922,10228,2015-04-15,2,0,0,0,0,False
USE04923,10228,2015-04-16,0,2,2,0,0,True
USE04924,10228,2015-04-17,6,1,4,3,0,True
USE04925,10228,2015-04-18,0,0,0,0,0,False
USE04926,10228,2015-04-19,0,0,0,0,0,False
USE04927,10228,2015-04-20,0,0,0,0,11,False
USE04928,10228,2015-04-21,8,0,0,0,4,True
USE04929,10228,2015-04-22,5,2,0,0,4,True
USE04930,10228,2015-04-23,0,5,4,0,8,True
USE04931,10228,2015-04-24,7,4,4,0,7,True
USE04932,10228,2015-04-25,0,0,0,0,0,False
USE04933,10228,2015-04-26,3,0,0,0,0,False
USE04934,10228,2015-04-27,7,0,0,5,5,True
USE04935,10228,2015-04-28,2,4,0,0,10,True
USE04936,10228,2015-04-29,0,7,8,0,0,True
USE04937,10228,2015-04-30,0,5,6,0,11,True
USE04938,10228,2015-05-01,12,2,0,0,0,True
USE04939,10228,2015-05-02,0,0,0,0,0,False
USE04940,10228,2015-05-03,0,0,1,0,5,True
USE04941,10228,2015-05-04,12,4,4,0,0,True
USE04942,10228,2015-05-05,0,4,4,8,7,True
USE04943,10228,2015-05-06,6,9,0,11,0,True
USE04944,10228,2015-05-07,7,6,3,0,0,True
USE04945,10228,2015-05-08,7,5,6,6,8,True
USE04946,10228,2015-05-09,4,0,1,0,0,True
USE04947,10228,2015-05-10,0,0,1,0,0,False
USE04948,10228,2015-05-11,0,0,0,0,10,False
USE04949,10228,2015-05-12,7,1,10,0,0,True
USE04950,10228,2015-05-13,5,0,5,0,0,True
USE04951,10243,2013-11-11,0,0,0,0,0,False
USE04952,10243,2013-11-12,0,0,1,0,0,False
USE04953,10243,2013-11-13,0,0,0,0,3,False
USE04954,10243,2013-11-14,0,0,0,0,0,False
USE04955,10243,2013-11-15,0,0,0,0,0,False
USE04956,10243,2013-11-16,0,0,0,0,0,False
USE04957,10243,2013-11-17,0,0,0,0,0,False
USE04958,10243,2013-11-18,0,0,0,1,6,True
USE04959,10243,2013-11-19,4,0,0,0,0,False
USE04960,10243,2013-11-20,0,0,0,1,5,True
USE04961,10243,2013-11-21,0,0,5,0,0,False
USE04962,10243,2013-11-22,0,4,0,0,0,False
USE04963,10243,2013-11-23,0,0,0,2,0,False
USE04964,10243,2013-11-24,0,0,0,0,0,False
USE04965,10243,2013-11-25,0,0,3,0,0,False
USE04966,10243,2013-11-26,0,0,0,0,4,False
USE04967,10243,2013-11-27,5,0,6,0,0,True
USE04968,10243,2013-11-28,0,0,4,0,0,False
USE04969,10243,2013-11-29,9,1,0,0,3,True
USE04970,10243,2013-11-30,0,2,0,0,2,True
USE04971,10243,2013-12-01,3,3,0,0,4,True
USE04972,10243,2013-12-02,7,2,2,4,0,True
USE04973,10243,2013-12-03,4,0,7,0,5,True
USE04974,10243,2013-12-04,0,0,4,0,0,False
USE04975,10243,2013-12-05,0,7,3,0,3,True
USE04976,10243,2013-12-06,4,0,6,6,5,True
USE04977,10243,2013-12-07,0,1,1,0,0,True
USE04978,10243,2013-12-08,0,0,0,0,0,False
USE04979,10243,2013-12-09,5,5,0,0,2,True
USE04980,10243,2013-12-10,8,3,0,0,0,True
USE04981,10243,2013-12-11,7,3,7,0,0,True
USE04982,10243,2013-12-12,7,1,4,9,6,True
USE04983,10243,2013-12-13,6,4,3,0,0,True
USE04984,10243,2013-12-14,0,0,0,0,0,False
USE04985,10243,2013-12-15,1,0,3,0,0,True
USE04986,10243,2013-12-16,8,5,7,0,0,True
USE04987,10243,2013-12-17,9,3,5,0,6,True
USE04988,10243,2013-12-18,0,6,0,0,6,True
USE04989,10243,2013-12-19,0,0,3,4,3,True
USE04990,10243,2013-12-20,0,5,5,0,0,True
USE04991,10243,2013-12-21,0,0,1,0,0,False
USE04992,10243,2013-12-22,0,0,0,3,0,False
USE04993,10243,2013-12-23,0,0,2,0,7,True
USE04994,10243,2013-12-24,6,0,5,0,5,True
USE04995,10243,2013-12-25,6,6,0,0,0,True
USE04996,10031,2011-07-11,0,0,1,0,0,False
USE04997,10031,2011-07-12,0,0,0,0,0,False
USE04998,10031,2011-07-13,0,0,0,0,0,False
USE04999,10031,2011-07-14,3,0,2,1,2,True
USE05000,10031,2011-07-15,0,0,3,0,0,False
USE05001,10031,2011-07-16,0,0,0,0,0,False
USE05002,10031,2011-07-17,0,0,0,0,0,False
USE05003,10031,2011-07-18,0,4,0,0,0,False
USE05004,10031,2011-07-19,0,3,0,0,0,False
USE05005,10031,2011-07-20,0,0,1,0,0,False
USE05006,10031,2011-07-21,2,2,0,0,0,True
USE05007,10031,2011-07-22,0,0,3,0,0,False
USE05008,10031,2011-07-23,0,0,0,0,0,False
USE05009,10031,2011-07-24,0,0,1,0,0,False
USE05010,10031,2011-07-25,5,0,3,0,4,True
USE05011,10031,2011-07-26,6,1,0,0,0,True
USE05012,10031,2011-07-27,0,3,3,0,0,True
USE05013,10031,2011-07-28,0,0,0,4,0,False
USE05014,10031,2011-07-29,0,0,0,0,0,False
USE05015,10031,2011-07-30,0,0,0,0,0,False
USE05016,10031,2011-07-31,0,0,0,0,0,False
USE05017,10031,2011-08-01,4,0,7,0,0,True
USE05018,10031,2011-08-02,4,2,2,0,9,True
USE05019,10031,2011-08-03,3,3,0,0,0,True
USE05020,10031,2011-08-04,0,4,2,0,0,True
USE05021,10031,2011-08-05,4,3,8,0,9,True
USE05022,10031,2011-08-06,0,0,0,2,0,False
USE05023,10031,2011-08-07,2,0,0,0,0,False
USE05024,10031,2011-08-08,6,0,3,0,5,True
USE05025,10031,2011-08-09,0,6,5,0,11,True
USE05026,10031,2011-08-10,10,6,7,0,0,True
USE05027,10031,2011-08-11,13,1,0,0,7,True
USE05028,10031,2011-08-12,0,3,7,0,8,True
USE05029,10031,2011-08-13,0,0,0,0,3,False
USE05030,10031,2011-08-14,0,1,0,0,0,False
USE05031,10031,2011-08-15,8,4,9,0,0,True
USE05032,10031,2011-08-16,6,0,3,0,0,True
USE05033,10031,2011-08-17,12,4,4,0,6,True
USE05034,10031,2011-08-18,7,0,0,10,0,True
USE05035,10031,2011-08-19,8,7,4,0,0,True
USE05036,10031,2011-08-20,2,0,2,0,0,True
USE05037,10031,2011-08-21,0,0,0,3,0,False
USE05038,10031,2011-08-22,7,5,1,0,0,True
USE05039,10031,2011-08-23,9,6,8,9,0,True
USE05040,10031,2011-08-24,9,3,1,0,6,True
USE05041,10300,2010-04-26,0,0,0,0,2,False
USE05042,10300,2010-04-27,0,0,1,0,0,False
USE05043,10300,2010-04-28,0,0,0,0,0,False
USE05044,10300,2010-04-29,0,0,0,1,0,False
USE05045,10300,2010-04-30,0,0,2,0,0,False
USE05046,10300,2010-05-01,1,0,0,0,0,False
USE05047,10300,2010-05-02,0,1,0,0,0,False
USE05048,10300,2010-05-03,0,0,0,0,0,False
USE05049,10300,2010-05-04,5,0,0,0,0,False
USE05050,10300,2010-05-05,0,0,3,0,0,False
USE05051,10300,2010-05-06,3,4,0,0,0,True
USE05052,10300,2010-05-07,0,0,0,0,0,False
USE05053,10300,2010-05-08,0,2,0,0,0,False
USE05054,10300,2010-05-09,0,0,0,1,0,False
USE05055,10300,2010-05-10,0,2,0,0,0,False
USE05056,10300,2010-05-11,5,3,0,0,0,True
USE05057,10300,2010-05-12,8,3,0,0,0,True
USE05058,10300,2010-05-13,8,0,5,0,4,True
USE05059,10300,2010-05-14,0,5,0,0,0,False
USE05060,10300,2010-05-15,2,0,2,0,0,True
USE05061,10300,2010-05-16,0,0,0,0,0,False
USE05062,10300,2010-05-17,7,1,0,0,9,True
USE05063,10300,2010-05-18,4,6,4,0,0,True
USE05064,10300,2010-05-19,7,3,0,0,8,True
USE05065,10300,2010-05-20,4,1,3,0,7,True
USE05066,10300,2010-05-21,0,0,4,0,8,True
USE05067,10300,2010-05-22,0,1,1,0,5,True
USE05068,10300,2010-05-23,0,0,0,0,0,False
USE05069,10300,2010-05-24,9,2,8,0,13,True
USE05070,10300,2010-05-25,0,4,4,0,12,True
USE05071,10300,2010-05-26,6,3,2,0,7,True
USE05072,10300,2010-05-27,5,3,5,0,0,True
USE05073,10300,2010-05-28,4,0,0,0,14,True
USE05074,10300,2010-05-29,0,2,0,0,0,False
USE05075,10300,2010-05-30,0,0,0,0,0,False
USE05076,10300,2010-05-31,0,3,7,5,9,True
USE05077,10300,2010-06-01,8,4,4,0,7,True
USE05078,10300,2010-06-02,12,6,0,0,8,True
USE05079,10300,2010-06-03,0,5,0,0,7,True
USE05080,10300,2010-06-04,7,5,5,0,0,True
USE05081,10300,2010-06-05,0,1,0,0,0,False
USE05082,10300,2010-06-06,3,0,2,0,0,True
USE05083,10300,2010-06-07,0,2,8,0,0,True
USE05084,10300,2010-06-08,0,5,9,0,8,True
USE05085,10300,2010-06-09,0,4,0,0,5,True
USE05086,10101,2015-01-05,0,0,0,0,0,False
USE05087,10101,2015-01-06,0,1,2,0,0,True
USE05088,10101,2015-01-07,0,0,0,0,0,False
USE05089,10101,2015-01-08,1,0,0,0,2,True
USE05090,10101,2015-01-09,0,0,0,0,0,False
USE05091,10101,2015-01-10,0,0,0,1,0,False
USE05092,10101,2015-01-11,0,0,0,0,0,False
USE05093,10101,2015-01-12,4,0,0,0,0,False
USE05094,10101,2015-01-13,0,0,0,0,0,False
USE05095,10101,2015-01-14,4,0,0,0,0,False
USE05096,10101,2015-01-15,0,0,5,0,0,False
USE05097,10101,2015-01-16,0,2,0,0,0,False
USE05098,10101,2015-01-17,0,0,0,0,0,False
USE05099,10101,2015-01-18,0,0,0,0,0,False
USE05100,10101,2015-01-19,2,2,1,0,4,True
USE05101,10101,2015-01-20,0,0,2,0,0,False
USE05102,10101,2015-01-21,0,3,4,0,6,True
USE05103,10101,2015-01-22,3,2,5,7,8,True
USE05104,10101,2015-01-23,9,4,4,0,0,True
USE05105,10101,2015-01-24,1,0,0,0,0,False
USE05106,10101,2015-01-25,0,0,0,0,0,False
USE05107,10101,2015-01-26,10,1,7,0,8,True
USE05108,10101,2015-01-27,6,7,2,0,0,True
USE05109,10101,2015-01-28,4,2,2,0,0,True
USE05110,10101,2015-01-29,0,3,4,0,8,True
USE05111,10101,2015-01-30,4,0,5,0,0,True
USE05112,10101,2015-01-31,0,0,0,0,0,False
USE05113,10101,2015-02-01,0,0,2,0,0,False
USE05114,10101,2015-02-02,10,0,5,0,0,True
USE05115,10101,2015-02-03,0,0,5,0,0,False
USE05116,10101,2015-02-04,5,5,6,3,0,True
USE05117,10101,2015-02-05,7,2,3,0,0,True
USE05118,10101,2015-02-06,7,5,4,0,7,True
USE05119,10101,2015-02-07,0,0,0,0,2,False
USE05120,10101,2015-02-08,0,0,1,0,0,False
USE05121,10101,2015-02-09,5,8,3,0,0,True
USE05122,10101,2015-02-10,7,3,10,0,7,True
USE05123,10101,2015-02-11,0,1,2,0,3,True
USE05124,10101,2015-02-12,2,4,3,0,5,True
USE05125,10101,2015-02-13,7,2,5,0,0,True
USE05126,10101,2015-02-14,0,1,0,1,0,True
USE05127,10101,2015-02-15,0,0,0,0,0,False
USE05128,10101,2015-02-16,10,3,7,0,5,True
USE05129,10101,2015-02-17,10,3,0,0,0,True
USE05130,10101,2015-02-18,0,2,8,0,7,True
USE05131,10237,2014-05-12,1,4,0,0,0,True
USE05132,10237,2014-05-13,0,0,0,0,0,False
USE05133,10237,2014-05-14,0,0,0,0,0,False
USE05134,10237,2014-05-15,0,0,0,0,0,False
USE05135,10237,2014-05-16,0,0,1,0,0,False
USE05136,10237,2014-05-17,0,0,0,0,0,False
USE05137,10237,2014-05-18,0,0,0,0,0,False
USE05138,10237,2014-05-19,5,0,0,0,0,False
USE05139,10237,2014-05-20,3,0,4,0,5,True
USE05140,10237,2014-05-21,0,1,4,0,0,True
USE05141,10237,2014-05-22,2,0,0,0,0,False
USE05142,10237,2014-05-23,0,0,1,0,0,False
USE05143,10237,2014-05-24,0,0,0,0,0,False
USE05144,10237,2014-05-25,0,0,0,0,0,False
USE05145,10237,2014-05-26,5,0,0,0,0,False
USE05146,10237,2014-05-27,3,2,0,0,0,True
USE05147,10237,2014-05-28,0,0,0,0,0,False
USE05148,10237,2014-05-29,0,2,5,0,6,True
USE05149,10237,2014-05-30,3,0,1,5,0,True
USE05150,10237,2014-05-31,0,0,0,0,0,False
USE05151,10237,2014-06-01,0,0,0,0,0,False
USE05152,10237,2014-06-02,0,2,0,0,0,False
USE05153,10237,2014-06-03,6,1,0,0,0,True
USE05154,10237,2014-06-04,0,5,3,0,4,True
USE05155,10237,2014-06-05,0,5,0,0,0,False
USE05156,10237,2014-06-06,4,1,9,6,9,True
USE05157,10237,2014-06-07,3,0,0,0,0,False
USE05158,10237,2014-06-08,0,0,0,2,2,True
USE05159,10237,2014-06-09,8,0,6,9,13,True
USE05160,10237,2014-06-10,2,2,0,0,0,True
USE05161,10237,2014-06-11,9,0,6,4,0,True
USE05162,10237,2014-06-12,3,2,0,0,0,True
USE05163,10237,2014-06-13,10,6,0,0,5,True
USE05164,10237,2014-06-14,3,2,2,0,0,True
USE05165,10237,2014-06-15,0,0,0,0,0,False
USE05166,10237,2014-06-16,0,5,3,0,6,True
USE05167,10237,2014-06-17,6,5,4,0,0,True
USE05168,10237,2014-06-18,9,0,6,0,12,True
USE05169,10237,2014-06-19,0,3,4,0,0,True
USE05170,10237,2014-06-20,4,0,4,5,6,True
USE05171,10237,2014-06-21,0,0,0,0,0,False
USE05172,10237,2014-06-22,0,0,2,0,0,False
USE05173,10237,2014-06-23,0,3,0,0,8,True
USE05174,10237,2014-06-24,9,2,7,4,13,True
USE05175,10237,2014-06-25,9,7,3,0,0,True
USE05176,10051,2012-07-02,0,0,0,0,0,False
USE05177,10051,2012-07-03,1,0,0,0,0,False
USE05178,10051,2012-07-04,0,0,0,0,0,False
USE05179,10051,2012-07-05,0,0,0,0,2,False
USE05180,10051,2012-07-06,4,0,0,0,0,False
USE05181,10051,2012-07-07,0,0,0,0,0,False
USE05182,10051,2012-07-08,0,0,0,0,0,False
USE05183,10051,2012-07-09,3,0,3,0,0,True
USE05184,10051,2012-07-10,1,2,0,0,0,True
USE05185,10051,2012-07-11,0,0,0,0,0,False
USE05186,10051,2012-07-12,2,0,1,0,0,True
USE05187,10051,2012-07-13,3,0,0,0,0,False
USE05188,10051,2012-07-14,0,0,0,0,0,False
USE05189,10051,2012-07-15,0,1,0,0,0,False
USE05190,10051,2012-07-16,6,0,0,0,5,True
USE05191,10051,2012-07-17,0,0,6,0,0,False
USE05192,10051,2012-07-18,0,4,6,0,0,True
USE05193,10051,2012-07-19,5,6,6,0,3,True
USE05194,10051,2012-07-20,4,0,0,0,6,True
USE05195,10051,2012-07-21,0,0,0,0,0,False
USE05196,10051,2012-07-22,0,0,0,0,0,False
USE05197,10051,2012-07-23,8,3,0,0,0,True
USE05198,10051,2012-07-24,0,0,0,3,0,False
USE05199,10051,2012-07-25,0,5,3,0,0,True
USE05200,10051,2012-07-26,7,0,2,0,6,True
USE05201,10051,2012-07-27,5,5,4,0,0,True
USE05202,10051,2012-07-28,0,0,0,0,0,False
USE05203,10051,2012-07-29,0,0,0,0,0,False
USE05204,10051,2012-07-30,7,7,4,0,11,True
USE05205,10051,2012-07-31,7,1,6,6,9,True
USE05206,10051,2012-08-01,6,6,0,0,7,True
USE05207,10051,2012-08-02,0,0,0,6,9,True
USE05208,10051,2012-08-03,0,2,0,0,0,False
USE05209,10051,2012-08-04,3,0,0,0,0,False
USE05210,10051,2012-08-05,0,0,0,3,0,False
USE05211,10051,2012-08-06,6,0,7,6,0,True
USE05212,10051,2012-08-07,7,0,5,0,0,True
USE05213,10051,2012-08-08,11,0,2,7,0,True
USE05214,10051,2012-08-09,6,5,4,6,10,True
USE05215,10051,2012-08-10,4,5,3,6,7,True
USE05216,10051,2012-08-11,0,3,3,4,3,True
USE05217,10051,2012-08-12,1,0,0,0,0,False
USE05218,10051,2012-08-13,12,3,0,0,0,True
USE05219,10051,2012-08-14,4,7,6,0,5,True
USE05220,10051,2012-08-15,4,3,6,0,8,True
USE05221,10218,2013-09-30,0,0,0,0,0,False
USE05222,10218,2013-10-01,0,0,0,0,1,False
USE05223,10218,2013-10-02,0,1,0,0,0,False
USE05224,10218,2013-10-03,0,2,0,0,0,False
USE05225,10218,2013-10-04,0,0,0,0,0,False
USE05226,10218,2013-10-05,0,0,0,0,0,False
USE05227,10218,2013-10-06,0,0,0,0,0,False
USE05228,10218,2013-10-07,2,0,0,3,0,True
USE05229,10218,2013-10-08,3,0,0,0,0,False
USE05230,10218,2013-10-09,6,0,0,0,4,True
USE05231,10218,2013-10-10,0,0,0,0,3,False
USE05232,10218,2013-10-11,0,0,0,0,0,False
USE05233,10218,2013-10-12,0,0,0,0,0,False
USE05234,10218,2013-10-13,0,0,0,0,0,False
USE05235,10218,2013-10-14,6,0,3,0,0,True
USE05236,10218,2013-10-15,6,0,6,0,0,True
USE05237,10218,2013-10-16,2,3,0,0,0,True
USE05238,10218,2013-10-17,0,2,2,4,0,True
USE05239,10218,2013-10-18,2,0,0,0,0,False
USE05240,10218,2013-10-19,0,0,0,0,0,False
USE05241,10218,2013-10-20,0,0,0,0,0,False
USE05242,10218,2013-10-21,0,0,5,0,0,False
USE05243,10218,2013-10-22,0,2,3,0,0,True
USE05244,10218,2013-10-23,0,0,3,8,0,True
USE05245,10218,2013-10-24,4,1,0,0,9,True
USE05246,10218,2013-10-25,9,0,4,0,0,True
USE05247,10218,2013-10-26,0,0,0,0,0,False
USE05248,10218,2013-10-27,0,1,0,1,0,True
USE05249,10218,2013-10-28,0,0,0,0,6,False
USE05250,10218,2013-10-29,9,6,3,0,0,True
USE05251,10218,2013-10-30,11,1,10,0,0,True
USE05252,10218,2013-10-31,11,4,9,6,0,True
USE05253,10218,2013-11-01,2,7,6,0,8,True
USE05254,10218,2013-11-02,0,0,1,0,0,False
USE05255,10218,2013-11-03,0,0,0,0,0,False
USE05256,10218,2013-11-04,0,4,0,0,0,False
USE05257,10218,2013-11-05,0,0,7,0,11,True
USE05258,10218,2013-11-06,9,3,8,0,0,True
USE05259,10218,2013-11-07,8,0,3,0,10,True
USE05260,10218,2013-11-08,11,0,4,8,0,True
USE05261,10218,2013-11-09,2,0,0,0,0,False
USE05262,10218,2013-11-10,0,0,0,0,0,False
USE05263,10218,2013-11-11,7,0,5,4,6,True
USE05264,10218,2013-11-12,4,1,4,0,9,True
USE05265,10218,2013-11-13,0,0,0,0,0,False
USE05266,10256,2013-08-19,0,0,0,0,0,False
USE05267,10256,2013-08-20,0,0,0,1,0,False
USE05268,10256,2013-08-21,0,0,0,0,0,False
USE05269,10256,2013-08-22,6,0,0,0,0,False
USE05270,10256,2013-08-23,0,0,0,4,0,False
USE05271,10256,2013-08-24,0,0,0,0,0,False
USE05272,10256,2013-08-25,0,0,0,0,0,False
USE05273,10256,2013-08-26,0,0,1,0,0,False
USE05274,10256,2013-08-27,5,1,5,0,0,True
USE05275,10256,2013-08-28,0,1,0,1,0,True
USE05276,10256,2013-08-29,0,1,3,0,0,True
USE05277,10256,2013-08-30,0,2,0,0,3,True
USE05278,10256,2013-08-31,0,0,0,0,0,False
USE05279,10256,2013-09-01,0,0,0,0,0,False
USE05280,10256,2013-09-02,0,0,3,0,3,True
USE05281,10256,2013-09-03,3,0,1,1,7,True
USE05282,10256,2013-09-04,0,0,4,0,0,False
USE05283,10256,2013-09-05,0,2,4,0,5,True
USE05284,10256,2013-09-06,8,3,6,0,0,True
USE05285,10256,2013-09-07,0,0,0,0,0,False
USE05286,10256,2013-09-08,0,0,1,0,2,True
USE05287,10256,2013-09-09,8,0,0,0,6,True
USE05288,10256,2013-09-10,0,6,0,1,0,True
USE05289,10256,2013-09-11,0,5,6,0,10,True
USE05290,10256,2013-09-12,0,0,0,0,0,False
USE05291,10256,2013-09-13,7,0,2,0,14,True
USE05292,10256,2013-09-14,0,0,0,0,0,False
USE05293,10256,2013-09-15,0,1,0,0,0,False
USE05294,10256,2013-09-16,6,5,5,0,0,True
USE05295,10256,2013-09-17,8,5,4,1,0,True
USE05296,10256,2013-09-18,4,3,0,0,6,True
USE05297,10256,2013-09-19,8,4,3,0,0,True
USE05298,10256,2013-09-20,7,6,7,0,0,True
USE05299,10256,2013-09-21,0,0,1,0,0,False
USE05300,10256,2013-09-22,0,0,0,0,0,False
USE05301,10256,2013-09-23,7,0,0,0,9,True
USE05302,10256,2013-09-24,10,2,0,0,4,True
USE05303,10256,2013-09-25,0,2,7,0,0,True
USE05304,10256,2013-09-26,7,3,4,0,0,True
USE05305,10256,2013-09-27,4,6,0,0,0,True
USE05306,10256,2013-09-28,2,0,0,0,0,False
USE05307,10256,2013-09-29,3,0,0,0,0,False
USE05308,10256,2013-09-30,0,5,3,2,14,True
USE05309,10256,2013-10-01,7,8,0,0,0,True
USE05310,10256,2013-10-02,4,5,3,0,0,True
USE05311,10098,2015-06-02,0,0,0,0,0,False
USE05312,10098,2015-06-03,0,0,0,3,0,False
USE05313,10098,2015-06-04,4,0,0,0,0,False
USE05314,10098,2015-06-05,0,0,0,0,0,False
USE05315,10098,2015-06-06,0,0,0,0,0,False
USE05316,10098,2015-06-07,0,0,0,0,0,False
USE05317,10098,2015-06-08,0,0,0,0,2,False
USE05318,10098,2015-06-09,0,0,0,2,0,False
USE05319,10098,2015-06-10,0,0,0,0,0,False
USE05320,10098,2015-06-11,0,0,0,0,0,False
USE05321,10098,2015-06-12,0,0,0,0,4,False
USE05322,10098,2015-06-13,0,0,0,0,0,False
USE05323,10098,2015-06-14,0,0,0,2,0,False
USE05324,10098,2015-06-15,0,0,0,0,0,False
USE05325,10098,2015-06-16,0,0,0,0,0,False
USE05326,10098,2015-06-17,2,5,0,0,6,True
USE05327,10098,2015-06-18,4,0,0,0,0,False
USE05328,10098,2015-06-19,0,4,0,0,0,False
USE05329,10098,2015-06-20,0,0,0,0,0,False
USE05330,10098,2015-06-21,0,1,0,0,0,False
USE05331,10098,2015-06-22,0,0,0,0,0,False
USE05332,10098,2015-06-23,6,0,0,0,0,False
USE05333,10098,2015-06-24,12,0,0,0,7,True
USE05334,10098,2015-06-25,0,0,0,4,5,True
USE05335,10098,2015-06-26,6,0,0,0,0,False
USE05336,10098,2015-06-27,0,1,0,0,0,False
USE05337,10098,2015-06-28,0,0,0,0,2,False
USE05338,10098,2015-06-29,5,0,0,4,10,True
USE05339,10098,2015-06-30,0,0,0,0,7,False
USE05340,10098,2015-07-01,10,3,0,3,4,True
USE05341,10098,2015-07-02,5,0,0,9,6,True
USE05342,10098,2015-07-03,5,0,0,4,0,True
USE05343,10098,2015-07-04,0,0,0,0,0,False
USE05344,10098,2015-07-05,4,0,0,2,0,True
USE05345,10098,2015-07-06,0,0,0,0,13,False
USE05346,10098,2015-07-07,5,0,0,0,6,True
USE05347,10098,2015-07-08,0,0,0,0,0,False
USE05348,10098,2015-07-09,5,0,0,5,6,True
USE05349,10098,2015-07-10,6,0,0,7,5,True
USE05350,10098,2015-07-11,0,0,0,0,0,False
USE05351,10098,2015-07-12,0,0,0,0,0,False
USE05352,10098,2015-07-13,0,3,0,5,6,True
USE05353,10098,2015-07-14,10,0,0,6,9,True
USE05354,10098,2015-07-15,6,4,0,0,5,True
USE05355,10098,2015-07-16,0,4,0,0,0,False
USE05356,10059,2011-02-21,0,0,2,0,0,False
USE05357,10059,2011-02-22,5,0,1,0,0,True
USE05358,10059,2011-02-23,0,0,0,0,4,False
USE05359,10059,2011-02-24,0,0,0,0,0,False
USE05360,10059,2011-02-25,0,0,1,0,0,False
USE05361,10059,2011-02-26,0,0,0,0,0,False
USE05362,10059,2011-02-27,0,0,0,0,0,False
USE05363,10059,2011-02-28,1,1,0,0,0,True
USE05364,10059,2011-03-01,0,0,2,0,0,False
USE05365,10059,2011-03-02,4,2,0,0,0,True
USE05366,10059,2011-03-03,0,0,0,0,0,False
USE05367,10059,2011-03-04,1,0,0,0,0,False
USE05368,10059,2011-03-05,0,0,0,3,0,False
USE05369,10059,2011-03-06,0,2,0,0,0,False
USE05370,10059,2011-03-07,0,0,4,0,0,False
USE05371,10059,2011-03-08,0,1,1,0,5,True
USE05372,10059,2011-03-09,7,3,0,0,3,True
USE05373,10059,2011-03-10,0,0,7,0,0,False
USE05374,10059,2011-03-11,0,6,0,0,3,True
USE05375,10059,2011-03-12,0,0,1,0,0,False
USE05376,10059,2011-03-13,0,0,1,3,0,True
USE05377,10059,2011-03-14,6,2,0,0,0,True
USE05378,10059,2011-03-15,5,3,0,3,0,True
USE05379,10059,2011-03-16,0,2,9,0,8,True
USE05380,10059,2011-03-17,2,3,8,0,0,True
USE05381,10059,2011-03-18,5,8,4,6,5,True
USE05382,10059,2011-03-19,0,0,0,0,0,False
USE05383,10059,2011-03-20,0,0,1,0,0,False
USE05384,10059,2011-03-21,4,3,4,0,0,True
USE05385,10059,2011-03-22,0,5,7,3,0,True
USE05386,10059,2011-03-23,5,6,3,3,0,True
USE05387,10059,2011-03-24,10,0,0,0,10,True
USE05388,10059,2011-03-25,6,0,7,3,9,True
USE05389,10059,2011-03-26,0,0,0,0,3,False
USE05390,10059,2011-03-27,0,0,0,0,0,False
USE05391,10059,2011-03-28,5,0,4,2,0,True
USE05392,10059,2011-03-29,7,0,4,0,8,True
USE05393,10059,2011-03-30,0,4,9,11,7,True
USE05394,10059,2011-03-31,2,3,0,0,0,True
USE05395,10059,2011-04-01,7,4,4,0,0,True
USE05396,10059,2011-04-02,0,0,0,0,0,False
USE05397,10059,2011-04-03,0,1,0,0,3,True
USE05398,10059,2011-04-04,0,6,5,0,9,True
USE05399,10059,2011-04-05,9,0,9,0,9,True
USE05400,10059,2011-04-06,0,4,0,0,4,True
USE05401,10234,2017-04-20,0,1,0,0,0,False
USE05402,10234,2017-04-21,0,0,0,0,0,False
USE05403,10234,2017-04-22,0,0,0,0,0,False
USE05404,10234,2017-04-23,0,0,0,0,0,False
USE05405,10234,2017-04-24,0,0,0,0,2,False
USE05406,10234,2017-04-25,0,0,0,0,3,False
USE05407,10234,2017-04-26,0,0,0,0,0,False
USE05408,10234,2017-04-27,0,0,4,0,0,False
USE05409,10234,2017-04-28,0,2,0,0,0,False
USE05410,10234,2017-04-29,0,0,0,0,0,False
USE05411,10234,2017-04-30,0,0,0,0,0,False
USE05412,10234,2017-05-01,4,0,0,0,0,False
USE05413,10234,2017-05-02,2,1,0,0,0,True
USE05414,10234,2017-05-03,4,2,0,0,0,True
USE05415,10234,2017-05-04,0,4,4,0,4,True
USE05416,10234,2017-05-05,1,3,0,0,0,True
USE05417,10234,2017-05-06,0,0,3,0,0,False
USE05418,10234,2017-05-07,1,0,0,0,0,False
USE05419,10234,2017-05-08,7,0,8,0,0,True
USE05420,10234,2017-05-09,0,4,5,0,0,True
USE05421,10234,2017-05-10,3,5,6,0,0,True
USE05422,10234,2017-05-11,6,4,3,0,0,True
USE05423,10234,2017-05-12,4,2,4,0,0,True
USE05424,10234,2017-05-13,0,0,0,0,0,False
USE05425,10234,2017-05-14,0,0,0,0,0,False
USE05426,10234,2017-05-15,6,0,2,4,0,True
USE05427,10234,2017-05-16,10,2,0,3,0,True
USE05428,10234,2017-05-17,4,6,4,7,0,True
USE05429,10234,2017-05-18,8,0,2,5,0,True
USE05430,10234,2017-05-19,0,2,11,0,12,True
USE05431,10234,2017-05-20,0,0,0,0,0,False
USE05432,10234,2017-05-21,4,0,0,0,0,False
USE05433,10234,2017-05-22,0,7,5,4,0,True
USE05434,10234,2017-05-23,0,5,4,0,13,True
USE05435,10234,2017-05-24,0,5,5,0,0,True
USE05436,10234,2017-05-25,13,3,4,0,0,True
USE05437,10234,2017-05-26,7,4,8,0,0,True
USE05438,10234,2017-05-27,7,0,0,0,0,False
USE05439,10234,2017-05-28,0,3,0,0,0,False
USE05440,10234,2017-05-29,5,2,3,6,9,True
USE05441,10234,2017-05-30,8,5,0,0,0,True
USE05442,10234,2017-05-31,3,3,7,4,0,True
USE05443,10234,2017-06-01,6,2,0,0,9,True
USE05444,10234,2017-06-02,6,0,7,4,21,True
USE05445,10234,2017-06-03,0,0,0,0,0,False
USE05446,10109,2012-03-07,3,0,0,0,0,False
USE05447,10109,2012-03-08,0,0,0,2,0,False
USE05448,10109,2012-03-09,1,0,0,0,0,False
USE05449,10109,2012-03-10,0,0,0,0,0,False
USE05450,10109,2012-03-11,0,0,0,0,1,False
USE05451,10109,2012-03-12,0,0,0,0,0,False
USE05452,10109,2012-03-13,0,0,0,0,0,False
USE05453,10109,2012-03-14,4,0,0,0,2,True
USE05454,10109,2012-03-15,0,0,0,0,0,False
USE05455,10109,2012-03-16,5,0,0,0,0,False
USE05456,10109,2012-03-17,0,0,0,0,0,False
USE05457,10109,2012-03-18,0,0,0,0,0,False
USE05458,10109,2012-03-19,0,0,0,0,0,False
USE05459,10109,2012-03-20,5,0,0,0,0,False
USE05460,10109,2012-03-21,0,0,0,0,6,False
USE05461,10109,2012-03-22,0,0,0,2,4,True
USE05462,10109,2012-03-23,0,0,0,0,4,False
USE05463,10109,2012-03-24,0,0,0,0,0,False
USE05464,10109,2012-03-25,0,0,0,0,0,False
USE05465,10109,2012-03-26,5,0,0,1,7,True
USE05466,10109,2012-03-27,4,0,0,4,0,True
USE05467,10109,2012-03-28,0,0,0,0,4,False
USE05468,10109,2012-03-29,0,0,0,4,9,True
USE05469,10109,2012-03-30,11,0,0,0,6,True
USE05470,10109,2012-03-31,3,0,0,0,0,False
USE05471,10109,2012-04-01,0,0,0,0,4,False
USE05472,10109,2012-04-02,0,0,0,5,7,True
USE05473,10109,2012-04-03,8,3,0,5,12,True
USE05474,10109,2012-04-04,0,1,0,1,16,True
USE05475,10109,2012-04-05,10,0,0,5,0,True
USE05476,10109,2012-04-06,0,0,0,7,10,True
USE05477,10109,2012-04-07,0,0,0,0,0,False
USE05478,10109,2012-04-08,0,0,0,0,0,False
USE05479,10109,2012-04-09,9,0,0,8,7,True
USE05480,10109,2012-04-10,7,0,0,0,5,True
USE05481,10109,2012-04-11,4,0,0,7,0,True
USE05482,10109,2012-04-12,0,0,0,5,0,False
USE05483,10109,2012-04-13,0,0,0,0,0,False
USE05484,10109,2012-04-14,0,0,0,1,0,False
USE05485,10109,2012-04-15,0,0,0,0,3,False
USE05486,10109,2012-04-16,0,0,0,8,0,False
USE05487,10109,2012-04-17,9,0,0,4,6,True
USE05488,10109,2012-04-18,0,2,0,8,0,True
USE05489,10109,2012-04-19,3,0,0,0,9,True
USE05490,10109,2012-04-20,0,0,0,4,9,True
USE05491,10125,2011-11-28,1,0,0,0,0,False
USE05492,10125,2011-11-29,0,0,0,0,0,False
USE05493,10125,2011-11-30,2,0,0,0,0,False
USE05494,10125,2011-12-01,0,0,0,0,0,False
USE05495,10125,2011-12-02,0,2,0,0,0,False
USE05496,10125,2011-12-03,0,0,0,0,0,False
USE05497,10125,2011-12-04,0,0,0,0,0,False
USE05498,10125,2011-12-05,0,0,1,0,0,False
USE05499,10125,2011-12-06,2,0,0,0,1,True
USE05500,10125,2011-12-07,0,0,0,0,0,False
USE05501,10125,2011-12-08,0,0,1,0,0,False
USE05502,10125,2011-12-09,0,0,0,0,0,False
USE05503,10125,2011-12-10,0,0,2,0,0,False
USE05504,10125,2011-12-11,1,0,0,1,0,True
USE05505,10125,2011-12-12,0,0,3,0,6,True
USE05506,10125,2011-12-13,0,0,0,0,0,False
USE05507,10125,2011-12-14,2,0,2,1,7,True
USE05508,10125,2011-12-15,9,0,0,0,0,False
USE05509,10125,2011-12-16,0,2,2,0,0,True
USE05510,10125,2011-12-17,3,3,3,0,0,True
USE05511,10125,2011-12-18,0,0,0,0,0,False
USE05512,10125,2011-12-19,0,1,0,0,7,True
USE05513,10125,2011-12-20,4,0,0,0,2,True
USE05514,10125,2011-12-21,0,4,5,5,0,True
USE05515,10125,2011-12-22,5,2,1,0,0,True
USE05516,10125,2011-12-23,5,0,5,0,5,True
USE05517,10125,2011-12-24,0,0,0,0,0,False
USE05518,10125,2011-12-25,0,0,0,0,0,False
USE05519,10125,2011-12-26,3,4,4,0,5,True
USE05520,10125,2011-12-27,14,3,1,0,9,True
USE05521,10125,2011-12-28,7,2,4,7,0,True
USE05522,10125,2011-12-29,0,0,4,0,0,False
USE05523,10125,2011-12-30,7,0,6,0,0,True
USE05524,10125,2011-12-31,0,0,0,0,0,False
USE05525,10125,2012-01-01,0,0,1,0,4,True
USE05526,10125,2012-01-02,3,5,9,0,0,True
USE05527,10125,2012-01-03,12,0,12,0,0,True
USE05528,10125,2012-01-04,6,0,0,6,0,True
USE05529,10125,2012-01-05,0,4,4,4,0,True
USE05530,10125,2012-01-06,3,5,0,0,6,True
USE05531,10125,2012-01-07,0,0,0,0,2,False
USE05532,10125,2012-01-08,0,0,2,0,0,False
USE05533,10125,2012-01-09,4,4,8,6,0,True
USE05534,10125,2012-01-10,3,0,2,0,0,True
USE05535,10125,2012-01-11,8,4,1,0,9,True
USE05536,10074,2013-11-11,0,0,0,0,0,False
USE05537,10074,2013-11-12,0,0,0,0,0,False
USE05538,10074,2013-11-13,0,0,0,3,0,False
USE05539,10074,2013-11-14,0,0,0,0,2,False
USE05540,10074,2013-11-15,0,0,1,0,5,True
USE05541,10074,2013-11-16,0,0,0,0,0,False
USE05542,10074,2013-11-17,0,0,1,0,0,False
USE05543,10074,2013-11-18,1,0,0,0,0,False
USE05544,10074,2013-11-19,0,0,0,0,0,False
USE05545,10074,2013-11-20,0,0,0,0,0,False
USE05546,10074,2013-11-21,0,1,0,0,0,False
USE05547,10074,2013-11-22,4,0,0,0,7,True
USE05548,10074,2013-11-23,0,0,0,0,0,False
USE05549,10074,2013-11-24,0,0,0,0,0,False
USE05550,10074,2013-11-25,5,1,0,0,6,True
USE05551,10074,2013-11-26,6,0,1,0,0,True
USE05552,10074,2013-11-27,0,2,0,0,5,True
USE05553,10074,2013-11-28,2,4,0,0,0,True
USE05554,10074,2013-11-29,0,7,5,0,12,True
USE05555,10074,2013-11-30,0,1,0,0,0,False
USE05556,10074,2013-12-01,0,0,0,0,0,False
USE05557,10074,2013-12-02,0,2,5,0,0,True
USE05558,10074,2013-12-03,0,2,6,0,6,True
USE05559,10074,2013-12-04,5,0,1,0,0,True
USE05560,10074,2013-12-05,0,3,4,0,0,True
USE05561,10074,2013-12-06,4,3,0,0,0,True
USE05562,10074,2013-12-07,0,0,0,0,0,False
USE05563,10074,2013-12-08,0,0,0,0,0,False
USE05564,10074,2013-12-09,4,6,3,0,0,True
USE05565,10074,2013-12-10,10,3,5,7,0,True
USE05566,10074,2013-12-11,3,10,5,0,7,True
USE05567,10074,2013-12-12,8,3,3,0,8,True
USE05568,10074,2013-12-13,2,3,6,0,9,True
USE05569,10074,2013-12-14,0,0,1,0,0,False
USE05570,10074,2013-12-15,0,0,0,0,0,False
USE05571,10074,2013-12-16,0,0,1,0,7,True
USE05572,10074,2013-12-17,9,0,5,0,7,True
USE05573,10074,2013-12-18,6,4,6,0,0,True
USE05574,10074,2013-12-19,0,2,7,0,0,True
USE05575,10074,2013-12-20,7,5,0,0,9,True
USE05576,10074,2013-12-21,0,3,0,0,0,False
USE05577,10074,2013-12-22,0,0,2,0,3,True
USE05578,10074,2013-12-23,8,0,9,0,0,True
USE05579,10074,2013-12-24,0,7,0,0,18,True
USE05580,10074,2013-12-25,7,3,5,0,9,True
USE05581,10097,2012-01-09,0,0,0,0,0,False
USE05582,10097,2012-01-10,0,0,0,2,0,False
USE05583,10097,2012-01-11,0,0,2,0,0,False
USE05584,10097,2012-01-12,0,0,0,0,0,False
USE05585,10097,2012-01-13,0,0,0,0,3,False
USE05586,10097,2012-01-14,0,0,0,0,0,False
USE05587,10097,2012-01-15,0,0,0,0,0,False
USE05588,10097,2012-01-16,3,0,0,0,4,True
USE05589,10097,2012-01-17,3,3,0,0,2,True
USE05590,10097,2012-01-18,3,0,3,0,0,True
USE05591,10097,2012-01-19,6,0,0,0,0,False
USE05592,10097,2012-01-20,0,0,0,0,6,False
USE05593,10097,2012-01-21,0,0,0,0,0,False
USE05594,10097,2012-01-22,0,0,0,0,0,False
USE05595,10097,2012-01-23,0,4,0,0,4,True
USE05596,10097,2012-01-24,0,0,3,3,5,True
USE05597,10097,2012-01-25,1,0,0,0,0,False
USE05598,10097,2012-01-26,3,0,0,0,0,False
USE05599,10097,2012-01-27,0,0,0,3,0,False
USE05600,10097,2012-01-28,0,0,0,0,0,False
USE05601,10097,2012-01-29,0,0,0,0,0,False
USE05602,10097,2012-01-30,4,3,3,0,0,True
USE05603,10097,2012-01-31,2,2,0,6,0,True
USE05604,10097,2012-02-01,6,6,2,5,5,True
USE05605,10097,2012-02-02,7,3,0,0,8,True
USE05606,10097,2012-02-03,2,1,2,0,0,True
USE05607,10097,2012-02-04,1,0,2,0,0,True
USE05608,10097,2012-02-05,0,0,0,0,0,False
USE05609,10097,2012-02-06,8,5,0,0,6,True
USE05610,10097,2012-02-07,9,0,6,0,0,True
USE05611,10097,2012-02-08,12,3,2,0,4,True
USE05612,10097,2012-02-09,8,0,0,0,0,False
USE05613,10097,2012-02-10,9,5,14,3,7,True
USE05614,10097,2012-02-11,0,0,3,3,0,True
USE05615,10097,2012-02-12,0,0,0,0,0,False
USE05616,10097,2012-02-13,3,7,0,0,0,True
USE05617,10097,2012-02-14,8,5,0,0,8,True
USE05618,10097,2012-02-15,5,4,3,3,11,True
USE05619,10097,2012-02-16,9,6,2,0,0,True
USE05620,10097,2012-02-17,0,0,3,0,0,False
USE05621,10097,2012-02-18,0,0,0,0,0,False
USE05622,10097,2012-02-19,0,0,0,0,0,False
USE05623,10097,2012-02-20,7,1,9,7,0,True
USE05624,10097,2012-02-21,6,4,14,0,0,True
USE05625,10097,2012-02-22,9,0,5,0,6,True
USE05626,10007,2014-05-12,0,0,0,0,0,False
USE05627,10007,2014-05-13,0,0,0,0,0,False
USE05628,10007,2014-05-14,0,0,1,0,0,False
USE05629,10007,2014-05-15,2,0,0,0,0,False
USE05630,10007,2014-05-16,3,1,0,0,0,True
USE05631,10007,2014-05-17,1,0,0,0,0,False
USE05632,10007,2014-05-18,0,0,0,0,0,False
USE05633,10007,2014-05-19,1,0,0,0,2,True
USE05634,10007,2014-05-20,0,0,2,0,0,False
USE05635,10007,2014-05-21,0,0,0,0,3,False
USE05636,10007,2014-05-22,5,1,0,0,2,True
USE05637,10007,2014-05-23,0,1,0,0,0,False
USE05638,10007,2014-05-24,0,0,0,0,0,False
USE05639,10007,2014-05-25,0,0,0,0,0,False
USE05640,10007,2014-05-26,2,1,0,0,6,True
USE05641,10007,2014-05-27,3,0,0,0,0,False
USE05642,10007,2014-05-28,0,0,5,0,8,True
USE05643,10007,2014-05-29,0,0,0,0,0,False
USE05644,10007,2014-05-30,3,4,0,0,0,True
USE05645,10007,2014-05-31,0,0,0,0,0,False
USE05646,10007,2014-06-01,0,2,1,0,0,True
USE05647,10007,2014-06-02,8,2,3,0,0,True
USE05648,10007,2014-06-03,0,2,12,0,0,True
USE05649,10007,2014-06-04,0,0,0,0,0,False
USE05650,10007,2014-06-05,0,0,6,0,0,False
USE05651,10007,2014-06-06,12,3,3,0,8,True
USE05652,10007,2014-06-07,0,1,0,0,0,False
USE05653,10007,2014-06-08,2,3,0,0,0,True
USE05654,10007,2014-06-09,8,1,0,0,0,True
USE05655,10007,2014-06-10,1,0,7,0,8,True
USE05656,10007,2014-06-11,6,6,9,0,8,True
USE05657,10007,2014-06-12,6,5,5,0,0,True
USE05658,10007,2014-06-13,0,1,4,0,8,True
USE05659,10007,2014-06-14,0,3,0,0,0,False
USE05660,10007,2014-06-15,3,0,0,0,0,False
USE05661,10007,2014-06-16,0,2,5,0,0,True
USE05662,10007,2014-06-17,10,5,4,3,0,True
USE05663,10007,2014-06-18,8,9,6,0,7,True
USE05664,10007,2014-06-19,6,2,2,0,6,True
USE05665,10007,2014-06-20,5,0,0,0,8,True
USE05666,10007,2014-06-21,7,0,0,0,5,True
USE05667,10007,2014-06-22,1,0,0,1,1,True
USE05668,10007,2014-06-23,0,3,4,0,10,True
USE05669,10007,2014-06-24,1,0,0,0,0,False
USE05670,10007,2014-06-25,5,5,0,3,9,True
USE05671,10129,2012-08-13,0,0,0,0,0,False
USE05672,10129,2012-08-14,0,0,0,0,4,False
USE05673,10129,2012-08-15,0,0,0,0,0,False
USE05674,10129,2012-08-16,3,0,2,0,0,True
USE05675,10129,2012-08-17,0,0,0,0,0,False
USE05676,10129,2012-08-18,0,1,0,0,0,False
USE05677,10129,2012-08-19,1,0,0,0,0,False
USE05678,10129,2012-08-20,0,1,0,0,0,False
USE05679,10129,2012-08-21,6,0,0,0,2,True
USE05680,10129,2012-08-22,1,0,0,0,0,False
USE05681,10129,2012-08-23,0,2,0,0,0,False
USE05682,10129,2012-08-24,7,0,0,0,0,False
USE05683,10129,2012-08-25,0,0,0,0,2,False
USE05684,10129,2012-08-26,0,0,0,0,0,False
USE05685,10129,2012-08-27,3,0,5,0,3,True
USE05686,10129,2012-08-28,6,2,3,2,0,True
USE05687,10129,2012-08-29,2,0,0,0,0,False
USE05688,10129,2012-08-30,0,0,0,0,4,False
USE05689,10129,2012-08-31,0,0,4,0,2,True
USE05690,10129,2012-09-01,3,0,0,0,0,False
USE05691,10129,2012-09-02,0,0,0,0,1,False
USE05692,10129,2012-09-03,4,5,0,5,0,True
USE05693,10129,2012-09-04,7,0,4,0,0,True
USE05694,10129,2012-09-05,0,0,0,0,0,False
USE05695,10129,2012-09-06,6,1,0,0,0,True
USE05696,10129,2012-09-07,4,3,3,0,8,True
USE05697,10129,2012-09-08,3,0,0,0,0,False
USE05698,10129,2012-09-09,5,0,0,0,0,False
USE05699,10129,2012-09-10,5,8,0,3,0,True
USE05700,10129,2012-09-11,9,4,6,0,13,True
USE05701,10129,2012-09-12,3,6,4,0,12,True
USE05702,10129,2012-09-13,0,3,0,0,10,True
USE05703,10129,2012-09-14,8,6,8,0,11,True
USE05704,10129,2012-09-15,2,0,5,0,0,True
USE05705,10129,2012-09-16,3,0,0,0,0,False
USE05706,10129,2012-09-17,7,2,3,0,6,True
USE05707,10129,2012-09-18,0,4,5,0,0,True
USE05708,10129,2012-09-19,9,0,3,0,0,True
USE05709,10129,2012-09-20,8,4,3,0,11,True
USE05710,10129,2012-09-21,8,0,4,0,0,True
USE05711,10129,2012-09-22,0,0,5,0,0,False
USE05712,10129,2012-09-23,0,2,2,0,2,True
USE05713,10129,2012-09-24,4,4,0,4,6,True
USE05714,10129,2012-09-25,7,7,9,0,10,True
USE05715,10129,2012-09-26,0,3,5,0,10,True
USE05716,10075,2011-01-10,0,0,0,0,0,False
USE05717,10075,2011-01-11,0,0,0,0,1,False
USE05718,10075,2011-01-12,0,0,0,0,0,False
USE05719,10075,2011-01-13,0,0,0,0,4,False
USE05720,10075,2011-01-14,1,3,0,0,0,True
USE05721,10075,2011-01-15,0,0,0,0,0,False
USE05722,10075,2011-01-16,0,0,0,0,0,False
USE05723,10075,2011-01-17,0,0,2,0,0,False
USE05724,10075,2011-01-18,0,0,0,0,4,False
USE05725,10075,2011-01-19,4,0,0,3,0,True
USE05726,10075,2011-01-20,8,3,0,0,0,True
USE05727,10075,2011-01-21,3,4,0,0,0,True
USE05728,10075,2011-01-22,0,0,0,0,0,False
USE05729,10075,2011-01-23,0,0,2,0,0,False
USE05730,10075,2011-01-24,4,0,0,0,0,False
USE05731,10075,2011-01-25,5,0,0,0,0,False
USE05732,10075,2011-01-26,0,0,0,0,0,False
USE05733,10075,2011-01-27,0,1,2,3,0,True
USE05734,10075,2011-01-28,3,0,0,0,7,True
USE05735,10075,2011-01-29,0,0,0,0,0,False
USE05736,10075,2011-01-30,0,0,0,0,0,False
USE05737,10075,2011-01-31,3,0,0,0,0,False
USE05738,10075,2011-02-01,0,0,0,0,2,False
USE05739,10075,2011-02-02,4,0,3,0,0,True
USE05740,10075,2011-02-03,2,0,0,0,0,False
USE05741,10075,2011-02-04,0,9,6,0,0,True
USE05742,10075,2011-02-05,0,0,0,0,0,False
USE05743,10075,2011-02-06,0,0,0,0,1,False
USE05744,10075,2011-02-07,3,4,0,0,7,True
USE05745,10075,2011-02-08,11,1,8,0,4,True
USE05746,10075,2011-02-09,0,5,8,0,9,True
USE05747,10075,2011-02-10,0,0,2,0,8,True
USE05748,10075,2011-02-11,9,8,4,0,0,True
USE05749,10075,2011-02-12,0,0,0,3,2,True
USE05750,10075,2011-02-13,0,0,0,0,0,False
USE05751,10075,2011-02-14,0,4,5,0,0,True
USE05752,10075,2011-02-15,5,3,1,0,12,True
USE05753,10075,2011-02-16,5,0,3,0,0,True
USE05754,10075,2011-02-17,3,2,0,5,0,True
USE05755,10075,2011-02-18,7,2,2,0,0,True
USE05756,10075,2011-02-19,0,0,0,0,1,False
USE05757,10075,2011-02-20,2,0,0,0,0,False
USE05758,10075,2011-02-21,10,0,8,0,0,True
USE05759,10075,2011-02-22,4,6,2,0,10,True
USE05760,10075,2011-02-23,7,2,5,4,0,True
USE05761,10167,2014-08-18,2,0,0,0,0,False
USE05762,10167,2014-08-19,5,0,0,2,1,True
USE05763,10167,2014-08-20,0,0,0,0,0,False
USE05764,10167,2014-08-21,0,0,0,0,0,False
USE05765,10167,2014-08-22,0,0,0,0,0,False
USE05766,10167,2014-08-23,0,0,0,0,0,False
USE05767,10167,2014-08-24,0,0,0,0,0,False
USE05768,10167,2014-08-25,0,0,0,0,0,False
USE05769,10167,2014-08-26,3,0,0,2,0,True
USE05770,10167,2014-08-27,0,0,0,0,0,False
USE05771,10167,2014-08-28,6,1,0,0,1,True
USE05772,10167,2014-08-29,2,0,0,3,8,True
USE05773,10167,2014-08-30,0,0,2,2,0,True
USE05774,10167,2014-08-31,0,0,0,0,0,False
USE05775,10167,2014-09-01,0,0,0,0,0,False
USE05776,10167,2014-09-02,0,0,0,0,3,False
USE05777,10167,2014-09-03,0,0,0,0,0,False
USE05778,10167,2014-09-04,11,0,0,0,0,False
USE05779,10167,2014-09-05,0,0,0,0,0,False
USE05780,10167,2014-09-06,4,0,0,1,0,True
USE05781,10167,2014-09-07,0,0,0,0,0,False
USE05782,10167,2014-09-08,10,0,0,0,7,True
USE05783,10167,2014-09-09,2,0,0,3,0,True
USE05784,10167,2014-09-10,3,0,0,0,11,True
USE05785,10167,2014-09-11,5,0,0,2,0,True
USE05786,10167,2014-09-12,0,0,0,0,0,False
USE05787,10167,2014-09-13,0,0,0,0,0,False
USE05788,10167,2014-09-14,6,0,0,0,1,True
USE05789,10167,2014-09-15,0,0,0,0,0,False
USE05790,10167,2014-09-16,3,0,0,0,0,False
USE05791,10167,2014-09-17,0,0,0,10,9,True
USE05792,10167,2014-09-18,0,5,0,5,5,True
USE05793,10167,2014-09-19,7,2,0,3,5,True
USE05794,10167,2014-09-20,0,0,0,0,0,False
USE05795,10167,2014-09-21,0,0,0,0,0,False
USE05796,10167,2014-09-22,6,2,0,4,5,True
USE05797,10167,2014-09-23,11,3,0,4,0,True
USE05798,10167,2014-09-24,8,0,0,0,8,True
USE05799,10167,2014-09-25,0,2,0,0,5,True
USE05800,10167,2014-09-26,9,0,0,6,9,True
USE05801,10167,2014-09-27,0,0,0,0,0,False
USE05802,10167,2014-09-28,0,0,0,0,0,False
USE05803,10167,2014-09-29,0,6,0,0,4,True
USE05804,10167,2014-09-30,8,0,0,8,8,True
USE05805,10167,2014-10-01,0,0,0,0,0,False
USE05806,10195,2011-08-15,0,0,4,0,0,False
USE05807,10195,2011-08-16,0,0,2,0,0,False
USE05808,10195,2011-08-17,0,0,0,0,0,False
USE05809,10195,2011-08-18,1,0,0,0,0,False
USE05810,10195,2011-08-19,0,0,8,0,3,True
USE05811,10195,2011-08-20,0,0,1,0,0,False
USE05812,10195,2011-08-21,0,0,0,0,0,False
USE05813,10195,2011-08-22,0,3,0,0,0,False
USE05814,10195,2011-08-23,0,1,0,0,0,False
USE05815,10195,2011-08-24,0,0,0,2,0,False
USE05816,10195,2011-08-25,0,1,0,0,0,False
USE05817,10195,2011-08-26,0,0,0,0,0,False
USE05818,10195,2011-08-27,4,0,0,0,0,False
USE05819,10195,2011-08-28,0,0,0,0,0,False
USE05820,10195,2011-08-29,6,4,2,0,0,True
USE05821,10195,2011-08-30,0,0,0,0,7,False
USE05822,10195,2011-08-31,0,0,4,5,9,True
USE05823,10195,2011-09-01,0,0,3,0,0,False
USE05824,10195,2011-09-02,4,0,0,0,0,False
USE05825,10195,2011-09-03,0,0,0,0,0,False
USE05826,10195,2011-09-04,0,0,0,0,0,False
USE05827,10195,2011-09-05,1,2,0,0,0,True
USE05828,10195,2011-09-06,0,5,2,0,0,True
USE05829,10195,2011-09-07,8,5,3,0,4,True
USE05830,10195,2011-09-08,0,3,5,0,0,True
USE05831,10195,2011-09-09,0,0,3,0,10,True
USE05832,10195,2011-09-10,0,0,0,0,3,False
USE05833,10195,2011-09-11,0,0,0,0,0,False
USE05834,10195,2011-09-12,0,3,4,0,8,True
USE05835,10195,2011-09-13,0,4,3,3,8,True
USE05836,10195,2011-09-14,5,4,0,0,7,True
USE05837,10195,2011-09-15,5,2,5,0,0,True
USE05838,10195,2011-09-16,0,5,5,0,7,True
USE05839,10195,2011-09-17,0,1,0,0,0,False
USE05840,10195,2011-09-18,0,0,0,0,0,False
USE05841,10195,2011-09-19,12,6,5,7,0,True
USE05842,10195,2011-09-20,8,7,4,7,7,True
USE05843,10195,2011-09-21,8,0,2,0,5,True
USE05844,10195,2011-09-22,5,3,7,1,12,True
USE05845,10195,2011-09-23,6,2,4,6,0,True
USE05846,10195,2011-09-24,0,0,0,0,0,False
USE05847,10195,2011-09-25,0,1,0,0,4,True
USE05848,10195,2011-09-26,4,3,6,0,0,True
USE05849,10195,2011-09-27,3,4,3,3,0,True
USE05850,10195,2011-09-28,7,2,2,0,15,True
USE05851,10112,2015-03-30,0,0,2,0,0,False
USE05852,10112,2015-03-31,5,0,0,0,0,False
USE05853,10112,2015-04-01,0,0,0,0,0,False
USE05854,10112,2015-04-02,0,2,0,0,0,False
USE05855,10112,2015-04-03,0,0,3,0,0,False
USE05856,10112,2015-04-04,0,0,0,0,0,False
USE05857,10112,2015-04-05,0,0,0,0,0,False
USE05858,10112,2015-04-06,1,0,2,0,0,True
USE05859,10112,2015-04-07,0,0,0,1,0,False
USE05860,10112,2015-04-08,3,1,0,0,0,True
USE05861,10112,2015-04-09,0,0,0,0,0,False
USE05862,10112,2015-04-10,0,0,5,2,0,True
USE05863,10112,2015-04-11,0,1,0,0,0,False
USE05864,10112,2015-04-12,0,0,0,0,0,False
USE05865,10112,2015-04-13,0,2,2,0,4,True
USE05866,10112,2015-04-14,4,2,0,0,0,True
USE05867,10112,2015-04-15,4,3,0,0,7,True
USE05868,10112,2015-04-16,1,0,0,0,0,False
USE05869,10112,2015-04-17,0,0,0,0,0,False
USE05870,10112,2015-04-18,0,0,0,0,0,False
USE05871,10112,2015-04-19,0,0,2,0,0,False
USE05872,10112,2015-04-20,5,4,5,0,7,True
USE05873,10112,2015-04-21,4,0,6,0,7,True
USE05874,10112,2015-04-22,7,1,1,0,5,True
USE05875,10112,2015-04-23,0,0,0,1,8,True
USE05876,10112,2015-04-24,5,0,5,0,0,True
USE05877,10112,2015-04-25,5,2,0,0,0,True
USE05878,10112,2015-04-26,0,0,0,0,0,False
USE05879,10112,2015-04-27,10,0,0,0,0,False
USE05880,10112,2015-04-28,8,1,2,0,0,True
USE05881,10112,2015-04-29,8,0,3,0,13,True
USE05882,10112,2015-04-30,8,2,6,0,10,True
USE05883,10112,2015-05-01,3,6,4,0,7,True
USE05884,10112,2015-05-02,0,0,0,0,0,False
USE05885,10112,2015-05-03,0,0,0,0,1,False
USE05886,10112,2015-05-04,7,3,4,0,9,True
USE05887,10112,2015-05-05,9,0,8,0,0,True
USE05888,10112,2015-05-06,8,0,3,0,16,True
USE05889,10112,2015-05-07,6,2,2,0,0,True
USE05890,10112,2015-05-08,11,8,3,0,12,True
USE05891,10112,2015-05-09,1,0,0,0,0,False
USE05892,10112,2015-05-10,0,0,0,0,2,False
USE05893,10112,2015-05-11,4,3,0,0,0,True
USE05894,10112,2015-05-12,12,3,6,7,9,True
USE05895,10112,2015-05-13,9,2,6,0,0,True
USE05896,10272,2014-05-05,0,0,2,0,0,False
USE05897,10272,2014-05-06,0,0,0,1,0,False
USE05898,10272,2014-05-07,0,0,0,0,0,False
USE05899,10272,2014-05-08,0,0,0,2,0,False
USE05900,10272,2014-05-09,2,0,0,0,0,False
USE05901,10272,2014-05-10,0,0,0,0,2,False
USE05902,10272,2014-05-11,0,0,0,0,0,False
USE05903,10272,2014-05-12,3,0,0,1,3,True
USE05904,10272,2014-05-13,5,0,0,4,0,True
USE05905,10272,2014-05-14,1,3,0,5,3,True
USE05906,10272,2014-05-15,5,0,0,0,0,False
USE05907,10272,2014-05-16,0,0,0,0,0,False
USE05908,10272,2014-05-17,0,2,0,0,0,False
USE05909,10272,2014-05-18,0,0,0,1,5,True
USE05910,10272,2014-05-19,6,0,0,0,2,True
USE05911,10272,2014-05-20,0,0,0,0,0,False
USE05912,10272,2014-05-21,0,0,0,2,2,True
USE05913,10272,2014-05-22,0,0,2,0,0,False
USE05914,10272,2014-05-23,7,0,0,0,5,True
USE05915,10272,2014-05-24,0,0,0,1,2,True
USE05916,10272,2014-05-25,0,0,0,0,0,False
USE05917,10272,2014-05-26,8,0,0,0,0,False
USE05918,10272,2014-05-27,0,3,0,5,0,True
USE05919,10272,2014-05-28,0,0,0,0,0,False
USE05920,10272,2014-05-29,0,2,0,0,0,False
USE05921,10272,2014-05-30,6,0,0,2,7,True
USE05922,10272,2014-05-31,0,0,0,0,5,False
USE05923,10272,2014-06-01,3,3,0,0,0,True
USE05924,10272,2014-06-02,4,0,0,1,0,True
USE05925,10272,2014-06-03,0,2,0,0,7,True
USE05926,10272,2014-06-04,0,0,0,0,9,False
USE05927,10272,2014-06-05,7,0,0,1,4,True
USE05928,10272,2014-06-06,3,0,0,5,10,True
USE05929,10272,2014-06-07,0,0,0,1,0,False
USE05930,10272,2014-06-08,0,0,0,1,4,True
USE05931,10272,2014-06-09,9,0,0,0,0,False
USE05932,10272,2014-06-10,7,0,0,0,11,True
USE05933,10272,2014-06-11,10,0,0,4,4,True
USE05934,10272,2014-06-12,0,0,0,0,0,False
USE05935,10272,2014-06-13,7,0,0,0,7,True
USE05936,10272,2014-06-14,0,0,0,0,0,False
USE05937,10272,2014-06-15,3,0,0,0,0,False
USE05938,10272,2014-06-16,0,0,0,8,6,True
USE05939,10272,2014-06-17,3,0,0,5,7,True
USE05940,10272,2014-06-18,0,0,0,0,13,False
USE05941,10182,2015-02-16,0,0,0,0,1,False
USE05942,10182,2015-02-17,0,0,0,0,0,False
USE05943,10182,2015-02-18,5,0,0,0,0,False
USE05944,10182,2015-02-19,0,0,0,0,0,False
USE05945,10182,2015-02-20,0,0,0,0,5,False
USE05946,10182,2015-02-21,0,0,0,0,0,False
USE05947,10182,2015-02-22,0,0,0,0,0,False
USE05948,10182,2015-02-23,0,0,0,0,0,False
USE05949,10182,2015-02-24,0,0,0,0,0,False
USE05950,10182,2015-02-25,0,2,0,0,0,False
USE05951,10182,2015-02-26,0,4,0,2,1,True
USE05952,10182,2015-02-27,0,5,0,0,0,False
USE05953,10182,2015-02-28,0,0,0,0,0,False
USE05954,10182,2015-03-01,0,0,0,0,0,False
USE05955,10182,2015-03-02,0,0,0,0,0,False
USE05956,10182,2015-03-03,3,0,0,2,0,True
USE05957,10182,2015-03-04,0,0,0,4,0,False
USE05958,10182,2015-03-05,0,0,0,0,5,False
USE05959,10182,2015-03-06,0,3,0,2,0,True
USE05960,10182,2015-03-07,3,0,0,0,0,False
USE05961,10182,2015-03-08,0,0,0,0,0,False
USE05962,10182,2015-03-09,11,0,0,3,8,True
USE05963,10182,2015-03-10,6,0,0,0,7,True
USE05964,10182,2015-03-11,0,4,0,3,0,True
USE05965,10182,2015-03-12,0,0,7,3,0,True
USE05966,10182,2015-03-13,0,3,6,1,9,True
USE05967,10182,2015-03-14,0,0,0,0,0,False
USE05968,10182,2015-03-15,0,0,0,0,0,False
USE05969,10182,2015-03-16,5,0,0,0,6,True
USE05970,10182,2015-03-17,6,4,0,0,0,True
USE05971,10182,2015-03-18,0,3,0,0,11,True
USE05972,10182,2015-03-19,0,0,5,0,8,True
USE05973,10182,2015-03-20,0,5,0,0,11,True
USE05974,10182,2015-03-21,0,0,0,0,0,False
USE05975,10182,2015-03-22,0,0,0,0,0,False
USE05976,10182,2015-03-23,0,6,0,4,9,True
USE05977,10182,2015-03-24,0,0,0,0,7,False
USE05978,10182,2015-03-25,5,0,6,6,13,True
USE05979,10182,2015-03-26,4,0,0,0,7,True
USE05980,10182,2015-03-27,0,0,0,3,8,True
USE05981,10182,2015-03-28,0,0,0,0,0,False
USE05982,10182,2015-03-29,4,0,0,0,3,True
USE05983,10182,2015-03-30,7,0,3,0,9,True
USE05984,10182,2015-03-31,7,0,0,7,8,True
USE05985,10182,2015-04-01,0,2,0,3,6,True
USE05986,10248,2012-02-20,0,0,0,0,3,False
USE05987,10248,2012-02-21,0,0,0,0,0,False
USE05988,10248,2012-02-22,0,0,0,0,0,False
USE05989,10248,2012-02-23,0,0,0,0,0,False
USE05990,10248,2012-02-24,0,1,0,0,3,True
USE05991,10248,2012-02-25,0,0,0,0,0,False
USE05992,10248,2012-02-26,0,0,0,0,0,False
USE05993,10248,2012-02-27,0,0,0,0,0,False
USE05994,10248,2012-02-28,0,0,4,0,0,False
USE05995,10248,2012-02-29,1,1,0,0,0,True
USE05996,10248,2012-03-01,0,2,0,0,0,False
USE05997,10248,2012-03-02,0,0,3,0,0,False
USE05998,10248,2012-03-03,0,0,1,0,0,False
USE05999,10248,2012-03-04,0,0,0,0,0,False
USE06000,10248,2012-03-05,0,2,1,0,5,True
USE06001,10248,2012-03-06,0,1,6,1,0,True
USE06002,10248,2012-03-07,6,0,8,0,6,True
USE06003,10248,2012-03-08,6,3,3,0,4,True
USE06004,10248,2012-03-09,0,0,0,3,0,False
USE06005,10248,2012-03-10,0,0,0,0,0,False
USE06006,10248,2012-03-11,0,0,0,0,1,False
USE06007,10248,2012-03-12,11,4,3,0,4,True
USE06008,10248,2012-03-13,5,2,5,3,0,True
USE06009,10248,2012-03-14,0,0,0,0,0,False
USE06010,10248,2012-03-15,0,1,3,0,0,True
USE06011,10248,2012-03-16,4,2,2,5,6,True
USE06012,10248,2012-03-17,0,0,3,0,0,False
USE06013,10248,2012-03-18,2,0,0,0,0,False
USE06014,10248,2012-03-19,0,7,7,0,0,True
USE06015,10248,2012-03-20,4,3,2,0,0,True
USE06016,10248,2012-03-21,8,0,4,0,13,True
USE06017,10248,2012-03-22,13,2,2,0,0,True
USE06018,10248,2012-03-23,0,6,8,0,11,True
USE06019,10248,2012-03-24,0,0,0,5,0,False
USE06020,10248,2012-03-25,0,1,0,0,0,False
USE06021,10248,2012-03-26,8,0,0,0,14,True
USE06022,10248,2012-03-27,4,0,4,0,11,True
USE06023,10248,2012-03-28,5,5,7,7,16,True
USE06024,10248,2012-03-29,7,4,5,0,4,True
USE06025,10248,2012-03-30,0,4,5,0,0,True
USE06026,10248,2012-03-31,0,0,0,2,0,False
USE06027,10248,2012-04-01,4,4,2,0,0,True
USE06028,10248,2012-04-02,7,3,3,0,9,True
USE06029,10248,2012-04-03,0,1,4,0,0,True
USE06030,10248,2012-04-04,6,1,0,4,7,True
USE06031,10201,2016-06-06,0,3,0,0,2,True
USE06032,10201,2016-06-07,0,0,0,3,0,False
USE06033,10201,2016-06-08,0,0,0,0,0,False
USE06034,10201,2016-06-09,2,0,0,2,0,True
USE06035,10201,2016-06-10,1,0,0,0,4,True
USE06036,10201,2016-06-11,1,0,0,0,0,False
USE06037,10201,2016-06-12,0,0,0,0,0,False
USE06038,10201,2016-06-13,0,0,3,0,0,False
USE06039,10201,2016-06-14,0,0,0,0,5,False
USE06040,10201,2016-06-15,0,2,6,0,5,True
USE06041,10201,2016-06-16,5,2,0,0,6,True
USE06042,10201,2016-06-17,0,0,0,0,9,False
USE06043,10201,2016-06-18,0,0,0,0,0,False
USE06044,10201,2016-06-19,0,0,1,0,0,False
USE06045,10201,2016-06-20,4,0,2,0,0,True
USE06046,10201,2016-06-21,0,1,5,0,4,True
USE06047,10201,2016-06-22,0,2,5,4,3,True
USE06048,10201,2016-06-23,0,2,2,0,4,True
USE06049,10201,2016-06-24,3,0,0,0,0,False
USE06050,10201,2016-06-25,1,0,0,0,0,False
USE06051,10201,2016-06-26,0,0,0,0,0,False
USE06052,10201,2016-06-27,7,3,3,0,0,True
USE06053,10201,2016-06-28,6,6,0,5,0,True
USE06054,10201,2016-06-29,4,0,0,0,0,False
USE06055,10201,2016-06-30,9,0,6,0,0,True
USE06056,10201,2016-07-01,3,0,3,0,0,True
USE06057,10201,2016-07-02,0,0,0,0,0,False
USE06058,10201,2016-07-03,0,4,0,0,0,False
USE06059,10201,2016-07-04,10,3,3,0,0,True
USE06060,10201,2016-07-05,7,6,10,0,8,True
USE06061,10201,2016-07-06,9,4,0,0,8,True
USE06062,10201,2016-07-07,0,0,0,5,0,False
USE06063,10201,2016-07-08,8,3,3,1,9,True
USE06064,10201,2016-07-09,2,0,2,0,0,True
USE06065,10201,2016-07-10,0,0,0,0,0,False
USE06066,10201,2016-07-11,6,2,6,0,6,True
USE06067,10201,2016-07-12,8,4,3,0,0,True
USE06068,10201,2016-07-13,6,3,6,0,0,True
USE06069,10201,2016-07-14,4,5,9,4,5,True
USE06070,10201,2016-07-15,0,3,1,0,0,True
USE06071,10201,2016-07-16,0,0,0,0,0,False
USE06072,10201,2016-07-17,0,0,3,0,0,False
USE06073,10201,2016-07-18,12,6,7,0,0,True
USE06074,10201,2016-07-19,5,3,7,5,10,True
USE06075,10201,2016-07-20,0,6,3,6,0,True
USE06076,10214,2015-06-05,0,0,0,3,3,True
USE06077,10214,2015-06-06,0,1,0,0,0,False
USE06078,10214,2015-06-07,0,0,0,0,0,False
USE06079,10214,2015-06-08,0,0,0,0,2,False
USE06080,10214,2015-06-09,3,3,0,0,3,True
USE06081,10214,2015-06-10,0,0,0,0,0,False
USE06082,10214,2015-06-11,0,0,0,4,0,False
USE06083,10214,2015-06-12,0,0,0,0,3,False
USE06084,10214,2015-06-13,0,0,0,0,0,False
USE06085,10214,2015-06-14,0,0,0,2,0,False
USE06086,10214,2015-06-15,0,0,4,0,5,True
USE06087,10214,2015-06-16,4,0,1,1,6,True
USE06088,10214,2015-06-17,0,2,2,0,0,True
USE06089,10214,2015-06-18,2,3,0,0,0,True
USE06090,10214,2015-06-19,0,1,1,0,2,True
USE06091,10214,2015-06-20,0,0,0,0,0,False
USE06092,10214,2015-06-21,0,0,0,0,0,False
USE06093,10214,2015-06-22,0,3,0,0,0,False
USE06094,10214,2015-06-23,3,3,3,3,0,True
USE06095,10214,2015-06-24,0,5,1,6,7,True
USE06096,10214,2015-06-25,4,5,3,0,6,True
USE06097,10214,2015-06-26,0,2,5,0,0,True
USE06098,10214,2015-06-27,0,0,0,0,3,False
USE06099,10214,2015-06-28,0,0,0,0,0,False
USE06100,10214,2015-06-29,11,0,5,0,0,True
USE06101,10214,2015-06-30,6,5,2,5,0,True
USE06102,10214,2015-07-01,5,2,5,0,7,True
USE06103,10214,2015-07-02,5,4,6,0,4,True
USE06104,10214,2015-07-03,6,3,2,3,12,True
USE06105,10214,2015-07-04,0,3,1,0,4,True
USE06106,10214,2015-07-05,0,0,0,0,0,False
USE06107,10214,2015-07-06,0,6,2,0,0,True
USE06108,10214,2015-07-07,5,0,4,0,0,True
USE06109,10214,2015-07-08,4,3,7,0,0,True
USE06110,10214,2015-07-09,9,3,4,0,0,True
USE06111,10214,2015-07-10,0,0,6,0,10,True
USE06112,10214,2015-07-11,0,0,0,0,0,False
USE06113,10214,2015-07-12,0,0,0,0,4,False
USE06114,10214,2015-07-13,7,6,0,0,9,True
USE06115,10214,2015-07-14,7,2,6,0,9,True
USE06116,10214,2015-07-15,9,3,0,0,0,True
USE06117,10214,2015-07-16,3,0,4,0,11,True
USE06118,10214,2015-07-17,8,4,0,0,3,True
USE06119,10214,2015-07-18,0,0,0,0,0,False
USE06120,10214,2015-07-19,0,0,3,0,0,False
USE06121,10160,2011-02-21,0,1,0,0,0,False
USE06122,10160,2011-02-22,0,0,0,0,0,False
USE06123,10160,2011-02-23,0,0,0,0,0,False
USE06124,10160,2011-02-24,0,2,0,0,0,False
USE06125,10160,2011-02-25,0,0,0,0,0,False
USE06126,10160,2011-02-26,0,0,0,0,0,False
USE06127,10160,2011-02-27,1,0,0,0,0,False
USE06128,10160,2011-02-28,0,0,2,0,0,False
USE06129,10160,2011-03-01,0,0,0,0,0,False
USE06130,10160,2011-03-02,0,0,3,3,0,True
USE06131,10160,2011-03-03,0,0,0,0,0,False
USE06132,10160,2011-03-04,2,0,0,0,0,False
USE06133,10160,2011-03-05,0,0,0,1,0,False
USE06134,10160,2011-03-06,2,0,0,0,0,False
USE06135,10160,2011-03-07,3,4,2,0,0,True
USE06136,10160,2011-03-08,2,0,3,0,9,True
USE06137,10160,2011-03-09,0,0,3,0,0,False
USE06138,10160,2011-03-10,7,2,2,3,0,True
USE06139,10160,2011-03-11,4,0,0,0,0,False
USE06140,10160,2011-03-12,0,0,0,0,2,False
USE06141,10160,2011-03-13,0,0,0,0,0,False
USE06142,10160,2011-03-14,3,3,2,0,12,True
USE06143,10160,2011-03-15,8,2,3,4,0,True
USE06144,10160,2011-03-16,0,3,5,0,0,True
USE06145,10160,2011-03-17,0,0,0,0,8,False
USE06146,10160,2011-03-18,7,1,6,0,0,True
USE06147,10160,2011-03-19,0,1,0,0,0,False
USE06148,10160,2011-03-20,1,0,2,1,2,True
USE06149,10160,2011-03-21,0,3,2,0,0,True
USE06150,10160,2011-03-22,5,2,4,0,0,True
USE06151,10160,2011-03-23,7,2,0,0,0,True
USE06152,10160,2011-03-24,7,6,6,0,9,True
USE06153,10160,2011-03-25,10,7,4,0,0,True
USE06154,10160,2011-03-26,0,0,0,0,0,False
USE06155,10160,2011-03-27,3,1,0,0,0,True
USE06156,10160,2011-03-28,4,5,3,0,10,True
USE06157,10160,2011-03-29,2,5,7,0,0,True
USE06158,10160,2011-03-30,9,4,0,0,9,True
USE06159,10160,2011-03-31,6,3,6,0,8,True
USE06160,10160,2011-04-01,7,4,6,0,8,True
USE06161,10160,2011-04-02,0,2,0,0,0,False
USE06162,10160,2011-04-03,0,0,0,0,0,False
USE06163,10160,2011-04-04,7,4,11,0,0,True
USE06164,10160,2011-04-05,7,0,4,0,8,True
USE06165,10160,2011-04-06,0,5,5,0,6,True
USE06166,10289,2011-02-21,0,0,0,0,0,False
USE06167,10289,2011-02-22,3,0,0,0,1,True
USE06168,10289,2011-02-23,0,0,0,0,1,False
USE06169,10289,2011-02-24,0,0,0,0,0,False
USE06170,10289,2011-02-25,0,0,0,0,0,False
USE06171,10289,2011-02-26,0,0,0,0,0,False
USE06172,10289,2011-02-27,0,0,0,0,0,False
USE06173,10289,2011-02-28,0,0,0,0,5,False
USE06174,10289,2011-03-01,0,0,0,0,0,False
USE06175,10289,2011-03-02,0,0,0,0,0,False
USE06176,10289,2011-03-03,0,0,4,0,0,False
USE06177,10289,2011-03-04,10,0,0,0,0,False
USE06178,10289,2011-03-05,0,0,0,0,0,False
USE06179,10289,2011-03-06,0,0,0,0,0,False
USE06180,10289,2011-03-07,4,0,0,5,7,True
USE06181,10289,2011-03-08,3,3,2,0,0,True
USE06182,10289,2011-03-09,5,0,0,2,0,True
USE06183,10289,2011-03-10,0,8,0,0,0,False
USE06184,10289,2011-03-11,4,0,0,4,6,True
USE06185,10289,2011-03-12,2,0,0,0,0,False
USE06186,10289,2011-03-13,0,0,0,0,0,False
USE06187,10289,2011-03-14,6,4,0,0,8,True
USE06188,10289,2011-03-15,4,0,0,0,0,False
USE06189,10289,2011-03-16,0,0,0,0,0,False
USE06190,10289,2011-03-17,7,0,0,4,0,True
USE06191,10289,2011-03-18,0,0,0,2,0,False
USE06192,10289,2011-03-19,0,0,0,0,0,False
USE06193,10289,2011-03-20,0,0,0,0,0,False
USE06194,10289,2011-03-21,0,3,4,3,9,True
USE06195,10289,2011-03-22,0,0,0,0,0,False
USE06196,10289,2011-03-23,6,5,0,7,0,True
USE06197,10289,2011-03-24,5,0,0,6,15,True
USE06198,10289,2011-03-25,3,0,2,8,0,True
USE06199,10289,2011-03-26,0,0,0,0,0,False
USE06200,10289,2011-03-27,0,0,0,0,0,False
USE06201,10289,2011-03-28,6,4,0,7,13,True
USE06202,10289,2011-03-29,0,4,0,0,6,True
USE06203,10289,2011-03-30,0,0,0,3,11,True
USE06204,10289,2011-03-31,7,0,0,0,14,True
USE06205,10289,2011-04-01,11,2,0,6,8,True
USE06206,10289,2011-04-02,0,3,0,0,0,False
USE06207,10289,2011-04-03,0,0,0,0,0,False
USE06208,10289,2011-04-04,0,0,0,0,8,False
USE06209,10289,2011-04-05,0,2,0,7,3,True
USE06210,10289,2011-04-06,4,0,0,3,12,True
USE06211,10139,2013-08-19,3,1,0,0,0,True
USE06212,10139,2013-08-20,0,0,0,0,0,False
USE06213,10139,2013-08-21,0,0,0,0,0,False
USE06214,10139,2013-08-22,0,5,1,0,0,True
USE06215,10139,2013-08-23,0,0,0,0,0,False
USE06216,10139,2013-08-24,0,0,0,0,0,False
USE06217,10139,2013-08-25,0,0,0,0,0,False
USE06218,10139,2013-08-26,0,0,3,0,0,False
USE06219,10139,2013-08-27,0,0,2,0,0,False
USE06220,10139,2013-08-28,0,1,4,0,0,True
USE06221,10139,2013-08-29,0,1,3,0,0,True
USE06222,10139,2013-08-30,0,0,0,0,0,False
USE06223,10139,2013-08-31,0,0,0,0,0,False
USE06224,10139,2013-09-01,0,0,0,0,0,False
USE06225,10139,2013-09-02,5,0,3,0,0,True
USE06226,10139,2013-09-03,0,0,0,2,0,False
USE06227,10139,2013-09-04,4,1,0,0,5,True
USE06228,10139,2013-09-05,0,2,1,0,6,True
USE06229,10139,2013-09-06,6,3,4,0,0,True
USE06230,10139,2013-09-07,0,0,3,0,0,False
USE06231,10139,2013-09-08,0,0,0,0,2,False
USE06232,10139,2013-09-09,9,4,0,0,0,True
USE06233,10139,2013-09-10,5,0,4,0,9,True
USE06234,10139,2013-09-11,3,7,6,0,0,True
USE06235,10139,2013-09-12,7,0,0,0,0,False
USE06236,10139,2013-09-13,3,7,0,4,0,True
USE06237,10139,2013-09-14,0,0,0,0,0,False
USE06238,10139,2013-09-15,0,0,0,0,0,False
USE06239,10139,2013-09-16,0,3,3,0,6,True
USE06240,10139,2013-09-17,0,6,0,0,0,False
USE06241,10139,2013-09-18,9,3,4,0,15,True
USE06242,10139,2013-09-19,9,4,3,0,7,True
USE06243,10139,2013-09-20,4,3,3,0,4,True
USE06244,10139,2013-09-21,1,0,1,0,0,True
USE06245,10139,2013-09-22,2,2,0,0,0,True
USE06246,10139,2013-09-23,7,8,0,0,9,True
USE06247,10139,2013-09-24,2,3,2,0,14,True
USE06248,10139,2013-09-25,3,7,5,4,10,True
USE06249,10139,2013-09-26,3,6,4,0,5,True
USE06250,10139,2013-09-27,4,4,8,0,0,True
USE06251,10139,2013-09-28,0,0,1,0,0,False
USE06252,10139,2013-09-29,1,1,1,0,0,True
USE06253,10139,2013-09-30,3,2,4,0,8,True
USE06254,10139,2013-10-01,0,2,3,0,0,True
USE06255,10139,2013-10-02,6,4,5,0,0,True
USE06256,10227,2012-11-05,0,0,0,2,0,False
USE06257,10227,2012-11-06,0,0,0,0,0,False
USE06258,10227,2012-11-07,0,0,0,0,0,False
USE06259,10227,2012-11-08,1,0,0,0,0,False
USE06260,10227,2012-11-09,0,2,0,0,0,False
USE06261,10227,2012-11-10,0,0,0,0,0,False
USE06262,10227,2012-11-11,0,0,0,0,1,False
USE06263,10227,2012-11-12,2,0,2,0,0,True
USE06264,10227,2012-11-13,0,0,0,0,0,False
USE06265,10227,2012-11-14,0,0,0,0,0,False
USE06266,10227,2012-11-15,0,0,0,0,0,False
USE06267,10227,2012-11-16,0,4,0,0,0,False
USE06268,10227,2012-11-17,0,0,1,0,1,True
USE06269,10227,2012-11-18,0,0,0,0,0,False
USE06270,10227,2012-11-19,0,2,0,0,0,False
USE06271,10227,2012-11-20,0,4,2,1,0,True
USE06272,10227,2012-11-21,6,0,0,0,6,True
USE06273,10227,2012-11-22,5,0,0,0,0,False
USE06274,10227,2012-11-23,8,0,9,0,0,True
USE06275,10227,2012-11-24,1,0,0,0,3,True
USE06276,10227,2012-11-25,0,0,0,0,3,False
USE06277,10227,2012-11-26,5,5,2,6,0,True
USE06278,10227,2012-11-27,0,1,0,0,9,True
USE06279,10227,2012-11-28,5,1,0,0,0,True
USE06280,10227,2012-11-29,0,3,4,2,7,True
USE06281,10227,2012-11-30,0,0,0,0,0,False
USE06282,10227,2012-12-01,2,0,0,0,2,True
USE06283,10227,2012-12-02,0,2,0,0,0,False
USE06284,10227,2012-12-03,0,3,0,8,0,True
USE06285,10227,2012-12-04,0,2,6,1,0,True
USE06286,10227,2012-12-05,5,3,0,0,0,True
USE06287,10227,2012-12-06,8,4,0,4,0,True
USE06288,10227,2012-12-07,0,0,11,0,10,True
USE06289,10227,2012-12-08,0,0,0,0,0,False
USE06290,10227,2012-12-09,2,1,0,0,0,True
USE06291,10227,2012-12-10,6,3,7,0,3,True
USE06292,10227,2012-12-11,0,5,3,0,6,True
USE06293,10227,2012-12-12,5,2,3,0,0,True
USE06294,10227,2012-12-13,0,4,5,0,0,True
USE06295,10227,2012-12-14,5,7,2,0,7,True
USE06296,10227,2012-12-15,0,0,0,1,0,False
USE06297,10227,2012-12-16,0,5,2,0,0,True
USE06298,10227,2012-12-17,0,5,4,0,11,True
USE06299,10227,2012-12-18,9,9,2,0,13,True
USE06300,10227,2012-12-19,0,3,4,0,7,True
USE06301,10236,2013-09-30,0,2,3,0,0,True
USE06302,10236,2013-10-01,0,0,1,0,0,False
USE06303,10236,2013-10-02,7,0,0,0,0,False
USE06304,10236,2013-10-03,2,0,1,1,0,True
USE06305,10236,2013-10-04,0,0,1,0,0,False
USE06306,10236,2013-10-05,0,0,3,0,0,False
USE06307,10236,2013-10-06,0,0,0,0,0,False
USE06308,10236,2013-10-07,0,0,0,0,2,False
USE06309,10236,2013-10-08,0,0,0,2,0,False
USE06310,10236,2013-10-09,0,0,3,0,2,True
USE06311,10236,2013-10-10,0,0,0,3,0,False
USE06312,10236,2013-10-11,0,2,1,3,0,True
USE06313,10236,2013-10-12,0,0,0,0,0,False
USE06314,10236,2013-10-13,0,0,1,0,0,False
USE06315,10236,2013-10-14,2,5,1,3,4,True
USE06316,10236,2013-10-15,3,0,5,0,0,True
USE06317,10236,2013-10-16,2,0,0,2,0,True
USE06318,10236,2013-10-17,0,0,3,0,0,False
USE06319,10236,2013-10-18,5,5,0,2,0,True
USE06320,10236,2013-10-19,0,0,0,0,0,False
USE06321,10236,2013-10-20,0,3,0,0,0,False
USE06322,10236,2013-10-21,4,0,9,0,0,True
USE06323,10236,2013-10-22,5,4,0,0,6,True
USE06324,10236,2013-10-23,0,2,8,0,6,True
USE06325,10236,2013-10-24,0,0,3,0,0,False
USE06326,10236,2013-10-25,0,0,4,0,0,False
USE06327,10236,2013-10-26,0,0,0,0,0,False
USE06328,10236,2013-10-27,0,0,0,0,0,False
USE06329,10236,2013-10-28,6,2,7,0,9,True
USE06330,10236,2013-10-29,4,0,0,4,10,True
USE06331,10236,2013-10-30,4,0,5,1,0,True
USE06332,10236,2013-10-31,7,7,0,3,6,True
USE06333,10236,2013-11-01,8,7,3,3,4,True
USE06334,10236,2013-11-02,0,0,0,3,0,False
USE06335,10236,2013-11-03,0,0,2,0,0,False
USE06336,10236,2013-11-04,5,1,2,0,13,True
USE06337,10236,2013-11-05,9,3,6,0,8,True
USE06338,10236,2013-11-06,8,5,5,0,7,True
USE06339,10236,2013-11-07,3,5,9,0,11,True
USE06340,10236,2013-11-08,9,3,2,0,0,True
USE06341,10236,2013-11-09,4,0,0,0,0,False
USE06342,10236,2013-11-10,0,0,0,0,6,False
USE06343,10236,2013-11-11,7,5,3,0,11,True
USE06344,10236,2013-11-12,9,0,5,2,0,True
USE06345,10236,2013-11-13,0,5,3,4,0,True
USE06346,10009,2011-07-05,1,3,0,0,0,True
USE06347,10009,2011-07-06,0,0,0,0,2,False
USE06348,10009,2011-07-07,0,0,0,0,0,False
USE06349,10009,2011-07-08,3,0,0,0,0,False
USE06350,10009,2011-07-09,0,0,0,0,0,False
USE06351,10009,2011-07-10,0,0,0,0,0,False
USE06352,10009,2011-07-11,0,0,0,0,0,False
USE06353,10009,2011-07-12,0,0,1,2,4,True
USE06354,10009,2011-07-13,0,1,0,0,0,False
USE06355,10009,2011-07-14,0,0,1,0,0,False
USE06356,10009,2011-07-15,0,2,0,0,0,False
USE06357,10009,2011-07-16,0,0,0,0,0,False
USE06358,10009,2011-07-17,1,0,0,0,0,False
USE06359,10009,2011-07-18,0,6,0,0,3,True
USE06360,10009,2011-07-19,0,5,3,0,0,True
USE06361,10009,2011-07-20,0,0,1,0,0,False
USE06362,10009,2011-07-21,0,0,0,0,8,False
USE06363,10009,2011-07-22,0,5,2,0,5,True
USE06364,10009,2011-07-23,0,0,0,0,0,False
USE06365,10009,2011-07-24,4,0,0,0,0,False
USE06366,10009,2011-07-25,7,0,0,0,7,True
USE06367,10009,2011-07-26,9,2,2,0,4,True
USE06368,10009,2011-07-27,0,5,2,3,0,True
USE06369,10009,2011-07-28,0,1,0,0,9,True
USE06370,10009,2011-07-29,7,0,0,0,0,False
USE06371,10009,2011-07-30,0,0,0,0,0,False
USE06372,10009,2011-07-31,3,0,0,0,0,False
USE06373,10009,2011-08-01,8,2,0,8,0,True
USE06374,10009,2011-08-02,4,0,0,0,0,False
USE06375,10009,2011-08-03,7,8,5,0,0,True
USE06376,10009,2011-08-04,4,0,1,0,12,True
USE06377,10009,2011-08-05,0,4,5,0,0,True
USE06378,10009,2011-08-06,0,0,0,0,0,False
USE06379,10009,2011-08-07,2,0,0,0,0,False
USE06380,10009,2011-08-08,0,3,4,3,14,True
USE06381,10009,2011-08-09,6,8,8,9,3,True
USE06382,10009,2011-08-10,5,0,0,0,0,False
USE06383,10009,2011-08-11,0,0,6,0,11,True
USE06384,10009,2011-08-12,10,2,0,0,6,True
USE06385,10009,2011-08-13,0,0,1,0,0,False
USE06386,10009,2011-08-14,0,0,0,0,1,False
USE06387,10009,2011-08-15,4,1,4,0,12,True
USE06388,10009,2011-08-16,0,4,3,0,7,True
USE06389,10009,2011-08-17,4,0,12,0,4,True
USE06390,10009,2011-08-18,0,4,8,0,11,True
USE06391,10060,2014-01-06,0,0,0,0,2,False
USE06392,10060,2014-01-07,0,0,0,0,0,False
USE06393,10060,2014-01-08,0,0,0,0,0,False
USE06394,10060,2014-01-09,0,0,0,0,0,False
USE06395,10060,2014-01-10,0,2,0,1,0,True
USE06396,10060,2014-01-11,0,0,0,0,0,False
USE06397,10060,2014-01-12,0,0,0,0,0,False
USE06398,10060,2014-01-13,5,0,2,0,0,True
USE06399,10060,2014-01-14,0,0,0,0,0,False
USE06400,10060,2014-01-15,0,0,1,0,5,True
USE06401,10060,2014-01-16,2,0,0,0,0,False
USE06402,10060,2014-01-17,1,0,0,0,4,True
USE06403,10060,2014-01-18,0,0,0,0,0,False
USE06404,10060,2014-01-19,0,0,0,0,0,False
USE06405,10060,2014-01-20,0,0,0,0,10,False
USE06406,10060,2014-01-21,5,0,2,0,9,True
USE06407,10060,2014-01-22,7,3,2,0,0,True
USE06408,10060,2014-01-23,0,2,5,2,4,True
USE06409,10060,2014-01-24,0,2,4,0,0,True
USE06410,10060,2014-01-25,0,0,0,0,0,False
USE06411,10060,2014-01-26,0,0,0,0,0,False
USE06412,10060,2014-01-27,5,5,0,0,5,True
USE06413,10060,2014-01-28,0,4,4,2,0,True
USE06414,10060,2014-01-29,0,7,0,0,6,True
USE06415,10060,2014-01-30,7,2,4,2,0,True
USE06416,10060,2014-01-31,1,0,0,0,6,True
USE06417,10060,2014-02-01,0,0,2,0,0,False
USE06418,10060,2014-02-02,0,0,0,0,0,False
USE06419,10060,2014-02-03,4,5,4,0,9,True
USE06420,10060,2014-02-04,0,0,0,6,0,False
USE06421,10060,2014-02-05,0,3,7,0,0,True
USE06422,10060,2014-02-06,10,0,5,0,10,True
USE06423,10060,2014-02-07,7,3,4,0,0,True
USE06424,10060,2014-02-08,0,0,0,0,0,False
USE06425,10060,2014-02-09,4,0,0,0,0,False
USE06426,10060,2014-02-10,8,8,3,0,7,True
USE06427,10060,2014-02-11,6,6,0,7,0,True
USE06428,10060,2014-02-12,12,0,1,6,0,True
USE06429,10060,2014-02-13,11,4,1,9,0,True
USE06430,10060,2014-02-14,8,1,4,4,6,True
USE06431,10060,2014-02-15,0,0,0,0,0,False
USE06432,10060,2014-02-16,0,0,0,0,0,False
USE06433,10060,2014-02-17,0,3,0,0,6,True
USE06434,10060,2014-02-18,9,3,2,0,9,True
USE06435,10060,2014-02-19,8,5,5,0,5,True
USE06436,10034,2011-11-07,0,0,0,0,0,False
USE06437,10034,2011-11-08,0,0,0,0,0,False
USE06438,10034,2011-11-09,0,2,1,0,0,True
USE06439,10034,2011-11-10,0,0,0,0,0,False
USE06440,10034,2011-11-11,0,0,1,0,1,True
USE06441,10034,2011-11-12,0,0,0,0,0,False
USE06442,10034,2011-11-13,0,0,0,0,0,False
USE06443,10034,2011-11-14,0,0,0,0,0,False
USE06444,10034,2011-11-15,0,0,2,0,0,False
USE06445,10034,2011-11-16,0,2,0,0,7,True
USE06446,10034,2011-11-17,0,0,0,0,0,False
USE06447,10034,2011-11-18,0,3,0,0,0,False
USE06448,10034,2011-11-19,0,0,0,0,0,False
USE06449,10034,2011-11-20,0,3,0,0,0,False
USE06450,10034,2011-11-21,6,0,2,0,3,True
USE06451,10034,2011-11-22,8,0,3,0,5,True
USE06452,10034,2011-11-23,0,2,0,0,0,False
USE06453,10034,2011-11-24,0,2,5,3,0,True
USE06454,10034,2011-11-25,0,4,1,0,4,True
USE06455,10034,2011-11-26,0,0,0,0,0,False
USE06456,10034,2011-11-27,0,0,0,0,0,False
USE06457,10034,2011-11-28,6,5,2,0,0,True
USE06458,10034,2011-11-29,7,0,4,0,0,True
USE06459,10034,2011-11-30,0,4,5,0,0,True
USE06460,10034,2011-12-01,8,0,0,3,0,True
USE06461,10034,2011-12-02,4,5,4,0,9,True
USE06462,10034,2011-12-03,1,0,0,0,0,False
USE06463,10034,2011-12-04,0,0,0,0,0,False
USE06464,10034,2011-12-05,8,0,6,0,6,True
USE06465,10034,2011-12-06,8,0,0,0,6,True
USE06466,10034,2011-12-07,10,3,9,0,8,True
USE06467,10034,2011-12-08,0,2,10,5,5,True
USE06468,10034,2011-12-09,4,4,0,0,0,True
USE06469,10034,2011-12-10,0,1,0,0,2,True
USE06470,10034,2011-12-11,6,0,0,0,0,False
USE06471,10034,2011-12-12,11,7,7,0,5,True
USE06472,10034,2011-12-13,7,6,4,0,7,True
USE06473,10034,2011-12-14,0,2,3,0,0,True
USE06474,10034,2011-12-15,0,5,6,0,0,True
USE06475,10034,2011-12-16,0,4,5,0,0,True
USE06476,10034,2011-12-17,0,0,0,0,2,False
USE06477,10034,2011-12-18,0,0,0,0,0,False
USE06478,10034,2011-12-19,10,6,7,5,0,True
USE06479,10034,2011-12-20,6,5,2,0,9,True
USE06480,10034,2011-12-21,9,6,4,0,11,True
USE06481,10156,2015-01-05,0,0,0,0,0,False
USE06482,10156,2015-01-06,0,1,0,0,0,False
USE06483,10156,2015-01-07,0,0,2,1,0,True
USE06484,10156,2015-01-08,0,0,0,0,0,False
USE06485,10156,2015-01-09,3,0,0,0,0,False
USE06486,10156,2015-01-10,0,0,0,0,0,False
USE06487,10156,2015-01-11,0,1,0,0,0,False
USE06488,10156,2015-01-12,0,0,0,0,0,False
USE06489,10156,2015-01-13,0,0,0,0,3,False
USE06490,10156,2015-01-14,1,0,0,0,0,False
USE06491,10156,2015-01-15,0,0,0,0,5,False
USE06492,10156,2015-01-16,1,1,0,0,0,True
USE06493,10156,2015-01-17,0,0,0,0,0,False
USE06494,10156,2015-01-18,0,0,0,0,0,False
USE06495,10156,2015-01-19,0,3,0,0,0,False
USE06496,10156,2015-01-20,0,0,6,0,0,False
USE06497,10156,2015-01-21,0,6,4,0,0,True
USE06498,10156,2015-01-22,0,0,4,6,0,True
USE06499,10156,2015-01-23,8,0,0,3,7,True
USE06500,10156,2015-01-24,0,0,0,0,0,False
USE06501,10156,2015-01-25,0,0,0,0,0,False
USE06502,10156,2015-01-26,6,3,4,0,0,True
USE06503,10156,2015-01-27,3,5,4,0,0,True
USE06504,10156,2015-01-28,0,0,3,0,0,False
USE06505,10156,2015-01-29,7,4,0,0,8,True
USE06506,10156,2015-01-30,5,2,0,0,7,True
USE06507,10156,2015-01-31,0,1,0,0,0,False
USE06508,10156,2015-02-01,0,0,0,2,0,False
USE06509,10156,2015-02-02,8,4,3,0,0,True
USE06510,10156,2015-02-03,0,4,3,0,6,True
USE06511,10156,2015-02-04,0,4,0,0,10,True
USE06512,10156,2015-02-05,14,3,2,0,14,True
USE06513,10156,2015-02-06,5,3,4,0,0,True
USE06514,10156,2015-02-07,0,0,0,0,6,False
USE06515,10156,2015-02-08,0,0,2,0,2,True
USE06516,10156,2015-02-09,4,4,1,0,0,True
USE06517,10156,2015-02-10,0,7,4,0,6,True
USE06518,10156,2015-02-11,6,4,0,0,0,True
USE06519,10156,2015-02-12,6,3,1,0,3,True
USE06520,10156,2015-02-13,5,6,8,0,0,True
USE06521,10156,2015-02-14,0,0,0,0,0,False
USE06522,10156,2015-02-15,0,0,0,0,0,False
USE06523,10156,2015-02-16,3,3,5,0,0,True
USE06524,10156,2015-02-17,2,2,0,0,7,True
USE06525,10156,2015-02-18,0,3,0,0,11,True
USE06526,10036,2014-07-07,0,0,0,2,0,False
USE06527,10036,2014-07-08,1,0,0,0,0,False
USE06528,10036,2014-07-09,0,0,0,0,0,False
USE06529,10036,2014-07-10,0,0,2,0,0,False
USE06530,10036,2014-07-11,0,0,0,0,4,False
USE06531,10036,2014-07-12,0,0,0,0,0,False
USE06532,10036,2014-07-13,0,0,0,0,1,False
USE06533,10036,2014-07-14,4,0,0,0,0,False
USE06534,10036,2014-07-15,2,0,2,0,1,True
USE06535,10036,2014-07-16,0,0,2,0,3,True
USE06536,10036,2014-07-17,5,0,0,0,0,False
USE06537,10036,2014-07-18,0,0,4,0,0,False
USE06538,10036,2014-07-19,0,1,0,0,0,False
USE06539,10036,2014-07-20,0,0,1,0,0,False
USE06540,10036,2014-07-21,6,0,0,0,0,False
USE06541,10036,2014-07-22,2,0,0,0,0,False
USE06542,10036,2014-07-23,5,0,2,0,0,True
USE06543,10036,2014-07-24,0,0,3,0,0,False
USE06544,10036,2014-07-25,0,0,2,0,5,True
USE06545,10036,2014-07-26,0,0,0,0,0,False
USE06546,10036,2014-07-27,0,0,2,0,0,False
USE06547,10036,2014-07-28,9,0,2,0,0,True
USE06548,10036,2014-07-29,0,2,4,0,2,True
USE06549,10036,2014-07-30,5,0,0,3,0,True
USE06550,10036,2014-07-31,3,3,2,0,4,True
USE06551,10036,2014-08-01,6,5,0,0,0,True
USE06552,10036,2014-08-02,0,0,0,0,0,False
USE06553,10036,2014-08-03,0,0,0,0,3,False
USE06554,10036,2014-08-04,9,7,0,0,7,True
USE06555,10036,2014-08-05,4,1,0,0,0,True
USE06556,10036,2014-08-06,0,4,3,0,0,True
USE06557,10036,2014-08-07,10,4,4,0,9,True
USE06558,10036,2014-08-08,9,3,8,4,0,True
USE06559,10036,2014-08-09,0,0,0,0,1,False
USE06560,10036,2014-08-10,3,0,0,0,0,False
USE06561,10036,2014-08-11,9,5,5,1,0,True
USE06562,10036,2014-08-12,8,0,5,0,9,True
USE06563,10036,2014-08-13,7,0,5,0,0,True
USE06564,10036,2014-08-14,8,6,6,4,7,True
USE06565,10036,2014-08-15,7,0,3,0,8,True
USE06566,10036,2014-08-16,0,0,0,0,0,False
USE06567,10036,2014-08-17,0,0,0,6,0,False
USE06568,10036,2014-08-18,0,7,5,0,0,True
USE06569,10036,2014-08-19,9,0,4,0,0,True
USE06570,10036,2014-08-20,12,0,6,4,0,True
USE06571,10138,2011-01-10,0,0,0,0,0,False
USE06572,10138,2011-01-11,1,2,0,0,0,True
USE06573,10138,2011-01-12,0,0,0,0,0,False
USE06574,10138,2011-01-13,0,0,0,0,0,False
USE06575,10138,2011-01-14,0,0,0,2,0,False
USE06576,10138,2011-01-15,0,0,0,1,0,False
USE06577,10138,2011-01-16,0,0,0,0,0,False
USE06578,10138,2011-01-17,0,0,0,0,0,False
USE06579,10138,2011-01-18,1,0,0,0,0,False
USE06580,10138,2011-01-19,1,2,0,2,0,True
USE06581,10138,2011-01-20,0,0,0,0,0,False
USE06582,10138,2011-01-21,0,0,6,0,0,False
USE06583,10138,2011-01-22,0,0,0,0,0,False
USE06584,10138,2011-01-23,0,0,0,0,0,False
USE06585,10138,2011-01-24,4,1,3,0,0,True
USE06586,10138,2011-01-25,4,2,0,0,0,True
USE06587,10138,2011-01-26,5,0,0,0,6,True
USE06588,10138,2011-01-27,4,0,0,0,0,False
USE06589,10138,2011-01-28,4,2,9,0,0,True
USE06590,10138,2011-01-29,0,0,0,0,1,False
USE06591,10138,2011-01-30,0,1,0,0,1,True
USE06592,10138,2011-01-31,0,3,0,3,10,True
USE06593,10138,2011-02-01,7,2,6,0,0,True
USE06594,10138,2011-02-02,7,0,2,0,3,True
USE06595,10138,2011-02-03,0,0,3,0,6,True
USE06596,10138,2011-02-04,6,2,5,0,0,True
USE06597,10138,2011-02-05,0,0,0,0,0,False
USE06598,10138,2011-02-06,0,0,0,0,0,False
USE06599,10138,2011-02-07,0,2,3,3,7,True
USE06600,10138,2011-02-08,7,5,5,5,5,True
USE06601,10138,2011-02-09,8,1,7,0,5,True
USE06602,10138,2011-02-10,6,4,4,0,13,True
USE06603,10138,2011-02-11,6,2,0,0,10,True
USE06604,10138,2011-02-12,0,0,0,1,0,False
USE06605,10138,2011-02-13,0,1,0,0,0,False
USE06606,10138,2011-02-14,9,1,0,0,0,True
USE06607,10138,2011-02-15,5,7,5,7,0,True
USE06608,10138,2011-02-16,0,4,0,0,0,False
USE06609,10138,2011-02-17,6,0,0,0,7,True
USE06610,10138,2011-02-18,7,4,7,0,0,True
USE06611,10138,2011-02-19,4,0,0,2,0,True
USE06612,10138,2011-02-20,0,2,0,0,0,False
USE06613,10138,2011-02-21,0,8,6,0,15,True
USE06614,10138,2011-02-22,10,1,1,4,0,True
USE06615,10138,2011-02-23,0,0,3,0,0,False
USE06616,10244,2011-11-07,1,0,0,0,0,False
USE06617,10244,2011-11-08,0,0,0,0,0,False
USE06618,10244,2011-11-09,0,0,0,0,0,False
USE06619,10244,2011-11-10,0,0,0,0,0,False
USE06620,10244,2011-11-11,0,0,0,0,0,False
USE06621,10244,2011-11-12,0,0,0,0,0,False
USE06622,10244,2011-11-13,0,0,0,0,0,False
USE06623,10244,2011-11-14,0,0,0,0,0,False
USE06624,10244,2011-11-15,5,0,0,1,0,True
USE06625,10244,2011-11-16,0,0,0,0,0,False
USE06626,10244,2011-11-17,0,0,0,0,0,False
USE06627,10244,2011-11-18,0,0,0,4,0,False
USE06628,10244,2011-11-19,0,0,0,0,0,False
USE06629,10244,2011-11-20,0,0,0,0,0,False
USE06630,10244,2011-11-21,7,5,0,2,7,True
USE06631,10244,2011-11-22,0,0,0,1,0,False
USE06632,10244,2011-11-23,9,0,3,2,0,True
USE06633,10244,2011-11-24,7,0,0,0,7,True
USE06634,10244,2011-11-25,5,0,0,0,0,False
USE06635,10244,2011-11-26,0,0,0,0,0,False
USE06636,10244,2011-11-27,0,0,0,0,2,False
USE06637,10244,2011-11-28,8,0,0,4,6,True
USE06638,10244,2011-11-29,6,1,1,0,5,True
USE06639,10244,2011-11-30,0,0,0,5,5,True
USE06640,10244,2011-12-01,6,0,0,0,0,False
USE06641,10244,2011-12-02,3,0,0,0,8,True
USE06642,10244,2011-12-03,1,0,0,0,0,False
USE06643,10244,2011-12-04,0,0,0,0,0,False
USE06644,10244,2011-12-05,6,0,0,3,0,True
USE06645,10244,2011-12-06,6,0,0,0,4,True
USE06646,10244,2011-12-07,3,0,0,7,0,True
USE06647,10244,2011-12-08,0,0,0,9,4,True
USE06648,10244,2011-12-09,4,0,0,0,7,True
USE06649,10244,2011-12-10,0,0,0,0,1,False
USE06650,10244,2011-12-11,0,0,0,0,0,False
USE06651,10244,2011-12-12,8,0,0,0,0,False
USE06652,10244,2011-12-13,10,0,0,5,13,True
USE06653,10244,2011-12-14,0,0,0,7,6,True
USE06654,10244,2011-12-15,7,0,0,7,0,True
USE06655,10244,2011-12-16,11,0,0,7,7,True
USE06656,10244,2011-12-17,1,0,0,0,0,False
USE06657,10244,2011-12-18,0,0,0,0,0,False
USE06658,10244,2011-12-19,9,0,0,0,5,True
USE06659,10244,2011-12-20,12,0,0,3,8,True
USE06660,10244,2011-12-21,8,0,0,9,12,True
USE06661,10192,2013-09-30,0,0,5,0,0,False
USE06662,10192,2013-10-01,0,1,0,0,0,False
USE06663,10192,2013-10-02,1,1,0,0,0,True
USE06664,10192,2013-10-03,0,0,0,0,0,False
USE06665,10192,2013-10-04,0,0,0,4,5,True
USE06666,10192,2013-10-05,0,0,0,0,0,False
USE06667,10192,2013-10-06,0,0,0,0,0,False
USE06668,10192,2013-10-07,0,0,0,0,0,False
USE06669,10192,2013-10-08,7,0,0,0,0,False
USE06670,10192,2013-10-09,0,0,0,0,0,False
USE06671,10192,2013-10-10,0,3,0,0,6,True
USE06672,10192,2013-10-11,0,4,2,0,5,True
USE06673,10192,2013-10-12,0,0,0,0,0,False
USE06674,10192,2013-10-13,1,0,0,0,0,False
USE06675,10192,2013-10-14,0,0,0,0,0,False
USE06676,10192,2013-10-15,0,0,2,0,0,False
USE06677,10192,2013-10-16,0,1,0,0,0,False
USE06678,10192,2013-10-17,0,2,4,0,11,True
USE06679,10192,2013-10-18,0,0,0,0,2,False
USE06680,10192,2013-10-19,0,0,2,0,1,True
USE06681,10192,2013-10-20,0,0,0,0,0,False
USE06682,10192,2013-10-21,0,5,0,0,5,True
USE06683,10192,2013-10-22,5,0,0,0,11,True
USE06684,10192,2013-10-23,5,0,1,0,0,True
USE06685,10192,2013-10-24,0,2,4,6,7,True
USE06686,10192,2013-10-25,6,4,4,0,6,True
USE06687,10192,2013-10-26,0,0,0,0,0,False
USE06688,10192,2013-10-27,0,0,0,0,0,False
USE06689,10192,2013-10-28,5,2,7,3,8,True
USE06690,10192,2013-10-29,0,5,4,0,0,True
USE06691,10192,2013-10-30,16,2,6,0,0,True
USE06692,10192,2013-10-31,8,1,4,0,9,True
USE06693,10192,2013-11-01,8,3,6,0,11,True
USE06694,10192,2013-11-02,0,4,3,4,0,True
USE06695,10192,2013-11-03,0,0,0,0,0,False
USE06696,10192,2013-11-04,7,2,7,0,4,True
USE06697,10192,2013-11-05,9,3,1,0,0,True
USE06698,10192,2013-11-06,10,0,6,0,10,True
USE06699,10192,2013-11-07,4,3,8,0,0,True
USE06700,10192,2013-11-08,0,1,0,0,9,True
USE06701,10192,2013-11-09,0,0,0,0,0,False
USE06702,10192,2013-11-10,0,0,0,0,0,False
USE06703,10192,2013-11-11,0,5,4,0,6,True
USE06704,10192,2013-11-12,2,2,8,3,0,True
USE06705,10192,2013-11-13,7,3,8,0,0,True
USE06706,10231,2013-08-19,0,0,2,0,2,True
USE06707,10231,2013-08-20,0,0,0,0,0,False
USE06708,10231,2013-08-21,0,0,0,0,0,False
USE06709,10231,2013-08-22,0,0,0,0,0,False
USE06710,10231,2013-08-23,0,0,0,0,0,False
USE06711,10231,2013-08-24,0,0,0,0,0,False
USE06712,10231,2013-08-25,0,0,0,0,0,False
USE06713,10231,2013-08-26,0,0,0,0,5,False
USE06714,10231,2013-08-27,0,3,0,4,0,True
USE06715,10231,2013-08-28,2,0,0,2,0,True
USE06716,10231,2013-08-29,5,0,0,0,5,True
USE06717,10231,2013-08-30,0,0,0,4,0,False
USE06718,10231,2013-08-31,0,0,0,0,0,False
USE06719,10231,2013-09-01,0,0,2,0,0,False
USE06720,10231,2013-09-02,5,0,0,0,0,False
USE06721,10231,2013-09-03,0,0,0,2,6,True
USE06722,10231,2013-09-04,4,0,0,2,0,True
USE06723,10231,2013-09-05,2,0,0,1,5,True
USE06724,10231,2013-09-06,0,0,0,0,7,False
USE06725,10231,2013-09-07,0,0,0,0,0,False
USE06726,10231,2013-09-08,0,0,0,0,0,False
USE06727,10231,2013-09-09,0,0,0,0,0,False
USE06728,10231,2013-09-10,3,0,0,0,0,False
USE06729,10231,2013-09-11,0,5,0,0,0,False
USE06730,10231,2013-09-12,7,0,0,6,5,True
USE06731,10231,2013-09-13,3,0,0,0,5,True
USE06732,10231,2013-09-14,3,0,0,0,0,False
USE06733,10231,2013-09-15,0,0,0,0,6,False
USE06734,10231,2013-09-16,10,2,0,0,8,True
USE06735,10231,2013-09-17,0,0,0,4,5,True
USE06736,10231,2013-09-18,0,0,0,6,6,True
USE06737,10231,2013-09-19,8,0,0,0,0,False
USE06738,10231,2013-09-20,0,4,0,5,0,True
USE06739,10231,2013-09-21,0,2,0,0,3,True
USE06740,10231,2013-09-22,0,0,0,0,0,False
USE06741,10231,2013-09-23,8,0,0,2,4,True
USE06742,10231,2013-09-24,8,0,0,0,8,True
USE06743,10231,2013-09-25,0,0,0,4,12,True
USE06744,10231,2013-09-26,0,0,0,0,8,False
USE06745,10231,2013-09-27,0,0,0,0,13,False
USE06746,10231,2013-09-28,0,0,0,2,0,False
USE06747,10231,2013-09-29,3,1,0,0,0,True
USE06748,10231,2013-09-30,0,0,0,5,9,True
USE06749,10231,2013-10-01,8,0,0,7,10,True
USE06750,10231,2013-10-02,7,0,0,4,7,True
USE06751,10089,2012-07-02,0,2,0,0,0,False
USE06752,10089,2012-07-03,0,2,0,0,0,False
USE06753,10089,2012-07-04,0,0,0,0,0,False
USE06754,10089,2012-07-05,0,0,0,0,0,False
USE06755,10089,2012-07-06,2,0,0,0,5,True
USE06756,10089,2012-07-07,0,0,0,0,0,False
USE06757,10089,2012-07-08,0,0,0,0,0,False
USE06758,10089,2012-07-09,0,0,0,0,0,False
USE06759,10089,2012-07-10,0,0,0,4,0,False
USE06760,10089,2012-07-11,3,0,0,0,0,False
USE06761,10089,2012-07-12,0,0,0,0,2,False
USE06762,10089,2012-07-13,2,0,0,1,0,True
USE06763,10089,2012-07-14,0,0,0,0,0,False
USE06764,10089,2012-07-15,0,0,0,0,0,False
USE06765,10089,2012-07-16,5,2,4,0,0,True
USE06766,10089,2012-07-17,4,4,0,0,5,True
USE06767,10089,2012-07-18,8,0,0,0,0,False
USE06768,10089,2012-07-19,0,1,0,5,0,True
USE06769,10089,2012-07-20,0,0,2,0,0,False
USE06770,10089,2012-07-21,0,0,0,0,0,False
USE06771,10089,2012-07-22,0,0,0,1,0,False
USE06772,10089,2012-07-23,1,0,0,0,4,True
USE06773,10089,2012-07-24,10,0,0,7,0,True
USE06774,10089,2012-07-25,6,0,0,0,0,False
USE06775,10089,2012-07-26,0,0,0,7,0,False
USE06776,10089,2012-07-27,0,2,0,3,5,True
USE06777,10089,2012-07-28,0,0,0,4,0,False
USE06778,10089,2012-07-29,0,0,0,0,1,False
USE06779,10089,2012-07-30,0,0,0,7,3,True
USE06780,10089,2012-07-31,7,7,0,8,9,True
USE06781,10089,2012-08-01,5,0,0,5,15,True
USE06782,10089,2012-08-02,0,0,0,2,2,True
USE06783,10089,2012-08-03,0,0,0,9,11,True
USE06784,10089,2012-08-04,0,0,0,4,4,True
USE06785,10089,2012-08-05,0,0,0,0,0,False
USE06786,10089,2012-08-06,7,0,0,1,9,True
USE06787,10089,2012-08-07,8,0,0,3,3,True
USE06788,10089,2012-08-08,10,0,0,2,0,True
USE06789,10089,2012-08-09,0,0,0,6,6,True
USE06790,10089,2012-08-10,0,5,0,8,0,True
USE06791,10089,2012-08-11,0,0,0,0,0,False
USE06792,10089,2012-08-12,0,2,0,0,1,True
USE06793,10089,2012-08-13,9,0,0,4,8,True
USE06794,10089,2012-08-14,0,0,0,0,15,False
USE06795,10089,2012-08-15,0,0,0,0,10,False
USE06796,10166,2011-09-26,2,0,0,0,0,False
USE06797,10166,2011-09-27,0,0,0,0,0,False
USE06798,10166,2011-09-28,0,0,0,0,0,False
USE06799,10166,2011-09-29,0,0,0,0,0,False
USE06800,10166,2011-09-30,0,0,0,0,0,False
USE06801,10166,2011-10-01,0,0,0,0,0,False
USE06802,10166,2011-10-02,0,0,0,0,0,False
USE06803,10166,2011-10-03,0,0,2,0,2,True
USE06804,10166,2011-10-04,0,0,0,0,0,False
USE06805,10166,2011-10-05,1,0,1,0,0,True
USE06806,10166,2011-10-06,3,2,4,0,0,True
USE06807,10166,2011-10-07,0,0,2,0,0,False
USE06808,10166,2011-10-08,0,0,0,0,0,False
USE06809,10166,2011-10-09,1,0,0,0,0,False
USE06810,10166,2011-10-10,7,0,3,4,0,True
USE06811,10166,2011-10-11,0,0,2,0,0,False
USE06812,10166,2011-10-12,3,0,2,1,0,True
USE06813,10166,2011-10-13,4,0,0,0,7,True
USE06814,10166,2011-10-14,7,6,1,0,8,True
USE06815,10166,2011-10-15,0,0,0,0,0,False
USE06816,10166,2011-10-16,0,0,0,0,0,False
USE06817,10166,2011-10-17,0,2,1,8,0,True
USE06818,10166,2011-10-18,12,2,0,5,3,True
USE06819,10166,2011-10-19,0,0,0,2,0,False
USE06820,10166,2011-10-20,0,4,0,0,4,True
USE06821,10166,2011-10-21,0,0,5,3,9,True
USE06822,10166,2011-10-22,0,0,0,0,0,False
USE06823,10166,2011-10-23,0,0,0,2,0,False
USE06824,10166,2011-10-24,6,0,0,0,14,True
USE06825,10166,2011-10-25,6,4,0,7,8,True
USE06826,10166,2011-10-26,0,7,1,0,3,True
USE06827,10166,2011-10-27,8,8,13,0,0,True
USE06828,10166,2011-10-28,8,7,0,0,0,True
USE06829,10166,2011-10-29,0,0,2,0,0,False
USE06830,10166,2011-10-30,0,0,2,0,0,False
USE06831,10166,2011-10-31,5,6,1,0,0,True
USE06832,10166,2011-11-01,6,4,0,0,7,True
USE06833,10166,2011-11-02,8,6,7,4,0,True
USE06834,10166,2011-11-03,6,3,0,0,5,True
USE06835,10166,2011-11-04,10,2,3,0,14,True
USE06836,10166,2011-11-05,0,0,1,0,0,False
USE06837,10166,2011-11-06,0,0,7,0,0,False
USE06838,10166,2011-11-07,9,2,5,0,0,True
USE06839,10166,2011-11-08,4,3,3,4,0,True
USE06840,10166,2011-11-09,0,1,12,0,12,True
USE06841,10170,2011-09-26,0,0,0,0,0,False
USE06842,10170,2011-09-27,0,0,0,0,0,False
USE06843,10170,2011-09-28,0,0,0,0,0,False
USE06844,10170,2011-09-29,0,0,0,0,0,False
USE06845,10170,2011-09-30,0,0,2,0,0,False
USE06846,10170,2011-10-01,0,0,1,0,0,False
USE06847,10170,2011-10-02,0,0,0,0,0,False
USE06848,10170,2011-10-03,6,0,0,0,0,False
USE06849,10170,2011-10-04,0,0,0,0,0,False
USE06850,10170,2011-10-05,0,0,0,0,0,False
USE06851,10170,2011-10-06,0,0,3,0,0,False
USE06852,10170,2011-10-07,0,0,0,0,5,False
USE06853,10170,2011-10-08,0,0,0,0,0,False
USE06854,10170,2011-10-09,0,0,0,0,0,False
USE06855,10170,2011-10-10,9,6,0,0,0,True
USE06856,10170,2011-10-11,3,0,0,5,0,True
USE06857,10170,2011-10-12,6,7,0,0,0,True
USE06858,10170,2011-10-13,2,2,1,0,5,True
USE06859,10170,2011-10-14,0,0,6,0,0,False
USE06860,10170,2011-10-15,4,0,1,0,0,True
USE06861,10170,2011-10-16,0,0,0,0,0,False
USE06862,10170,2011-10-17,6,0,0,6,0,True
USE06863,10170,2011-10-18,0,0,0,0,0,False
USE06864,10170,2011-10-19,0,3,1,0,0,True
USE06865,10170,2011-10-20,3,4,5,0,0,True
USE06866,10170,2011-10-21,0,1,2,0,5,True
USE06867,10170,2011-10-22,0,0,0,0,0,False
USE06868,10170,2011-10-23,0,0,3,0,0,False
USE06869,10170,2011-10-24,4,4,4,0,13,True
USE06870,10170,2011-10-25,7,2,4,0,6,True
USE06871,10170,2011-10-26,0,6,6,4,14,True
USE06872,10170,2011-10-27,2,6,4,9,9,True
USE06873,10170,2011-10-28,0,3,4,0,9,True
USE06874,10170,2011-10-29,0,1,0,0,0,False
USE06875,10170,2011-10-30,2,0,0,0,0,False
USE06876,10170,2011-10-31,5,0,0,4,0,True
USE06877,10170,2011-11-01,5,5,5,2,0,True
USE06878,10170,2011-11-02,9,8,4,7,10,True
USE06879,10170,2011-11-03,10,4,0,0,0,True
USE06880,10170,2011-11-04,3,3,8,0,0,True
USE06881,10170,2011-11-05,0,1,0,0,0,False
USE06882,10170,2011-11-06,3,2,0,0,0,True
USE06883,10170,2011-11-07,0,5,6,4,0,True
USE06884,10170,2011-11-08,6,2,6,0,9,True
USE06885,10170,2011-11-09,4,6,6,0,11,True
USE06886,10208,2014-02-17,0,0,0,0,0,False
USE06887,10208,2014-02-18,0,0,0,0,0,False
USE06888,10208,2014-02-19,1,0,0,0,0,False
USE06889,10208,2014-02-20,0,0,2,0,0,False
USE06890,10208,2014-02-21,0,0,2,0,0,False
USE06891,10208,2014-02-22,0,0,0,0,0,False
USE06892,10208,2014-02-23,0,0,0,0,0,False
USE06893,10208,2014-02-24,0,0,0,0,3,False
USE06894,10208,2014-02-25,0,0,4,0,0,False
USE06895,10208,2014-02-26,0,0,6,1,4,True
USE06896,10208,2014-02-27,0,0,0,0,5,False
USE06897,10208,2014-02-28,0,3,0,0,3,True
USE06898,10208,2014-03-01,1,0,1,0,0,True
USE06899,10208,2014-03-02,0,0,0,0,2,False
USE06900,10208,2014-03-03,3,0,0,0,0,False
USE06901,10208,2014-03-04,0,2,0,0,0,False
USE06902,10208,2014-03-05,0,0,0,0,0,False
USE06903,10208,2014-03-06,0,0,0,0,0,False
USE06904,10208,2014-03-07,3,8,2,5,0,True
USE06905,10208,2014-03-08,1,0,0,0,0,False
USE06906,10208,2014-03-09,0,0,0,0,1,False
USE06907,10208,2014-03-10,0,3,2,0,2,True
USE06908,10208,2014-03-11,9,8,0,0,5,True
USE06909,10208,2014-03-12,0,0,2,6,12,True
USE06910,10208,2014-03-13,6,0,5,0,5,True
USE06911,10208,2014-03-14,0,4,4,0,0,True
USE06912,10208,2014-03-15,2,0,0,0,5,True
USE06913,10208,2014-03-16,0,1,0,0,0,False
USE06914,10208,2014-03-17,7,0,5,10,10,True
USE06915,10208,2014-03-18,6,0,8,0,0,True
USE06916,10208,2014-03-19,4,6,4,0,11,True
USE06917,10208,2014-03-20,9,3,4,0,0,True
USE06918,10208,2014-03-21,0,4,6,0,0,True
USE06919,10208,2014-03-22,0,0,1,2,0,True
USE06920,10208,2014-03-23,0,0,1,1,0,True
USE06921,10208,2014-03-24,8,0,0,0,4,True
USE06922,10208,2014-03-25,8,5,0,0,1,True
USE06923,10208,2014-03-26,5,4,3,0,0,True
USE06924,10208,2014-03-27,7,7,5,3,0,True
USE06925,10208,2014-03-28,7,0,5,0,0,True
USE06926,10208,2014-03-29,0,0,1,0,0,False
USE06927,10208,2014-03-30,1,0,0,0,0,False
USE06928,10208,2014-03-31,8,6,5,0,0,True
USE06929,10208,2014-04-01,0,4,5,4,0,True
USE06930,10208,2014-04-02,0,0,0,0,0,False
USE06931,10176,2011-01-10,0,0,0,0,0,False
USE06932,10176,2011-01-11,0,0,0,0,0,False
USE06933,10176,2011-01-12,0,1,0,0,0,False
USE06934,10176,2011-01-13,0,2,0,0,0,False
USE06935,10176,2011-01-14,2,0,0,0,0,False
USE06936,10176,2011-01-15,0,0,0,0,0,False
USE06937,10176,2011-01-16,3,0,0,0,0,False
USE06938,10176,2011-01-17,4,0,2,0,0,True
USE06939,10176,2011-01-18,0,4,0,0,0,False
USE06940,10176,2011-01-19,0,0,2,0,3,True
USE06941,10176,2011-01-20,0,0,0,2,0,False
USE06942,10176,2011-01-21,3,2,0,0,0,True
USE06943,10176,2011-01-22,0,0,0,0,0,False
USE06944,10176,2011-01-23,0,0,0,0,0,False
USE06945,10176,2011-01-24,0,0,0,0,0,False
USE06946,10176,2011-01-25,0,0,4,0,0,False
USE06947,10176,2011-01-26,0,0,6,0,6,True
USE06948,10176,2011-01-27,0,3,0,0,0,False
USE06949,10176,2011-01-28,0,1,0,0,4,True
USE06950,10176,2011-01-29,0,0,1,0,0,False
USE06951,10176,2011-01-30,0,0,0,0,0,False
USE06952,10176,2011-01-31,7,8,2,0,6,True
USE06953,10176,2011-02-01,8,5,3,0,0,True
USE06954,10176,2011-02-02,0,5,4,0,9,True
USE06955,10176,2011-02-03,0,0,4,0,0,False
USE06956,10176,2011-02-04,9,0,0,0,0,False
USE06957,10176,2011-02-05,2,0,2,0,0,True
USE06958,10176,2011-02-06,0,0,1,0,0,False
USE06959,10176,2011-02-07,4,0,2,4,10,True
USE06960,10176,2011-02-08,7,0,4,0,0,True
USE06961,10176,2011-02-09,0,2,3,0,0,True
USE06962,10176,2011-02-10,0,5,7,0,0,True
USE06963,10176,2011-02-11,7,0,5,0,10,True
USE06964,10176,2011-02-12,0,0,0,0,0,False
USE06965,10176,2011-02-13,0,0,0,0,5,False
USE06966,10176,2011-02-14,7,0,5,0,0,True
USE06967,10176,2011-02-15,5,3,0,4,13,True
USE06968,10176,2011-02-16,0,4,5,2,10,True
USE06969,10176,2011-02-17,0,0,6,0,7,True
USE06970,10176,2011-02-18,0,5,0,0,7,True
USE06971,10176,2011-02-19,2,0,0,0,0,False
USE06972,10176,2011-02-20,0,0,0,0,5,False
USE06973,10176,2011-02-21,0,4,5,0,0,True
USE06974,10176,2011-02-22,4,5,6,0,10,True
USE06975,10176,2011-02-23,0,4,0,0,0,False
USE06976,10165,2011-03-07,0,0,0,0,0,False
USE06977,10165,2011-03-08,1,0,0,0,0,False
USE06978,10165,2011-03-09,0,0,0,0,0,False
USE06979,10165,2011-03-10,0,0,0,0,4,False
USE06980,10165,2011-03-11,0,0,0,2,0,False
USE06981,10165,2011-03-12,0,0,0,0,0,False
USE06982,10165,2011-03-13,0,0,0,0,0,False
USE06983,10165,2011-03-14,1,0,0,0,0,False
USE06984,10165,2011-03-15,3,0,0,0,0,False
USE06985,10165,2011-03-16,4,0,0,0,0,False
USE06986,10165,2011-03-17,4,0,0,0,6,True
USE06987,10165,2011-03-18,0,0,0,0,2,False
USE06988,10165,2011-03-19,0,0,0,0,0,False
USE06989,10165,2011-03-20,0,0,0,0,0,False
USE06990,10165,2011-03-21,6,4,0,2,6,True
USE06991,10165,2011-03-22,0,0,0,8,6,True
USE06992,10165,2011-03-23,0,1,0,0,0,False
USE06993,10165,2011-03-24,8,0,0,6,0,True
USE06994,10165,2011-03-25,2,0,0,3,7,True
USE06995,10165,2011-03-26,2,0,0,0,0,False
USE06996,10165,2011-03-27,0,0,0,0,1,False
USE06997,10165,2011-03-28,7,5,0,1,0,True
USE06998,10165,2011-03-29,8,0,0,7,0,True
USE06999,10165,2011-03-30,5,0,0,0,10,True
USE07000,10165,2011-03-31,2,0,0,0,0,False
USE07001,10165,2011-04-01,0,2,0,6,11,True
USE07002,10165,2011-04-02,0,0,0,0,2,False
USE07003,10165,2011-04-03,0,0,0,0,1,False
USE07004,10165,2011-04-04,0,6,0,5,0,True
USE07005,10165,2011-04-05,5,4,0,3,8,True
USE07006,10165,2011-04-06,6,0,0,0,4,True
USE07007,10165,2011-04-07,0,4,0,6,4,True
USE07008,10165,2011-04-08,5,5,0,7,7,True
USE07009,10165,2011-04-09,0,0,0,0,0,False
USE07010,10165,2011-04-10,2,0,0,0,0,False
USE07011,10165,2011-04-11,7,0,0,4,12,True
USE07012,10165,2011-04-12,4,0,0,0,8,True
USE07013,10165,2011-04-13,0,0,0,2,10,True
USE07014,10165,2011-04-14,0,0,0,4,8,True
USE07015,10165,2011-04-15,11,0,0,0,7,True
USE07016,10165,2011-04-16,0,0,0,0,0,False
USE07017,10165,2011-04-17,0,0,0,0,0,False
USE07018,10165,2011-04-18,4,5,0,0,9,True
USE07019,10165,2011-04-19,4,0,0,4,15,True
USE07020,10165,2011-04-20,12,0,0,5,6,True
USE07021,10113,2014-11-10,0,0,0,0,3,False
USE07022,10113,2014-11-11,4,1,0,0,0,True
USE07023,10113,2014-11-12,0,0,0,0,0,False
USE07024,10113,2014-11-13,0,0,2,0,0,False
USE07025,10113,2014-11-14,0,0,0,0,0,False
USE07026,10113,2014-11-15,0,0,0,0,0,False
USE07027,10113,2014-11-16,0,0,0,0,0,False
USE07028,10113,2014-11-17,0,0,0,0,6,False
USE07029,10113,2014-11-18,2,0,0,0,6,True
USE07030,10113,2014-11-19,3,3,0,0,0,True
USE07031,10113,2014-11-20,0,0,2,0,0,False
USE07032,10113,2014-11-21,4,1,3,0,0,True
USE07033,10113,2014-11-22,0,0,0,0,0,False
USE07034,10113,2014-11-23,0,0,0,0,0,False
USE07035,10113,2014-11-24,0,0,0,0,0,False
USE07036,10113,2014-11-25,0,0,0,0,3,False
USE07037,10113,2014-11-26,4,5,4,0,0,True
USE07038,10113,2014-11-27,7,1,0,4,0,True
USE07039,10113,2014-11-28,1,4,4,0,0,True
USE07040,10113,2014-11-29,0,2,0,0,0,False
USE07041,10113,2014-11-30,0,0,0,2,0,False
USE07042,10113,2014-12-01,0,5,0,5,10,True
USE07043,10113,2014-12-02,9,2,0,4,5,True
USE07044,10113,2014-12-03,8,0,0,0,0,False
USE07045,10113,2014-12-04,3,0,4,1,8,True
USE07046,10113,2014-12-05,7,5,0,0,0,True
USE07047,10113,2014-12-06,3,0,0,0,0,False
USE07048,10113,2014-12-07,0,0,0,2,6,True
USE07049,10113,2014-12-08,0,0,0,6,0,False
USE07050,10113,2014-12-09,7,5,6,0,0,True
USE07051,10113,2014-12-10,9,0,8,6,0,True
USE07052,10113,2014-12-11,0,3,3,0,5,True
USE07053,10113,2014-12-12,10,2,3,0,10,True
USE07054,10113,2014-12-13,0,0,3,0,0,False
USE07055,10113,2014-12-14,0,1,0,0,0,False
USE07056,10113,2014-12-15,7,8,8,0,12,True
USE07057,10113,2014-12-16,10,4,2,0,5,True
USE07058,10113,2014-12-17,9,3,5,0,0,True
USE07059,10113,2014-12-18,6,0,4,0,0,True
USE07060,10113,2014-12-19,0,2,2,0,7,True
USE07061,10113,2014-12-20,2,2,0,0,0,True
USE07062,10113,2014-12-21,0,2,0,2,0,True
USE07063,10113,2014-12-22,4,6,0,6,4,True
USE07064,10113,2014-12-23,4,4,3,0,0,True
USE07065,10113,2014-12-24,8,0,9,0,0,True
USE07066,10092,2011-01-10,0,0,0,0,0,False
USE07067,10092,2011-01-11,0,0,0,0,0,False
USE07068,10092,2011-01-12,0,0,0,0,0,False
USE07069,10092,2011-01-13,0,1,0,0,0,False
USE07070,10092,2011-01-14,5,0,0,0,0,False
USE07071,10092,2011-01-15,0,0,0,0,3,False
USE07072,10092,2011-01-16,0,0,0,0,0,False
USE07073,10092,2011-01-17,0,0,0,0,0,False
USE07074,10092,2011-01-18,0,0,0,0,0,False
USE07075,10092,2011-01-19,6,0,0,0,0,False
USE07076,10092,2011-01-20,1,0,3,0,1,True
USE07077,10092,2011-01-21,3,1,0,3,3,True
USE07078,10092,2011-01-22,0,0,0,0,0,False
USE07079,10092,2011-01-23,0,0,0,0,0,False
USE07080,10092,2011-01-24,4,0,0,5,0,True
USE07081,10092,2011-01-25,0,0,0,0,4,False
USE07082,10092,2011-01-26,0,3,0,0,0,False
USE07083,10092,2011-01-27,0,0,0,0,3,False
USE07084,10092,2011-01-28,0,2,0,0,4,True
USE07085,10092,2011-01-29,0,0,0,0,4,False
USE07086,10092,2011-01-30,0,3,0,0,1,True
USE07087,10092,2011-01-31,7,5,0,0,0,True
USE07088,10092,2011-02-01,3,0,0,0,7,True
USE07089,10092,2011-02-02,0,0,0,0,8,False
USE07090,10092,2011-02-03,6,0,0,0,0,False
USE07091,10092,2011-02-04,0,4,2,4,8,True
USE07092,10092,2011-02-05,0,0,0,0,0,False
USE07093,10092,2011-02-06,0,0,0,1,0,False
USE07094,10092,2011-02-07,0,0,0,6,9,True
USE07095,10092,2011-02-08,0,0,0,0,5,False
USE07096,10092,2011-02-09,0,0,0,3,10,True
USE07097,10092,2011-02-10,0,0,0,4,10,True
USE07098,10092,2011-02-11,0,0,5,3,0,True
USE07099,10092,2011-02-12,0,1,0,0,0,False
USE07100,10092,2011-02-13,4,0,2,0,0,True
USE07101,10092,2011-02-14,0,8,4,4,5,True
USE07102,10092,2011-02-15,0,0,0,0,6,False
USE07103,10092,2011-02-16,0,7,0,4,9,True
USE07104,10092,2011-02-17,9,3,0,0,0,True
USE07105,10092,2011-02-18,0,3,0,0,9,True
USE07106,10092,2011-02-19,2,0,0,0,0,False
USE07107,10092,2011-02-20,0,0,0,0,2,False
USE07108,10092,2011-02-21,16,0,0,0,0,False
USE07109,10092,2011-02-22,10,0,0,0,0,False
USE07110,10092,2011-02-23,0,0,0,7,12,True
USE07111,10106,2013-01-07,0,0,0,0,0,False
USE07112,10106,2013-01-08,0,0,0,0,0,False
USE07113,10106,2013-01-09,1,2,0,0,0,True
USE07114,10106,2013-01-10,1,0,0,0,0,False
USE07115,10106,2013-01-11,0,0,0,3,0,False
USE07116,10106,2013-01-12,0,0,0,0,0,False
USE07117,10106,2013-01-13,0,0,0,0,0,False
USE07118,10106,2013-01-14,0,0,0,0,0,False
USE07119,10106,2013-01-15,5,1,0,0,0,True
USE07120,10106,2013-01-16,6,0,0,0,0,False
USE07121,10106,2013-01-17,0,0,0,0,5,False
USE07122,10106,2013-01-18,0,1,0,0,0,False
USE07123,10106,2013-01-19,0,0,0,0,0,False
USE07124,10106,2013-01-20,0,0,0,0,0,False
USE07125,10106,2013-01-21,0,0,4,0,0,False
USE07126,10106,2013-01-22,3,1,0,0,3,True
USE07127,10106,2013-01-23,0,1,0,0,5,True
USE07128,10106,2013-01-24,0,4,0,0,4,True
USE07129,10106,2013-01-25,3,2,3,0,9,True
USE07130,10106,2013-01-26,0,0,0,0,0,False
USE07131,10106,2013-01-27,0,3,0,0,0,False
USE07132,10106,2013-01-28,0,3,9,2,8,True
USE07133,10106,2013-01-29,8,0,8,0,6,True
USE07134,10106,2013-01-30,0,4,5,0,5,True
USE07135,10106,2013-01-31,0,3,0,0,0,False
USE07136,10106,2013-02-01,2,3,0,0,0,True
USE07137,10106,2013-02-02,0,0,0,0,0,False
USE07138,10106,2013-02-03,5,0,3,0,0,True
USE07139,10106,2013-02-04,7,3,7,0,7,True
USE07140,10106,2013-02-05,5,0,7,7,6,True
USE07141,10106,2013-02-06,7,0,4,0,8,True
USE07142,10106,2013-02-07,0,2,8,0,0,True
USE07143,10106,2013-02-08,0,0,0,0,0,False
USE07144,10106,2013-02-09,0,0,4,0,0,False
USE07145,10106,2013-02-10,1,0,0,0,5,True
USE07146,10106,2013-02-11,6,6,5,0,10,True
USE07147,10106,2013-02-12,9,3,7,2,16,True
USE07148,10106,2013-02-13,0,0,8,0,0,False
USE07149,10106,2013-02-14,9,2,7,2,0,True
USE07150,10106,2013-02-15,10,5,0,3,0,True
USE07151,10106,2013-02-16,0,0,0,0,2,False
USE07152,10106,2013-02-17,0,0,0,0,0,False
USE07153,10106,2013-02-18,5,3,2,0,9,True
USE07154,10106,2013-02-19,9,2,0,0,0,True
USE07155,10106,2013-02-20,9,2,3,0,9,True
USE07156,10052,2012-07-09,0,0,0,0,0,False
USE07157,10052,2012-07-10,2,0,0,0,0,False
USE07158,10052,2012-07-11,0,0,0,0,0,False
USE07159,10052,2012-07-12,0,0,0,0,2,False
USE07160,10052,2012-07-13,0,0,2,3,0,True
USE07161,10052,2012-07-14,0,0,0,0,0,False
USE07162,10052,2012-07-15,0,0,0,0,0,False
USE07163,10052,2012-07-16,0,3,2,0,0,True
USE07164,10052,2012-07-17,4,1,2,2,0,True
USE07165,10052,2012-07-18,3,0,1,0,5,True
USE07166,10052,2012-07-19,0,2,0,0,4,True
USE07167,10052,2012-07-20,2,0,0,0,0,False
USE07168,10052,2012-07-21,1,0,0,0,0,False
USE07169,10052,2012-07-22,0,0,0,0,0,False
USE07170,10052,2012-07-23,5,0,0,0,0,False
USE07171,10052,2012-07-24,4,3,3,0,0,True
USE07172,10052,2012-07-25,0,3,0,0,0,False
USE07173,10052,2012-07-26,3,3,5,0,5,True
USE07174,10052,2012-07-27,3,0,0,0,0,False
USE07175,10052,2012-07-28,0,0,0,0,0,False
USE07176,10052,2012-07-29,0,0,0,0,0,False
USE07177,10052,2012-07-30,0,0,1,0,0,False
USE07178,10052,2012-07-31,9,0,6,0,0,True
USE07179,10052,2012-08-01,6,1,0,0,0,True
USE07180,10052,2012-08-02,5,3,0,0,0,True
USE07181,10052,2012-08-03,8,2,3,0,0,True
USE07182,10052,2012-08-04,0,0,1,0,0,False
USE07183,10052,2012-08-05,0,1,0,0,0,False
USE07184,10052,2012-08-06,11,4,0,0,0,True
USE07185,10052,2012-08-07,7,2,5,2,10,True
USE07186,10052,2012-08-08,9,8,4,6,13,True
USE07187,10052,2012-08-09,5,3,6,4,8,True
USE07188,10052,2012-08-10,0,5,6,0,8,True
USE07189,10052,2012-08-11,2,0,1,2,0,True
USE07190,10052,2012-08-12,1,0,0,0,0,False
USE07191,10052,2012-08-13,12,3,5,0,0,True
USE07192,10052,2012-08-14,0,3,5,3,7,True
USE07193,10052,2012-08-15,5,6,3,0,6,True
USE07194,10052,2012-08-16,8,4,7,0,6,True
USE07195,10052,2012-08-17,8,3,4,0,0,True
USE07196,10052,2012-08-18,0,1,0,0,0,False
USE07197,10052,2012-08-19,5,0,0,0,0,False
USE07198,10052,2012-08-20,2,4,5,0,9,True
USE07199,10052,2012-08-21,4,4,3,0,4,True
USE07200,10052,2012-08-22,0,6,4,0,0,True
USE07201,10038,2014-01-06,0,0,0,0,0,False
USE07202,10038,2014-01-07,0,0,0,0,1,False
USE07203,10038,2014-01-08,0,0,0,0,0,False
USE07204,10038,2014-01-09,0,0,0,0,0,False
USE07205,10038,2014-01-10,0,0,0,0,0,False
USE07206,10038,2014-01-11,0,0,0,0,0,False
USE07207,10038,2014-01-12,0,0,0,0,0,False
USE07208,10038,2014-01-13,0,0,0,0,0,False
USE07209,10038,2014-01-14,0,0,0,0,0,False
USE07210,10038,2014-01-15,9,0,0,2,3,True
USE07211,10038,2014-01-16,0,0,0,0,0,False
USE07212,10038,2014-01-17,4,0,0,0,5,True
USE07213,10038,2014-01-18,0,0,0,0,0,False
USE07214,10038,2014-01-19,0,0,0,0,0,False
USE07215,10038,2014-01-20,3,0,0,0,1,True
USE07216,10038,2014-01-21,0,0,0,0,8,False
USE07217,10038,2014-01-22,0,0,0,5,0,False
USE07218,10038,2014-01-23,2,0,0,3,0,True
USE07219,10038,2014-01-24,0,0,0,4,2,True
USE07220,10038,2014-01-25,0,0,0,0,0,False
USE07221,10038,2014-01-26,0,0,0,0,0,False
USE07222,10038,2014-01-27,0,0,0,0,0,False
USE07223,10038,2014-01-28,0,0,0,5,0,False
USE07224,10038,2014-01-29,7,0,0,0,6,True
USE07225,10038,2014-01-30,0,0,0,0,5,False
USE07226,10038,2014-01-31,0,0,0,3,15,True
USE07227,10038,2014-02-01,0,0,0,0,0,False
USE07228,10038,2014-02-02,0,0,0,0,0,False
USE07229,10038,2014-02-03,0,0,0,0,0,False
USE07230,10038,2014-02-04,0,0,0,1,4,True
USE07231,10038,2014-02-05,2,0,0,0,9,True
USE07232,10038,2014-02-06,7,0,0,1,8,True
USE07233,10038,2014-02-07,7,0,0,2,7,True
USE07234,10038,2014-02-08,0,0,0,0,0,False
USE07235,10038,2014-02-09,0,0,0,0,0,False
USE07236,10038,2014-02-10,0,3,0,8,10,True
USE07237,10038,2014-02-11,6,3,0,0,11,True
USE07238,10038,2014-02-12,0,5,0,5,0,True
USE07239,10038,2014-02-13,0,0,0,0,10,False
USE07240,10038,2014-02-14,10,6,0,0,6,True
USE07241,10038,2014-02-15,0,0,0,0,4,False
USE07242,10038,2014-02-16,0,0,0,0,2,False
USE07243,10038,2014-02-17,4,3,0,0,7,True
USE07244,10038,2014-02-18,9,0,0,5,11,True
USE07245,10038,2014-02-19,0,0,0,7,7,True
USE07246,10249,2012-04-02,0,0,0,0,1,False
USE07247,10249,2012-04-03,0,1,0,0,0,False
USE07248,10249,2012-04-04,0,0,0,0,2,False
USE07249,10249,2012-04-05,0,0,0,0,0,False
USE07250,10249,2012-04-06,3,0,0,5,0,True
USE07251,10249,2012-04-07,0,0,0,0,0,False
USE07252,10249,2012-04-08,0,0,0,0,0,False
USE07253,10249,2012-04-09,0,0,3,0,0,False
USE07254,10249,2012-04-10,2,0,0,0,0,False
USE07255,10249,2012-04-11,0,3,0,0,0,False
USE07256,10249,2012-04-12,4,1,3,3,0,True
USE07257,10249,2012-04-13,0,0,0,0,3,False
USE07258,10249,2012-04-14,0,0,0,0,0,False
USE07259,10249,2012-04-15,0,0,0,1,0,False
USE07260,10249,2012-04-16,4,0,0,0,0,False
USE07261,10249,2012-04-17,4,2,3,0,0,True
USE07262,10249,2012-04-18,2,3,0,3,0,True
USE07263,10249,2012-04-19,0,3,3,3,0,True
USE07264,10249,2012-04-20,0,1,3,0,0,True
USE07265,10249,2012-04-21,0,3,0,0,0,False
USE07266,10249,2012-04-22,0,0,0,0,0,False
USE07267,10249,2012-04-23,0,3,0,0,7,True
USE07268,10249,2012-04-24,0,3,6,0,4,True
USE07269,10249,2012-04-25,5,0,0,0,3,True
USE07270,10249,2012-04-26,10,6,0,5,6,True
USE07271,10249,2012-04-27,6,0,0,0,6,True
USE07272,10249,2012-04-28,0,0,0,0,0,False
USE07273,10249,2012-04-29,0,0,0,0,0,False
USE07274,10249,2012-04-30,4,3,0,0,0,True
USE07275,10249,2012-05-01,6,3,5,0,0,True
USE07276,10249,2012-05-02,6,7,4,2,0,True
USE07277,10249,2012-05-03,8,1,0,0,7,True
USE07278,10249,2012-05-04,0,2,1,0,0,True
USE07279,10249,2012-05-05,0,0,4,0,1,True
USE07280,10249,2012-05-06,0,0,0,0,0,False
USE07281,10249,2012-05-07,7,7,2,0,0,True
USE07282,10249,2012-05-08,0,4,6,2,7,True
USE07283,10249,2012-05-09,5,9,6,0,11,True
USE07284,10249,2012-05-10,9,2,6,5,8,True
USE07285,10249,2012-05-11,7,0,4,0,8,True
USE07286,10249,2012-05-12,0,0,0,0,0,False
USE07287,10249,2012-05-13,0,0,0,0,0,False
USE07288,10249,2012-05-14,9,7,4,4,13,True
USE07289,10249,2012-05-15,0,8,1,0,12,True
USE07290,10249,2012-05-16,11,6,5,0,0,True
USE07291,10232,2016-10-02,0,0,0,0,0,False
USE07292,10232,2016-10-03,0,2,0,0,0,False
USE07293,10232,2016-10-04,0,0,0,0,0,False
USE07294,10232,2016-10-05,0,0,0,0,0,False
USE07295,10232,2016-10-06,0,4,0,0,0,False
USE07296,10232,2016-10-07,0,0,0,0,0,False
USE07297,10232,2016-10-08,0,0,0,0,2,False
USE07298,10232,2016-10-09,0,0,0,0,0,False
USE07299,10232,2016-10-10,0,3,0,0,0,False
USE07300,10232,2016-10-11,0,3,3,0,0,True
USE07301,10232,2016-10-12,4,0,4,0,0,True
USE07302,10232,2016-10-13,0,1,9,0,3,True
USE07303,10232,2016-10-14,2,0,5,0,5,True
USE07304,10232,2016-10-15,0,0,0,0,0,False
USE07305,10232,2016-10-16,0,0,0,0,0,False
USE07306,10232,2016-10-17,2,0,3,0,2,True
USE07307,10232,2016-10-18,0,0,3,0,0,False
USE07308,10232,2016-10-19,9,3,8,0,6,True
USE07309,10232,2016-10-20,7,0,2,0,5,True
USE07310,10232,2016-10-21,0,5,1,0,0,True
USE07311,10232,2016-10-22,0,0,0,0,3,False
USE07312,10232,2016-10-23,0,3,0,0,0,False
USE07313,10232,2016-10-24,8,2,1,6,8,True
USE07314,10232,2016-10-25,0,3,2,1,4,True
USE07315,10232,2016-10-26,0,3,6,0,8,True
USE07316,10232,2016-10-27,0,6,0,4,0,True
USE07317,10232,2016-10-28,6,4,0,0,0,True
USE07318,10232,2016-10-29,0,0,0,0,0,False
USE07319,10232,2016-10-30,0,0,0,0,0,False
USE07320,10232,2016-10-31,0,3,6,0,7,True
USE07321,10232,2016-11-01,9,1,3,0,9,True
USE07322,10232,2016-11-02,7,2,2,5,10,True
USE07323,10232,2016-11-03,10,0,0,0,0,False
USE07324,10232,2016-11-04,7,4,7,0,0,True
USE07325,10232,2016-11-05,0,0,0,0,0,False
USE07326,10232,2016-11-06,0,0,0,0,5,False
USE07327,10232,2016-11-07,3,5,4,0,0,True
USE07328,10232,2016-11-08,14,0,4,2,6,True
USE07329,10232,2016-11-09,6,0,1,4,0,True
USE07330,10232,2016-11-10,0,5,3,0,0,True
USE07331,10232,2016-11-11,6,6,3,2,9,True
USE07332,10232,2016-11-12,0,1,0,0,4,True
USE07333,10232,2016-11-13,0,4,0,0,2,True
USE07334,10232,2016-11-14,0,0,9,5,10,True
USE07335,10232,2016-11-15,0,0,0,0,0,False
USE07336,10087,2011-09-26,0,0,0,0,0,False
USE07337,10087,2011-09-27,0,0,0,0,0,False
USE07338,10087,2011-09-28,0,0,0,0,0,False
USE07339,10087,2011-09-29,0,1,0,3,0,True
USE07340,10087,2011-09-30,0,1,4,3,0,True
USE07341,10087,2011-10-01,0,0,0,0,0,False
USE07342,10087,2011-10-02,0,0,0,0,0,False
USE07343,10087,2011-10-03,0,0,0,0,0,False
USE07344,10087,2011-10-04,0,0,0,0,0,False
USE07345,10087,2011-10-05,3,4,0,0,3,True
USE07346,10087,2011-10-06,0,2,4,2,0,True
USE07347,10087,2011-10-07,1,4,0,0,1,True
USE07348,10087,2011-10-08,0,0,0,0,0,False
USE07349,10087,2011-10-09,0,0,0,0,3,False
USE07350,10087,2011-10-10,0,3,1,0,0,True
USE07351,10087,2011-10-11,10,3,0,0,6,True
USE07352,10087,2011-10-12,0,5,3,2,0,True
USE07353,10087,2011-10-13,0,0,3,0,0,False
USE07354,10087,2011-10-14,6,3,0,0,0,True
USE07355,10087,2011-10-15,0,0,0,0,1,False
USE07356,10087,2011-10-16,0,0,3,0,0,False
USE07357,10087,2011-10-17,4,2,0,6,10,True
USE07358,10087,2011-10-18,0,0,3,0,6,True
USE07359,10087,2011-10-19,5,7,3,0,0,True
USE07360,10087,2011-10-20,0,3,2,4,13,True
USE07361,10087,2011-10-21,5,4,0,0,5,True
USE07362,10087,2011-10-22,0,0,1,0,0,False
USE07363,10087,2011-10-23,0,0,0,0,0,False
USE07364,10087,2011-10-24,5,5,6,0,0,True
USE07365,10087,2011-10-25,7,3,0,0,0,True
USE07366,10087,2011-10-26,4,1,5,0,11,True
USE07367,10087,2011-10-27,11,6,0,0,7,True
USE07368,10087,2011-10-28,1,0,3,0,4,True
USE07369,10087,2011-10-29,0,5,0,0,4,True
USE07370,10087,2011-10-30,0,0,0,0,0,False
USE07371,10087,2011-10-31,5,4,7,0,9,True
USE07372,10087,2011-11-01,0,4,6,0,0,True
USE07373,10087,2011-11-02,0,0,9,0,8,True
USE07374,10087,2011-11-03,0,0,4,0,0,False
USE07375,10087,2011-11-04,7,3,10,7,0,True
USE07376,10087,2011-11-05,0,0,0,0,4,False
USE07377,10087,2011-11-06,1,0,1,0,0,True
USE07378,10087,2011-11-07,7,0,4,0,0,True
USE07379,10087,2011-11-08,0,5,2,0,5,True
USE07380,10087,2011-11-09,4,8,4,6,0,True
USE07381,10134,2016-01-05,0,0,3,0,0,False
USE07382,10134,2016-01-06,0,0,0,0,0,False
USE07383,10134,2016-01-07,0,0,0,0,5,False
USE07384,10134,2016-01-08,0,0,0,0,0,False
USE07385,10134,2016-01-09,0,0,0,0,0,False
USE07386,10134,2016-01-10,0,0,0,0,0,False
USE07387,10134,2016-01-11,0,0,0,3,0,False
USE07388,10134,2016-01-12,0,0,0,0,0,False
USE07389,10134,2016-01-13,0,0,0,0,0,False
USE07390,10134,2016-01-14,0,0,0,0,0,False
USE07391,10134,2016-01-15,2,1,0,0,0,True
USE07392,10134,2016-01-16,0,0,0,0,0,False
USE07393,10134,2016-01-17,0,0,0,0,0,False
USE07394,10134,2016-01-18,0,0,0,0,0,False
USE07395,10134,2016-01-19,0,0,0,0,0,False
USE07396,10134,2016-01-20,0,1,0,6,4,True
USE07397,10134,2016-01-21,7,0,0,0,6,True
USE07398,10134,2016-01-22,6,0,0,0,2,True
USE07399,10134,2016-01-23,0,0,0,0,0,False
USE07400,10134,2016-01-24,0,0,0,0,0,False
USE07401,10134,2016-01-25,0,0,0,6,3,True
USE07402,10134,2016-01-26,0,3,0,2,6,True
USE07403,10134,2016-01-27,8,2,0,0,0,True
USE07404,10134,2016-01-28,2,2,0,0,3,True
USE07405,10134,2016-01-29,0,4,0,2,0,True
USE07406,10134,2016-01-30,0,0,0,0,0,False
USE07407,10134,2016-01-31,0,0,0,1,3,True
USE07408,10134,2016-02-01,8,0,0,0,3,True
USE07409,10134,2016-02-02,4,0,0,0,7,True
USE07410,10134,2016-02-03,9,0,0,0,0,False
USE07411,10134,2016-02-04,7,3,0,6,0,True
USE07412,10134,2016-02-05,2,4,0,5,0,True
USE07413,10134,2016-02-06,0,0,0,0,0,False
USE07414,10134,2016-02-07,2,2,0,0,0,True
USE07415,10134,2016-02-08,0,2,0,2,0,True
USE07416,10134,2016-02-09,6,6,0,3,6,True
USE07417,10134,2016-02-10,0,2,0,5,11,True
USE07418,10134,2016-02-11,0,3,0,0,6,True
USE07419,10134,2016-02-12,7,0,0,0,5,True
USE07420,10134,2016-02-13,1,0,0,0,3,True
USE07421,10134,2016-02-14,1,2,0,0,0,True
USE07422,10134,2016-02-15,7,0,0,3,0,True
USE07423,10134,2016-02-16,0,0,0,6,10,True
USE07424,10134,2016-02-17,0,0,0,0,0,False
USE07425,10134,2016-02-18,6,2,0,2,5,True
USE07426,10251,2012-05-14,0,0,0,0,0,False
USE07427,10251,2012-05-15,0,0,0,0,0,False
USE07428,10251,2012-05-16,2,1,0,0,4,True
USE07429,10251,2012-05-17,0,4,0,0,0,False
USE07430,10251,2012-05-18,0,0,1,0,0,False
USE07431,10251,2012-05-19,0,0,0,0,0,False
USE07432,10251,2012-05-20,0,0,1,0,0,False
USE07433,10251,2012-05-21,0,0,2,0,0,False
USE07434,10251,2012-05-22,0,1,0,0,0,False
USE07435,10251,2012-05-23,0,0,0,1,0,False
USE07436,10251,2012-05-24,3,0,0,0,7,True
USE07437,10251,2012-05-25,1,3,0,0,0,True
USE07438,10251,2012-05-26,0,0,0,0,0,False
USE07439,10251,2012-05-27,0,0,0,0,0,False
USE07440,10251,2012-05-28,5,0,3,0,6,True
USE07441,10251,2012-05-29,0,2,3,0,0,True
USE07442,10251,2012-05-30,4,0,1,0,0,True
USE07443,10251,2012-05-31,0,0,0,0,5,False
USE07444,10251,2012-06-01,0,4,0,0,0,False
USE07445,10251,2012-06-02,0,2,1,0,0,True
USE07446,10251,2012-06-03,0,2,0,0,0,False
USE07447,10251,2012-06-04,2,0,3,0,0,True
USE07448,10251,2012-06-05,4,3,2,2,0,True
USE07449,10251,2012-06-06,0,0,4,3,0,True
USE07450,10251,2012-06-07,0,3,5,0,4,True
USE07451,10251,2012-06-08,0,0,3,0,0,False
USE07452,10251,2012-06-09,1,0,0,0,0,False
USE07453,10251,2012-06-10,0,0,4,0,0,False
USE07454,10251,2012-06-11,0,2,0,0,8,True
USE07455,10251,2012-06-12,4,8,4,6,0,True
USE07456,10251,2012-06-13,4,7,6,0,10,True
USE07457,10251,2012-06-14,0,0,0,0,7,False
USE07458,10251,2012-06-15,9,3,0,0,0,True
USE07459,10251,2012-06-16,0,0,4,0,0,False
USE07460,10251,2012-06-17,0,0,0,0,0,False
USE07461,10251,2012-06-18,8,6,6,3,0,True
USE07462,10251,2012-06-19,0,3,6,0,7,True
USE07463,10251,2012-06-20,11,0,5,0,10,True
USE07464,10251,2012-06-21,4,8,7,0,7,True
USE07465,10251,2012-06-22,5,2,0,3,0,True
USE07466,10251,2012-06-23,0,0,0,0,0,False
USE07467,10251,2012-06-24,0,0,1,0,0,False
USE07468,10251,2012-06-25,11,6,0,0,0,True
USE07469,10251,2012-06-26,13,5,0,4,0,True
USE07470,10251,2012-06-27,5,0,5,0,12,True
USE07471,10103,2012-04-30,0,0,0,0,0,False
USE07472,10103,2012-05-01,1,0,0,0,1,True
USE07473,10103,2012-05-02,0,0,0,2,0,False
USE07474,10103,2012-05-03,0,0,0,0,0,False
USE07475,10103,2012-05-04,0,0,0,0,0,False
USE07476,10103,2012-05-05,1,0,0,1,0,True
USE07477,10103,2012-05-06,0,0,0,0,0,False
USE07478,10103,2012-05-07,0,0,0,0,0,False
USE07479,10103,2012-05-08,3,0,0,2,0,True
USE07480,10103,2012-05-09,0,2,0,0,0,False
USE07481,10103,2012-05-10,5,0,0,0,7,True
USE07482,10103,2012-05-11,0,0,0,0,3,False
USE07483,10103,2012-05-12,0,0,0,0,0,False
USE07484,10103,2012-05-13,4,0,0,0,0,False
USE07485,10103,2012-05-14,0,0,0,0,7,False
USE07486,10103,2012-05-15,0,0,0,4,7,True
USE07487,10103,2012-05-16,3,0,0,0,0,False
USE07488,10103,2012-05-17,0,0,0,0,9,False
USE07489,10103,2012-05-18,4,0,0,5,9,True
USE07490,10103,2012-05-19,0,0,0,0,0,False
USE07491,10103,2012-05-20,0,0,0,4,0,False
USE07492,10103,2012-05-21,8,0,0,0,7,True
USE07493,10103,2012-05-22,5,0,0,0,4,True
USE07494,10103,2012-05-23,0,0,0,0,8,False
USE07495,10103,2012-05-24,0,0,0,6,0,False
USE07496,10103,2012-05-25,0,4,0,5,3,True
USE07497,10103,2012-05-26,0,0,0,0,0,False
USE07498,10103,2012-05-27,0,1,0,3,0,True
USE07499,10103,2012-05-28,0,0,0,0,6,False
USE07500,10103,2012-05-29,0,0,0,0,10,False
USE07501,10103,2012-05-30,9,0,0,0,5,True
USE07502,10103,2012-05-31,6,0,0,0,13,True
USE07503,10103,2012-06-01,0,0,0,7,9,True
USE07504,10103,2012-06-02,0,0,0,0,0,False
USE07505,10103,2012-06-03,3,0,0,0,0,False
USE07506,10103,2012-06-04,9,0,0,5,10,True
USE07507,10103,2012-06-05,0,0,0,6,0,False
USE07508,10103,2012-06-06,3,6,0,4,5,True
USE07509,10103,2012-06-07,7,0,0,2,11,True
USE07510,10103,2012-06-08,12,0,0,3,5,True
USE07511,10103,2012-06-09,0,0,0,0,3,False
USE07512,10103,2012-06-10,2,0,0,1,6,True
USE07513,10103,2012-06-11,7,0,0,5,9,True
USE07514,10103,2012-06-12,10,0,0,5,6,True
USE07515,10103,2012-06-13,0,0,0,8,11,True
USE07516,10017,2013-09-30,0,0,0,0,0,False
USE07517,10017,2013-10-01,0,0,0,0,0,False
USE07518,10017,2013-10-02,0,0,0,0,0,False
USE07519,10017,2013-10-03,0,0,0,0,3,False
USE07520,10017,2013-10-04,0,0,0,0,0,False
USE07521,10017,2013-10-05,0,0,0,0,1,False
USE07522,10017,2013-10-06,0,0,0,0,0,False
USE07523,10017,2013-10-07,4,0,0,0,0,False
USE07524,10017,2013-10-08,2,0,0,0,4,True
USE07525,10017,2013-10-09,0,0,0,0,4,False
USE07526,10017,2013-10-10,0,0,0,0,1,False
USE07527,10017,2013-10-11,0,0,0,0,0,False
USE07528,10017,2013-10-12,0,0,0,0,0,False
USE07529,10017,2013-10-13,0,0,0,0,0,False
USE07530,10017,2013-10-14,0,0,0,0,9,False
USE07531,10017,2013-10-15,0,1,0,3,0,True
USE07532,10017,2013-10-16,0,0,0,0,7,False
USE07533,10017,2013-10-17,4,0,0,3,6,True
USE07534,10017,2013-10-18,0,0,1,3,0,True
USE07535,10017,2013-10-19,0,0,0,0,0,False
USE07536,10017,2013-10-20,2,0,0,0,0,False
USE07537,10017,2013-10-21,8,4,3,0,0,True
USE07538,10017,2013-10-22,4,0,0,0,10,True
USE07539,10017,2013-10-23,0,0,0,2,6,True
USE07540,10017,2013-10-24,0,0,0,4,8,True
USE07541,10017,2013-10-25,10,3,0,2,4,True
USE07542,10017,2013-10-26,0,0,0,0,0,False
USE07543,10017,2013-10-27,0,0,0,0,0,False
USE07544,10017,2013-10-28,5,0,0,0,10,True
USE07545,10017,2013-10-29,0,0,0,0,3,False
USE07546,10017,2013-10-30,13,0,0,0,3,True
USE07547,10017,2013-10-31,4,6,0,0,11,True
USE07548,10017,2013-11-01,0,5,0,0,11,True
USE07549,10017,2013-11-02,0,1,0,0,0,False
USE07550,10017,2013-11-03,0,0,0,0,0,False
USE07551,10017,2013-11-04,0,0,0,0,8,False
USE07552,10017,2013-11-05,9,6,0,2,8,True
USE07553,10017,2013-11-06,0,6,0,8,0,True
USE07554,10017,2013-11-07,0,0,0,7,8,True
USE07555,10017,2013-11-08,0,0,0,6,7,True
USE07556,10017,2013-11-09,0,0,0,0,0,False
USE07557,10017,2013-11-10,4,0,0,0,0,False
USE07558,10017,2013-11-11,8,0,0,4,0,True
USE07559,10017,2013-11-12,3,5,0,6,0,True
USE07560,10017,2013-11-13,7,0,0,7,0,True
USE07561,10186,2011-07-05,0,0,0,0,0,False
USE07562,10186,2011-07-06,0,0,3,0,0,False
USE07563,10186,2011-07-07,0,0,3,0,0,False
USE07564,10186,2011-07-08,2,0,0,0,5,True
USE07565,10186,2011-07-09,0,0,0,0,1,False
USE07566,10186,2011-07-10,1,0,0,0,0,False
USE07567,10186,2011-07-11,0,0,0,0,0,False
USE07568,10186,2011-07-12,0,0,0,0,0,False
USE07569,10186,2011-07-13,0,0,1,2,0,True
USE07570,10186,2011-07-14,5,0,0,1,5,True
USE07571,10186,2011-07-15,5,0,0,0,2,True
USE07572,10186,2011-07-16,1,0,0,0,0,False
USE07573,10186,2011-07-17,0,0,0,0,2,False
USE07574,10186,2011-07-18,4,3,0,0,6,True
USE07575,10186,2011-07-19,6,1,0,0,0,True
USE07576,10186,2011-07-20,0,0,3,0,2,True
USE07577,10186,2011-07-21,0,0,0,0,0,False
USE07578,10186,2011-07-22,0,7,5,0,0,True
USE07579,10186,2011-07-23,0,0,0,0,0,False
USE07580,10186,2011-07-24,0,1,1,0,0,True
USE07581,10186,2011-07-25,0,5,0,0,0,False
USE07582,10186,2011-07-26,0,2,0,0,5,True
USE07583,10186,2011-07-27,6,0,6,0,0,True
USE07584,10186,2011-07-28,0,3,2,7,0,True
USE07585,10186,2011-07-29,5,5,3,4,0,True
USE07586,10186,2011-07-30,0,0,0,0,0,False
USE07587,10186,2011-07-31,6,0,0,0,0,False
USE07588,10186,2011-08-01,1,0,0,2,0,True
USE07589,10186,2011-08-02,5,1,0,0,0,True
USE07590,10186,2011-08-03,0,4,9,2,6,True
USE07591,10186,2011-08-04,4,4,8,0,0,True
USE07592,10186,2011-08-05,7,7,3,0,0,True
USE07593,10186,2011-08-06,0,0,3,0,0,False
USE07594,10186,2011-08-07,0,0,2,0,0,False
USE07595,10186,2011-08-08,6,4,0,0,0,True
USE07596,10186,2011-08-09,10,3,7,0,9,True
USE07597,10186,2011-08-10,6,3,2,0,15,True
USE07598,10186,2011-08-11,11,4,7,0,6,True
USE07599,10186,2011-08-12,9,0,0,0,4,True
USE07600,10186,2011-08-13,0,0,0,0,0,False
USE07601,10186,2011-08-14,3,0,1,0,4,True
USE07602,10186,2011-08-15,9,0,5,7,13,True
USE07603,10186,2011-08-16,6,0,0,6,4,True
USE07604,10186,2011-08-17,4,1,4,0,10,True
USE07605,10186,2011-08-18,0,6,3,0,0,True
USE07606,10137,2013-07-08,0,0,0,0,0,False
USE07607,10137,2013-07-09,0,0,0,0,0,False
USE07608,10137,2013-07-10,2,0,0,0,0,False
USE07609,10137,2013-07-11,0,1,0,0,0,False
USE07610,10137,2013-07-12,0,0,0,0,2,False
USE07611,10137,2013-07-13,0,0,0,0,0,False
USE07612,10137,2013-07-14,0,0,0,0,0,False
USE07613,10137,2013-07-15,0,2,0,0,0,False
USE07614,10137,2013-07-16,0,0,0,0,0,False
USE07615,10137,2013-07-17,0,0,0,0,0,False
USE07616,10137,2013-07-18,0,0,1,0,4,True
USE07617,10137,2013-07-19,0,0,4,0,4,True
USE07618,10137,2013-07-20,0,0,0,0,0,False
USE07619,10137,2013-07-21,2,0,0,0,0,False
USE07620,10137,2013-07-22,3,1,3,0,0,True
USE07621,10137,2013-07-23,2,0,1,0,0,True
USE07622,10137,2013-07-24,0,2,0,0,0,False
USE07623,10137,2013-07-25,0,7,4,0,0,True
USE07624,10137,2013-07-26,7,2,0,0,6,True
USE07625,10137,2013-07-27,0,0,0,0,0,False
USE07626,10137,2013-07-28,2,0,0,1,0,True
USE07627,10137,2013-07-29,4,7,1,0,0,True
USE07628,10137,2013-07-30,0,0,3,0,0,False
USE07629,10137,2013-07-31,5,2,7,0,9,True
USE07630,10137,2013-08-01,1,6,3,0,9,True
USE07631,10137,2013-08-02,5,8,3,0,0,True
USE07632,10137,2013-08-03,3,0,0,0,0,False
USE07633,10137,2013-08-04,0,3,0,0,0,False
USE07634,10137,2013-08-05,12,1,4,2,6,True
USE07635,10137,2013-08-06,10,6,4,3,5,True
USE07636,10137,2013-08-07,3,4,4,4,10,True
USE07637,10137,2013-08-08,8,2,4,0,8,True
USE07638,10137,2013-08-09,2,5,3,0,8,True
USE07639,10137,2013-08-10,0,0,4,0,3,True
USE07640,10137,2013-08-11,0,4,0,0,0,False
USE07641,10137,2013-08-12,5,0,6,0,0,True
USE07642,10137,2013-08-13,5,6,3,0,0,True
USE07643,10137,2013-08-14,0,3,0,0,3,True
USE07644,10137,2013-08-15,8,7,1,4,0,True
USE07645,10137,2013-08-16,0,0,3,0,7,True
USE07646,10137,2013-08-17,0,0,0,0,0,False
USE07647,10137,2013-08-18,0,0,0,0,0,False
USE07648,10137,2013-08-19,12,4,0,0,11,True
USE07649,10137,2013-08-20,8,3,0,4,9,True
USE07650,10137,2013-08-21,9,5,7,3,0,True
USE07651,10008,2011-01-21,1,0,0,0,2,True
USE07652,10008,2011-01-22,0,0,0,0,0,False
USE07653,10008,2011-01-23,0,0,0,0,0,False
USE07654,10008,2011-01-24,0,0,0,0,0,False
USE07655,10008,2011-01-25,0,0,1,0,0,False
USE07656,10008,2011-01-26,2,0,0,0,0,False
USE07657,10008,2011-01-27,0,0,0,0,0,False
USE07658,10008,2011-01-28,0,0,0,0,0,False
USE07659,10008,2011-01-29,0,1,0,0,0,False
USE07660,10008,2011-01-30,0,0,0,0,0,False
USE07661,10008,2011-01-31,0,0,0,0,0,False
USE07662,10008,2011-02-01,0,0,2,0,3,True
USE07663,10008,2011-02-02,0,2,4,0,4,True
USE07664,10008,2011-02-03,0,0,6,0,0,False
USE07665,10008,2011-02-04,0,0,0,0,0,False
USE07666,10008,2011-02-05,0,0,0,0,1,False
USE07667,10008,2011-02-06,0,0,0,0,0,False
USE07668,10008,2011-02-07,0,0,3,0,0,False
USE07669,10008,2011-02-08,0,0,0,0,9,False
USE07670,10008,2011-02-09,0,5,0,0,3,True
USE07671,10008,2011-02-10,0,3,7,0,4,True
USE07672,10008,2011-02-11,6,0,4,0,3,True
USE07673,10008,2011-02-12,0,0,0,0,0,False
USE07674,10008,2011-02-13,0,0,0,0,0,False
USE07675,10008,2011-02-14,3,0,1,0,0,True
USE07676,10008,2011-02-15,6,4,4,0,0,True
USE07677,10008,2011-02-16,0,3,4,0,8,True
USE07678,10008,2011-02-17,9,6,0,0,6,True
USE07679,10008,2011-02-18,7,2,0,0,9,True
USE07680,10008,2011-02-19,0,0,0,0,0,False
USE07681,10008,2011-02-20,0,0,0,0,0,False
USE07682,10008,2011-02-21,6,0,3,0,0,True
USE07683,10008,2011-02-22,8,5,5,0,4,True
USE07684,10008,2011-02-23,7,2,6,0,10,True
USE07685,10008,2011-02-24,10,5,0,0,10,True
USE07686,10008,2011-02-25,6,2,0,2,6,True
USE07687,10008,2011-02-26,2,4,1,0,0,True
USE07688,10008,2011-02-27,1,0,2,0,0,True
USE07689,10008,2011-02-28,2,4,3,5,0,True
USE07690,10008,2011-03-01,0,3,2,0,0,True
USE07691,10008,2011-03-02,11,0,2,0,8,True
USE07692,10008,2011-03-03,0,5,0,0,0,False
USE07693,10008,2011-03-04,16,0,3,0,12,True
USE07694,10008,2011-03-05,2,0,0,0,0,False
USE07695,10008,2011-03-06,2,0,0,0,0,False
USE07696,10096,2013-07-08,0,1,0,0,0,False
USE07697,10096,2013-07-09,1,0,0,0,0,False
USE07698,10096,2013-07-10,0,1,0,0,0,False
USE07699,10096,2013-07-11,0,0,0,0,0,False
USE07700,10096,2013-07-12,0,0,0,0,0,False
USE07701,10096,2013-07-13,0,1,0,0,0,False
USE07702,10096,2013-07-14,0,0,0,0,0,False
USE07703,10096,2013-07-15,2,0,0,0,0,False
USE07704,10096,2013-07-16,4,0,1,0,0,True
USE07705,10096,2013-07-17,0,3,1,0,5,True
USE07706,10096,2013-07-18,0,0,0,0,0,False
USE07707,10096,2013-07-19,0,0,3,0,2,True
USE07708,10096,2013-07-20,0,0,0,0,0,False
USE07709,10096,2013-07-21,0,0,1,0,0,False
USE07710,10096,2013-07-22,0,0,0,0,0,False
USE07711,10096,2013-07-23,3,0,0,0,0,False
USE07712,10096,2013-07-24,1,5,3,5,0,True
USE07713,10096,2013-07-25,0,0,1,0,0,False
USE07714,10096,2013-07-26,7,0,0,0,0,False
USE07715,10096,2013-07-27,0,1,0,0,0,False
USE07716,10096,2013-07-28,0,0,0,0,0,False
USE07717,10096,2013-07-29,6,5,2,0,0,True
USE07718,10096,2013-07-30,8,2,3,0,5,True
USE07719,10096,2013-07-31,3,0,5,0,0,True
USE07720,10096,2013-08-01,0,4,0,0,6,True
USE07721,10096,2013-08-02,4,0,10,0,0,True
USE07722,10096,2013-08-03,0,0,0,0,0,False
USE07723,10096,2013-08-04,2,0,0,0,0,False
USE07724,10096,2013-08-05,0,8,3,0,6,True
USE07725,10096,2013-08-06,5,3,9,0,6,True
USE07726,10096,2013-08-07,0,5,5,0,0,True
USE07727,10096,2013-08-08,9,0,9,0,0,True
USE07728,10096,2013-08-09,8,5,6,0,5,True
USE07729,10096,2013-08-10,0,0,2,0,1,True
USE07730,10096,2013-08-11,0,1,0,0,0,False
USE07731,10096,2013-08-12,9,6,5,0,8,True
USE07732,10096,2013-08-13,8,0,0,0,0,False
USE07733,10096,2013-08-14,6,5,4,0,0,True
USE07734,10096,2013-08-15,9,3,9,0,10,True
USE07735,10096,2013-08-16,10,3,4,0,9,True
USE07736,10096,2013-08-17,0,0,2,0,0,False
USE07737,10096,2013-08-18,0,0,0,0,0,False
USE07738,10096,2013-08-19,6,0,4,10,11,True
USE07739,10096,2013-08-20,10,3,3,0,5,True
USE07740,10096,2013-08-21,9,5,7,0,10,True
USE07741,10035,2013-08-19,0,0,0,0,2,False
USE07742,10035,2013-08-20,0,0,0,0,0,False
USE07743,10035,2013-08-21,0,2,0,5,0,True
USE07744,10035,2013-08-22,1,0,0,0,0,False
USE07745,10035,2013-08-23,0,1,0,0,0,False
USE07746,10035,2013-08-24,0,0,0,0,0,False
USE07747,10035,2013-08-25,0,0,0,0,0,False
USE07748,10035,2013-08-26,0,0,1,0,0,False
USE07749,10035,2013-08-27,0,0,0,0,0,False
USE07750,10035,2013-08-28,6,0,0,0,2,True
USE07751,10035,2013-08-29,0,4,0,0,3,True
USE07752,10035,2013-08-30,0,2,0,0,0,False
USE07753,10035,2013-08-31,0,0,0,0,0,False
USE07754,10035,2013-09-01,0,0,0,0,0,False
USE07755,10035,2013-09-02,5,0,0,0,3,True
USE07756,10035,2013-09-03,0,4,4,3,0,True
USE07757,10035,2013-09-04,6,0,2,0,0,True
USE07758,10035,2013-09-05,6,0,1,0,7,True
USE07759,10035,2013-09-06,3,1,0,3,0,True
USE07760,10035,2013-09-07,0,0,0,0,0,False
USE07761,10035,2013-09-08,0,0,0,0,4,False
USE07762,10035,2013-09-09,2,3,0,0,0,True
USE07763,10035,2013-09-10,7,0,5,0,7,True
USE07764,10035,2013-09-11,3,1,0,8,0,True
USE07765,10035,2013-09-12,0,6,0,0,0,False
USE07766,10035,2013-09-13,3,2,4,0,5,True
USE07767,10035,2013-09-14,0,0,0,0,0,False
USE07768,10035,2013-09-15,0,0,2,0,4,True
USE07769,10035,2013-09-16,0,0,5,0,0,False
USE07770,10035,2013-09-17,7,4,5,0,0,True
USE07771,10035,2013-09-18,8,5,9,0,8,True
USE07772,10035,2013-09-19,3,5,0,0,0,True
USE07773,10035,2013-09-20,5,6,11,0,0,True
USE07774,10035,2013-09-21,0,0,0,0,0,False
USE07775,10035,2013-09-22,0,0,0,0,0,False
USE07776,10035,2013-09-23,7,3,0,0,0,True
USE07777,10035,2013-09-24,4,0,4,6,0,True
USE07778,10035,2013-09-25,8,6,6,0,0,True
USE07779,10035,2013-09-26,3,4,6,4,5,True
USE07780,10035,2013-09-27,10,4,9,0,0,True
USE07781,10035,2013-09-28,0,0,0,0,0,False
USE07782,10035,2013-09-29,0,0,1,0,0,False
USE07783,10035,2013-09-30,3,5,3,0,0,True
USE07784,10035,2013-10-01,0,0,5,7,0,True
USE07785,10035,2013-10-02,8,2,0,0,0,True
USE07786,10057,2015-02-16,0,0,0,0,0,False
USE07787,10057,2015-02-17,0,0,0,0,0,False
USE07788,10057,2015-02-18,0,0,0,0,1,False
USE07789,10057,2015-02-19,1,0,0,1,0,True
USE07790,10057,2015-02-20,0,0,0,0,0,False
USE07791,10057,2015-02-21,0,0,0,0,0,False
USE07792,10057,2015-02-22,0,0,0,0,0,False
USE07793,10057,2015-02-23,0,0,0,0,0,False
USE07794,10057,2015-02-24,3,0,0,0,0,False
USE07795,10057,2015-02-25,0,2,0,0,0,False
USE07796,10057,2015-02-26,5,0,0,0,0,False
USE07797,10057,2015-02-27,1,2,0,0,0,True
USE07798,10057,2015-02-28,0,0,0,0,0,False
USE07799,10057,2015-03-01,0,0,0,0,0,False
USE07800,10057,2015-03-02,0,2,1,0,7,True
USE07801,10057,2015-03-03,0,3,6,0,5,True
USE07802,10057,2015-03-04,0,0,0,0,0,False
USE07803,10057,2015-03-05,4,6,4,0,5,True
USE07804,10057,2015-03-06,4,0,0,0,4,True
USE07805,10057,2015-03-07,0,1,0,0,0,False
USE07806,10057,2015-03-08,0,1,0,0,0,False
USE07807,10057,2015-03-09,0,3,0,0,0,False
USE07808,10057,2015-03-10,5,0,8,5,0,True
USE07809,10057,2015-03-11,0,2,4,0,0,True
USE07810,10057,2015-03-12,0,0,4,0,9,True
USE07811,10057,2015-03-13,7,5,0,0,0,True
USE07812,10057,2015-03-14,2,0,0,0,3,True
USE07813,10057,2015-03-15,0,0,0,0,0,False
USE07814,10057,2015-03-16,7,0,7,0,4,True
USE07815,10057,2015-03-17,12,5,4,0,0,True
USE07816,10057,2015-03-18,0,0,4,0,6,True
USE07817,10057,2015-03-19,6,4,6,2,0,True
USE07818,10057,2015-03-20,3,8,4,0,0,True
USE07819,10057,2015-03-21,0,0,0,0,5,False
USE07820,10057,2015-03-22,0,1,0,0,0,False
USE07821,10057,2015-03-23,0,4,3,0,12,True
USE07822,10057,2015-03-24,5,4,0,0,0,True
USE07823,10057,2015-03-25,5,3,3,0,0,True
USE07824,10057,2015-03-26,4,4,3,0,4,True
USE07825,10057,2015-03-27,0,5,3,0,0,True
USE07826,10057,2015-03-28,0,0,0,0,0,False
USE07827,10057,2015-03-29,0,2,0,2,3,True
USE07828,10057,2015-03-30,3,3,3,0,5,True
USE07829,10057,2015-03-31,2,5,5,7,0,True
USE07830,10057,2015-04-01,8,4,0,0,11,True
USE07831,10004,2011-11-07,1,0,0,0,0,False
USE07832,10004,2011-11-08,0,0,0,0,0,False
USE07833,10004,2011-11-09,0,0,0,0,0,False
USE07834,10004,2011-11-10,0,0,0,0,0,False
USE07835,10004,2011-11-11,2,0,0,0,0,False
USE07836,10004,2011-11-12,0,0,0,0,0,False
USE07837,10004,2011-11-13,0,0,0,0,0,False
USE07838,10004,2011-11-14,0,0,5,0,0,False
USE07839,10004,2011-11-15,0,0,0,0,4,False
USE07840,10004,2011-11-16,5,0,0,0,0,False
USE07841,10004,2011-11-17,2,0,0,0,0,False
USE07842,10004,2011-11-18,0,2,0,0,0,False
USE07843,10004,2011-11-19,0,0,0,0,0,False
USE07844,10004,2011-11-20,0,0,2,0,0,False
USE07845,10004,2011-11-21,4,5,0,0,3,True
USE07846,10004,2011-11-22,0,3,3,0,0,True
USE07847,10004,2011-11-23,1,0,1,3,4,True
USE07848,10004,2011-11-24,7,5,0,0,0,True
USE07849,10004,2011-11-25,4,0,6,4,5,True
USE07850,10004,2011-11-26,0,0,0,0,0,False
USE07851,10004,2011-11-27,0,0,0,0,0,False
USE07852,10004,2011-11-28,6,4,5,0,0,True
USE07853,10004,2011-11-29,5,0,0,4,3,True
USE07854,10004,2011-11-30,0,0,4,0,0,False
USE07855,10004,2011-12-01,0,1,0,0,5,True
USE07856,10004,2011-12-02,7,3,1,0,8,True
USE07857,10004,2011-12-03,1,0,0,0,0,False
USE07858,10004,2011-12-04,0,0,0,0,0,False
USE07859,10004,2011-12-05,4,0,4,0,5,True
USE07860,10004,2011-12-06,0,4,5,0,11,True
USE07861,10004,2011-12-07,4,3,4,4,7,True
USE07862,10004,2011-12-08,0,2,2,4,0,True
USE07863,10004,2011-12-09,10,4,7,10,0,True
USE07864,10004,2011-12-10,0,1,0,1,0,True
USE07865,10004,2011-12-11,0,0,0,0,0,False
USE07866,10004,2011-12-12,0,5,4,0,0,True
USE07867,10004,2011-12-13,9,5,5,0,8,True
USE07868,10004,2011-12-14,0,4,0,0,9,True
USE07869,10004,2011-12-15,3,5,6,0,7,True
USE07870,10004,2011-12-16,8,5,8,0,4,True
USE07871,10004,2011-12-17,0,0,0,3,0,False
USE07872,10004,2011-12-18,0,2,1,0,0,True
USE07873,10004,2011-12-19,6,3,2,0,5,True
USE07874,10004,2011-12-20,7,6,4,0,0,True
USE07875,10004,2011-12-21,0,4,2,12,0,True
USE07876,10191,2012-09-24,0,0,0,0,0,False
USE07877,10191,2012-09-25,0,0,2,0,0,False
USE07878,10191,2012-09-26,1,0,0,0,0,False
USE07879,10191,2012-09-27,0,0,3,0,4,True
USE07880,10191,2012-09-28,0,0,0,0,0,False
USE07881,10191,2012-09-29,0,0,0,0,0,False
USE07882,10191,2012-09-30,0,0,0,0,0,False
USE07883,10191,2012-10-01,4,0,2,0,3,True
USE07884,10191,2012-10-02,0,0,0,0,0,False
USE07885,10191,2012-10-03,0,1,0,0,0,False
USE07886,10191,2012-10-04,2,0,0,0,0,False
USE07887,10191,2012-10-05,0,0,6,0,6,True
USE07888,10191,2012-10-06,0,0,0,0,0,False
USE07889,10191,2012-10-07,0,0,0,0,0,False
USE07890,10191,2012-10-08,4,0,5,0,0,True
USE07891,10191,2012-10-09,3,0,4,0,0,True
USE07892,10191,2012-10-10,0,5,4,0,0,True
USE07893,10191,2012-10-11,2,0,0,3,4,True
USE07894,10191,2012-10-12,0,0,0,0,3,False
USE07895,10191,2012-10-13,0,0,0,0,4,False
USE07896,10191,2012-10-14,0,2,0,0,0,False
USE07897,10191,2012-10-15,9,3,6,0,0,True
USE07898,10191,2012-10-16,0,0,5,4,7,True
USE07899,10191,2012-10-17,0,0,5,0,8,True
USE07900,10191,2012-10-18,2,4,2,4,0,True
USE07901,10191,2012-10-19,0,2,1,0,0,True
USE07902,10191,2012-10-20,2,0,0,0,0,False
USE07903,10191,2012-10-21,0,1,0,0,0,False
USE07904,10191,2012-10-22,5,2,0,0,10,True
USE07905,10191,2012-10-23,0,3,9,0,0,True
USE07906,10191,2012-10-24,7,0,5,0,0,True
USE07907,10191,2012-10-25,9,4,6,0,7,True
USE07908,10191,2012-10-26,9,2,3,0,0,True
USE07909,10191,2012-10-27,0,1,0,0,0,False
USE07910,10191,2012-10-28,0,0,0,0,0,False
USE07911,10191,2012-10-29,7,4,3,6,5,True
USE07912,10191,2012-10-30,7,0,2,0,0,True
USE07913,10191,2012-10-31,8,3,5,0,11,True
USE07914,10191,2012-11-01,7,0,8,0,0,True
USE07915,10191,2012-11-02,5,8,7,7,0,True
USE07916,10191,2012-11-03,0,0,0,0,0,False
USE07917,10191,2012-11-04,0,3,1,0,0,True
USE07918,10191,2012-11-05,5,0,6,0,10,True
USE07919,10191,2012-11-06,14,5,0,5,0,True
USE07920,10191,2012-11-07,6,5,2,0,0,True
USE07921,10219,2014-01-06,0,0,0,0,0,False
USE07922,10219,2014-01-07,0,0,0,0,3,False
USE07923,10219,2014-01-08,0,0,0,0,5,False
USE07924,10219,2014-01-09,0,0,0,0,0,False
USE07925,10219,2014-01-10,2,3,0,0,4,True
USE07926,10219,2014-01-11,0,0,0,0,0,False
USE07927,10219,2014-01-12,0,0,0,0,0,False
USE07928,10219,2014-01-13,3,0,2,0,0,True
USE07929,10219,2014-01-14,0,0,0,0,4,False
USE07930,10219,2014-01-15,0,0,0,0,0,False
USE07931,10219,2014-01-16,3,0,0,0,0,False
USE07932,10219,2014-01-17,5,0,1,0,0,True
USE07933,10219,2014-01-18,1,0,0,0,0,False
USE07934,10219,2014-01-19,0,0,0,0,0,False
USE07935,10219,2014-01-20,0,0,4,0,0,False
USE07936,10219,2014-01-21,6,1,0,3,0,True
USE07937,10219,2014-01-22,0,0,4,0,0,False
USE07938,10219,2014-01-23,8,0,1,0,0,True
USE07939,10219,2014-01-24,0,1,0,3,0,True
USE07940,10219,2014-01-25,0,0,0,0,0,False
USE07941,10219,2014-01-26,0,0,0,0,0,False
USE07942,10219,2014-01-27,0,0,0,4,0,False
USE07943,10219,2014-01-28,0,2,1,0,0,True
USE07944,10219,2014-01-29,6,1,0,0,10,True
USE07945,10219,2014-01-30,0,7,5,0,6,True
USE07946,10219,2014-01-31,0,2,3,0,8,True
USE07947,10219,2014-02-01,0,0,0,0,0,False
USE07948,10219,2014-02-02,5,0,0,0,0,False
USE07949,10219,2014-02-03,6,3,3,0,6,True
USE07950,10219,2014-02-04,0,1,6,0,0,True
USE07951,10219,2014-02-05,6,5,5,0,0,True
USE07952,10219,2014-02-06,4,5,4,0,0,True
USE07953,10219,2014-02-07,9,2,3,4,0,True
USE07954,10219,2014-02-08,0,1,0,0,0,False
USE07955,10219,2014-02-09,0,0,0,0,0,False
USE07956,10219,2014-02-10,7,0,6,0,9,True
USE07957,10219,2014-02-11,8,2,4,0,0,True
USE07958,10219,2014-02-12,10,1,0,0,4,True
USE07959,10219,2014-02-13,4,1,4,0,0,True
USE07960,10219,2014-02-14,0,1,3,0,0,True
USE07961,10219,2014-02-15,0,0,3,0,3,True
USE07962,10219,2014-02-16,0,0,0,0,0,False
USE07963,10219,2014-02-17,13,4,5,0,0,True
USE07964,10219,2014-02-18,0,4,0,0,0,False
USE07965,10219,2014-02-19,4,6,4,0,0,True
USE07966,10077,2016-05-11,0,0,0,0,0,False
USE07967,10077,2016-05-12,0,0,1,0,0,False
USE07968,10077,2016-05-13,0,0,2,0,4,True
USE07969,10077,2016-05-14,0,0,0,0,0,False
USE07970,10077,2016-05-15,0,0,0,0,0,False
USE07971,10077,2016-05-16,2,0,0,0,0,False
USE07972,10077,2016-05-17,4,0,0,0,0,False
USE07973,10077,2016-05-18,0,0,0,0,0,False
USE07974,10077,2016-05-19,0,0,0,0,0,False
USE07975,10077,2016-05-20,0,4,0,0,0,False
USE07976,10077,2016-05-21,0,0,1,0,0,False
USE07977,10077,2016-05-22,0,0,0,0,0,False
USE07978,10077,2016-05-23,0,0,0,0,7,False
USE07979,10077,2016-05-24,0,0,3,0,6,True
USE07980,10077,2016-05-25,0,3,0,0,0,False
USE07981,10077,2016-05-26,0,2,3,0,0,True
USE07982,10077,2016-05-27,7,3,0,2,0,True
USE07983,10077,2016-05-28,0,0,0,0,0,False
USE07984,10077,2016-05-29,0,0,0,0,0,False
USE07985,10077,2016-05-30,8,0,0,6,3,True
USE07986,10077,2016-05-31,4,0,0,0,0,False
USE07987,10077,2016-06-01,0,9,4,4,4,True
USE07988,10077,2016-06-02,0,5,7,0,8,True
USE07989,10077,2016-06-03,6,0,3,0,4,True
USE07990,10077,2016-06-04,3,0,0,0,0,False
USE07991,10077,2016-06-05,0,0,0,0,0,False
USE07992,10077,2016-06-06,0,3,0,0,0,False
USE07993,10077,2016-06-07,8,1,5,0,5,True
USE07994,10077,2016-06-08,7,3,0,0,0,True
USE07995,10077,2016-06-09,3,0,4,0,0,True
USE07996,10077,2016-06-10,0,4,6,4,10,True
USE07997,10077,2016-06-11,0,0,0,1,5,True
USE07998,10077,2016-06-12,1,0,0,0,0,False
USE07999,10077,2016-06-13,6,0,0,3,9,True
USE08000,10077,2016-06-14,7,3,4,0,8,True
USE08001,10077,2016-06-15,0,8,6,0,5,True
USE08002,10077,2016-06-16,10,5,6,0,6,True
USE08003,10077,2016-06-17,6,10,0,0,13,True
USE08004,10077,2016-06-18,0,0,0,0,3,False
USE08005,10077,2016-06-19,6,0,0,0,3,True
USE08006,10077,2016-06-20,10,4,2,0,0,True
USE08007,10077,2016-06-21,7,0,4,0,0,True
USE08008,10077,2016-06-22,5,5,0,0,0,True
USE08009,10077,2016-06-23,8,6,7,0,10,True
USE08010,10077,2016-06-24,3,2,5,0,9,True
USE08011,10073,2011-07-05,0,0,0,0,0,False
USE08012,10073,2011-07-06,0,0,0,0,0,False
USE08013,10073,2011-07-07,0,0,0,0,0,False
USE08014,10073,2011-07-08,0,0,2,3,0,True
USE08015,10073,2011-07-09,0,0,0,0,1,False
USE08016,10073,2011-07-10,0,0,0,0,0,False
USE08017,10073,2011-07-11,4,0,0,0,0,False
USE08018,10073,2011-07-12,0,2,0,0,0,False
USE08019,10073,2011-07-13,3,0,1,0,0,True
USE08020,10073,2011-07-14,0,0,0,0,3,False
USE08021,10073,2011-07-15,0,3,0,0,0,False
USE08022,10073,2011-07-16,0,0,0,0,0,False
USE08023,10073,2011-07-17,0,0,0,0,0,False
USE08024,10073,2011-07-18,7,2,0,0,0,True
USE08025,10073,2011-07-19,0,3,5,0,0,True
USE08026,10073,2011-07-20,4,4,0,0,0,True
USE08027,10073,2011-07-21,0,3,3,0,0,True
USE08028,10073,2011-07-22,0,0,0,1,0,False
USE08029,10073,2011-07-23,0,2,0,0,0,False
USE08030,10073,2011-07-24,0,1,0,0,0,False
USE08031,10073,2011-07-25,5,3,4,0,0,True
USE08032,10073,2011-07-26,4,0,4,0,7,True
USE08033,10073,2011-07-27,3,0,2,0,3,True
USE08034,10073,2011-07-28,6,0,5,0,10,True
USE08035,10073,2011-07-29,5,3,7,0,0,True
USE08036,10073,2011-07-30,0,1,3,0,0,True
USE08037,10073,2011-07-31,4,0,1,0,0,True
USE08038,10073,2011-08-01,3,2,3,0,10,True
USE08039,10073,2011-08-02,5,5,3,0,0,True
USE08040,10073,2011-08-03,7,8,6,5,0,True
USE08041,10073,2011-08-04,11,5,0,0,0,True
USE08042,10073,2011-08-05,5,2,0,6,9,True
USE08043,10073,2011-08-06,0,0,0,1,4,True
USE08044,10073,2011-08-07,0,0,2,0,0,False
USE08045,10073,2011-08-08,5,8,7,5,8,True
USE08046,10073,2011-08-09,5,0,5,0,8,True
USE08047,10073,2011-08-10,0,5,7,0,9,True
USE08048,10073,2011-08-11,5,0,0,0,4,True
USE08049,10073,2011-08-12,8,7,4,0,0,True
USE08050,10073,2011-08-13,0,0,0,0,3,False
USE08051,10073,2011-08-14,0,0,3,0,0,False
USE08052,10073,2011-08-15,4,1,4,0,4,True
USE08053,10073,2011-08-16,8,5,3,0,0,True
USE08054,10073,2011-08-17,0,3,5,0,0,True
USE08055,10073,2011-08-18,6,2,3,0,0,True
USE08056,10279,2013-11-11,2,0,0,0,0,False
USE08057,10279,2013-11-12,0,0,1,0,0,False
USE08058,10279,2013-11-13,0,0,2,0,0,False
USE08059,10279,2013-11-14,0,0,0,0,3,False
USE08060,10279,2013-11-15,0,0,0,0,1,False
USE08061,10279,2013-11-16,0,0,2,0,0,False
USE08062,10279,2013-11-17,0,0,0,0,0,False
USE08063,10279,2013-11-18,0,0,2,0,2,True
USE08064,10279,2013-11-19,0,2,0,0,0,False
USE08065,10279,2013-11-20,5,4,3,0,0,True
USE08066,10279,2013-11-21,0,0,0,0,0,False
USE08067,10279,2013-11-22,3,0,3,3,0,True
USE08068,10279,2013-11-23,0,0,0,0,0,False
USE08069,10279,2013-11-24,0,0,0,0,0,False
USE08070,10279,2013-11-25,5,3,1,0,0,True
USE08071,10279,2013-11-26,0,4,0,0,0,False
USE08072,10279,2013-11-27,5,0,4,3,0,True
USE08073,10279,2013-11-28,0,5,2,0,0,True
USE08074,10279,2013-11-29,0,3,5,0,5,True
USE08075,10279,2013-11-30,0,0,0,0,0,False
USE08076,10279,2013-12-01,0,0,0,0,0,False
USE08077,10279,2013-12-02,4,3,0,0,7,True
USE08078,10279,2013-12-03,6,8,7,0,0,True
USE08079,10279,2013-12-04,8,4,4,0,10,True
USE08080,10279,2013-12-05,0,0,5,0,8,True
USE08081,10279,2013-12-06,7,1,2,0,0,True
USE08082,10279,2013-12-07,0,0,0,0,5,False
USE08083,10279,2013-12-08,0,0,0,0,3,False
USE08084,10279,2013-12-09,0,4,5,6,0,True
USE08085,10279,2013-12-10,0,5,5,0,0,True
USE08086,10279,2013-12-11,7,7,2,0,0,True
USE08087,10279,2013-12-12,8,0,3,0,6,True
USE08088,10279,2013-12-13,0,5,10,0,0,True
USE08089,10279,2013-12-14,0,0,0,0,0,False
USE08090,10279,2013-12-15,0,0,0,0,0,False
USE08091,10279,2013-12-16,1,2,5,0,9,True
USE08092,10279,2013-12-17,8,3,4,0,0,True
USE08093,10279,2013-12-18,3,2,6,0,0,True
USE08094,10279,2013-12-19,7,2,5,0,9,True
USE08095,10279,2013-12-20,9,3,5,5,9,True
USE08096,10279,2013-12-21,3,0,0,0,0,False
USE08097,10279,2013-12-22,2,0,0,0,0,False
USE08098,10279,2013-12-23,6,0,4,0,6,True
USE08099,10279,2013-12-24,3,2,6,0,0,True
USE08100,10279,2013-12-25,6,7,4,4,7,True
USE08101,10110,2013-11-11,0,0,0,0,0,False
USE08102,10110,2013-11-12,0,0,0,0,0,False
USE08103,10110,2013-11-13,0,0,0,0,2,False
USE08104,10110,2013-11-14,0,0,0,0,0,False
USE08105,10110,2013-11-15,0,0,0,0,3,False
USE08106,10110,2013-11-16,0,0,0,0,0,False
USE08107,10110,2013-11-17,0,0,0,0,0,False
USE08108,10110,2013-11-18,0,1,0,0,0,False
USE08109,10110,2013-11-19,0,0,0,0,0,False
USE08110,10110,2013-11-20,7,0,0,0,0,False
USE08111,10110,2013-11-21,0,0,0,0,5,False
USE08112,10110,2013-11-22,0,0,0,0,8,False
USE08113,10110,2013-11-23,0,0,1,0,0,False
USE08114,10110,2013-11-24,0,0,0,0,0,False
USE08115,10110,2013-11-25,0,0,0,0,0,False
USE08116,10110,2013-11-26,0,0,5,2,4,True
USE08117,10110,2013-11-27,4,0,3,0,0,True
USE08118,10110,2013-11-28,0,0,6,3,0,True
USE08119,10110,2013-11-29,0,7,1,0,0,True
USE08120,10110,2013-11-30,0,0,0,0,0,False
USE08121,10110,2013-12-01,0,0,2,0,0,False
USE08122,10110,2013-12-02,3,0,0,0,8,True
USE08123,10110,2013-12-03,5,4,0,2,0,True
USE08124,10110,2013-12-04,5,2,0,0,6,True
USE08125,10110,2013-12-05,3,3,0,0,11,True
USE08126,10110,2013-12-06,3,0,3,3,6,True
USE08127,10110,2013-12-07,2,0,3,0,0,True
USE08128,10110,2013-12-08,0,0,0,0,0,False
USE08129,10110,2013-12-09,4,4,6,0,4,True
USE08130,10110,2013-12-10,7,5,6,0,7,True
USE08131,10110,2013-12-11,12,3,0,0,5,True
USE08132,10110,2013-12-12,9,6,0,0,10,True
USE08133,10110,2013-12-13,4,2,0,0,10,True
USE08134,10110,2013-12-14,0,0,0,0,0,False
USE08135,10110,2013-12-15,0,0,0,0,0,False
USE08136,10110,2013-12-16,9,6,6,0,0,True
USE08137,10110,2013-12-17,7,3,6,0,9,True
USE08138,10110,2013-12-18,0,0,6,4,0,True
USE08139,10110,2013-12-19,0,6,0,0,9,True
USE08140,10110,2013-12-20,5,0,5,7,8,True
USE08141,10110,2013-12-21,0,2,0,0,0,False
USE08142,10110,2013-12-22,0,0,0,0,0,False
USE08143,10110,2013-12-23,8,4,4,0,0,True
USE08144,10110,2013-12-24,0,0,3,5,10,True
USE08145,10110,2013-12-25,11,2,4,5,0,True
USE08146,10053,2011-05-31,0,0,0,0,0,False
USE08147,10053,2011-06-01,0,1,2,0,0,True
USE08148,10053,2011-06-02,0,0,0,0,0,False
USE08149,10053,2011-06-03,0,0,0,0,0,False
USE08150,10053,2011-06-04,0,0,0,0,0,False
USE08151,10053,2011-06-05,0,0,0,0,0,False
USE08152,10053,2011-06-06,0,0,0,0,0,False
USE08153,10053,2011-06-07,0,0,0,0,7,False
USE08154,10053,2011-06-08,4,1,0,0,0,True
USE08155,10053,2011-06-09,0,3,0,4,1,True
USE08156,10053,2011-06-10,4,2,4,0,0,True
USE08157,10053,2011-06-11,0,0,0,0,0,False
USE08158,10053,2011-06-12,0,0,0,0,0,False
USE08159,10053,2011-06-13,4,0,0,0,0,False
USE08160,10053,2011-06-14,4,0,0,0,0,False
USE08161,10053,2011-06-15,0,0,1,0,6,True
USE08162,10053,2011-06-16,3,2,2,0,3,True
USE08163,10053,2011-06-17,2,0,0,5,0,True
USE08164,10053,2011-06-18,0,0,0,0,0,False
USE08165,10053,2011-06-19,1,0,0,0,0,False
USE08166,10053,2011-06-20,0,1,6,0,3,True
USE08167,10053,2011-06-21,3,0,4,0,0,True
USE08168,10053,2011-06-22,0,2,0,0,8,True
USE08169,10053,2011-06-23,2,0,0,0,0,False
USE08170,10053,2011-06-24,10,4,5,0,0,True
USE08171,10053,2011-06-25,0,0,0,0,0,False
USE08172,10053,2011-06-26,0,1,0,0,0,False
USE08173,10053,2011-06-27,5,3,0,6,0,True
USE08174,10053,2011-06-28,0,3,0,2,6,True
USE08175,10053,2011-06-29,6,2,9,6,0,True
USE08176,10053,2011-06-30,0,1,6,0,6,True
USE08177,10053,2011-07-01,10,0,4,3,10,True
USE08178,10053,2011-07-02,1,2,8,2,0,True
USE08179,10053,2011-07-03,0,0,0,0,0,False
USE08180,10053,2011-07-04,4,4,4,0,0,True
USE08181,10053,2011-07-05,0,6,0,0,6,True
USE08182,10053,2011-07-06,0,3,7,6,7,True
USE08183,10053,2011-07-07,8,2,6,4,0,True
USE08184,10053,2011-07-08,12,2,2,0,8,True
USE08185,10053,2011-07-09,0,0,0,1,0,False
USE08186,10053,2011-07-10,0,2,0,0,0,False
USE08187,10053,2011-07-11,10,1,7,3,0,True
USE08188,10053,2011-07-12,0,2,6,0,7,True
USE08189,10053,2011-07-13,0,3,0,0,7,True
USE08190,10053,2011-07-14,6,7,4,0,0,True
USE08191,10076,2015-03-30,0,0,0,0,0,False
USE08192,10076,2015-03-31,0,0,0,0,0,False
USE08193,10076,2015-04-01,0,0,5,0,0,False
USE08194,10076,2015-04-02,0,0,0,0,0,False
USE08195,10076,2015-04-03,0,0,0,0,0,False
USE08196,10076,2015-04-04,0,0,0,0,0,False
USE08197,10076,2015-04-05,0,0,0,0,0,False
USE08198,10076,2015-04-06,0,3,1,0,0,True
USE08199,10076,2015-04-07,7,4,0,0,5,True
USE08200,10076,2015-04-08,0,0,0,0,0,False
USE08201,10076,2015-04-09,0,0,2,0,0,False
USE08202,10076,2015-04-10,5,0,2,0,0,True
USE08203,10076,2015-04-11,0,0,0,0,0,False
USE08204,10076,2015-04-12,0,0,0,0,0,False
USE08205,10076,2015-04-13,7,3,0,2,0,True
USE08206,10076,2015-04-14,0,0,0,0,0,False
USE08207,10076,2015-04-15,12,0,0,3,3,True
USE08208,10076,2015-04-16,2,0,5,0,0,True
USE08209,10076,2015-04-17,0,5,0,6,0,True
USE08210,10076,2015-04-18,0,0,0,0,0,False
USE08211,10076,2015-04-19,0,0,0,0,0,False
USE08212,10076,2015-04-20,0,4,0,0,5,True
USE08213,10076,2015-04-21,7,0,4,6,0,True
USE08214,10076,2015-04-22,0,5,3,0,0,True
USE08215,10076,2015-04-23,7,3,0,0,0,True
USE08216,10076,2015-04-24,9,4,5,3,0,True
USE08217,10076,2015-04-25,0,0,0,2,0,False
USE08218,10076,2015-04-26,0,0,0,0,0,False
USE08219,10076,2015-04-27,5,0,6,0,6,True
USE08220,10076,2015-04-28,8,6,8,0,3,True
USE08221,10076,2015-04-29,10,2,7,0,12,True
USE08222,10076,2015-04-30,7,5,8,4,4,True
USE08223,10076,2015-05-01,8,4,6,0,9,True
USE08224,10076,2015-05-02,3,0,0,0,3,True
USE08225,10076,2015-05-03,2,0,0,0,1,True
USE08226,10076,2015-05-04,4,6,7,7,0,True
USE08227,10076,2015-05-05,8,3,0,0,7,True
USE08228,10076,2015-05-06,4,5,2,0,8,True
USE08229,10076,2015-05-07,7,3,0,0,11,True
USE08230,10076,2015-05-08,0,0,7,4,13,True
USE08231,10076,2015-05-09,0,0,0,0,0,False
USE08232,10076,2015-05-10,0,0,0,0,0,False
USE08233,10076,2015-05-11,3,1,6,0,15,True
USE08234,10076,2015-05-12,5,2,0,0,0,True
USE08235,10076,2015-05-13,7,6,7,0,8,True
USE08236,10145,2013-01-07,0,1,2,0,0,True
USE08237,10145,2013-01-08,0,0,0,0,1,False
USE08238,10145,2013-01-09,0,0,1,0,0,False
USE08239,10145,2013-01-10,2,0,0,0,0,False
USE08240,10145,2013-01-11,0,0,0,0,0,False
USE08241,10145,2013-01-12,0,0,0,0,0,False
USE08242,10145,2013-01-13,0,0,0,0,0,False
USE08243,10145,2013-01-14,0,3,0,0,0,False
USE08244,10145,2013-01-15,6,0,2,0,0,True
USE08245,10145,2013-01-16,0,0,0,4,3,True
USE08246,10145,2013-01-17,0,0,2,0,4,True
USE08247,10145,2013-01-18,0,2,0,0,0,False
USE08248,10145,2013-01-19,0,0,0,0,0,False
USE08249,10145,2013-01-20,0,0,0,0,0,False
USE08250,10145,2013-01-21,0,3,0,0,3,True
USE08251,10145,2013-01-22,0,4,2,0,0,True
USE08252,10145,2013-01-23,4,5,1,0,0,True
USE08253,10145,2013-01-24,2,0,0,4,13,True
USE08254,10145,2013-01-25,4,2,4,0,7,True
USE08255,10145,2013-01-26,0,0,0,0,0,False
USE08256,10145,2013-01-27,0,0,0,0,0,False
USE08257,10145,2013-01-28,0,0,0,0,2,False
USE08258,10145,2013-01-29,4,0,0,0,8,True
USE08259,10145,2013-01-30,9,1,2,6,0,True
USE08260,10145,2013-01-31,0,4,0,0,0,False
USE08261,10145,2013-02-01,0,1,2,6,8,True
USE08262,10145,2013-02-02,0,1,0,0,0,False
USE08263,10145,2013-02-03,0,0,0,0,0,False
USE08264,10145,2013-02-04,5,0,0,4,0,True
USE08265,10145,2013-02-05,11,3,0,0,0,True
USE08266,10145,2013-02-06,0,2,6,0,8,True
USE08267,10145,2013-02-07,4,2,3,0,4,True
USE08268,10145,2013-02-08,8,3,4,7,0,True
USE08269,10145,2013-02-09,3,0,3,0,7,True
USE08270,10145,2013-02-10,0,0,0,0,1,False
USE08271,10145,2013-02-11,7,2,10,0,0,True
USE08272,10145,2013-02-12,5,3,3,5,6,True
USE08273,10145,2013-02-13,0,0,5,4,0,True
USE08274,10145,2013-02-14,8,3,7,8,0,True
USE08275,10145,2013-02-15,0,4,10,0,0,True
USE08276,10145,2013-02-16,2,0,0,0,5,True
USE08277,10145,2013-02-17,0,0,0,0,0,False
USE08278,10145,2013-02-18,0,4,1,0,0,True
USE08279,10145,2013-02-19,10,4,6,6,0,True
USE08280,10145,2013-02-20,0,3,0,0,11,True
USE08281,10202,2016-07-06,0,0,2,0,3,True
USE08282,10202,2016-07-07,0,0,0,0,2,False
USE08283,10202,2016-07-08,0,0,0,1,0,False
USE08284,10202,2016-07-09,0,0,0,0,0,False
USE08285,10202,2016-07-10,2,0,0,0,0,False
USE08286,10202,2016-07-11,0,0,0,0,0,False
USE08287,10202,2016-07-12,4,0,0,0,3,True
USE08288,10202,2016-07-13,0,0,0,0,0,False
USE08289,10202,2016-07-14,0,0,0,0,5,False
USE08290,10202,2016-07-15,3,2,0,0,7,True
USE08291,10202,2016-07-16,0,0,0,0,0,False
USE08292,10202,2016-07-17,1,0,0,0,0,False
USE08293,10202,2016-07-18,3,0,0,0,0,False
USE08294,10202,2016-07-19,0,0,0,4,7,True
USE08295,10202,2016-07-20,3,6,0,0,6,True
USE08296,10202,2016-07-21,0,0,0,8,0,False
USE08297,10202,2016-07-22,0,0,0,0,1,False
USE08298,10202,2016-07-23,0,0,0,0,0,False
USE08299,10202,2016-07-24,0,0,0,0,0,False
USE08300,10202,2016-07-25,3,0,0,0,0,False
USE08301,10202,2016-07-26,5,0,0,0,5,True
USE08302,10202,2016-07-27,0,0,0,0,0,False
USE08303,10202,2016-07-28,3,0,0,2,4,True
USE08304,10202,2016-07-29,0,0,0,3,2,True
USE08305,10202,2016-07-30,0,0,0,0,0,False
USE08306,10202,2016-07-31,0,0,0,2,0,False
USE08307,10202,2016-08-01,0,0,0,0,9,False
USE08308,10202,2016-08-02,3,0,0,4,12,True
USE08309,10202,2016-08-03,7,0,0,6,5,True
USE08310,10202,2016-08-04,5,0,0,7,6,True
USE08311,10202,2016-08-05,3,0,0,7,5,True
USE08312,10202,2016-08-06,0,0,0,0,0,False
USE08313,10202,2016-08-07,0,0,0,0,0,False
USE08314,10202,2016-08-08,4,0,0,7,8,True
USE08315,10202,2016-08-09,9,0,0,2,3,True
USE08316,10202,2016-08-10,11,0,0,5,0,True
USE08317,10202,2016-08-11,9,0,0,6,0,True
USE08318,10202,2016-08-12,10,0,0,8,0,True
USE08319,10202,2016-08-13,0,0,0,5,0,False
USE08320,10202,2016-08-14,0,0,0,0,0,False
USE08321,10202,2016-08-15,0,0,0,6,5,True
USE08322,10202,2016-08-16,0,0,0,6,11,True
USE08323,10202,2016-08-17,7,0,3,0,12,True
USE08324,10202,2016-08-18,7,0,0,4,6,True
USE08325,10202,2016-08-19,0,0,0,0,9,False
USE08326,10128,2012-04-02,0,0,0,0,0,False
USE08327,10128,2012-04-03,0,0,3,0,0,False
USE08328,10128,2012-04-04,0,0,1,0,0,False
USE08329,10128,2012-04-05,0,0,6,0,0,False
USE08330,10128,2012-04-06,2,0,0,0,0,False
USE08331,10128,2012-04-07,0,0,0,0,0,False
USE08332,10128,2012-04-08,0,0,0,0,0,False
USE08333,10128,2012-04-09,0,0,1,0,0,False
USE08334,10128,2012-04-10,0,0,1,0,0,False
USE08335,10128,2012-04-11,0,1,0,0,6,True
USE08336,10128,2012-04-12,0,1,0,0,0,False
USE08337,10128,2012-04-13,0,0,1,0,0,False
USE08338,10128,2012-04-14,0,0,2,0,0,False
USE08339,10128,2012-04-15,0,0,0,0,0,False
USE08340,10128,2012-04-16,0,1,0,0,3,True
USE08341,10128,2012-04-17,2,0,0,0,0,False
USE08342,10128,2012-04-18,0,0,0,2,2,True
USE08343,10128,2012-04-19,2,3,0,0,9,True
USE08344,10128,2012-04-20,0,3,2,0,0,True
USE08345,10128,2012-04-21,0,0,0,0,0,False
USE08346,10128,2012-04-22,0,0,1,0,0,False
USE08347,10128,2012-04-23,6,1,2,6,0,True
USE08348,10128,2012-04-24,5,3,4,0,10,True
USE08349,10128,2012-04-25,0,0,0,0,5,False
USE08350,10128,2012-04-26,0,4,2,0,15,True
USE08351,10128,2012-04-27,2,0,0,4,10,True
USE08352,10128,2012-04-28,0,1,0,2,0,True
USE08353,10128,2012-04-29,0,1,1,0,0,True
USE08354,10128,2012-04-30,6,6,5,0,0,True
USE08355,10128,2012-05-01,6,5,0,0,0,True
USE08356,10128,2012-05-02,0,5,7,0,0,True
USE08357,10128,2012-05-03,11,6,9,0,6,True
USE08358,10128,2012-05-04,5,1,8,0,0,True
USE08359,10128,2012-05-05,0,0,0,0,4,False
USE08360,10128,2012-05-06,0,0,2,0,0,False
USE08361,10128,2012-05-07,5,6,5,4,0,True
USE08362,10128,2012-05-08,6,2,6,0,8,True
USE08363,10128,2012-05-09,6,4,6,0,10,True
USE08364,10128,2012-05-10,8,6,3,0,12,True
USE08365,10128,2012-05-11,9,0,4,0,8,True
USE08366,10128,2012-05-12,0,0,0,0,0,False
USE08367,10128,2012-05-13,6,0,0,0,3,True
USE08368,10128,2012-05-14,8,0,1,4,11,True
USE08369,10128,2012-05-15,7,4,0,0,8,True
USE08370,10128,2012-05-16,0,6,5,0,15,True
USE08371,10068,2015-03-30,0,0,0,0,0,False
USE08372,10068,2015-03-31,0,0,0,0,0,False
USE08373,10068,2015-04-01,0,0,1,0,0,False
USE08374,10068,2015-04-02,0,0,0,0,0,False
USE08375,10068,2015-04-03,0,0,0,0,0,False
USE08376,10068,2015-04-04,0,0,0,0,0,False
USE08377,10068,2015-04-05,0,0,0,0,0,False
USE08378,10068,2015-04-06,2,0,0,0,5,True
USE08379,10068,2015-04-07,0,0,2,4,0,True
USE08380,10068,2015-04-08,0,0,0,0,0,False
USE08381,10068,2015-04-09,2,0,3,0,0,True
USE08382,10068,2015-04-10,0,5,0,0,0,False
USE08383,10068,2015-04-11,0,0,0,0,0,False
USE08384,10068,2015-04-12,0,0,0,0,0,False
USE08385,10068,2015-04-13,2,0,0,0,6,True
USE08386,10068,2015-04-14,0,3,0,5,5,True
USE08387,10068,2015-04-15,0,0,2,0,0,False
USE08388,10068,2015-04-16,3,0,0,3,0,True
USE08389,10068,2015-04-17,0,3,0,8,6,True
USE08390,10068,2015-04-18,0,0,0,0,0,False
USE08391,10068,2015-04-19,0,0,0,0,0,False
USE08392,10068,2015-04-20,5,0,0,0,6,True
USE08393,10068,2015-04-21,2,0,0,0,0,False
USE08394,10068,2015-04-22,0,1,5,5,9,True
USE08395,10068,2015-04-23,0,0,0,0,5,False
USE08396,10068,2015-04-24,4,0,2,0,0,True
USE08397,10068,2015-04-25,0,0,0,0,0,False
USE08398,10068,2015-04-26,0,5,0,0,0,False
USE08399,10068,2015-04-27,7,0,3,0,0,True
USE08400,10068,2015-04-28,0,0,6,0,0,False
USE08401,10068,2015-04-29,2,2,6,0,5,True
USE08402,10068,2015-04-30,6,6,2,0,12,True
USE08403,10068,2015-05-01,8,3,0,0,11,True
USE08404,10068,2015-05-02,2,0,0,0,0,False
USE08405,10068,2015-05-03,5,0,2,0,0,True
USE08406,10068,2015-05-04,2,2,3,0,0,True
USE08407,10068,2015-05-05,7,6,0,3,15,True
USE08408,10068,2015-05-06,5,3,2,0,6,True
USE08409,10068,2015-05-07,7,5,4,0,0,True
USE08410,10068,2015-05-08,11,0,3,0,9,True
USE08411,10068,2015-05-09,0,0,0,0,0,False
USE08412,10068,2015-05-10,0,0,0,0,3,False
USE08413,10068,2015-05-11,4,4,3,0,10,True
USE08414,10068,2015-05-12,6,0,8,6,0,True
USE08415,10068,2015-05-13,4,4,4,0,0,True
USE08416,10116,2012-08-16,0,0,0,0,0,False
USE08417,10116,2012-08-17,0,0,0,0,0,False
USE08418,10116,2012-08-18,0,0,0,0,0,False
USE08419,10116,2012-08-19,0,0,0,0,0,False
USE08420,10116,2012-08-20,0,0,0,0,0,False
USE08421,10116,2012-08-21,2,1,0,2,0,True
USE08422,10116,2012-08-22,0,0,0,0,2,False
USE08423,10116,2012-08-23,0,0,0,0,0,False
USE08424,10116,2012-08-24,0,0,0,0,0,False
USE08425,10116,2012-08-25,0,0,0,0,0,False
USE08426,10116,2012-08-26,0,0,0,0,0,False
USE08427,10116,2012-08-27,0,3,0,6,0,True
USE08428,10116,2012-08-28,6,0,0,2,0,True
USE08429,10116,2012-08-29,0,0,0,0,0,False
USE08430,10116,2012-08-30,0,0,0,0,0,False
USE08431,10116,2012-08-31,3,3,0,4,3,True
USE08432,10116,2012-09-01,0,0,0,0,0,False
USE08433,10116,2012-09-02,0,0,0,0,0,False
USE08434,10116,2012-09-03,0,0,0,0,0,False
USE08435,10116,2012-09-04,0,0,0,0,9,False
USE08436,10116,2012-09-05,0,2,0,0,0,False
USE08437,10116,2012-09-06,5,0,0,3,7,True
USE08438,10116,2012-09-07,6,0,0,0,6,True
USE08439,10116,2012-09-08,0,0,0,0,6,False
USE08440,10116,2012-09-09,2,0,0,0,0,False
USE08441,10116,2012-09-10,8,0,0,0,5,True
USE08442,10116,2012-09-11,12,0,0,0,0,False
USE08443,10116,2012-09-12,0,0,0,0,10,False
USE08444,10116,2012-09-13,8,0,0,6,5,True
USE08445,10116,2012-09-14,6,0,0,3,9,True
USE08446,10116,2012-09-15,0,0,1,0,0,False
USE08447,10116,2012-09-16,0,0,0,0,0,False
USE08448,10116,2012-09-17,0,0,0,0,0,False
USE08449,10116,2012-09-18,0,6,0,0,0,False
USE08450,10116,2012-09-19,11,0,0,0,5,True
USE08451,10116,2012-09-20,0,5,0,2,4,True
USE08452,10116,2012-09-21,0,0,7,0,9,True
USE08453,10116,2012-09-22,0,0,0,2,0,False
USE08454,10116,2012-09-23,0,0,0,0,0,False
USE08455,10116,2012-09-24,6,5,0,0,9,True
USE08456,10116,2012-09-25,0,0,0,0,0,False
USE08457,10116,2012-09-26,6,0,0,0,8,True
USE08458,10116,2012-09-27,5,0,0,5,6,True
USE08459,10116,2012-09-28,9,0,0,5,0,True
USE08460,10116,2012-09-29,0,0,0,0,1,False
USE08461,10298,2011-08-15,0,0,0,0,0,False
USE08462,10298,2011-08-16,0,0,0,0,4,False
USE08463,10298,2011-08-17,0,0,0,0,0,False
USE08464,10298,2011-08-18,0,3,0,1,0,True
USE08465,10298,2011-08-19,3,0,3,0,0,True
USE08466,10298,2011-08-20,0,0,0,0,0,False
USE08467,10298,2011-08-21,0,0,0,0,0,False
USE08468,10298,2011-08-22,0,0,0,0,0,False
USE08469,10298,2011-08-23,4,2,0,0,0,True
USE08470,10298,2011-08-24,0,0,3,0,1,True
USE08471,10298,2011-08-25,3,0,0,0,0,False
USE08472,10298,2011-08-26,2,1,3,0,0,True
USE08473,10298,2011-08-27,0,0,0,0,0,False
USE08474,10298,2011-08-28,0,0,0,0,0,False
USE08475,10298,2011-08-29,2,2,1,0,0,True
USE08476,10298,2011-08-30,0,0,1,0,0,False
USE08477,10298,2011-08-31,1,0,5,0,0,True
USE08478,10298,2011-09-01,0,0,2,0,0,False
USE08479,10298,2011-09-02,9,0,4,0,0,True
USE08480,10298,2011-09-03,1,0,3,0,1,True
USE08481,10298,2011-09-04,0,0,0,0,0,False
USE08482,10298,2011-09-05,5,0,5,3,7,True
USE08483,10298,2011-09-06,0,0,0,0,10,False
USE08484,10298,2011-09-07,6,4,0,0,0,True
USE08485,10298,2011-09-08,0,4,5,3,10,True
USE08486,10298,2011-09-09,4,4,7,0,0,True
USE08487,10298,2011-09-10,6,0,0,0,0,False
USE08488,10298,2011-09-11,0,0,0,3,0,False
USE08489,10298,2011-09-12,0,1,3,5,8,True
USE08490,10298,2011-09-13,1,4,0,3,0,True
USE08491,10298,2011-09-14,6,1,6,0,7,True
USE08492,10298,2011-09-15,6,0,0,0,14,True
USE08493,10298,2011-09-16,5,4,0,0,6,True
USE08494,10298,2011-09-17,0,0,0,0,0,False
USE08495,10298,2011-09-18,1,0,0,0,0,False
USE08496,10298,2011-09-19,4,3,12,0,0,True
USE08497,10298,2011-09-20,3,7,2,0,9,True
USE08498,10298,2011-09-21,5,1,2,0,9,True
USE08499,10298,2011-09-22,11,6,5,0,0,True
USE08500,10298,2011-09-23,9,5,3,7,0,True
USE08501,10298,2011-09-24,0,0,1,0,0,False
USE08502,10298,2011-09-25,0,0,0,0,0,False
USE08503,10298,2011-09-26,6,2,8,0,0,True
USE08504,10298,2011-09-27,6,5,2,0,9,True
USE08505,10298,2011-09-28,0,2,4,0,8,True
USE08506,10213,2011-11-07,0,0,0,0,2,False
USE08507,10213,2011-11-08,0,0,1,0,4,True
USE08508,10213,2011-11-09,0,0,0,0,0,False
USE08509,10213,2011-11-10,0,0,0,0,0,False
USE08510,10213,2011-11-11,0,0,2,0,2,True
USE08511,10213,2011-11-12,0,0,0,0,0,False
USE08512,10213,2011-11-13,0,0,2,0,0,False
USE08513,10213,2011-11-14,5,0,4,0,0,True
USE08514,10213,2011-11-15,0,0,0,0,0,False
USE08515,10213,2011-11-16,0,3,0,0,1,True
USE08516,10213,2011-11-17,0,1,0,0,0,False
USE08517,10213,2011-11-18,4,0,0,1,0,True
USE08518,10213,2011-11-19,0,0,0,0,0,False
USE08519,10213,2011-11-20,0,0,0,0,0,False
USE08520,10213,2011-11-21,3,1,5,0,0,True
USE08521,10213,2011-11-22,6,3,4,0,5,True
USE08522,10213,2011-11-23,5,0,0,5,0,True
USE08523,10213,2011-11-24,3,0,4,0,5,True
USE08524,10213,2011-11-25,0,4,0,0,0,False
USE08525,10213,2011-11-26,0,0,0,0,0,False
USE08526,10213,2011-11-27,0,1,0,0,0,False
USE08527,10213,2011-11-28,4,3,2,0,0,True
USE08528,10213,2011-11-29,7,3,3,3,7,True
USE08529,10213,2011-11-30,5,7,4,0,0,True
USE08530,10213,2011-12-01,5,0,3,0,8,True
USE08531,10213,2011-12-02,0,0,6,0,0,False
USE08532,10213,2011-12-03,0,0,0,0,2,False
USE08533,10213,2011-12-04,0,0,1,0,0,False
USE08534,10213,2011-12-05,0,2,5,0,9,True
USE08535,10213,2011-12-06,0,0,5,5,5,True
USE08536,10213,2011-12-07,9,5,4,0,3,True
USE08537,10213,2011-12-08,3,2,0,2,0,True
USE08538,10213,2011-12-09,7,3,7,6,0,True
USE08539,10213,2011-12-10,0,1,0,0,0,False
USE08540,10213,2011-12-11,0,0,0,0,0,False
USE08541,10213,2011-12-12,7,1,3,0,14,True
USE08542,10213,2011-12-13,0,3,8,0,7,True
USE08543,10213,2011-12-14,0,4,0,0,0,False
USE08544,10213,2011-12-15,0,5,0,0,6,True
USE08545,10213,2011-12-16,4,7,2,0,3,True
USE08546,10213,2011-12-17,0,0,0,0,2,False
USE08547,10213,2011-12-18,0,1,1,0,0,True
USE08548,10213,2011-12-19,5,2,6,3,11,True
USE08549,10213,2011-12-20,6,3,0,4,5,True
USE08550,10213,2011-12-21,6,0,5,5,8,True
USE08551,10288,2012-02-15,0,1,0,0,0,False
USE08552,10288,2012-02-16,0,0,0,1,0,False
USE08553,10288,2012-02-17,0,0,0,0,0,False
USE08554,10288,2012-02-18,0,0,0,0,0,False
USE08555,10288,2012-02-19,0,0,0,0,0,False
USE08556,10288,2012-02-20,2,1,3,0,0,True
USE08557,10288,2012-02-21,4,6,0,1,0,True
USE08558,10288,2012-02-22,0,3,0,4,0,True
USE08559,10288,2012-02-23,2,2,1,0,2,True
USE08560,10288,2012-02-24,0,0,0,0,0,False
USE08561,10288,2012-02-25,0,0,0,0,0,False
USE08562,10288,2012-02-26,0,0,0,0,0,False
USE08563,10288,2012-02-27,2,0,0,0,0,False
USE08564,10288,2012-02-28,0,0,3,0,0,False
USE08565,10288,2012-02-29,2,0,0,0,0,False
USE08566,10288,2012-03-01,0,0,0,0,8,False
USE08567,10288,2012-03-02,3,4,0,4,2,True
USE08568,10288,2012-03-03,0,0,0,0,0,False
USE08569,10288,2012-03-04,0,0,0,0,0,False
USE08570,10288,2012-03-05,5,1,0,0,3,True
USE08571,10288,2012-03-06,5,7,0,0,7,True
USE08572,10288,2012-03-07,0,3,3,4,0,True
USE08573,10288,2012-03-08,11,4,0,0,0,True
USE08574,10288,2012-03-09,0,0,5,0,9,True
USE08575,10288,2012-03-10,0,0,0,0,0,False
USE08576,10288,2012-03-11,0,0,0,0,0,False
USE08577,10288,2012-03-12,10,2,3,0,0,True
USE08578,10288,2012-03-13,6,0,3,4,15,True
USE08579,10288,2012-03-14,0,5,5,0,0,True
USE08580,10288,2012-03-15,4,5,4,0,10,True
USE08581,10288,2012-03-16,6,3,6,0,11,True
USE08582,10288,2012-03-17,0,2,2,0,0,True
USE08583,10288,2012-03-18,0,0,2,0,5,True
USE08584,10288,2012-03-19,10,7,6,0,0,True
USE08585,10288,2012-03-20,5,0,7,0,0,True
USE08586,10288,2012-03-21,14,7,6,6,8,True
USE08587,10288,2012-03-22,12,4,3,0,5,True
USE08588,10288,2012-03-23,8,3,4,0,0,True
USE08589,10288,2012-03-24,3,0,0,0,0,False
USE08590,10288,2012-03-25,0,0,2,0,3,True
USE08591,10288,2012-03-26,0,1,2,5,7,True
USE08592,10288,2012-03-27,0,0,0,0,8,False
USE08593,10288,2012-03-28,0,7,4,6,7,True
USE08594,10288,2012-03-29,2,5,8,0,3,True
USE08595,10288,2012-03-30,7,2,3,0,0,True
USE08596,10025,2013-05-13,0,0,0,0,0,False
USE08597,10025,2013-05-14,0,0,0,0,0,False
USE08598,10025,2013-05-15,0,1,0,0,0,False
USE08599,10025,2013-05-16,0,0,0,0,4,False
USE08600,10025,2013-05-17,0,2,2,0,0,True
USE08601,10025,2013-05-18,0,0,0,0,0,False
USE08602,10025,2013-05-19,0,0,0,0,0,False
USE08603,10025,2013-05-20,0,0,0,0,0,False
USE08604,10025,2013-05-21,0,0,0,0,0,False
USE08605,10025,2013-05-22,1,0,0,0,2,True
USE08606,10025,2013-05-23,0,0,1,1,0,True
USE08607,10025,2013-05-24,0,0,0,0,0,False
USE08608,10025,2013-05-25,1,0,1,0,1,True
USE08609,10025,2013-05-26,0,0,0,0,0,False
USE08610,10025,2013-05-27,0,0,2,0,0,False
USE08611,10025,2013-05-28,0,0,0,0,0,False
USE08612,10025,2013-05-29,3,0,2,0,0,True
USE08613,10025,2013-05-30,0,2,5,0,5,True
USE08614,10025,2013-05-31,8,0,0,0,0,False
USE08615,10025,2013-06-01,0,0,2,0,0,False
USE08616,10025,2013-06-02,0,0,0,0,0,False
USE08617,10025,2013-06-03,4,0,0,0,4,True
USE08618,10025,2013-06-04,0,0,0,0,8,False
USE08619,10025,2013-06-05,4,0,0,0,5,True
USE08620,10025,2013-06-06,0,0,0,0,10,False
USE08621,10025,2013-06-07,9,0,5,0,7,True
USE08622,10025,2013-06-08,0,0,0,0,0,False
USE08623,10025,2013-06-09,3,0,0,0,0,False
USE08624,10025,2013-06-10,4,8,6,8,0,True
USE08625,10025,2013-06-11,7,2,0,0,6,True
USE08626,10025,2013-06-12,0,2,8,6,0,True
USE08627,10025,2013-06-13,5,7,5,0,0,True
USE08628,10025,2013-06-14,0,2,8,0,13,True
USE08629,10025,2013-06-15,0,1,0,0,0,False
USE08630,10025,2013-06-16,0,1,0,0,0,False
USE08631,10025,2013-06-17,0,0,1,0,11,True
USE08632,10025,2013-06-18,6,0,7,0,0,True
USE08633,10025,2013-06-19,4,0,2,3,4,True
USE08634,10025,2013-06-20,8,2,2,0,7,True
USE08635,10025,2013-06-21,0,5,5,0,0,True
USE08636,10025,2013-06-22,0,0,1,0,0,False
USE08637,10025,2013-06-23,3,0,0,0,0,False
USE08638,10025,2013-06-24,5,0,4,0,5,True
USE08639,10025,2013-06-25,6,0,1,0,6,True
USE08640,10025,2013-06-26,6,4,6,0,0,True
USE08641,10223,2012-01-09,0,0,1,0,0,False
USE08642,10223,2012-01-10,0,0,0,0,0,False
USE08643,10223,2012-01-11,3,0,0,0,0,False
USE08644,10223,2012-01-12,0,0,0,0,0,False
USE08645,10223,2012-01-13,0,0,0,0,0,False
USE08646,10223,2012-01-14,0,0,0,0,0,False
USE08647,10223,2012-01-15,0,0,0,3,0,False
USE08648,10223,2012-01-16,0,1,6,0,0,True
USE08649,10223,2012-01-17,0,0,0,0,0,False
USE08650,10223,2012-01-18,0,4,0,0,4,True
USE08651,10223,2012-01-19,0,1,0,0,2,True
USE08652,10223,2012-01-20,9,0,2,0,0,True
USE08653,10223,2012-01-21,0,0,0,0,0,False
USE08654,10223,2012-01-22,0,0,0,0,0,False
USE08655,10223,2012-01-23,0,3,0,2,0,True
USE08656,10223,2012-01-24,6,2,0,0,0,True
USE08657,10223,2012-01-25,0,4,0,0,0,False
USE08658,10223,2012-01-26,0,0,0,0,1,False
USE08659,10223,2012-01-27,0,2,0,0,0,False
USE08660,10223,2012-01-28,4,1,0,0,0,True
USE08661,10223,2012-01-29,0,0,0,0,0,False
USE08662,10223,2012-01-30,1,0,0,0,6,True
USE08663,10223,2012-01-31,5,3,0,0,5,True
USE08664,10223,2012-02-01,9,3,6,7,0,True
USE08665,10223,2012-02-02,6,0,3,0,5,True
USE08666,10223,2012-02-03,0,7,4,0,4,True
USE08667,10223,2012-02-04,0,0,0,0,0,False
USE08668,10223,2012-02-05,0,0,0,0,5,False
USE08669,10223,2012-02-06,9,3,0,6,8,True
USE08670,10223,2012-02-07,7,0,3,5,0,True
USE08671,10223,2012-02-08,7,1,8,0,8,True
USE08672,10223,2012-02-09,7,6,2,1,0,True
USE08673,10223,2012-02-10,6,3,0,0,8,True
USE08674,10223,2012-02-11,0,0,0,0,2,False
USE08675,10223,2012-02-12,0,1,0,0,0,False
USE08676,10223,2012-02-13,0,7,5,0,6,True
USE08677,10223,2012-02-14,0,4,6,0,10,True
USE08678,10223,2012-02-15,7,2,7,0,16,True
USE08679,10223,2012-02-16,0,3,3,0,0,True
USE08680,10223,2012-02-17,4,2,7,10,0,True
USE08681,10223,2012-02-18,1,0,0,0,0,False
USE08682,10223,2012-02-19,1,0,2,0,0,True
USE08683,10223,2012-02-20,6,8,2,0,3,True
USE08684,10223,2012-02-21,10,4,9,7,0,True
USE08685,10223,2012-02-22,9,6,4,5,0,True
USE08686,10151,2015-02-16,0,0,0,0,0,False
USE08687,10151,2015-02-17,0,0,0,0,0,False
USE08688,10151,2015-02-18,0,0,0,0,0,False
USE08689,10151,2015-02-19,0,0,0,0,0,False
USE08690,10151,2015-02-20,0,1,0,0,2,True
USE08691,10151,2015-02-21,0,0,1,0,0,False
USE08692,10151,2015-02-22,0,0,0,0,0,False
USE08693,10151,2015-02-23,0,0,0,0,0,False
USE08694,10151,2015-02-24,3,0,0,0,5,True
USE08695,10151,2015-02-25,5,2,0,0,5,True
USE08696,10151,2015-02-26,3,0,0,0,0,False
USE08697,10151,2015-02-27,0,2,2,0,5,True
USE08698,10151,2015-02-28,0,0,0,0,0,False
USE08699,10151,2015-03-01,0,0,0,0,0,False
USE08700,10151,2015-03-02,0,0,4,0,2,True
USE08701,10151,2015-03-03,0,1,0,2,0,True
USE08702,10151,2015-03-04,8,5,3,0,5,True
USE08703,10151,2015-03-05,0,1,6,0,0,True
USE08704,10151,2015-03-06,1,0,5,0,0,True
USE08705,10151,2015-03-07,0,3,0,0,0,False
USE08706,10151,2015-03-08,1,0,0,0,0,False
USE08707,10151,2015-03-09,4,0,2,0,11,True
USE08708,10151,2015-03-10,5,4,5,0,0,True
USE08709,10151,2015-03-11,1,5,0,1,0,True
USE08710,10151,2015-03-12,0,0,0,2,6,True
USE08711,10151,2015-03-13,6,5,3,0,5,True
USE08712,10151,2015-03-14,2,0,0,0,0,False
USE08713,10151,2015-03-15,0,0,0,0,3,False
USE08714,10151,2015-03-16,2,0,7,0,8,True
USE08715,10151,2015-03-17,6,3,5,0,0,True
USE08716,10151,2015-03-18,12,1,7,0,0,True
USE08717,10151,2015-03-19,5,3,6,0,8,True
USE08718,10151,2015-03-20,9,3,0,0,0,True
USE08719,10151,2015-03-21,0,0,0,0,0,False
USE08720,10151,2015-03-22,0,0,3,0,0,False
USE08721,10151,2015-03-23,4,4,0,0,0,True
USE08722,10151,2015-03-24,5,0,6,0,5,True
USE08723,10151,2015-03-25,10,0,6,9,12,True
USE08724,10151,2015-03-26,9,0,0,0,0,False
USE08725,10151,2015-03-27,5,0,4,0,7,True
USE08726,10151,2015-03-28,0,0,2,0,0,False
USE08727,10151,2015-03-29,2,1,0,0,2,True
USE08728,10151,2015-03-30,12,1,3,0,0,True
USE08729,10151,2015-03-31,7,4,2,0,3,True
USE08730,10151,2015-04-01,0,0,3,0,0,False
USE08731,10254,2013-04-01,0,0,0,0,0,False
USE08732,10254,2013-04-02,1,0,0,0,0,False
USE08733,10254,2013-04-03,0,0,0,0,0,False
USE08734,10254,2013-04-04,0,0,2,0,0,False
USE08735,10254,2013-04-05,0,0,0,0,0,False
USE08736,10254,2013-04-06,0,0,0,0,0,False
USE08737,10254,2013-04-07,0,0,0,0,0,False
USE08738,10254,2013-04-08,0,0,0,0,0,False
USE08739,10254,2013-04-09,4,2,0,0,6,True
USE08740,10254,2013-04-10,0,0,2,0,0,False
USE08741,10254,2013-04-11,3,0,0,0,4,True
USE08742,10254,2013-04-12,4,0,6,0,0,True
USE08743,10254,2013-04-13,0,0,0,0,0,False
USE08744,10254,2013-04-14,0,0,1,0,0,False
USE08745,10254,2013-04-15,0,4,0,0,3,True
USE08746,10254,2013-04-16,3,0,0,0,0,False
USE08747,10254,2013-04-17,3,0,0,0,0,False
USE08748,10254,2013-04-18,3,0,6,0,0,True
USE08749,10254,2013-04-19,0,1,4,0,0,True
USE08750,10254,2013-04-20,0,1,0,1,0,True
USE08751,10254,2013-04-21,0,0,0,0,0,False
USE08752,10254,2013-04-22,0,0,3,0,7,True
USE08753,10254,2013-04-23,3,0,2,0,8,True
USE08754,10254,2013-04-24,6,2,4,0,6,True
USE08755,10254,2013-04-25,3,7,6,5,0,True
USE08756,10254,2013-04-26,0,4,0,5,6,True
USE08757,10254,2013-04-27,0,0,2,0,0,False
USE08758,10254,2013-04-28,0,0,0,0,3,False
USE08759,10254,2013-04-29,0,0,3,0,8,True
USE08760,10254,2013-04-30,0,3,0,7,0,True
USE08761,10254,2013-05-01,6,5,3,0,0,True
USE08762,10254,2013-05-02,7,5,5,8,9,True
USE08763,10254,2013-05-03,0,5,3,4,8,True
USE08764,10254,2013-05-04,0,0,3,0,0,False
USE08765,10254,2013-05-05,0,3,0,0,0,False
USE08766,10254,2013-05-06,4,0,0,0,0,False
USE08767,10254,2013-05-07,7,0,7,0,0,True
USE08768,10254,2013-05-08,8,7,0,0,6,True
USE08769,10254,2013-05-09,4,2,3,0,0,True
USE08770,10254,2013-05-10,3,5,2,0,0,True
USE08771,10254,2013-05-11,1,0,0,0,0,False
USE08772,10254,2013-05-12,0,2,0,0,3,True
USE08773,10254,2013-05-13,12,8,9,0,0,True
USE08774,10254,2013-05-14,5,5,5,4,0,True
USE08775,10254,2013-05-15,2,6,5,8,7,True
USE08776,10120,2013-05-13,0,0,0,0,3,False
USE08777,10120,2013-05-14,0,0,0,0,0,False
USE08778,10120,2013-05-15,0,0,0,0,0,False
USE08779,10120,2013-05-16,1,0,2,0,0,True
USE08780,10120,2013-05-17,0,0,0,0,0,False
USE08781,10120,2013-05-18,0,0,0,0,0,False
USE08782,10120,2013-05-19,0,2,0,0,0,False
USE08783,10120,2013-05-20,0,3,0,0,6,True
USE08784,10120,2013-05-21,0,0,0,0,3,False
USE08785,10120,2013-05-22,1,5,2,0,0,True
USE08786,10120,2013-05-23,0,0,0,0,0,False
USE08787,10120,2013-05-24,0,0,0,0,5,False
USE08788,10120,2013-05-25,0,0,4,0,0,False
USE08789,10120,2013-05-26,0,0,1,0,0,False
USE08790,10120,2013-05-27,5,2,4,0,6,True
USE08791,10120,2013-05-28,2,0,2,0,4,True
USE08792,10120,2013-05-29,4,0,4,3,5,True
USE08793,10120,2013-05-30,0,0,5,0,0,False
USE08794,10120,2013-05-31,0,4,4,0,0,True
USE08795,10120,2013-06-01,0,0,0,3,0,False
USE08796,10120,2013-06-02,0,0,3,0,0,False
USE08797,10120,2013-06-03,10,0,4,5,6,True
USE08798,10120,2013-06-04,11,6,3,0,0,True
USE08799,10120,2013-06-05,7,3,4,0,0,True
USE08800,10120,2013-06-06,5,5,4,0,0,True
USE08801,10120,2013-06-07,5,5,7,0,0,True
USE08802,10120,2013-06-08,0,3,0,0,0,False
USE08803,10120,2013-06-09,0,0,0,0,0,False
USE08804,10120,2013-06-10,11,4,0,0,0,True
USE08805,10120,2013-06-11,9,6,3,6,8,True
USE08806,10120,2013-06-12,0,0,4,0,0,False
USE08807,10120,2013-06-13,7,0,4,0,8,True
USE08808,10120,2013-06-14,8,4,2,4,0,True
USE08809,10120,2013-06-15,0,1,1,0,0,True
USE08810,10120,2013-06-16,0,0,0,0,0,False
USE08811,10120,2013-06-17,5,5,4,0,6,True
USE08812,10120,2013-06-18,10,4,5,0,0,True
USE08813,10120,2013-06-19,5,3,5,0,0,True
USE08814,10120,2013-06-20,6,3,9,0,0,True
USE08815,10120,2013-06-21,8,6,4,3,0,True
USE08816,10120,2013-06-22,2,0,6,0,0,True
USE08817,10120,2013-06-23,0,0,3,0,0,False
USE08818,10120,2013-06-24,6,5,0,0,0,True
USE08819,10120,2013-06-25,8,5,9,0,5,True
USE08820,10120,2013-06-26,0,7,7,0,12,True
USE08821,10216,2013-07-08,0,0,2,0,0,False
USE08822,10216,2013-07-09,0,0,0,0,3,False
USE08823,10216,2013-07-10,0,0,0,0,0,False
USE08824,10216,2013-07-11,0,0,1,0,0,False
USE08825,10216,2013-07-12,0,1,0,0,0,False
USE08826,10216,2013-07-13,0,0,0,0,0,False
USE08827,10216,2013-07-14,3,0,0,0,0,False
USE08828,10216,2013-07-15,1,0,2,0,0,True
USE08829,10216,2013-07-16,4,0,0,0,0,False
USE08830,10216,2013-07-17,0,3,3,0,3,True
USE08831,10216,2013-07-18,0,0,5,0,0,False
USE08832,10216,2013-07-19,0,0,6,0,0,False
USE08833,10216,2013-07-20,0,0,0,0,0,False
USE08834,10216,2013-07-21,0,0,0,0,0,False
USE08835,10216,2013-07-22,0,0,0,0,7,False
USE08836,10216,2013-07-23,0,0,0,0,8,False
USE08837,10216,2013-07-24,6,2,3,0,0,True
USE08838,10216,2013-07-25,0,4,3,0,9,True
USE08839,10216,2013-07-26,0,1,4,0,2,True
USE08840,10216,2013-07-27,0,0,0,0,3,False
USE08841,10216,2013-07-28,0,0,0,2,0,False
USE08842,10216,2013-07-29,8,3,0,5,0,True
USE08843,10216,2013-07-30,4,0,1,0,0,True
USE08844,10216,2013-07-31,7,0,0,0,0,False
USE08845,10216,2013-08-01,6,2,2,0,0,True
USE08846,10216,2013-08-02,10,3,4,0,7,True
USE08847,10216,2013-08-03,0,0,0,0,0,False
USE08848,10216,2013-08-04,0,0,0,0,4,False
USE08849,10216,2013-08-05,4,3,5,0,0,True
USE08850,10216,2013-08-06,9,4,6,0,7,True
USE08851,10216,2013-08-07,2,4,3,0,0,True
USE08852,10216,2013-08-08,7,3,6,0,11,True
USE08853,10216,2013-08-09,8,4,2,4,9,True
USE08854,10216,2013-08-10,0,0,4,0,0,False
USE08855,10216,2013-08-11,0,0,0,0,0,False
USE08856,10216,2013-08-12,0,3,0,0,17,True
USE08857,10216,2013-08-13,3,4,3,0,6,True
USE08858,10216,2013-08-14,0,1,4,8,8,True
USE08859,10216,2013-08-15,8,6,0,0,6,True
USE08860,10216,2013-08-16,0,8,7,0,8,True
USE08861,10216,2013-08-17,0,0,0,0,0,False
USE08862,10216,2013-08-18,0,0,0,0,5,False
USE08863,10216,2013-08-19,3,4,0,0,0,True
USE08864,10216,2013-08-20,11,3,3,0,10,True
USE08865,10216,2013-08-21,8,0,0,0,5,True
USE08866,10079,2017-02-10,2,0,0,0,1,True
USE08867,10079,2017-02-11,0,0,1,0,0,False
USE08868,10079,2017-02-12,0,0,0,0,0,False
USE08869,10079,2017-02-13,0,0,0,0,7,False
USE08870,10079,2017-02-14,0,0,0,0,4,False
USE08871,10079,2017-02-15,0,0,2,0,0,False
USE08872,10079,2017-02-16,1,0,0,1,0,True
USE08873,10079,2017-02-17,4,0,0,0,0,False
USE08874,10079,2017-02-18,1,2,0,0,0,True
USE08875,10079,2017-02-19,1,0,0,0,0,False
USE08876,10079,2017-02-20,2,0,0,0,1,True
USE08877,10079,2017-02-21,3,0,4,0,4,True
USE08878,10079,2017-02-22,0,4,0,0,0,False
USE08879,10079,2017-02-23,3,0,0,0,0,False
USE08880,10079,2017-02-24,0,3,4,0,0,True
USE08881,10079,2017-02-25,0,0,0,0,0,False
USE08882,10079,2017-02-26,0,0,0,0,1,False
USE08883,10079,2017-02-27,4,2,0,0,6,True
USE08884,10079,2017-02-28,6,1,2,0,0,True
USE08885,10079,2017-03-01,3,0,2,0,0,True
USE08886,10079,2017-03-02,2,3,3,5,4,True
USE08887,10079,2017-03-03,7,0,10,8,0,True
USE08888,10079,2017-03-04,0,0,0,0,0,False
USE08889,10079,2017-03-05,0,0,0,0,0,False
USE08890,10079,2017-03-06,4,3,5,0,0,True
USE08891,10079,2017-03-07,0,6,5,6,0,True
USE08892,10079,2017-03-08,4,0,5,0,0,True
USE08893,10079,2017-03-09,2,3,6,0,3,True
USE08894,10079,2017-03-10,6,0,0,6,0,True
USE08895,10079,2017-03-11,0,3,3,0,0,True
USE08896,10079,2017-03-12,2,0,0,0,0,False
USE08897,10079,2017-03-13,9,2,6,0,5,True
USE08898,10079,2017-03-14,10,3,5,0,16,True
USE08899,10079,2017-03-15,8,4,11,0,0,True
USE08900,10079,2017-03-16,7,4,1,0,7,True
USE08901,10079,2017-03-17,0,0,5,0,10,True
USE08902,10079,2017-03-18,0,0,0,0,1,False
USE08903,10079,2017-03-19,1,0,0,0,4,True
USE08904,10079,2017-03-20,4,5,0,0,0,True
USE08905,10079,2017-03-21,7,0,9,0,9,True
USE08906,10079,2017-03-22,9,4,3,0,4,True
USE08907,10079,2017-03-23,10,5,4,0,0,True
USE08908,10079,2017-03-24,8,0,2,0,0,True
USE08909,10079,2017-03-25,0,0,0,0,0,False
USE08910,10079,2017-03-26,0,0,0,0,0,False
USE08911,10215,2011-09-26,0,0,0,0,0,False
USE08912,10215,2011-09-27,0,0,0,0,0,False
USE08913,10215,2011-09-28,0,0,0,0,0,False
USE08914,10215,2011-09-29,0,0,0,0,0,False
USE08915,10215,2011-09-30,0,0,0,0,0,False
USE08916,10215,2011-10-01,0,0,0,0,0,False
USE08917,10215,2011-10-02,0,0,0,0,0,False
USE08918,10215,2011-10-03,0,0,0,0,2,False
USE08919,10215,2011-10-04,0,0,2,0,0,False
USE08920,10215,2011-10-05,4,0,0,0,0,False
USE08921,10215,2011-10-06,0,1,6,0,0,True
USE08922,10215,2011-10-07,4,0,3,0,0,True
USE08923,10215,2011-10-08,2,0,0,0,2,True
USE08924,10215,2011-10-09,0,0,1,0,0,False
USE08925,10215,2011-10-10,0,0,1,0,0,False
USE08926,10215,2011-10-11,4,0,0,0,3,True
USE08927,10215,2011-10-12,0,0,0,0,0,False
USE08928,10215,2011-10-13,3,4,4,0,9,True
USE08929,10215,2011-10-14,2,1,0,6,0,True
USE08930,10215,2011-10-15,0,1,0,0,1,True
USE08931,10215,2011-10-16,0,0,0,0,0,False
USE08932,10215,2011-10-17,6,5,5,0,3,True
USE08933,10215,2011-10-18,6,3,3,4,5,True
USE08934,10215,2011-10-19,5,1,3,0,0,True
USE08935,10215,2011-10-20,5,1,9,0,0,True
USE08936,10215,2011-10-21,5,0,4,0,0,True
USE08937,10215,2011-10-22,0,0,1,0,0,False
USE08938,10215,2011-10-23,3,0,0,2,0,True
USE08939,10215,2011-10-24,9,5,3,9,10,True
USE08940,10215,2011-10-25,10,0,0,5,7,True
USE08941,10215,2011-10-26,0,5,3,0,4,True
USE08942,10215,2011-10-27,6,0,5,0,5,True
USE08943,10215,2011-10-28,0,3,0,0,0,False
USE08944,10215,2011-10-29,0,0,0,0,0,False
USE08945,10215,2011-10-30,3,0,0,0,0,False
USE08946,10215,2011-10-31,4,0,11,0,7,True
USE08947,10215,2011-11-01,0,6,4,0,8,True
USE08948,10215,2011-11-02,0,10,5,2,0,True
USE08949,10215,2011-11-03,5,4,5,0,6,True
USE08950,10215,2011-11-04,11,2,6,0,0,True
USE08951,10215,2011-11-05,0,0,0,0,0,False
USE08952,10215,2011-11-06,0,0,2,0,1,True
USE08953,10215,2011-11-07,7,3,5,0,8,True
USE08954,10215,2011-11-08,0,0,3,0,7,True
USE08955,10215,2011-11-09,7,8,3,6,10,True
USE08956,10185,2013-04-01,0,0,0,0,0,False
USE08957,10185,2013-04-02,3,0,0,0,0,False
USE08958,10185,2013-04-03,0,0,0,0,0,False
USE08959,10185,2013-04-04,3,0,4,0,2,True
USE08960,10185,2013-04-05,0,0,0,0,0,False
USE08961,10185,2013-04-06,0,0,0,0,0,False
USE08962,10185,2013-04-07,0,0,0,0,0,False
USE08963,10185,2013-04-08,5,0,0,0,1,True
USE08964,10185,2013-04-09,4,1,0,0,0,True
USE08965,10185,2013-04-10,0,2,2,2,0,True
USE08966,10185,2013-04-11,1,0,0,5,0,True
USE08967,10185,2013-04-12,1,4,0,0,0,True
USE08968,10185,2013-04-13,1,2,0,0,4,True
USE08969,10185,2013-04-14,0,1,0,0,0,False
USE08970,10185,2013-04-15,0,3,0,0,6,True
USE08971,10185,2013-04-16,8,0,0,0,0,False
USE08972,10185,2013-04-17,0,5,4,0,4,True
USE08973,10185,2013-04-18,8,0,3,0,0,True
USE08974,10185,2013-04-19,0,0,3,0,4,True
USE08975,10185,2013-04-20,0,0,0,0,2,False
USE08976,10185,2013-04-21,0,0,0,0,0,False
USE08977,10185,2013-04-22,6,5,1,0,7,True
USE08978,10185,2013-04-23,0,1,2,0,0,True
USE08979,10185,2013-04-24,0,0,3,0,0,False
USE08980,10185,2013-04-25,5,3,3,5,0,True
USE08981,10185,2013-04-26,9,2,3,0,0,True
USE08982,10185,2013-04-27,0,0,0,0,0,False
USE08983,10185,2013-04-28,0,0,0,0,0,False
USE08984,10185,2013-04-29,9,6,6,0,0,True
USE08985,10185,2013-04-30,7,2,0,0,0,True
USE08986,10185,2013-05-01,7,0,4,5,9,True
USE08987,10185,2013-05-02,7,4,0,0,0,True
USE08988,10185,2013-05-03,7,3,5,0,7,True
USE08989,10185,2013-05-04,0,0,0,0,0,False
USE08990,10185,2013-05-05,0,0,0,0,0,False
USE08991,10185,2013-05-06,0,6,2,0,0,True
USE08992,10185,2013-05-07,0,3,3,0,5,True
USE08993,10185,2013-05-08,10,2,6,5,0,True
USE08994,10185,2013-05-09,3,0,4,7,5,True
USE08995,10185,2013-05-10,6,0,8,0,7,True
USE08996,10185,2013-05-11,0,0,2,0,0,False
USE08997,10185,2013-05-12,0,0,0,0,2,False
USE08998,10185,2013-05-13,0,7,7,3,6,True
USE08999,10185,2013-05-14,6,2,5,0,12,True
USE09000,10185,2013-05-15,6,2,5,0,0,True
USE09001,10063,2014-05-12,0,0,0,0,0,False
USE09002,10063,2014-05-13,0,0,0,0,0,False
USE09003,10063,2014-05-14,0,2,0,0,0,False
USE09004,10063,2014-05-15,0,0,0,0,2,False
USE09005,10063,2014-05-16,0,0,2,1,0,True
USE09006,10063,2014-05-17,0,0,0,0,0,False
USE09007,10063,2014-05-18,0,0,0,0,0,False
USE09008,10063,2014-05-19,0,0,2,0,0,False
USE09009,10063,2014-05-20,0,0,0,0,0,False
USE09010,10063,2014-05-21,3,0,0,0,0,False
USE09011,10063,2014-05-22,0,3,2,0,0,True
USE09012,10063,2014-05-23,0,0,0,0,3,False
USE09013,10063,2014-05-24,0,0,0,0,0,False
USE09014,10063,2014-05-25,0,0,2,3,0,True
USE09015,10063,2014-05-26,6,0,0,3,3,True
USE09016,10063,2014-05-27,5,0,0,0,0,False
USE09017,10063,2014-05-28,0,0,0,0,0,False
USE09018,10063,2014-05-29,7,2,0,0,0,True
USE09019,10063,2014-05-30,4,4,1,0,0,True
USE09020,10063,2014-05-31,0,0,0,0,0,False
USE09021,10063,2014-06-01,0,0,0,0,0,False
USE09022,10063,2014-06-02,2,0,0,0,0,False
USE09023,10063,2014-06-03,5,3,6,0,0,True
USE09024,10063,2014-06-04,4,2,4,0,3,True
USE09025,10063,2014-06-05,4,0,5,6,9,True
USE09026,10063,2014-06-06,8,2,4,0,0,True
USE09027,10063,2014-06-07,0,0,0,0,0,False
USE09028,10063,2014-06-08,0,0,5,0,0,False
USE09029,10063,2014-06-09,0,4,0,0,0,False
USE09030,10063,2014-06-10,5,5,0,0,0,True
USE09031,10063,2014-06-11,7,0,7,0,5,True
USE09032,10063,2014-06-12,10,5,4,0,15,True
USE09033,10063,2014-06-13,7,0,6,0,4,True
USE09034,10063,2014-06-14,1,0,0,0,0,False
USE09035,10063,2014-06-15,0,4,0,0,0,False
USE09036,10063,2014-06-16,8,5,11,0,5,True
USE09037,10063,2014-06-17,0,1,3,0,8,True
USE09038,10063,2014-06-18,0,4,3,7,11,True
USE09039,10063,2014-06-19,6,8,4,6,5,True
USE09040,10063,2014-06-20,9,0,0,0,0,False
USE09041,10063,2014-06-21,0,2,0,0,0,False
USE09042,10063,2014-06-22,2,0,1,0,0,True
USE09043,10063,2014-06-23,10,1,4,0,7,True
USE09044,10063,2014-06-24,9,6,5,0,0,True
USE09045,10063,2014-06-25,10,3,7,0,7,True
USE09046,10037,2013-04-01,0,0,0,0,0,False
USE09047,10037,2013-04-02,0,0,0,0,0,False
USE09048,10037,2013-04-03,3,0,0,0,0,False
USE09049,10037,2013-04-04,0,5,0,0,0,False
USE09050,10037,2013-04-05,0,0,0,0,0,False
USE09051,10037,2013-04-06,0,0,0,0,0,False
USE09052,10037,2013-04-07,0,0,0,0,0,False
USE09053,10037,2013-04-08,2,0,1,0,6,True
USE09054,10037,2013-04-09,1,0,0,0,0,False
USE09055,10037,2013-04-10,0,0,0,0,0,False
USE09056,10037,2013-04-11,0,1,0,0,0,False
USE09057,10037,2013-04-12,0,0,0,0,0,False
USE09058,10037,2013-04-13,0,1,0,0,0,False
USE09059,10037,2013-04-14,0,0,0,0,0,False
USE09060,10037,2013-04-15,3,3,0,0,0,True
USE09061,10037,2013-04-16,3,5,3,0,0,True
USE09062,10037,2013-04-17,0,0,0,0,8,False
USE09063,10037,2013-04-18,5,2,2,0,0,True
USE09064,10037,2013-04-19,0,3,0,0,0,False
USE09065,10037,2013-04-20,1,0,0,0,0,False
USE09066,10037,2013-04-21,0,0,0,0,0,False
USE09067,10037,2013-04-22,5,0,4,0,0,True
USE09068,10037,2013-04-23,0,4,0,0,5,True
USE09069,10037,2013-04-24,5,4,2,0,0,True
USE09070,10037,2013-04-25,6,2,4,0,0,True
USE09071,10037,2013-04-26,0,0,0,0,8,False
USE09072,10037,2013-04-27,0,0,2,0,0,False
USE09073,10037,2013-04-28,0,0,0,0,0,False
USE09074,10037,2013-04-29,7,4,5,0,0,True
USE09075,10037,2013-04-30,5,5,10,0,7,True
USE09076,10037,2013-05-01,10,5,4,0,9,True
USE09077,10037,2013-05-02,7,4,4,6,0,True
USE09078,10037,2013-05-03,0,2,11,0,0,True
USE09079,10037,2013-05-04,3,2,0,0,0,True
USE09080,10037,2013-05-05,2,2,3,0,0,True
USE09081,10037,2013-05-06,6,1,1,0,5,True
USE09082,10037,2013-05-07,0,0,3,3,8,True
USE09083,10037,2013-05-08,9,1,0,4,4,True
USE09084,10037,2013-05-09,0,6,0,3,4,True
USE09085,10037,2013-05-10,8,0,0,0,0,False
USE09086,10037,2013-05-11,4,0,1,3,0,True
USE09087,10037,2013-05-12,2,0,0,0,4,True
USE09088,10037,2013-05-13,0,0,8,0,5,True
USE09089,10037,2013-05-14,0,7,3,3,8,True
USE09090,10037,2013-05-15,5,1,4,3,7,True
USE09091,10042,2013-07-08,0,0,0,0,0,False
USE09092,10042,2013-07-09,0,0,0,0,0,False
USE09093,10042,2013-07-10,0,0,0,0,1,False
USE09094,10042,2013-07-11,5,0,0,0,0,False
USE09095,10042,2013-07-12,0,0,0,0,0,False
USE09096,10042,2013-07-13,0,0,0,2,3,True
USE09097,10042,2013-07-14,0,0,0,0,0,False
USE09098,10042,2013-07-15,5,0,0,0,0,False
USE09099,10042,2013-07-16,0,0,0,0,0,False
USE09100,10042,2013-07-17,0,3,0,0,0,False
USE09101,10042,2013-07-18,0,0,0,6,0,False
USE09102,10042,2013-07-19,0,0,0,0,0,False
USE09103,10042,2013-07-20,0,0,0,1,0,False
USE09104,10042,2013-07-21,0,0,0,1,0,False
USE09105,10042,2013-07-22,0,0,0,0,3,False
USE09106,10042,2013-07-23,0,2,0,5,2,True
USE09107,10042,2013-07-24,5,0,0,0,0,False
USE09108,10042,2013-07-25,0,0,0,0,6,False
USE09109,10042,2013-07-26,3,0,0,0,0,False
USE09110,10042,2013-07-27,2,0,0,0,0,False
USE09111,10042,2013-07-28,0,0,2,0,0,False
USE09112,10042,2013-07-29,7,0,0,5,6,True
USE09113,10042,2013-07-30,0,0,0,3,6,True
USE09114,10042,2013-07-31,4,0,0,0,0,False
USE09115,10042,2013-08-01,7,2,0,0,6,True
USE09116,10042,2013-08-02,4,0,0,4,0,True
USE09117,10042,2013-08-03,0,0,0,1,0,False
USE09118,10042,2013-08-04,0,0,0,0,5,False
USE09119,10042,2013-08-05,0,8,0,0,7,True
USE09120,10042,2013-08-06,13,0,0,0,5,True
USE09121,10042,2013-08-07,13,0,0,6,8,True
USE09122,10042,2013-08-08,0,0,0,0,9,False
USE09123,10042,2013-08-09,9,0,0,5,6,True
USE09124,10042,2013-08-10,0,2,0,0,4,True
USE09125,10042,2013-08-11,0,0,0,0,0,False
USE09126,10042,2013-08-12,4,4,0,0,0,True
USE09127,10042,2013-08-13,0,0,0,9,8,True
USE09128,10042,2013-08-14,8,5,0,5,11,True
USE09129,10042,2013-08-15,0,0,0,0,7,False
USE09130,10042,2013-08-16,0,1,0,6,0,True
USE09131,10042,2013-08-17,2,0,0,0,2,True
USE09132,10042,2013-08-18,0,0,0,0,0,False
USE09133,10042,2013-08-19,6,1,0,0,11,True
USE09134,10042,2013-08-20,0,0,0,6,8,True
USE09135,10042,2013-08-21,0,4,0,5,0,True
USE09136,10206,2013-07-08,0,0,0,0,0,False
USE09137,10206,2013-07-09,0,0,1,0,0,False
USE09138,10206,2013-07-10,0,0,0,0,0,False
USE09139,10206,2013-07-11,0,0,0,0,0,False
USE09140,10206,2013-07-12,0,0,3,0,0,False
USE09141,10206,2013-07-13,0,0,0,0,0,False
USE09142,10206,2013-07-14,0,0,0,0,0,False
USE09143,10206,2013-07-15,0,0,0,0,0,False
USE09144,10206,2013-07-16,2,0,0,0,0,False
USE09145,10206,2013-07-17,0,5,0,0,0,False
USE09146,10206,2013-07-18,0,0,1,0,3,True
USE09147,10206,2013-07-19,0,6,0,0,0,False
USE09148,10206,2013-07-20,0,0,0,0,0,False
USE09149,10206,2013-07-21,0,0,0,0,1,False
USE09150,10206,2013-07-22,6,2,2,0,4,True
USE09151,10206,2013-07-23,0,0,4,0,0,False
USE09152,10206,2013-07-24,0,4,0,0,0,False
USE09153,10206,2013-07-25,7,0,0,0,0,False
USE09154,10206,2013-07-26,5,5,0,0,0,True
USE09155,10206,2013-07-27,0,0,0,0,4,False
USE09156,10206,2013-07-28,0,1,0,0,0,False
USE09157,10206,2013-07-29,0,3,5,3,0,True
USE09158,10206,2013-07-30,5,0,0,0,0,False
USE09159,10206,2013-07-31,0,0,2,0,0,False
USE09160,10206,2013-08-01,13,0,11,0,0,True
USE09161,10206,2013-08-02,6,6,0,0,0,True
USE09162,10206,2013-08-03,0,0,0,0,0,False
USE09163,10206,2013-08-04,0,1,0,0,0,False
USE09164,10206,2013-08-05,0,2,6,0,0,True
USE09165,10206,2013-08-06,7,0,7,0,0,True
USE09166,10206,2013-08-07,5,6,3,0,0,True
USE09167,10206,2013-08-08,2,5,3,0,0,True
USE09168,10206,2013-08-09,9,7,8,0,5,True
USE09169,10206,2013-08-10,0,0,0,0,0,False
USE09170,10206,2013-08-11,0,0,0,0,0,False
USE09171,10206,2013-08-12,11,3,4,0,4,True
USE09172,10206,2013-08-13,4,0,4,5,5,True
USE09173,10206,2013-08-14,0,3,2,0,8,True
USE09174,10206,2013-08-15,5,4,0,0,11,True
USE09175,10206,2013-08-16,0,2,2,0,6,True
USE09176,10206,2013-08-17,0,1,0,0,0,False
USE09177,10206,2013-08-18,0,0,2,0,3,True
USE09178,10206,2013-08-19,7,2,0,0,0,True
USE09179,10206,2013-08-20,7,1,3,6,6,True
USE09180,10206,2013-08-21,12,4,10,3,0,True
USE09181,10104,2014-11-10,0,0,0,0,0,False
USE09182,10104,2014-11-11,0,0,0,0,0,False
USE09183,10104,2014-11-12,0,0,0,0,0,False
USE09184,10104,2014-11-13,0,0,1,0,0,False
USE09185,10104,2014-11-14,0,0,0,0,0,False
USE09186,10104,2014-11-15,0,0,3,1,0,True
USE09187,10104,2014-11-16,0,0,0,0,0,False
USE09188,10104,2014-11-17,0,0,2,0,0,False
USE09189,10104,2014-11-18,5,2,2,0,6,True
USE09190,10104,2014-11-19,0,0,0,5,0,False
USE09191,10104,2014-11-20,0,2,0,0,0,False
USE09192,10104,2014-11-21,4,3,0,0,0,True
USE09193,10104,2014-11-22,0,0,0,0,1,False
USE09194,10104,2014-11-23,0,0,0,0,0,False
USE09195,10104,2014-11-24,0,1,4,2,6,True
USE09196,10104,2014-11-25,6,0,2,0,4,True
USE09197,10104,2014-11-26,3,0,1,0,0,True
USE09198,10104,2014-11-27,0,1,6,0,0,True
USE09199,10104,2014-11-28,0,3,2,0,11,True
USE09200,10104,2014-11-29,0,1,0,0,0,False
USE09201,10104,2014-11-30,1,0,0,0,0,False
USE09202,10104,2014-12-01,7,2,4,4,0,True
USE09203,10104,2014-12-02,3,1,0,0,8,True
USE09204,10104,2014-12-03,4,4,3,0,0,True
USE09205,10104,2014-12-04,0,3,0,0,0,False
USE09206,10104,2014-12-05,0,0,1,0,7,True
USE09207,10104,2014-12-06,3,1,0,0,0,True
USE09208,10104,2014-12-07,0,0,0,0,0,False
USE09209,10104,2014-12-08,0,5,0,0,0,False
USE09210,10104,2014-12-09,0,0,3,0,0,False
USE09211,10104,2014-12-10,8,5,5,0,8,True
USE09212,10104,2014-12-11,10,0,2,0,7,True
USE09213,10104,2014-12-12,7,6,0,0,0,True
USE09214,10104,2014-12-13,0,0,1,0,0,False
USE09215,10104,2014-12-14,0,2,0,0,0,False
USE09216,10104,2014-12-15,7,6,5,0,0,True
USE09217,10104,2014-12-16,9,4,11,0,8,True
USE09218,10104,2014-12-17,0,6,7,0,10,True
USE09219,10104,2014-12-18,5,3,0,3,9,True
USE09220,10104,2014-12-19,11,4,0,5,0,True
USE09221,10104,2014-12-20,0,0,0,0,0,False
USE09222,10104,2014-12-21,4,1,1,0,0,True
USE09223,10104,2014-12-22,8,0,5,0,0,True
USE09224,10104,2014-12-23,8,3,4,3,0,True
USE09225,10104,2014-12-24,8,4,5,0,0,True
USE09226,10303,2014-03-31,0,0,0,1,0,False
USE09227,10303,2014-04-01,0,0,0,0,0,False
USE09228,10303,2014-04-02,0,0,0,0,0,False
USE09229,10303,2014-04-03,0,1,3,0,1,True
USE09230,10303,2014-04-04,0,0,0,0,0,False
USE09231,10303,2014-04-05,0,0,0,0,0,False
USE09232,10303,2014-04-06,0,0,0,0,0,False
USE09233,10303,2014-04-07,0,0,0,1,0,False
USE09234,10303,2014-04-08,2,0,0,0,0,False
USE09235,10303,2014-04-09,0,1,0,0,4,True
USE09236,10303,2014-04-10,0,1,0,0,0,False
USE09237,10303,2014-04-11,5,0,3,0,6,True
USE09238,10303,2014-04-12,0,0,0,0,0,False
USE09239,10303,2014-04-13,0,0,0,0,0,False
USE09240,10303,2014-04-14,0,0,0,2,0,False
USE09241,10303,2014-04-15,2,3,1,0,3,True
USE09242,10303,2014-04-16,0,3,4,0,8,True
USE09243,10303,2014-04-17,7,1,3,0,4,True
USE09244,10303,2014-04-18,0,0,0,0,0,False
USE09245,10303,2014-04-19,3,0,0,0,0,False
USE09246,10303,2014-04-20,0,0,0,0,0,False
USE09247,10303,2014-04-21,0,5,5,0,0,True
USE09248,10303,2014-04-22,0,0,3,0,0,False
USE09249,10303,2014-04-23,4,0,2,7,0,True
USE09250,10303,2014-04-24,0,0,0,5,0,False
USE09251,10303,2014-04-25,6,4,0,0,0,True
USE09252,10303,2014-04-26,0,0,0,0,0,False
USE09253,10303,2014-04-27,0,0,0,1,4,True
USE09254,10303,2014-04-28,8,1,4,0,0,True
USE09255,10303,2014-04-29,6,6,5,0,0,True
USE09256,10303,2014-04-30,0,0,4,0,0,False
USE09257,10303,2014-05-01,7,0,3,0,0,True
USE09258,10303,2014-05-02,13,5,2,0,11,True
USE09259,10303,2014-05-03,1,0,0,0,0,False
USE09260,10303,2014-05-04,0,2,3,0,0,True
USE09261,10303,2014-05-05,0,0,0,0,0,False
USE09262,10303,2014-05-06,8,4,14,0,7,True
USE09263,10303,2014-05-07,0,4,5,0,0,True
USE09264,10303,2014-05-08,8,5,7,9,0,True
USE09265,10303,2014-05-09,9,0,2,7,0,True
USE09266,10303,2014-05-10,0,0,0,0,0,False
USE09267,10303,2014-05-11,0,0,0,0,3,False
USE09268,10303,2014-05-12,7,2,0,6,0,True
USE09269,10303,2014-05-13,3,1,4,7,0,True
USE09270,10303,2014-05-14,3,0,0,0,2,True
USE09271,10078,2012-05-14,1,0,0,0,0,False
USE09272,10078,2012-05-15,0,0,0,0,0,False
USE09273,10078,2012-05-16,0,0,0,0,2,False
USE09274,10078,2012-05-17,3,0,0,0,0,False
USE09275,10078,2012-05-18,1,0,2,0,0,True
USE09276,10078,2012-05-19,0,0,1,0,0,False
USE09277,10078,2012-05-20,0,0,0,0,0,False
USE09278,10078,2012-05-21,3,0,2,0,0,True
USE09279,10078,2012-05-22,0,1,0,0,0,False
USE09280,10078,2012-05-23,0,2,0,0,0,False
USE09281,10078,2012-05-24,2,2,0,0,0,True
USE09282,10078,2012-05-25,0,0,4,0,0,False
USE09283,10078,2012-05-26,0,0,0,0,0,False
USE09284,10078,2012-05-27,0,0,0,0,0,False
USE09285,10078,2012-05-28,0,3,5,0,0,True
USE09286,10078,2012-05-29,2,0,0,0,0,False
USE09287,10078,2012-05-30,4,4,2,0,7,True
USE09288,10078,2012-05-31,0,0,5,0,0,False
USE09289,10078,2012-06-01,0,0,3,0,0,False
USE09290,10078,2012-06-02,0,0,0,0,0,False
USE09291,10078,2012-06-03,0,0,2,0,0,False
USE09292,10078,2012-06-04,0,0,7,0,4,True
USE09293,10078,2012-06-05,0,0,0,0,0,False
USE09294,10078,2012-06-06,4,0,3,5,7,True
USE09295,10078,2012-06-07,2,0,3,0,0,True
USE09296,10078,2012-06-08,8,0,14,0,0,True
USE09297,10078,2012-06-09,2,0,0,0,1,True
USE09298,10078,2012-06-10,0,0,0,0,0,False
USE09299,10078,2012-06-11,0,3,4,0,8,True
USE09300,10078,2012-06-12,7,4,4,0,4,True
USE09301,10078,2012-06-13,0,2,5,0,8,True
USE09302,10078,2012-06-14,10,3,6,0,0,True
USE09303,10078,2012-06-15,8,5,2,0,0,True
USE09304,10078,2012-06-16,0,0,0,0,0,False
USE09305,10078,2012-06-17,0,0,0,0,3,False
USE09306,10078,2012-06-18,3,3,4,4,5,True
USE09307,10078,2012-06-19,9,4,0,0,9,True
USE09308,10078,2012-06-20,0,4,0,0,8,True
USE09309,10078,2012-06-21,5,0,0,6,8,True
USE09310,10078,2012-06-22,12,6,1,0,0,True
USE09311,10078,2012-06-23,0,0,0,0,0,False
USE09312,10078,2012-06-24,0,0,0,0,0,False
USE09313,10078,2012-06-25,11,6,4,0,0,True
USE09314,10078,2012-06-26,7,3,8,0,5,True
USE09315,10078,2012-06-27,0,0,0,0,5,False
USE09316,10121,2013-09-30,0,0,0,0,0,False
USE09317,10121,2013-10-01,0,0,0,0,0,False
USE09318,10121,2013-10-02,0,0,0,0,0,False
USE09319,10121,2013-10-03,1,0,0,0,0,False
USE09320,10121,2013-10-04,4,0,0,1,0,True
USE09321,10121,2013-10-05,0,0,0,0,0,False
USE09322,10121,2013-10-06,0,0,0,0,0,False
USE09323,10121,2013-10-07,0,0,0,0,0,False
USE09324,10121,2013-10-08,0,0,0,4,4,True
USE09325,10121,2013-10-09,7,0,0,1,0,True
USE09326,10121,2013-10-10,0,0,2,0,0,False
USE09327,10121,2013-10-11,2,0,0,3,0,True
USE09328,10121,2013-10-12,0,0,0,0,0,False
USE09329,10121,2013-10-13,0,0,0,0,1,False
USE09330,10121,2013-10-14,3,0,3,0,0,True
USE09331,10121,2013-10-15,2,0,0,0,0,False
USE09332,10121,2013-10-16,0,0,0,4,5,True
USE09333,10121,2013-10-17,5,0,0,0,0,False
USE09334,10121,2013-10-18,0,0,0,0,0,False
USE09335,10121,2013-10-19,0,0,0,0,0,False
USE09336,10121,2013-10-20,0,0,0,0,0,False
USE09337,10121,2013-10-21,5,0,2,0,0,True
USE09338,10121,2013-10-22,7,0,0,0,0,False
USE09339,10121,2013-10-23,6,0,0,3,8,True
USE09340,10121,2013-10-24,7,3,0,5,7,True
USE09341,10121,2013-10-25,11,0,0,5,6,True
USE09342,10121,2013-10-26,0,0,0,0,0,False
USE09343,10121,2013-10-27,5,0,0,0,0,False
USE09344,10121,2013-10-28,12,0,7,0,3,True
USE09345,10121,2013-10-29,11,2,0,3,10,True
USE09346,10121,2013-10-30,8,0,0,6,0,True
USE09347,10121,2013-10-31,9,6,0,2,12,True
USE09348,10121,2013-11-01,0,0,0,4,8,True
USE09349,10121,2013-11-02,3,0,0,0,2,True
USE09350,10121,2013-11-03,0,0,0,0,0,False
USE09351,10121,2013-11-04,5,4,0,0,9,True
USE09352,10121,2013-11-05,9,0,0,0,6,True
USE09353,10121,2013-11-06,0,0,0,6,9,True
USE09354,10121,2013-11-07,6,4,0,4,9,True
USE09355,10121,2013-11-08,4,1,0,4,0,True
USE09356,10121,2013-11-09,1,0,0,0,0,False
USE09357,10121,2013-11-10,0,0,0,1,0,False
USE09358,10121,2013-11-11,0,3,0,5,6,True
USE09359,10121,2013-11-12,9,2,6,4,9,True
USE09360,10121,2013-11-13,0,0,0,2,12,True
USE09361,10021,2013-09-30,0,0,0,0,0,False
USE09362,10021,2013-10-01,0,0,0,0,0,False
USE09363,10021,2013-10-02,0,0,0,0,0,False
USE09364,10021,2013-10-03,0,0,0,0,0,False
USE09365,10021,2013-10-04,0,0,5,0,0,False
USE09366,10021,2013-10-05,0,0,0,0,0,False
USE09367,10021,2013-10-06,1,0,0,0,0,False
USE09368,10021,2013-10-07,0,0,3,0,0,False
USE09369,10021,2013-10-08,4,0,0,0,0,False
USE09370,10021,2013-10-09,2,0,6,0,0,True
USE09371,10021,2013-10-10,0,2,1,0,0,True
USE09372,10021,2013-10-11,0,0,6,0,8,True
USE09373,10021,2013-10-12,0,3,0,0,0,False
USE09374,10021,2013-10-13,0,0,0,0,2,False
USE09375,10021,2013-10-14,0,0,0,0,0,False
USE09376,10021,2013-10-15,3,2,0,0,0,True
USE09377,10021,2013-10-16,0,0,0,0,5,False
USE09378,10021,2013-10-17,0,3,4,0,3,True
USE09379,10021,2013-10-18,6,0,0,0,4,True
USE09380,10021,2013-10-19,2,0,0,0,5,True
USE09381,10021,2013-10-20,0,0,0,0,0,False
USE09382,10021,2013-10-21,4,0,0,0,0,False
USE09383,10021,2013-10-22,0,4,0,0,6,True
USE09384,10021,2013-10-23,0,0,0,0,5,False
USE09385,10021,2013-10-24,4,0,3,5,8,True
USE09386,10021,2013-10-25,2,0,0,0,0,False
USE09387,10021,2013-10-26,4,0,0,0,2,True
USE09388,10021,2013-10-27,0,0,0,2,0,False
USE09389,10021,2013-10-28,0,0,5,3,10,True
USE09390,10021,2013-10-29,4,1,4,5,0,True
USE09391,10021,2013-10-30,0,0,0,0,7,False
USE09392,10021,2013-10-31,7,4,4,0,8,True
USE09393,10021,2013-11-01,12,6,4,0,12,True
USE09394,10021,2013-11-02,0,0,1,0,1,True
USE09395,10021,2013-11-03,0,1,0,0,5,True
USE09396,10021,2013-11-04,5,5,6,0,0,True
USE09397,10021,2013-11-05,0,0,4,2,8,True
USE09398,10021,2013-11-06,4,3,5,0,5,True
USE09399,10021,2013-11-07,0,5,0,0,8,True
USE09400,10021,2013-11-08,5,2,4,0,0,True
USE09401,10021,2013-11-09,0,3,0,0,0,False
USE09402,10021,2013-11-10,2,1,0,0,0,True
USE09403,10021,2013-11-11,0,1,6,4,0,True
USE09404,10021,2013-11-12,4,3,3,6,7,True
USE09405,10021,2013-11-13,7,5,9,0,0,True
USE09406,10281,2014-02-17,0,2,0,2,1,True
USE09407,10281,2014-02-18,0,1,0,0,0,False
USE09408,10281,2014-02-19,0,0,1,0,0,False
USE09409,10281,2014-02-20,0,1,0,0,0,False
USE09410,10281,2014-02-21,0,0,0,1,2,True
USE09411,10281,2014-02-22,0,0,0,0,0,False
USE09412,10281,2014-02-23,0,0,0,0,0,False
USE09413,10281,2014-02-24,0,0,3,0,0,False
USE09414,10281,2014-02-25,0,0,2,0,0,False
USE09415,10281,2014-02-26,0,0,1,0,0,False
USE09416,10281,2014-02-27,1,0,2,0,0,True
USE09417,10281,2014-02-28,0,0,2,2,0,True
USE09418,10281,2014-03-01,0,0,0,0,0,False
USE09419,10281,2014-03-02,0,2,0,0,0,False
USE09420,10281,2014-03-03,2,0,0,0,3,True
USE09421,10281,2014-03-04,13,0,0,0,5,True
USE09422,10281,2014-03-05,0,0,5,0,6,True
USE09423,10281,2014-03-06,0,4,2,0,2,True
USE09424,10281,2014-03-07,4,1,0,5,7,True
USE09425,10281,2014-03-08,0,0,0,0,0,False
USE09426,10281,2014-03-09,0,0,0,0,0,False
USE09427,10281,2014-03-10,6,0,5,0,9,True
USE09428,10281,2014-03-11,4,0,8,0,0,True
USE09429,10281,2014-03-12,0,1,0,0,5,True
USE09430,10281,2014-03-13,0,1,7,0,8,True
USE09431,10281,2014-03-14,4,0,3,0,0,True
USE09432,10281,2014-03-15,1,0,0,0,0,False
USE09433,10281,2014-03-16,0,0,0,0,0,False
USE09434,10281,2014-03-17,8,0,5,0,0,True
USE09435,10281,2014-03-18,0,4,3,0,4,True
USE09436,10281,2014-03-19,6,1,7,0,10,True
USE09437,10281,2014-03-20,5,5,0,0,8,True
USE09438,10281,2014-03-21,0,0,5,0,8,True
USE09439,10281,2014-03-22,0,0,0,0,0,False
USE09440,10281,2014-03-23,0,0,0,0,0,False
USE09441,10281,2014-03-24,8,3,4,0,0,True
USE09442,10281,2014-03-25,9,8,2,0,7,True
USE09443,10281,2014-03-26,9,5,6,0,8,True
USE09444,10281,2014-03-27,6,4,6,5,0,True
USE09445,10281,2014-03-28,6,3,0,0,0,True
USE09446,10281,2014-03-29,0,0,2,0,0,False
USE09447,10281,2014-03-30,0,1,1,0,3,True
USE09448,10281,2014-03-31,0,4,0,0,0,False
USE09449,10281,2014-04-01,4,0,2,0,8,True
USE09450,10281,2014-04-02,5,0,0,0,6,True
USE09451,10041,2015-01-05,0,0,0,0,0,False
USE09452,10041,2015-01-06,0,0,0,0,0,False
USE09453,10041,2015-01-07,0,2,0,0,0,False
USE09454,10041,2015-01-08,0,0,0,0,0,False
USE09455,10041,2015-01-09,0,0,0,0,0,False
USE09456,10041,2015-01-10,0,0,0,0,0,False
USE09457,10041,2015-01-11,0,0,0,0,0,False
USE09458,10041,2015-01-12,0,0,0,0,0,False
USE09459,10041,2015-01-13,0,0,0,0,0,False
USE09460,10041,2015-01-14,4,0,0,0,4,True
USE09461,10041,2015-01-15,0,0,0,0,0,False
USE09462,10041,2015-01-16,0,0,0,1,7,True
USE09463,10041,2015-01-17,0,0,0,0,0,False
USE09464,10041,2015-01-18,0,0,0,0,0,False
USE09465,10041,2015-01-19,0,0,0,0,0,False
USE09466,10041,2015-01-20,0,0,0,0,5,False
USE09467,10041,2015-01-21,0,0,0,0,6,False
USE09468,10041,2015-01-22,0,0,0,0,4,False
USE09469,10041,2015-01-23,5,2,0,0,4,True
USE09470,10041,2015-01-24,0,0,1,0,2,True
USE09471,10041,2015-01-25,0,0,0,0,0,False
USE09472,10041,2015-01-26,5,0,0,0,0,False
USE09473,10041,2015-01-27,0,0,0,2,6,True
USE09474,10041,2015-01-28,0,0,0,0,4,False
USE09475,10041,2015-01-29,0,0,6,0,0,False
USE09476,10041,2015-01-30,4,0,0,0,0,False
USE09477,10041,2015-01-31,0,0,0,0,3,False
USE09478,10041,2015-02-01,0,0,0,3,4,True
USE09479,10041,2015-02-02,15,0,0,0,6,True
USE09480,10041,2015-02-03,0,0,0,0,0,False
USE09481,10041,2015-02-04,6,0,0,0,14,True
USE09482,10041,2015-02-05,7,2,0,0,7,True
USE09483,10041,2015-02-06,3,0,0,0,10,True
USE09484,10041,2015-02-07,0,0,0,0,0,False
USE09485,10041,2015-02-08,0,0,0,0,5,False
USE09486,10041,2015-02-09,10,0,0,6,6,True
USE09487,10041,2015-02-10,1,2,0,0,8,True
USE09488,10041,2015-02-11,7,6,0,5,0,True
USE09489,10041,2015-02-12,7,8,0,9,8,True
USE09490,10041,2015-02-13,5,3,0,0,9,True
USE09491,10041,2015-02-14,0,0,0,0,0,False
USE09492,10041,2015-02-15,5,0,0,0,0,False
USE09493,10041,2015-02-16,12,0,0,0,7,True
USE09494,10041,2015-02-17,0,0,0,0,6,False
USE09495,10041,2015-02-18,0,6,0,0,0,False
USE09496,10148,2011-02-07,1,0,0,0,0,False
USE09497,10148,2011-02-08,0,0,0,0,6,False
USE09498,10148,2011-02-09,0,0,0,0,0,False
USE09499,10148,2011-02-10,0,0,1,0,2,True
USE09500,10148,2011-02-11,0,0,0,0,2,False
USE09501,10148,2011-02-12,0,0,0,0,0,False
USE09502,10148,2011-02-13,0,0,0,0,0,False
USE09503,10148,2011-02-14,0,0,0,2,3,True
USE09504,10148,2011-02-15,0,0,0,0,0,False
USE09505,10148,2011-02-16,5,0,0,6,8,True
USE09506,10148,2011-02-17,3,0,0,0,0,False
USE09507,10148,2011-02-18,0,0,0,4,1,True
USE09508,10148,2011-02-19,0,0,0,0,0,False
USE09509,10148,2011-02-20,0,0,0,0,0,False
USE09510,10148,2011-02-21,5,0,0,0,7,True
USE09511,10148,2011-02-22,4,2,0,0,0,True
USE09512,10148,2011-02-23,0,3,2,0,5,True
USE09513,10148,2011-02-24,5,1,0,0,0,True
USE09514,10148,2011-02-25,3,0,0,0,0,False
USE09515,10148,2011-02-26,0,0,3,0,0,False
USE09516,10148,2011-02-27,0,0,0,0,0,False
USE09517,10148,2011-02-28,0,0,5,0,0,False
USE09518,10148,2011-03-01,0,3,0,2,0,True
USE09519,10148,2011-03-02,8,0,3,0,0,True
USE09520,10148,2011-03-03,3,3,4,0,8,True
USE09521,10148,2011-03-04,8,0,0,4,0,True
USE09522,10148,2011-03-05,0,0,0,0,0,False
USE09523,10148,2011-03-06,0,0,5,0,0,False
USE09524,10148,2011-03-07,0,3,6,0,8,True
USE09525,10148,2011-03-08,13,2,6,0,0,True
USE09526,10148,2011-03-09,0,0,2,0,0,False
USE09527,10148,2011-03-10,4,4,0,0,2,True
USE09528,10148,2011-03-11,6,0,10,0,8,True
USE09529,10148,2011-03-12,0,0,0,0,0,False
USE09530,10148,2011-03-13,0,0,0,0,0,False
USE09531,10148,2011-03-14,0,0,0,0,0,False
USE09532,10148,2011-03-15,7,6,5,0,11,True
USE09533,10148,2011-03-16,6,5,11,6,7,True
USE09534,10148,2011-03-17,8,2,9,0,0,True
USE09535,10148,2011-03-18,13,2,0,0,7,True
USE09536,10148,2011-03-19,2,3,0,0,0,True
USE09537,10148,2011-03-20,0,2,0,0,0,False
USE09538,10148,2011-03-21,7,6,6,0,12,True
USE09539,10148,2011-03-22,0,2,8,0,0,True
USE09540,10148,2011-03-23,0,3,0,7,0,True
USE09541,10005,2011-11-07,0,0,0,0,0,False
USE09542,10005,2011-11-08,0,0,0,0,0,False
USE09543,10005,2011-11-09,0,0,4,0,0,False
USE09544,10005,2011-11-10,0,0,0,0,0,False
USE09545,10005,2011-11-11,0,0,0,0,0,False
USE09546,10005,2011-11-12,0,0,0,0,0,False
USE09547,10005,2011-11-13,0,0,0,0,0,False
USE09548,10005,2011-11-14,0,1,0,0,0,False
USE09549,10005,2011-11-15,0,2,0,4,0,True
USE09550,10005,2011-11-16,5,0,0,0,5,True
USE09551,10005,2011-11-17,0,3,3,2,0,True
USE09552,10005,2011-11-18,0,0,2,0,2,True
USE09553,10005,2011-11-19,0,0,1,0,0,False
USE09554,10005,2011-11-20,0,0,0,0,0,False
USE09555,10005,2011-11-21,0,1,0,0,0,False
USE09556,10005,2011-11-22,0,4,0,3,0,True
USE09557,10005,2011-11-23,0,1,4,0,9,True
USE09558,10005,2011-11-24,7,0,2,0,0,True
USE09559,10005,2011-11-25,3,0,0,0,0,False
USE09560,10005,2011-11-26,0,0,3,0,0,False
USE09561,10005,2011-11-27,0,0,0,0,0,False
USE09562,10005,2011-11-28,6,1,0,0,7,True
USE09563,10005,2011-11-29,0,2,1,0,5,True
USE09564,10005,2011-11-30,0,4,6,3,8,True
USE09565,10005,2011-12-01,8,4,0,0,5,True
USE09566,10005,2011-12-02,9,3,1,0,0,True
USE09567,10005,2011-12-03,0,0,0,0,0,False
USE09568,10005,2011-12-04,0,0,0,0,0,False
USE09569,10005,2011-12-05,3,4,0,0,10,True
USE09570,10005,2011-12-06,7,3,0,4,11,True
USE09571,10005,2011-12-07,3,1,5,0,7,True
USE09572,10005,2011-12-08,11,0,0,0,5,True
USE09573,10005,2011-12-09,8,3,3,0,3,True
USE09574,10005,2011-12-10,2,0,0,0,0,False
USE09575,10005,2011-12-11,0,1,0,0,5,True
USE09576,10005,2011-12-12,6,6,4,0,7,True
USE09577,10005,2011-12-13,6,4,6,0,0,True
USE09578,10005,2011-12-14,6,4,2,5,7,True
USE09579,10005,2011-12-15,0,6,3,0,8,True
USE09580,10005,2011-12-16,0,3,4,0,0,True
USE09581,10005,2011-12-17,1,0,0,0,6,True
USE09582,10005,2011-12-18,4,0,0,0,0,False
USE09583,10005,2011-12-19,10,3,5,0,0,True
USE09584,10005,2011-12-20,0,0,10,0,7,True
USE09585,10005,2011-12-21,7,4,0,7,14,True
USE09586,10259,2014-12-01,0,0,0,0,0,False
USE09587,10259,2014-12-02,0,0,0,0,0,False
USE09588,10259,2014-12-03,0,0,0,0,0,False
USE09589,10259,2014-12-04,0,1,0,0,0,False
USE09590,10259,2014-12-05,0,2,0,0,0,False
USE09591,10259,2014-12-06,0,0,0,1,0,False
USE09592,10259,2014-12-07,0,0,0,0,0,False
USE09593,10259,2014-12-08,0,0,0,0,0,False
USE09594,10259,2014-12-09,2,0,3,0,0,True
USE09595,10259,2014-12-10,0,0,0,0,0,False
USE09596,10259,2014-12-11,7,1,0,0,0,True
USE09597,10259,2014-12-12,0,0,2,0,0,False
USE09598,10259,2014-12-13,0,0,1,0,0,False
USE09599,10259,2014-12-14,0,0,0,0,0,False
USE09600,10259,2014-12-15,0,0,4,0,0,False
USE09601,10259,2014-12-16,4,3,0,0,0,True
USE09602,10259,2014-12-17,2,0,4,0,0,True
USE09603,10259,2014-12-18,5,0,2,0,7,True
USE09604,10259,2014-12-19,3,0,5,1,0,True
USE09605,10259,2014-12-20,0,0,0,0,0,False
USE09606,10259,2014-12-21,0,0,1,0,0,False
USE09607,10259,2014-12-22,5,6,0,0,6,True
USE09608,10259,2014-12-23,11,0,2,0,13,True
USE09609,10259,2014-12-24,7,4,5,0,0,True
USE09610,10259,2014-12-25,12,3,4,0,0,True
USE09611,10259,2014-12-26,4,1,2,0,0,True
USE09612,10259,2014-12-27,0,2,0,0,0,False
USE09613,10259,2014-12-28,0,0,2,0,0,False
USE09614,10259,2014-12-29,6,4,3,0,0,True
USE09615,10259,2014-12-30,4,0,0,0,0,False
USE09616,10259,2014-12-31,0,4,0,5,0,True
USE09617,10259,2015-01-01,0,0,7,0,8,True
USE09618,10259,2015-01-02,0,0,0,0,0,False
USE09619,10259,2015-01-03,0,2,0,0,0,False
USE09620,10259,2015-01-04,4,0,0,0,5,True
USE09621,10259,2015-01-05,7,6,4,6,2,True
USE09622,10259,2015-01-06,4,4,7,6,6,True
USE09623,10259,2015-01-07,11,2,4,0,0,True
USE09624,10259,2015-01-08,5,1,6,0,0,True
USE09625,10259,2015-01-09,9,2,6,5,9,True
USE09626,10259,2015-01-10,2,0,0,0,0,False
USE09627,10259,2015-01-11,3,0,1,0,0,True
USE09628,10259,2015-01-12,6,1,3,0,0,True
USE09629,10259,2015-01-13,7,0,3,0,0,True
USE09630,10259,2015-01-14,8,7,2,5,0,True
USE09631,10286,2011-01-10,0,0,0,0,0,False
USE09632,10286,2011-01-11,1,0,0,0,0,False
USE09633,10286,2011-01-12,0,0,0,0,0,False
USE09634,10286,2011-01-13,0,0,0,0,0,False
USE09635,10286,2011-01-14,0,0,0,0,0,False
USE09636,10286,2011-01-15,0,0,0,0,0,False
USE09637,10286,2011-01-16,0,0,0,0,0,False
USE09638,10286,2011-01-17,0,0,0,0,0,False
USE09639,10286,2011-01-18,0,0,0,0,0,False
USE09640,10286,2011-01-19,0,0,0,0,1,False
USE09641,10286,2011-01-20,3,0,0,0,0,False
USE09642,10286,2011-01-21,8,2,0,0,0,True
USE09643,10286,2011-01-22,0,0,2,0,0,False
USE09644,10286,2011-01-23,0,0,2,0,0,False
USE09645,10286,2011-01-24,0,3,3,0,0,True
USE09646,10286,2011-01-25,7,7,2,0,0,True
USE09647,10286,2011-01-26,2,0,2,0,0,True
USE09648,10286,2011-01-27,3,0,2,0,0,True
USE09649,10286,2011-01-28,3,0,0,0,0,False
USE09650,10286,2011-01-29,0,0,0,0,0,False
USE09651,10286,2011-01-30,0,0,0,0,0,False
USE09652,10286,2011-01-31,0,2,0,0,0,False
USE09653,10286,2011-02-01,9,0,5,0,5,True
USE09654,10286,2011-02-02,4,6,2,0,6,True
USE09655,10286,2011-02-03,0,3,8,0,8,True
USE09656,10286,2011-02-04,6,4,0,0,0,True
USE09657,10286,2011-02-05,0,0,0,0,0,False
USE09658,10286,2011-02-06,5,0,0,0,0,False
USE09659,10286,2011-02-07,4,0,0,0,0,False
USE09660,10286,2011-02-08,9,2,7,0,0,True
USE09661,10286,2011-02-09,7,4,4,0,0,True
USE09662,10286,2011-02-10,4,4,4,0,0,True
USE09663,10286,2011-02-11,6,0,5,0,3,True
USE09664,10286,2011-02-12,3,0,0,0,0,False
USE09665,10286,2011-02-13,0,1,0,0,0,False
USE09666,10286,2011-02-14,7,0,0,0,6,True
USE09667,10286,2011-02-15,13,3,3,4,0,True
USE09668,10286,2011-02-16,13,4,0,5,12,True
USE09669,10286,2011-02-17,0,10,5,7,10,True
USE09670,10286,2011-02-18,11,4,6,0,0,True
USE09671,10286,2011-02-19,4,5,0,0,0,True
USE09672,10286,2011-02-20,0,0,0,0,0,False
USE09673,10286,2011-02-21,0,5,3,5,8,True
USE09674,10286,2011-02-22,10,2,5,0,0,True
USE09675,10286,2011-02-23,13,4,5,0,0,True
USE09676,10297,2011-07-05,0,0,1,0,0,False
USE09677,10297,2011-07-06,0,0,0,0,0,False
USE09678,10297,2011-07-07,0,0,0,0,0,False
USE09679,10297,2011-07-08,2,0,0,0,0,False
USE09680,10297,2011-07-09,0,1,0,0,0,False
USE09681,10297,2011-07-10,1,0,0,0,0,False
USE09682,10297,2011-07-11,0,0,0,0,0,False
USE09683,10297,2011-07-12,0,0,0,0,5,False
USE09684,10297,2011-07-13,0,3,0,0,0,False
USE09685,10297,2011-07-14,0,1,0,0,0,False
USE09686,10297,2011-07-15,3,0,0,3,0,True
USE09687,10297,2011-07-16,0,0,0,0,0,False
USE09688,10297,2011-07-17,0,0,0,0,0,False
USE09689,10297,2011-07-18,4,1,0,0,0,True
USE09690,10297,2011-07-19,5,0,0,3,0,True
USE09691,10297,2011-07-20,0,4,0,0,4,True
USE09692,10297,2011-07-21,0,2,0,0,3,True
USE09693,10297,2011-07-22,0,1,0,0,7,True
USE09694,10297,2011-07-23,0,0,0,0,0,False
USE09695,10297,2011-07-24,0,0,0,0,1,False
USE09696,10297,2011-07-25,5,0,3,2,7,True
USE09697,10297,2011-07-26,0,4,4,0,0,True
USE09698,10297,2011-07-27,6,2,2,0,7,True
USE09699,10297,2011-07-28,0,0,0,0,0,False
USE09700,10297,2011-07-29,9,1,4,0,10,True
USE09701,10297,2011-07-30,0,0,0,0,0,False
USE09702,10297,2011-07-31,4,0,0,0,0,False
USE09703,10297,2011-08-01,1,7,0,0,6,True
USE09704,10297,2011-08-02,0,2,9,0,0,True
USE09705,10297,2011-08-03,9,5,4,0,0,True
USE09706,10297,2011-08-04,5,0,9,0,6,True
USE09707,10297,2011-08-05,3,0,3,0,8,True
USE09708,10297,2011-08-06,0,0,0,0,0,False
USE09709,10297,2011-08-07,0,0,0,0,0,False
USE09710,10297,2011-08-08,7,2,10,2,0,True
USE09711,10297,2011-08-09,5,4,0,0,0,True
USE09712,10297,2011-08-10,12,0,5,0,6,True
USE09713,10297,2011-08-11,0,0,4,0,0,False
USE09714,10297,2011-08-12,13,5,2,8,0,True
USE09715,10297,2011-08-13,0,0,2,0,2,True
USE09716,10297,2011-08-14,0,0,0,0,0,False
USE09717,10297,2011-08-15,8,4,5,0,9,True
USE09718,10297,2011-08-16,7,4,6,0,0,True
USE09719,10297,2011-08-17,0,0,5,0,7,True
USE09720,10297,2011-08-18,9,6,3,0,8,True
USE09721,10171,2011-05-16,0,0,0,0,0,False
USE09722,10171,2011-05-17,0,0,1,0,0,False
USE09723,10171,2011-05-18,3,1,0,0,0,True
USE09724,10171,2011-05-19,0,5,0,0,0,False
USE09725,10171,2011-05-20,0,0,0,0,0,False
USE09726,10171,2011-05-21,0,0,0,0,0,False
USE09727,10171,2011-05-22,0,0,0,0,0,False
USE09728,10171,2011-05-23,0,0,0,2,0,False
USE09729,10171,2011-05-24,0,2,1,0,7,True
USE09730,10171,2011-05-25,3,0,0,0,2,True
USE09731,10171,2011-05-26,0,0,1,0,4,True
USE09732,10171,2011-05-27,0,0,4,0,4,True
USE09733,10171,2011-05-28,1,0,0,0,0,False
USE09734,10171,2011-05-29,0,0,0,0,0,False
USE09735,10171,2011-05-30,3,0,2,0,0,True
USE09736,10171,2011-05-31,0,0,4,0,3,True
USE09737,10171,2011-06-01,0,0,1,0,1,True
USE09738,10171,2011-06-02,0,1,7,0,0,True
USE09739,10171,2011-06-03,1,0,3,0,0,True
USE09740,10171,2011-06-04,0,0,0,0,0,False
USE09741,10171,2011-06-05,0,0,0,0,0,False
USE09742,10171,2011-06-06,5,2,4,1,0,True
USE09743,10171,2011-06-07,8,3,4,0,0,True
USE09744,10171,2011-06-08,6,2,8,0,0,True
USE09745,10171,2011-06-09,7,5,0,0,9,True
USE09746,10171,2011-06-10,4,5,0,0,2,True
USE09747,10171,2011-06-11,0,0,2,0,0,False
USE09748,10171,2011-06-12,0,0,0,2,0,False
USE09749,10171,2011-06-13,2,0,5,3,8,True
USE09750,10171,2011-06-14,9,5,4,4,0,True
USE09751,10171,2011-06-15,4,0,5,0,0,True
USE09752,10171,2011-06-16,0,6,8,0,7,True
USE09753,10171,2011-06-17,0,4,7,0,6,True
USE09754,10171,2011-06-18,0,0,1,0,0,False
USE09755,10171,2011-06-19,0,2,0,0,0,False
USE09756,10171,2011-06-20,6,0,0,0,0,False
USE09757,10171,2011-06-21,7,0,3,0,0,True
USE09758,10171,2011-06-22,8,2,0,0,0,True
USE09759,10171,2011-06-23,7,6,5,0,0,True
USE09760,10171,2011-06-24,7,3,5,0,10,True
USE09761,10171,2011-06-25,1,2,0,0,0,True
USE09762,10171,2011-06-26,5,0,0,0,0,False
USE09763,10171,2011-06-27,0,0,0,0,6,False
USE09764,10171,2011-06-28,6,3,6,0,4,True
USE09765,10171,2011-06-29,4,6,7,2,7,True
USE09766,10032,2011-05-16,0,0,0,0,0,False
USE09767,10032,2011-05-17,0,0,0,6,0,False
USE09768,10032,2011-05-18,0,0,0,0,4,False
USE09769,10032,2011-05-19,0,0,3,0,0,False
USE09770,10032,2011-05-20,0,0,3,0,0,False
USE09771,10032,2011-05-21,0,0,0,0,0,False
USE09772,10032,2011-05-22,0,0,0,0,0,False
USE09773,10032,2011-05-23,0,0,0,0,0,False
USE09774,10032,2011-05-24,0,0,0,0,0,False
USE09775,10032,2011-05-25,0,3,0,2,0,True
USE09776,10032,2011-05-26,0,0,0,0,0,False
USE09777,10032,2011-05-27,0,0,0,0,0,False
USE09778,10032,2011-05-28,0,0,0,0,0,False
USE09779,10032,2011-05-29,0,0,0,0,0,False
USE09780,10032,2011-05-30,0,2,0,0,0,False
USE09781,10032,2011-05-31,3,0,2,0,0,True
USE09782,10032,2011-06-01,0,4,0,0,0,False
USE09783,10032,2011-06-02,6,0,0,0,0,False
USE09784,10032,2011-06-03,4,0,5,0,0,True
USE09785,10032,2011-06-04,0,0,0,0,0,False
USE09786,10032,2011-06-05,1,0,0,0,0,False
USE09787,10032,2011-06-06,10,0,5,0,0,True
USE09788,10032,2011-06-07,0,0,6,0,0,False
USE09789,10032,2011-06-08,4,2,5,5,4,True
USE09790,10032,2011-06-09,0,2,3,0,0,True
USE09791,10032,2011-06-10,0,3,5,0,11,True
USE09792,10032,2011-06-11,1,1,0,0,4,True
USE09793,10032,2011-06-12,0,0,0,0,0,False
USE09794,10032,2011-06-13,0,0,6,0,0,False
USE09795,10032,2011-06-14,7,2,7,7,0,True
USE09796,10032,2011-06-15,3,3,0,0,7,True
USE09797,10032,2011-06-16,3,4,4,0,0,True
USE09798,10032,2011-06-17,11,3,0,0,0,True
USE09799,10032,2011-06-18,0,0,3,0,2,True
USE09800,10032,2011-06-19,2,0,2,0,0,True
USE09801,10032,2011-06-20,6,3,8,0,0,True
USE09802,10032,2011-06-21,7,3,4,0,0,True
USE09803,10032,2011-06-22,9,4,0,0,8,True
USE09804,10032,2011-06-23,9,2,6,4,13,True
USE09805,10032,2011-06-24,8,8,1,0,0,True
USE09806,10032,2011-06-25,0,0,5,0,0,False
USE09807,10032,2011-06-26,0,0,0,0,0,False
USE09808,10032,2011-06-27,7,4,4,0,0,True
USE09809,10032,2011-06-28,6,7,0,0,0,True
USE09810,10032,2011-06-29,0,5,0,0,12,True
USE09811,10130,2010-10-25,0,0,0,0,1,False
USE09812,10130,2010-10-26,1,0,0,0,2,True
USE09813,10130,2010-10-27,3,0,0,0,0,False
USE09814,10130,2010-10-28,0,0,0,0,0,False
USE09815,10130,2010-10-29,2,0,0,0,0,False
USE09816,10130,2010-10-30,0,0,0,0,0,False
USE09817,10130,2010-10-31,0,0,0,0,0,False
USE09818,10130,2010-11-01,1,0,0,0,0,False
USE09819,10130,2010-11-02,0,0,0,0,0,False
USE09820,10130,2010-11-03,2,0,0,0,0,False
USE09821,10130,2010-11-04,2,0,0,0,0,False
USE09822,10130,2010-11-05,7,0,0,2,3,True
USE09823,10130,2010-11-06,0,0,0,0,0,False
USE09824,10130,2010-11-07,0,0,0,0,0,False
USE09825,10130,2010-11-08,0,0,0,6,0,False
USE09826,10130,2010-11-09,0,0,0,0,8,False
USE09827,10130,2010-11-10,0,0,0,0,0,False
USE09828,10130,2010-11-11,8,0,0,0,8,True
USE09829,10130,2010-11-12,0,0,1,0,6,True
USE09830,10130,2010-11-13,0,0,0,0,0,False
USE09831,10130,2010-11-14,0,2,0,0,2,True
USE09832,10130,2010-11-15,0,0,2,0,0,False
USE09833,10130,2010-11-16,0,0,0,5,0,False
USE09834,10130,2010-11-17,0,0,0,0,0,False
USE09835,10130,2010-11-18,0,0,0,0,5,False
USE09836,10130,2010-11-19,8,0,0,5,4,True
USE09837,10130,2010-11-20,0,0,0,0,0,False
USE09838,10130,2010-11-21,5,1,0,0,0,True
USE09839,10130,2010-11-22,5,3,0,0,0,True
USE09840,10130,2010-11-23,3,0,0,5,0,True
USE09841,10130,2010-11-24,5,0,0,4,10,True
USE09842,10130,2010-11-25,0,0,0,5,7,True
USE09843,10130,2010-11-26,0,0,0,0,8,False
USE09844,10130,2010-11-27,0,0,0,0,0,False
USE09845,10130,2010-11-28,0,3,0,0,0,False
USE09846,10130,2010-11-29,8,3,0,0,5,True
USE09847,10130,2010-11-30,8,2,0,0,4,True
USE09848,10130,2010-12-01,0,0,0,0,5,False
USE09849,10130,2010-12-02,0,0,0,0,0,False
USE09850,10130,2010-12-03,0,0,2,0,12,True
USE09851,10130,2010-12-04,0,0,0,0,0,False
USE09852,10130,2010-12-05,0,0,0,0,0,False
USE09853,10130,2010-12-06,0,0,0,4,4,True
USE09854,10130,2010-12-07,0,7,0,0,0,False
USE09855,10130,2010-12-08,0,3,0,2,7,True
USE09856,10217,2012-04-02,0,0,0,0,0,False
USE09857,10217,2012-04-03,0,0,0,0,5,False
USE09858,10217,2012-04-04,0,0,0,0,0,False
USE09859,10217,2012-04-05,0,4,0,0,0,False
USE09860,10217,2012-04-06,0,0,0,0,0,False
USE09861,10217,2012-04-07,0,0,2,0,0,False
USE09862,10217,2012-04-08,0,0,0,0,0,False
USE09863,10217,2012-04-09,0,0,4,0,0,False
USE09864,10217,2012-04-10,0,0,5,0,0,False
USE09865,10217,2012-04-11,2,0,3,0,0,True
USE09866,10217,2012-04-12,4,0,1,0,0,True
USE09867,10217,2012-04-13,0,2,4,0,0,True
USE09868,10217,2012-04-14,0,0,0,0,0,False
USE09869,10217,2012-04-15,0,0,1,0,0,False
USE09870,10217,2012-04-16,0,0,3,0,0,False
USE09871,10217,2012-04-17,0,0,3,0,0,False
USE09872,10217,2012-04-18,4,4,1,0,0,True
USE09873,10217,2012-04-19,0,0,4,0,9,True
USE09874,10217,2012-04-20,0,6,4,0,0,True
USE09875,10217,2012-04-21,0,0,1,0,0,False
USE09876,10217,2012-04-22,0,0,0,0,0,False
USE09877,10217,2012-04-23,5,4,0,0,0,True
USE09878,10217,2012-04-24,0,3,7,0,0,True
USE09879,10217,2012-04-25,5,5,0,0,10,True
USE09880,10217,2012-04-26,0,0,4,0,0,False
USE09881,10217,2012-04-27,3,3,8,0,0,True
USE09882,10217,2012-04-28,2,0,0,0,0,False
USE09883,10217,2012-04-29,2,0,0,0,0,False
USE09884,10217,2012-04-30,4,0,2,0,13,True
USE09885,10217,2012-05-01,5,6,2,4,0,True
USE09886,10217,2012-05-02,0,4,4,0,7,True
USE09887,10217,2012-05-03,9,5,0,0,5,True
USE09888,10217,2012-05-04,4,0,8,0,9,True
USE09889,10217,2012-05-05,1,0,0,0,0,False
USE09890,10217,2012-05-06,0,1,0,0,0,False
USE09891,10217,2012-05-07,14,4,5,0,4,True
USE09892,10217,2012-05-08,4,0,4,5,7,True
USE09893,10217,2012-05-09,0,5,0,0,0,False
USE09894,10217,2012-05-10,8,5,0,0,0,True
USE09895,10217,2012-05-11,3,3,5,0,0,True
USE09896,10217,2012-05-12,0,0,0,0,0,False
USE09897,10217,2012-05-13,3,0,1,3,0,True
USE09898,10217,2012-05-14,3,6,11,0,9,True
USE09899,10217,2012-05-15,6,5,4,0,8,True
USE09900,10217,2012-05-16,8,2,3,0,0,True
USE09901,10016,2014-11-10,0,0,2,0,0,False
USE09902,10016,2014-11-11,0,0,0,0,0,False
USE09903,10016,2014-11-12,0,1,0,0,0,False
USE09904,10016,2014-11-13,2,0,0,0,0,False
USE09905,10016,2014-11-14,2,0,5,0,0,True
USE09906,10016,2014-11-15,0,0,0,0,0,False
USE09907,10016,2014-11-16,0,0,0,0,0,False
USE09908,10016,2014-11-17,0,0,0,0,0,False
USE09909,10016,2014-11-18,0,0,1,5,0,True
USE09910,10016,2014-11-19,0,0,0,0,0,False
USE09911,10016,2014-11-20,0,1,0,0,4,True
USE09912,10016,2014-11-21,0,0,0,0,4,False
USE09913,10016,2014-11-22,0,0,0,0,0,False
USE09914,10016,2014-11-23,0,0,0,0,0,False
USE09915,10016,2014-11-24,0,3,4,0,0,True
USE09916,10016,2014-11-25,5,3,0,3,0,True
USE09917,10016,2014-11-26,0,0,2,0,0,False
USE09918,10016,2014-11-27,0,5,0,0,0,False
USE09919,10016,2014-11-28,0,0,2,0,8,True
USE09920,10016,2014-11-29,0,0,0,0,2,False
USE09921,10016,2014-11-30,0,0,0,0,0,False
USE09922,10016,2014-12-01,5,2,1,0,0,True
USE09923,10016,2014-12-02,6,5,0,2,0,True
USE09924,10016,2014-12-03,5,0,0,0,0,False
USE09925,10016,2014-12-04,5,6,2,0,10,True
USE09926,10016,2014-12-05,0,4,4,0,6,True
USE09927,10016,2014-12-06,0,0,0,0,5,False
USE09928,10016,2014-12-07,0,0,0,0,0,False
USE09929,10016,2014-12-08,10,6,3,0,0,True
USE09930,10016,2014-12-09,5,5,5,0,0,True
USE09931,10016,2014-12-10,6,8,3,0,0,True
USE09932,10016,2014-12-11,7,0,5,0,11,True
USE09933,10016,2014-12-12,0,4,5,0,11,True
USE09934,10016,2014-12-13,0,0,0,0,0,False
USE09935,10016,2014-12-14,0,2,0,0,0,False
USE09936,10016,2014-12-15,10,0,5,7,6,True
USE09937,10016,2014-12-16,6,1,8,0,0,True
USE09938,10016,2014-12-17,11,2,3,10,0,True
USE09939,10016,2014-12-18,7,4,0,3,4,True
USE09940,10016,2014-12-19,3,4,4,0,10,True
USE09941,10016,2014-12-20,0,0,3,0,0,False
USE09942,10016,2014-12-21,0,0,0,0,0,False
USE09943,10016,2014-12-22,0,5,0,0,10,True
USE09944,10016,2014-12-23,0,4,6,0,10,True
USE09945,10016,2014-12-24,8,4,7,4,11,True
USE09946,10050,2011-07-05,0,0,0,0,0,False
USE09947,10050,2011-07-06,0,0,0,0,0,False
USE09948,10050,2011-07-07,0,0,1,0,0,False
USE09949,10050,2011-07-08,0,0,0,0,0,False
USE09950,10050,2011-07-09,2,0,0,0,0,False
USE09951,10050,2011-07-10,0,0,0,0,0,False
USE09952,10050,2011-07-11,0,0,0,0,0,False
USE09953,10050,2011-07-12,4,0,0,0,0,False
USE09954,10050,2011-07-13,0,0,0,0,0,False
USE09955,10050,2011-07-14,0,0,2,0,0,False
USE09956,10050,2011-07-15,0,0,0,0,0,False
USE09957,10050,2011-07-16,0,0,3,0,3,True
USE09958,10050,2011-07-17,0,0,0,0,0,False
USE09959,10050,2011-07-18,2,0,0,0,0,False
USE09960,10050,2011-07-19,0,0,0,2,0,False
USE09961,10050,2011-07-20,0,5,0,0,10,True
USE09962,10050,2011-07-21,0,5,2,0,0,True
USE09963,10050,2011-07-22,4,0,1,5,4,True
USE09964,10050,2011-07-23,0,0,0,2,2,True
USE09965,10050,2011-07-24,0,0,0,0,0,False
USE09966,10050,2011-07-25,6,0,5,6,0,True
USE09967,10050,2011-07-26,3,0,2,6,0,True
USE09968,10050,2011-07-27,7,0,4,3,0,True
USE09969,10050,2011-07-28,7,0,0,0,0,False
USE09970,10050,2011-07-29,9,0,7,5,0,True
USE09971,10050,2011-07-30,0,3,1,0,5,True
USE09972,10050,2011-07-31,0,0,0,0,3,False
USE09973,10050,2011-08-01,6,1,4,0,6,True
USE09974,10050,2011-08-02,0,1,6,0,8,True
USE09975,10050,2011-08-03,4,0,5,0,0,True
USE09976,10050,2011-08-04,13,0,0,0,11,True
USE09977,10050,2011-08-05,0,2,3,0,15,True
USE09978,10050,2011-08-06,0,3,0,1,0,True
USE09979,10050,2011-08-07,0,1,0,3,0,True
USE09980,10050,2011-08-08,4,6,5,0,0,True
USE09981,10050,2011-08-09,7,3,0,0,7,True
USE09982,10050,2011-08-10,9,9,0,0,0,True
USE09983,10050,2011-08-11,0,10,1,4,3,True
USE09984,10050,2011-08-12,7,4,13,0,0,True
USE09985,10050,2011-08-13,0,1,0,0,0,False
USE09986,10050,2011-08-14,6,0,4,0,0,True
USE09987,10050,2011-08-15,0,0,5,0,5,True
USE09988,10050,2011-08-16,6,6,5,0,8,True
USE09989,10050,2011-08-17,10,3,3,0,11,True
USE09990,10050,2011-08-18,5,1,7,0,10,True
USE09991,10164,2007-11-05,0,0,2,0,0,False
USE09992,10164,2007-11-06,1,0,0,0,0,False
USE09993,10164,2007-11-07,0,0,1,0,0,False
USE09994,10164,2007-11-08,0,0,0,0,0,False
USE09995,10164,2007-11-09,0,0,5,0,0,False
USE09996,10164,2007-11-10,0,0,0,0,0,False
USE09997,10164,2007-11-11,0,0,0,0,1,False
USE09998,10164,2007-11-12,4,2,1,0,5,True
USE09999,10164,2007-11-13,0,0,0,0,0,False
USE10000,10164,2007-11-14,0,2,0,0,0,False
USE10001,10164,2007-11-15,6,0,0,0,0,False
USE10002,10164,2007-11-16,0,0,0,0,3,False
USE10003,10164,2007-11-17,0,0,0,0,0,False
USE10004,10164,2007-11-18,0,0,0,0,0,False
USE10005,10164,2007-11-19,0,0,5,2,0,True
USE10006,10164,2007-11-20,0,3,2,0,0,True
USE10007,10164,2007-11-21,5,0,0,0,0,False
USE10008,10164,2007-11-22,3,3,5,0,0,True
USE10009,10164,2007-11-23,8,0,0,0,10,True
USE10010,10164,2007-11-24,0,0,0,0,0,False
USE10011,10164,2007-11-25,4,0,0,0,4,True
USE10012,10164,2007-11-26,4,3,0,0,10,True
USE10013,10164,2007-11-27,0,3,5,0,0,True
USE10014,10164,2007-11-28,9,0,0,0,0,False
USE10015,10164,2007-11-29,6,2,3,0,0,True
USE10016,10164,2007-11-30,0,3,8,0,6,True
USE10017,10164,2007-12-01,5,2,0,0,0,True
USE10018,10164,2007-12-02,0,0,0,0,0,False
USE10019,10164,2007-12-03,7,0,4,3,8,True
USE10020,10164,2007-12-04,9,0,0,5,0,True
USE10021,10164,2007-12-05,10,3,6,0,0,True
USE10022,10164,2007-12-06,0,4,6,0,7,True
USE10023,10164,2007-12-07,4,7,6,0,10,True
USE10024,10164,2007-12-08,0,4,0,0,0,False
USE10025,10164,2007-12-09,1,1,0,0,0,True
USE10026,10164,2007-12-10,5,0,0,0,10,True
USE10027,10164,2007-12-11,0,3,6,4,7,True
USE10028,10164,2007-12-12,8,6,2,0,7,True
USE10029,10164,2007-12-13,7,0,2,0,0,True
USE10030,10164,2007-12-14,8,0,3,0,0,True
USE10031,10164,2007-12-15,0,1,0,0,0,False
USE10032,10164,2007-12-16,3,1,5,0,0,True
USE10033,10164,2007-12-17,0,7,0,0,0,False
USE10034,10164,2007-12-18,7,10,6,0,0,True
USE10035,10164,2007-12-19,3,3,6,0,10,True
USE10036,10124,2012-01-09,0,0,0,0,0,False
USE10037,10124,2012-01-10,0,0,0,0,0,False
USE10038,10124,2012-01-11,0,0,0,0,0,False
USE10039,10124,2012-01-12,0,0,0,0,2,False
USE10040,10124,2012-01-13,0,0,0,0,2,False
USE10041,10124,2012-01-14,0,0,0,0,0,False
USE10042,10124,2012-01-15,0,0,0,0,0,False
USE10043,10124,2012-01-16,0,0,0,0,0,False
USE10044,10124,2012-01-17,0,0,0,0,7,False
USE10045,10124,2012-01-18,7,0,0,0,6,True
USE10046,10124,2012-01-19,3,0,0,2,0,True
USE10047,10124,2012-01-20,4,0,0,3,4,True
USE10048,10124,2012-01-21,0,0,2,0,0,False
USE10049,10124,2012-01-22,3,0,0,0,0,False
USE10050,10124,2012-01-23,0,0,0,0,0,False
USE10051,10124,2012-01-24,7,0,0,0,0,False
USE10052,10124,2012-01-25,0,0,0,0,0,False
USE10053,10124,2012-01-26,2,0,0,0,0,False
USE10054,10124,2012-01-27,2,0,0,0,0,False
USE10055,10124,2012-01-28,0,0,0,0,0,False
USE10056,10124,2012-01-29,0,0,0,2,0,False
USE10057,10124,2012-01-30,2,0,0,0,2,True
USE10058,10124,2012-01-31,1,5,0,0,4,True
USE10059,10124,2012-02-01,0,2,0,0,6,True
USE10060,10124,2012-02-02,0,0,0,0,0,False
USE10061,10124,2012-02-03,6,0,0,0,4,True
USE10062,10124,2012-02-04,0,0,0,0,0,False
USE10063,10124,2012-02-05,0,0,0,0,0,False
USE10064,10124,2012-02-06,4,2,0,1,6,True
USE10065,10124,2012-02-07,7,0,0,0,8,True
USE10066,10124,2012-02-08,4,0,0,0,5,True
USE10067,10124,2012-02-09,5,0,0,2,8,True
USE10068,10124,2012-02-10,4,0,0,8,12,True
USE10069,10124,2012-02-11,4,0,0,0,3,True
USE10070,10124,2012-02-12,0,0,0,0,0,False
USE10071,10124,2012-02-13,2,4,0,0,15,True
USE10072,10124,2012-02-14,5,0,0,0,7,True
USE10073,10124,2012-02-15,4,5,0,6,10,True
USE10074,10124,2012-02-16,0,2,0,0,8,True
USE10075,10124,2012-02-17,7,0,0,8,7,True
USE10076,10124,2012-02-18,0,0,0,0,0,False
USE10077,10124,2012-02-19,0,0,0,0,4,False
USE10078,10124,2012-02-20,10,0,0,9,6,True
USE10079,10124,2012-02-21,8,0,0,4,14,True
USE10080,10124,2012-02-22,7,0,0,0,10,True
USE10081,10187,2011-05-16,0,0,0,0,0,False
USE10082,10187,2011-05-17,0,0,0,0,2,False
USE10083,10187,2011-05-18,0,0,0,0,0,False
USE10084,10187,2011-05-19,0,0,0,0,0,False
USE10085,10187,2011-05-20,0,0,0,0,0,False
USE10086,10187,2011-05-21,1,0,0,0,0,False
USE10087,10187,2011-05-22,0,0,0,0,0,False
USE10088,10187,2011-05-23,0,2,0,1,0,True
USE10089,10187,2011-05-24,0,0,0,0,8,False
USE10090,10187,2011-05-25,0,0,2,0,0,False
USE10091,10187,2011-05-26,6,3,2,0,0,True
USE10092,10187,2011-05-27,0,0,0,0,1,False
USE10093,10187,2011-05-28,0,0,3,0,0,False
USE10094,10187,2011-05-29,0,0,0,0,0,False
USE10095,10187,2011-05-30,0,0,0,0,0,False
USE10096,10187,2011-05-31,2,2,2,0,0,True
USE10097,10187,2011-06-01,0,2,2,0,0,True
USE10098,10187,2011-06-02,4,0,4,0,0,True
USE10099,10187,2011-06-03,0,0,8,0,0,False
USE10100,10187,2011-06-04,0,2,0,0,0,False
USE10101,10187,2011-06-05,0,0,0,0,0,False
USE10102,10187,2011-06-06,3,0,3,0,7,True
USE10103,10187,2011-06-07,9,3,0,0,0,True
USE10104,10187,2011-06-08,0,5,0,0,6,True
USE10105,10187,2011-06-09,7,1,0,0,13,True
USE10106,10187,2011-06-10,9,7,0,0,3,True
USE10107,10187,2011-06-11,0,0,1,0,0,False
USE10108,10187,2011-06-12,0,0,0,0,2,False
USE10109,10187,2011-06-13,8,0,0,0,8,True
USE10110,10187,2011-06-14,4,3,0,0,12,True
USE10111,10187,2011-06-15,7,6,7,0,8,True
USE10112,10187,2011-06-16,6,8,3,0,0,True
USE10113,10187,2011-06-17,7,4,8,4,5,True
USE10114,10187,2011-06-18,2,1,4,0,0,True
USE10115,10187,2011-06-19,2,0,0,0,0,False
USE10116,10187,2011-06-20,4,0,0,0,8,True
USE10117,10187,2011-06-21,0,0,3,0,9,True
USE10118,10187,2011-06-22,6,5,4,0,0,True
USE10119,10187,2011-06-23,6,1,1,5,12,True
USE10120,10187,2011-06-24,6,2,2,0,0,True
USE10121,10187,2011-06-25,0,0,0,0,2,False
USE10122,10187,2011-06-26,3,0,0,0,4,True
USE10123,10187,2011-06-27,10,3,6,0,0,True
USE10124,10187,2011-06-28,8,5,11,0,0,True
USE10125,10187,2011-06-29,7,4,6,0,7,True
USE10126,10225,2014-01-06,0,0,2,0,2,True
USE10127,10225,2014-01-07,0,0,0,0,0,False
USE10128,10225,2014-01-08,6,0,0,0,0,False
USE10129,10225,2014-01-09,0,0,0,2,1,True
USE10130,10225,2014-01-10,0,0,1,3,1,True
USE10131,10225,2014-01-11,0,0,0,0,2,False
USE10132,10225,2014-01-12,0,0,0,0,0,False
USE10133,10225,2014-01-13,0,2,0,0,0,False
USE10134,10225,2014-01-14,2,0,0,1,0,True
USE10135,10225,2014-01-15,0,4,0,0,0,False
USE10136,10225,2014-01-16,1,0,2,0,5,True
USE10137,10225,2014-01-17,6,0,0,0,8,True
USE10138,10225,2014-01-18,0,0,0,0,0,False
USE10139,10225,2014-01-19,0,1,0,1,0,True
USE10140,10225,2014-01-20,0,6,0,1,0,True
USE10141,10225,2014-01-21,2,0,0,0,4,True
USE10142,10225,2014-01-22,0,4,0,3,0,True
USE10143,10225,2014-01-23,0,3,0,0,3,True
USE10144,10225,2014-01-24,6,1,2,0,9,True
USE10145,10225,2014-01-25,3,0,0,0,0,False
USE10146,10225,2014-01-26,0,0,1,3,0,True
USE10147,10225,2014-01-27,6,3,5,0,8,True
USE10148,10225,2014-01-28,0,0,4,0,2,True
USE10149,10225,2014-01-29,0,1,3,0,0,True
USE10150,10225,2014-01-30,8,0,3,0,0,True
USE10151,10225,2014-01-31,4,4,4,0,0,True
USE10152,10225,2014-02-01,0,0,0,0,3,False
USE10153,10225,2014-02-02,0,0,0,0,0,False
USE10154,10225,2014-02-03,0,5,3,0,6,True
USE10155,10225,2014-02-04,7,4,3,0,10,True
USE10156,10225,2014-02-05,7,2,9,0,6,True
USE10157,10225,2014-02-06,0,0,4,2,10,True
USE10158,10225,2014-02-07,4,3,3,0,18,True
USE10159,10225,2014-02-08,0,0,0,0,0,False
USE10160,10225,2014-02-09,2,0,1,0,0,True
USE10161,10225,2014-02-10,7,8,6,0,7,True
USE10162,10225,2014-02-11,9,0,8,0,10,True
USE10163,10225,2014-02-12,14,5,0,0,9,True
USE10164,10225,2014-02-13,0,1,6,0,5,True
USE10165,10225,2014-02-14,0,1,3,0,8,True
USE10166,10225,2014-02-15,0,1,0,0,0,False
USE10167,10225,2014-02-16,0,0,0,0,0,False
USE10168,10225,2014-02-17,0,3,0,0,5,True
USE10169,10225,2014-02-18,8,4,0,0,0,True
USE10170,10225,2014-02-19,5,5,0,0,6,True
USE10171,10262,2012-09-24,0,3,1,0,0,True
USE10172,10262,2012-09-25,1,2,0,0,0,True
USE10173,10262,2012-09-26,0,0,0,0,0,False
USE10174,10262,2012-09-27,0,0,1,0,0,False
USE10175,10262,2012-09-28,0,3,0,0,0,False
USE10176,10262,2012-09-29,0,0,0,0,0,False
USE10177,10262,2012-09-30,0,1,0,0,0,False
USE10178,10262,2012-10-01,0,5,2,0,0,True
USE10179,10262,2012-10-02,4,0,0,0,0,False
USE10180,10262,2012-10-03,0,1,0,0,3,True
USE10181,10262,2012-10-04,0,4,3,3,0,True
USE10182,10262,2012-10-05,0,5,0,0,0,False
USE10183,10262,2012-10-06,0,0,0,0,0,False
USE10184,10262,2012-10-07,0,0,0,0,0,False
USE10185,10262,2012-10-08,0,0,0,0,0,False
USE10186,10262,2012-10-09,0,0,4,2,0,True
USE10187,10262,2012-10-10,0,0,3,0,5,True
USE10188,10262,2012-10-11,9,2,0,0,0,True
USE10189,10262,2012-10-12,0,3,5,0,8,True
USE10190,10262,2012-10-13,2,1,0,0,0,True
USE10191,10262,2012-10-14,0,0,0,2,0,False
USE10192,10262,2012-10-15,0,2,2,0,0,True
USE10193,10262,2012-10-16,3,3,4,0,0,True
USE10194,10262,2012-10-17,0,5,5,0,9,True
USE10195,10262,2012-10-18,4,0,0,8,7,True
USE10196,10262,2012-10-19,0,3,9,0,6,True
USE10197,10262,2012-10-20,0,2,0,0,0,False
USE10198,10262,2012-10-21,4,0,0,0,0,False
USE10199,10262,2012-10-22,9,0,3,8,4,True
USE10200,10262,2012-10-23,13,5,4,0,11,True
USE10201,10262,2012-10-24,8,0,3,0,8,True
USE10202,10262,2012-10-25,8,3,8,4,8,True
USE10203,10262,2012-10-26,12,0,0,0,7,True
USE10204,10262,2012-10-27,0,4,0,0,0,False
USE10205,10262,2012-10-28,0,0,0,0,0,False
USE10206,10262,2012-10-29,10,2,3,0,6,True
USE10207,10262,2012-10-30,5,4,4,0,8,True
USE10208,10262,2012-10-31,0,7,3,0,0,True
USE10209,10262,2012-11-01,9,5,6,9,0,True
USE10210,10262,2012-11-02,5,0,0,0,0,False
USE10211,10262,2012-11-03,0,0,0,0,0,False
USE10212,10262,2012-11-04,0,0,0,0,0,False
USE10213,10262,2012-11-05,0,6,8,0,10,True
USE10214,10262,2012-11-06,10,4,5,0,0,True
USE10215,10262,2012-11-07,0,4,5,0,9,True
USE10216,10131,2011-02-21,2,1,0,0,0,True
USE10217,10131,2011-02-22,0,0,0,0,0,False
USE10218,10131,2011-02-23,0,0,0,0,0,False
USE10219,10131,2011-02-24,0,1,0,0,0,False
USE10220,10131,2011-02-25,0,0,0,2,0,False
USE10221,10131,2011-02-26,0,0,0,0,0,False
USE10222,10131,2011-02-27,0,0,0,0,0,False
USE10223,10131,2011-02-28,3,0,0,0,1,True
USE10224,10131,2011-03-01,2,5,0,0,0,True
USE10225,10131,2011-03-02,3,1,1,0,4,True
USE10226,10131,2011-03-03,4,0,0,0,0,False
USE10227,10131,2011-03-04,3,0,0,0,0,False
USE10228,10131,2011-03-05,0,0,0,0,2,False
USE10229,10131,2011-03-06,0,0,0,1,0,False
USE10230,10131,2011-03-07,6,0,1,0,6,True
USE10231,10131,2011-03-08,3,0,3,4,0,True
USE10232,10131,2011-03-09,4,0,4,0,5,True
USE10233,10131,2011-03-10,7,1,1,0,3,True
USE10234,10131,2011-03-11,0,1,0,0,0,False
USE10235,10131,2011-03-12,0,0,0,0,0,False
USE10236,10131,2011-03-13,0,0,0,0,0,False
USE10237,10131,2011-03-14,0,0,0,0,5,False
USE10238,10131,2011-03-15,5,1,1,0,0,True
USE10239,10131,2011-03-16,8,0,4,0,0,True
USE10240,10131,2011-03-17,5,0,4,0,11,True
USE10241,10131,2011-03-18,2,5,1,0,0,True
USE10242,10131,2011-03-19,0,0,0,0,0,False
USE10243,10131,2011-03-20,3,0,0,0,0,False
USE10244,10131,2011-03-21,0,0,3,0,6,True
USE10245,10131,2011-03-22,1,1,11,0,0,True
USE10246,10131,2011-03-23,8,5,4,0,0,True
USE10247,10131,2011-03-24,7,5,6,3,11,True
USE10248,10131,2011-03-25,15,0,5,0,6,True
USE10249,10131,2011-03-26,0,0,0,0,1,False
USE10250,10131,2011-03-27,0,0,2,0,0,False
USE10251,10131,2011-03-28,6,5,5,0,6,True
USE10252,10131,2011-03-29,6,8,9,0,10,True
USE10253,10131,2011-03-30,12,5,7,0,7,True
USE10254,10131,2011-03-31,3,6,7,0,0,True
USE10255,10131,2011-04-01,7,3,4,4,0,True
USE10256,10131,2011-04-02,0,0,0,0,0,False
USE10257,10131,2011-04-03,0,1,0,0,0,False
USE10258,10131,2011-04-04,7,4,3,0,6,True
USE10259,10131,2011-04-05,3,0,0,0,6,True
USE10260,10131,2011-04-06,8,2,2,0,7,True
USE10261,10239,2016-10-02,0,0,0,0,0,False
USE10262,10239,2016-10-03,0,0,0,0,0,False
USE10263,10239,2016-10-04,0,0,0,0,0,False
USE10264,10239,2016-10-05,0,0,0,0,0,False
USE10265,10239,2016-10-06,0,0,0,0,6,False
USE10266,10239,2016-10-07,0,2,0,0,0,False
USE10267,10239,2016-10-08,0,0,0,0,0,False
USE10268,10239,2016-10-09,0,0,0,0,0,False
USE10269,10239,2016-10-10,0,0,5,0,0,False
USE10270,10239,2016-10-11,3,0,0,3,2,True
USE10271,10239,2016-10-12,0,0,0,0,0,False
USE10272,10239,2016-10-13,0,6,0,4,0,True
USE10273,10239,2016-10-14,0,0,0,0,0,False
USE10274,10239,2016-10-15,0,0,1,0,0,False
USE10275,10239,2016-10-16,0,0,0,0,0,False
USE10276,10239,2016-10-17,6,0,3,0,7,True
USE10277,10239,2016-10-18,3,3,0,6,0,True
USE10278,10239,2016-10-19,5,0,0,0,0,False
USE10279,10239,2016-10-20,0,3,0,0,11,True
USE10280,10239,2016-10-21,5,1,0,0,6,True
USE10281,10239,2016-10-22,1,2,1,0,0,True
USE10282,10239,2016-10-23,1,0,0,0,0,False
USE10283,10239,2016-10-24,0,0,0,0,7,False
USE10284,10239,2016-10-25,0,0,3,0,8,True
USE10285,10239,2016-10-26,5,2,0,0,0,True
USE10286,10239,2016-10-27,3,0,4,0,8,True
USE10287,10239,2016-10-28,0,7,3,0,7,True
USE10288,10239,2016-10-29,0,0,0,0,0,False
USE10289,10239,2016-10-30,0,3,0,0,0,False
USE10290,10239,2016-10-31,4,0,0,8,0,True
USE10291,10239,2016-11-01,8,7,0,0,10,True
USE10292,10239,2016-11-02,8,0,7,0,9,True
USE10293,10239,2016-11-03,6,0,7,0,0,True
USE10294,10239,2016-11-04,0,3,10,0,0,True
USE10295,10239,2016-11-05,0,0,0,0,0,False
USE10296,10239,2016-11-06,0,0,3,0,0,False
USE10297,10239,2016-11-07,7,0,3,0,5,True
USE10298,10239,2016-11-08,8,0,3,0,9,True
USE10299,10239,2016-11-09,3,9,5,0,0,True
USE10300,10239,2016-11-10,6,5,8,0,11,True
USE10301,10239,2016-11-11,0,0,6,7,0,True
USE10302,10239,2016-11-12,0,0,0,0,0,False
USE10303,10239,2016-11-13,0,0,0,0,0,False
USE10304,10239,2016-11-14,7,6,5,0,0,True
USE10305,10239,2016-11-15,5,4,8,4,0,True
USE10306,10152,2011-09-26,0,0,0,0,0,False
USE10307,10152,2011-09-27,0,0,0,0,0,False
USE10308,10152,2011-09-28,0,2,3,0,0,True
USE10309,10152,2011-09-29,0,2,0,0,0,False
USE10310,10152,2011-09-30,3,0,2,0,0,True
USE10311,10152,2011-10-01,0,0,0,0,0,False
USE10312,10152,2011-10-02,0,0,0,0,0,False
USE10313,10152,2011-10-03,0,0,0,0,0,False
USE10314,10152,2011-10-04,6,0,0,0,5,True
USE10315,10152,2011-10-05,0,2,0,0,7,True
USE10316,10152,2011-10-06,5,0,0,0,0,False
USE10317,10152,2011-10-07,5,0,0,0,0,False
USE10318,10152,2011-10-08,0,0,0,0,0,False
USE10319,10152,2011-10-09,0,0,0,0,0,False
USE10320,10152,2011-10-10,7,0,4,0,3,True
USE10321,10152,2011-10-11,0,0,0,3,0,False
USE10322,10152,2011-10-12,0,0,0,0,0,False
USE10323,10152,2011-10-13,0,3,0,0,7,True
USE10324,10152,2011-10-14,0,2,0,0,0,False
USE10325,10152,2011-10-15,1,0,0,0,0,False
USE10326,10152,2011-10-16,2,0,0,0,0,False
USE10327,10152,2011-10-17,4,5,3,0,3,True
USE10328,10152,2011-10-18,4,5,2,0,0,True
USE10329,10152,2011-10-19,8,2,0,0,0,True
USE10330,10152,2011-10-20,7,3,0,0,6,True
USE10331,10152,2011-10-21,2,3,5,4,6,True
USE10332,10152,2011-10-22,0,0,0,0,0,False
USE10333,10152,2011-10-23,3,0,0,3,3,True
USE10334,10152,2011-10-24,0,0,11,0,0,False
USE10335,10152,2011-10-25,6,0,2,6,0,True
USE10336,10152,2011-10-26,11,0,0,4,7,True
USE10337,10152,2011-10-27,0,3,10,4,0,True
USE10338,10152,2011-10-28,0,2,3,0,0,True
USE10339,10152,2011-10-29,0,0,1,0,0,False
USE10340,10152,2011-10-30,0,0,0,0,0,False
USE10341,10152,2011-10-31,5,3,5,4,0,True
USE10342,10152,2011-11-01,7,0,7,0,8,True
USE10343,10152,2011-11-02,5,0,5,0,11,True
USE10344,10152,2011-11-03,6,1,6,3,0,True
USE10345,10152,2011-11-04,5,0,8,0,14,True
USE10346,10152,2011-11-05,0,0,0,0,0,False
USE10347,10152,2011-11-06,0,2,0,0,0,False
USE10348,10152,2011-11-07,2,0,3,4,0,True
USE10349,10152,2011-11-08,8,7,9,0,0,True
USE10350,10152,2011-11-09,5,4,7,0,7,True
USE10351,10140,2014-05-12,0,0,0,0,0,False
USE10352,10140,2014-05-13,0,0,0,0,0,False
USE10353,10140,2014-05-14,0,0,0,0,0,False
USE10354,10140,2014-05-15,0,0,0,1,2,True
USE10355,10140,2014-05-16,0,0,0,0,0,False
USE10356,10140,2014-05-17,0,0,0,0,0,False
USE10357,10140,2014-05-18,0,0,0,0,0,False
USE10358,10140,2014-05-19,5,0,0,0,2,True
USE10359,10140,2014-05-20,0,0,0,0,0,False
USE10360,10140,2014-05-21,0,0,0,0,1,False
USE10361,10140,2014-05-22,0,0,0,1,8,True
USE10362,10140,2014-05-23,5,0,0,0,0,False
USE10363,10140,2014-05-24,0,0,0,2,0,False
USE10364,10140,2014-05-25,0,0,0,0,0,False
USE10365,10140,2014-05-26,5,0,0,1,4,True
USE10366,10140,2014-05-27,1,0,0,0,0,False
USE10367,10140,2014-05-28,5,0,0,0,7,True
USE10368,10140,2014-05-29,0,6,0,0,5,True
USE10369,10140,2014-05-30,7,0,6,3,0,True
USE10370,10140,2014-05-31,0,0,0,0,0,False
USE10371,10140,2014-06-01,0,0,0,0,0,False
USE10372,10140,2014-06-02,5,0,0,0,0,False
USE10373,10140,2014-06-03,3,5,0,0,0,True
USE10374,10140,2014-06-04,11,0,0,0,11,True
USE10375,10140,2014-06-05,2,0,0,0,7,True
USE10376,10140,2014-06-06,0,1,0,0,7,True
USE10377,10140,2014-06-07,0,0,0,0,0,False
USE10378,10140,2014-06-08,0,0,0,4,0,False
USE10379,10140,2014-06-09,4,0,0,1,0,True
USE10380,10140,2014-06-10,10,0,0,0,0,False
USE10381,10140,2014-06-11,0,8,0,6,5,True
USE10382,10140,2014-06-12,0,0,0,0,4,False
USE10383,10140,2014-06-13,8,0,0,7,5,True
USE10384,10140,2014-06-14,0,0,0,0,0,False
USE10385,10140,2014-06-15,0,0,0,0,0,False
USE10386,10140,2014-06-16,7,0,0,7,0,True
USE10387,10140,2014-06-17,6,2,0,0,6,True
USE10388,10140,2014-06-18,6,5,0,3,8,True
USE10389,10140,2014-06-19,0,0,0,0,6,False
USE10390,10140,2014-06-20,0,0,0,4,9,True
USE10391,10140,2014-06-21,0,0,0,0,2,False
USE10392,10140,2014-06-22,3,0,0,0,4,True
USE10393,10140,2014-06-23,5,5,0,0,5,True
USE10394,10140,2014-06-24,9,0,0,0,11,True
USE10395,10140,2014-06-25,10,0,0,0,12,True
USE10396,10058,2011-05-16,0,0,3,0,0,False
USE10397,10058,2011-05-17,0,0,0,0,0,False
USE10398,10058,2011-05-18,0,0,0,0,0,False
USE10399,10058,2011-05-19,0,0,0,0,0,False
USE10400,10058,2011-05-20,0,0,3,0,2,True
USE10401,10058,2011-05-21,0,0,0,0,0,False
USE10402,10058,2011-05-22,0,0,0,0,0,False
USE10403,10058,2011-05-23,0,2,0,1,0,True
USE10404,10058,2011-05-24,0,0,3,0,0,False
USE10405,10058,2011-05-25,2,0,2,3,0,True
USE10406,10058,2011-05-26,7,0,0,0,0,False
USE10407,10058,2011-05-27,0,1,0,0,0,False
USE10408,10058,2011-05-28,0,0,0,0,0,False
USE10409,10058,2011-05-29,0,0,0,0,0,False
USE10410,10058,2011-05-30,4,6,0,0,0,True
USE10411,10058,2011-05-31,7,0,0,0,2,True
USE10412,10058,2011-06-01,3,0,0,0,4,True
USE10413,10058,2011-06-02,1,0,0,5,0,True
USE10414,10058,2011-06-03,2,3,1,3,0,True
USE10415,10058,2011-06-04,0,0,0,0,0,False
USE10416,10058,2011-06-05,0,0,0,0,0,False
USE10417,10058,2011-06-06,0,0,0,0,0,False
USE10418,10058,2011-06-07,0,4,0,0,6,True
USE10419,10058,2011-06-08,3,2,0,0,12,True
USE10420,10058,2011-06-09,0,4,5,0,6,True
USE10421,10058,2011-06-10,0,0,1,0,5,True
USE10422,10058,2011-06-11,0,0,0,0,0,False
USE10423,10058,2011-06-12,0,0,0,0,4,False
USE10424,10058,2011-06-13,1,5,3,0,8,True
USE10425,10058,2011-06-14,7,4,7,8,8,True
USE10426,10058,2011-06-15,10,1,3,0,13,True
USE10427,10058,2011-06-16,0,3,1,0,0,True
USE10428,10058,2011-06-17,9,5,5,6,16,True
USE10429,10058,2011-06-18,0,0,0,4,0,False
USE10430,10058,2011-06-19,2,0,0,0,5,True
USE10431,10058,2011-06-20,10,0,6,0,0,True
USE10432,10058,2011-06-21,4,4,0,0,9,True
USE10433,10058,2011-06-22,8,3,5,0,0,True
USE10434,10058,2011-06-23,0,5,3,6,7,True
USE10435,10058,2011-06-24,0,5,1,0,7,True
USE10436,10058,2011-06-25,0,0,0,2,0,False
USE10437,10058,2011-06-26,0,0,4,0,0,False
USE10438,10058,2011-06-27,0,0,7,0,0,False
USE10439,10058,2011-06-28,5,2,0,0,4,True
USE10440,10058,2011-06-29,8,0,0,0,0,False
USE10441,10011,2011-11-28,0,0,0,0,0,False
USE10442,10011,2011-11-29,0,0,0,0,1,False
USE10443,10011,2011-11-30,0,0,0,0,2,False
USE10444,10011,2011-12-01,2,0,0,0,0,False
USE10445,10011,2011-12-02,0,0,3,0,0,False
USE10446,10011,2011-12-03,0,0,0,0,0,False
USE10447,10011,2011-12-04,0,0,0,0,0,False
USE10448,10011,2011-12-05,0,0,3,0,7,True
USE10449,10011,2011-12-06,0,0,0,0,0,False
USE10450,10011,2011-12-07,2,4,0,0,2,True
USE10451,10011,2011-12-08,3,0,0,0,2,True
USE10452,10011,2011-12-09,0,0,0,2,0,False
USE10453,10011,2011-12-10,0,0,0,0,0,False
USE10454,10011,2011-12-11,0,0,0,0,0,False
USE10455,10011,2011-12-12,2,0,4,0,0,True
USE10456,10011,2011-12-13,0,2,2,0,4,True
USE10457,10011,2011-12-14,6,0,0,0,7,True
USE10458,10011,2011-12-15,0,0,0,0,0,False
USE10459,10011,2011-12-16,0,3,5,0,0,True
USE10460,10011,2011-12-17,0,0,3,2,0,True
USE10461,10011,2011-12-18,0,0,2,0,0,False
USE10462,10011,2011-12-19,0,0,0,0,0,False
USE10463,10011,2011-12-20,9,0,6,0,0,True
USE10464,10011,2011-12-21,0,0,0,0,0,False
USE10465,10011,2011-12-22,0,9,0,0,0,False
USE10466,10011,2011-12-23,3,0,0,0,9,True
USE10467,10011,2011-12-24,0,0,0,0,5,False
USE10468,10011,2011-12-25,0,0,3,0,0,False
USE10469,10011,2011-12-26,10,0,3,0,0,True
USE10470,10011,2011-12-27,12,2,3,0,5,True
USE10471,10011,2011-12-28,8,0,7,0,8,True
USE10472,10011,2011-12-29,0,2,1,0,4,True
USE10473,10011,2011-12-30,0,0,1,2,7,True
USE10474,10011,2011-12-31,4,0,0,0,1,True
USE10475,10011,2012-01-01,0,0,0,0,0,False
USE10476,10011,2012-01-02,0,3,6,0,0,True
USE10477,10011,2012-01-03,6,3,4,0,0,True
USE10478,10011,2012-01-04,9,4,12,0,8,True
USE10479,10011,2012-01-05,0,0,6,0,8,True
USE10480,10011,2012-01-06,10,7,7,6,7,True
USE10481,10011,2012-01-07,0,1,0,0,3,True
USE10482,10011,2012-01-08,0,0,0,0,0,False
USE10483,10011,2012-01-09,9,2,6,0,9,True
USE10484,10011,2012-01-10,0,3,0,0,7,True
USE10485,10011,2012-01-11,6,2,4,0,4,True
USE10486,10230,2011-09-26,0,0,0,0,0,False
USE10487,10230,2011-09-27,3,0,0,0,0,False
USE10488,10230,2011-09-28,1,0,0,0,3,True
USE10489,10230,2011-09-29,0,0,0,0,0,False
USE10490,10230,2011-09-30,4,0,0,0,0,False
USE10491,10230,2011-10-01,0,0,0,0,0,False
USE10492,10230,2011-10-02,0,0,0,0,0,False
USE10493,10230,2011-10-03,4,1,4,0,0,True
USE10494,10230,2011-10-04,0,0,0,0,0,False
USE10495,10230,2011-10-05,4,1,0,0,0,True
USE10496,10230,2011-10-06,0,0,0,0,0,False
USE10497,10230,2011-10-07,3,0,0,0,7,True
USE10498,10230,2011-10-08,0,2,0,0,0,False
USE10499,10230,2011-10-09,0,0,0,0,0,False
USE10500,10230,2011-10-10,0,0,2,0,0,False
USE10501,10230,2011-10-11,0,0,6,0,0,False
USE10502,10230,2011-10-12,2,7,4,0,10,True
USE10503,10230,2011-10-13,0,4,4,0,0,True
USE10504,10230,2011-10-14,0,0,0,0,0,False
USE10505,10230,2011-10-15,0,0,0,0,0,False
USE10506,10230,2011-10-16,0,0,0,0,0,False
USE10507,10230,2011-10-17,6,2,0,0,6,True
USE10508,10230,2011-10-18,0,3,0,0,10,True
USE10509,10230,2011-10-19,0,0,0,0,9,False
USE10510,10230,2011-10-20,4,2,1,0,7,True
USE10511,10230,2011-10-21,4,1,3,0,0,True
USE10512,10230,2011-10-22,0,0,0,0,0,False
USE10513,10230,2011-10-23,0,0,0,0,0,False
USE10514,10230,2011-10-24,0,5,1,0,0,True
USE10515,10230,2011-10-25,6,0,5,0,0,True
USE10516,10230,2011-10-26,0,2,7,0,13,True
USE10517,10230,2011-10-27,8,8,5,0,9,True
USE10518,10230,2011-10-28,0,3,4,6,0,True
USE10519,10230,2011-10-29,1,0,4,1,2,True
USE10520,10230,2011-10-30,0,0,0,0,2,False
USE10521,10230,2011-10-31,7,2,6,3,0,True
USE10522,10230,2011-11-01,16,4,6,0,10,True
USE10523,10230,2011-11-02,4,2,4,0,7,True
USE10524,10230,2011-11-03,7,7,5,0,0,True
USE10525,10230,2011-11-04,0,6,9,0,6,True
USE10526,10230,2011-11-05,5,0,0,0,4,True
USE10527,10230,2011-11-06,5,1,0,0,0,True
USE10528,10230,2011-11-07,6,4,3,9,0,True
USE10529,10230,2011-11-08,5,1,6,0,6,True
USE10530,10230,2011-11-09,9,2,6,0,4,True
USE10531,10224,2011-07-05,0,0,0,0,0,False
USE10532,10224,2011-07-06,1,0,0,0,0,False
USE10533,10224,2011-07-07,0,0,0,0,0,False
USE10534,10224,2011-07-08,0,0,0,0,0,False
USE10535,10224,2011-07-09,0,0,0,0,0,False
USE10536,10224,2011-07-10,0,0,0,0,0,False
USE10537,10224,2011-07-11,1,3,0,0,0,True
USE10538,10224,2011-07-12,5,0,1,2,0,True
USE10539,10224,2011-07-13,0,0,0,0,0,False
USE10540,10224,2011-07-14,2,0,0,0,0,False
USE10541,10224,2011-07-15,0,1,2,2,0,True
USE10542,10224,2011-07-16,0,0,0,0,0,False
USE10543,10224,2011-07-17,0,0,0,0,0,False
USE10544,10224,2011-07-18,0,2,4,0,0,True
USE10545,10224,2011-07-19,0,0,0,0,0,False
USE10546,10224,2011-07-20,0,3,0,1,0,True
USE10547,10224,2011-07-21,5,0,0,0,5,True
USE10548,10224,2011-07-22,2,1,4,0,0,True
USE10549,10224,2011-07-23,0,2,0,0,0,False
USE10550,10224,2011-07-24,0,0,0,0,0,False
USE10551,10224,2011-07-25,7,4,0,0,9,True
USE10552,10224,2011-07-26,0,0,0,0,5,False
USE10553,10224,2011-07-27,0,0,1,0,0,False
USE10554,10224,2011-07-28,5,6,4,4,0,True
USE10555,10224,2011-07-29,7,0,0,0,0,False
USE10556,10224,2011-07-30,3,0,0,5,0,True
USE10557,10224,2011-07-31,0,2,0,0,0,False
USE10558,10224,2011-08-01,8,6,0,0,7,True
USE10559,10224,2011-08-02,7,4,4,0,0,True
USE10560,10224,2011-08-03,6,0,7,0,8,True
USE10561,10224,2011-08-04,8,3,8,0,0,True
USE10562,10224,2011-08-05,8,7,7,0,5,True
USE10563,10224,2011-08-06,0,0,0,0,0,False
USE10564,10224,2011-08-07,0,0,0,0,0,False
USE10565,10224,2011-08-08,10,5,5,3,8,True
USE10566,10224,2011-08-09,6,7,3,0,0,True
USE10567,10224,2011-08-10,0,5,7,0,0,True
USE10568,10224,2011-08-11,6,0,0,0,10,True
USE10569,10224,2011-08-12,7,0,6,2,3,True
USE10570,10224,2011-08-13,0,0,2,3,0,True
USE10571,10224,2011-08-14,0,2,0,0,0,False
USE10572,10224,2011-08-15,10,6,6,0,4,True
USE10573,10224,2011-08-16,7,5,7,0,10,True
USE10574,10224,2011-08-17,0,5,6,0,9,True
USE10575,10224,2011-08-18,11,0,6,0,0,True
USE10576,10047,2011-01-10,0,0,0,0,0,False
USE10577,10047,2011-01-11,0,0,0,0,0,False
USE10578,10047,2011-01-12,1,0,0,2,0,True
USE10579,10047,2011-01-13,0,0,0,0,0,False
USE10580,10047,2011-01-14,1,0,0,0,0,False
USE10581,10047,2011-01-15,0,0,0,0,0,False
USE10582,10047,2011-01-16,0,0,0,0,4,False
USE10583,10047,2011-01-17,3,0,0,0,0,False
USE10584,10047,2011-01-18,0,0,0,3,5,True
USE10585,10047,2011-01-19,3,1,0,0,0,True
USE10586,10047,2011-01-20,0,3,0,1,0,True
USE10587,10047,2011-01-21,0,2,0,0,5,True
USE10588,10047,2011-01-22,0,0,0,0,0,False
USE10589,10047,2011-01-23,0,0,0,0,0,False
USE10590,10047,2011-01-24,0,4,3,3,0,True
USE10591,10047,2011-01-25,0,0,4,0,7,True
USE10592,10047,2011-01-26,0,0,0,2,0,False
USE10593,10047,2011-01-27,0,0,0,0,0,False
USE10594,10047,2011-01-28,3,2,0,2,0,True
USE10595,10047,2011-01-29,0,0,0,0,0,False
USE10596,10047,2011-01-30,0,0,1,0,0,False
USE10597,10047,2011-01-31,7,0,0,2,11,True
USE10598,10047,2011-02-01,3,0,5,0,0,True
USE10599,10047,2011-02-02,3,3,2,7,0,True
USE10600,10047,2011-02-03,9,3,3,0,8,True
USE10601,10047,2011-02-04,3,6,10,3,10,True
USE10602,10047,2011-02-05,0,0,2,0,0,False
USE10603,10047,2011-02-06,0,0,2,0,0,False
USE10604,10047,2011-02-07,6,4,2,0,0,True
USE10605,10047,2011-02-08,0,0,4,0,0,False
USE10606,10047,2011-02-09,6,6,0,0,0,True
USE10607,10047,2011-02-10,0,3,0,0,10,True
USE10608,10047,2011-02-11,0,10,4,9,0,True
USE10609,10047,2011-02-12,0,0,0,0,0,False
USE10610,10047,2011-02-13,0,2,0,0,0,False
USE10611,10047,2011-02-14,4,0,2,0,8,True
USE10612,10047,2011-02-15,0,4,0,0,10,True
USE10613,10047,2011-02-16,0,1,5,5,12,True
USE10614,10047,2011-02-17,0,4,2,0,0,True
USE10615,10047,2011-02-18,7,1,7,0,8,True
USE10616,10047,2011-02-19,5,2,0,0,1,True
USE10617,10047,2011-02-20,0,0,0,0,0,False
USE10618,10047,2011-02-21,13,0,7,3,0,True
USE10619,10047,2011-02-22,0,9,7,0,0,True
USE10620,10047,2011-02-23,10,0,5,0,7,True
USE10621,10285,2011-01-10,0,0,2,0,0,False
USE10622,10285,2011-01-11,0,0,0,0,0,False
USE10623,10285,2011-01-12,0,0,0,0,0,False
USE10624,10285,2011-01-13,0,0,0,0,0,False
USE10625,10285,2011-01-14,3,0,0,0,0,False
USE10626,10285,2011-01-15,0,0,0,0,0,False
USE10627,10285,2011-01-16,0,0,0,0,0,False
USE10628,10285,2011-01-17,0,1,4,0,0,True
USE10629,10285,2011-01-18,0,0,0,0,0,False
USE10630,10285,2011-01-19,0,1,0,0,3,True
USE10631,10285,2011-01-20,6,0,0,0,0,False
USE10632,10285,2011-01-21,0,0,0,0,0,False
USE10633,10285,2011-01-22,0,0,0,0,0,False
USE10634,10285,2011-01-23,0,0,0,0,0,False
USE10635,10285,2011-01-24,0,5,0,0,6,True
USE10636,10285,2011-01-25,0,0,1,0,0,False
USE10637,10285,2011-01-26,11,0,5,0,0,True
USE10638,10285,2011-01-27,9,4,4,0,0,True
USE10639,10285,2011-01-28,6,2,3,0,4,True
USE10640,10285,2011-01-29,0,0,0,0,0,False
USE10641,10285,2011-01-30,0,0,0,0,0,False
USE10642,10285,2011-01-31,0,4,5,0,0,True
USE10643,10285,2011-02-01,9,4,0,0,0,True
USE10644,10285,2011-02-02,2,6,2,0,8,True
USE10645,10285,2011-02-03,9,2,8,1,0,True
USE10646,10285,2011-02-04,8,0,0,0,6,True
USE10647,10285,2011-02-05,3,0,0,0,0,False
USE10648,10285,2011-02-06,4,0,2,0,0,True
USE10649,10285,2011-02-07,3,0,6,0,3,True
USE10650,10285,2011-02-08,4,4,8,0,0,True
USE10651,10285,2011-02-09,6,5,0,0,0,True
USE10652,10285,2011-02-10,7,2,0,0,0,True
USE10653,10285,2011-02-11,4,2,0,7,7,True
USE10654,10285,2011-02-12,0,2,0,0,0,False
USE10655,10285,2011-02-13,0,0,2,0,1,True
USE10656,10285,2011-02-14,6,5,0,0,8,True
USE10657,10285,2011-02-15,0,6,0,6,0,True
USE10658,10285,2011-02-16,8,3,5,0,0,True
USE10659,10285,2011-02-17,4,5,0,2,0,True
USE10660,10285,2011-02-18,12,2,8,0,4,True
USE10661,10285,2011-02-19,0,0,0,0,0,False
USE10662,10285,2011-02-20,0,0,1,0,0,False
USE10663,10285,2011-02-21,6,2,3,0,12,True
USE10664,10285,2011-02-22,8,2,5,0,4,True
USE10665,10285,2011-02-23,10,0,2,0,0,True
USE10666,10020,2013-07-08,0,0,0,0,0,False
USE10667,10020,2013-07-09,0,0,0,0,2,False
USE10668,10020,2013-07-10,0,0,0,0,0,False
USE10669,10020,2013-07-11,0,0,2,0,4,True
USE10670,10020,2013-07-12,0,0,0,0,0,False
USE10671,10020,2013-07-13,0,0,0,0,0,False
USE10672,10020,2013-07-14,0,0,0,0,0,False
USE10673,10020,2013-07-15,0,0,1,0,0,False
USE10674,10020,2013-07-16,0,3,0,0,2,True
USE10675,10020,2013-07-17,0,0,0,0,0,False
USE10676,10020,2013-07-18,4,0,0,0,0,False
USE10677,10020,2013-07-19,0,0,5,0,0,False
USE10678,10020,2013-07-20,0,0,0,0,0,False
USE10679,10020,2013-07-21,0,0,0,0,4,False
USE10680,10020,2013-07-22,6,5,1,0,0,True
USE10681,10020,2013-07-23,6,0,6,1,0,True
USE10682,10020,2013-07-24,0,0,2,0,4,True
USE10683,10020,2013-07-25,0,0,0,0,0,False
USE10684,10020,2013-07-26,3,1,0,0,5,True
USE10685,10020,2013-07-27,0,0,0,0,0,False
USE10686,10020,2013-07-28,0,0,0,0,0,False
USE10687,10020,2013-07-29,8,1,1,9,0,True
USE10688,10020,2013-07-30,4,7,6,0,7,True
USE10689,10020,2013-07-31,8,0,1,0,0,True
USE10690,10020,2013-08-01,8,5,0,0,0,True
USE10691,10020,2013-08-02,9,3,0,0,5,True
USE10692,10020,2013-08-03,0,1,0,0,0,False
USE10693,10020,2013-08-04,0,0,0,0,0,False
USE10694,10020,2013-08-05,6,4,4,9,0,True
USE10695,10020,2013-08-06,3,4,4,0,0,True
USE10696,10020,2013-08-07,0,5,0,0,7,True
USE10697,10020,2013-08-08,6,0,6,4,0,True
USE10698,10020,2013-08-09,5,2,0,3,0,True
USE10699,10020,2013-08-10,0,0,0,0,0,False
USE10700,10020,2013-08-11,2,0,0,0,0,False
USE10701,10020,2013-08-12,6,4,2,0,12,True
USE10702,10020,2013-08-13,11,5,0,0,6,True
USE10703,10020,2013-08-14,0,0,6,6,0,True
USE10704,10020,2013-08-15,8,0,8,0,0,True
USE10705,10020,2013-08-16,5,5,4,0,12,True
USE10706,10020,2013-08-17,0,0,0,0,3,False
USE10707,10020,2013-08-18,0,0,1,0,0,False
USE10708,10020,2013-08-19,7,5,7,0,9,True
USE10709,10020,2013-08-20,9,4,4,0,16,True
USE10710,10020,2013-08-21,8,1,2,0,7,True
USE10711,10162,2015-02-16,0,0,0,0,0,False
USE10712,10162,2015-02-17,0,0,0,0,0,False
USE10713,10162,2015-02-18,1,0,0,0,4,True
USE10714,10162,2015-02-19,0,0,0,0,0,False
USE10715,10162,2015-02-20,0,0,0,2,0,False
USE10716,10162,2015-02-21,0,0,0,0,0,False
USE10717,10162,2015-02-22,0,0,0,0,0,False
USE10718,10162,2015-02-23,0,0,0,0,0,False
USE10719,10162,2015-02-24,0,2,1,0,0,True
USE10720,10162,2015-02-25,0,2,0,0,0,False
USE10721,10162,2015-02-26,0,4,0,1,0,True
USE10722,10162,2015-02-27,4,1,5,0,0,True
USE10723,10162,2015-02-28,0,0,1,1,0,True
USE10724,10162,2015-03-01,0,0,0,0,0,False
USE10725,10162,2015-03-02,9,3,3,0,8,True
USE10726,10162,2015-03-03,5,0,3,0,0,True
USE10727,10162,2015-03-04,4,0,1,0,4,True
USE10728,10162,2015-03-05,6,3,0,0,0,True
USE10729,10162,2015-03-06,4,2,0,0,0,True
USE10730,10162,2015-03-07,0,0,0,1,0,False
USE10731,10162,2015-03-08,3,0,2,0,0,True
USE10732,10162,2015-03-09,9,0,0,3,9,True
USE10733,10162,2015-03-10,4,1,0,4,6,True
USE10734,10162,2015-03-11,4,3,0,0,0,True
USE10735,10162,2015-03-12,0,0,4,0,0,False
USE10736,10162,2015-03-13,0,0,7,0,0,False
USE10737,10162,2015-03-14,0,0,2,0,0,False
USE10738,10162,2015-03-15,0,2,0,0,0,False
USE10739,10162,2015-03-16,4,0,7,3,0,True
USE10740,10162,2015-03-17,0,5,0,0,7,True
USE10741,10162,2015-03-18,0,4,5,0,7,True
USE10742,10162,2015-03-19,4,2,6,0,7,True
USE10743,10162,2015-03-20,6,6,0,0,7,True
USE10744,10162,2015-03-21,0,0,0,2,0,False
USE10745,10162,2015-03-22,0,2,0,0,0,False
USE10746,10162,2015-03-23,0,0,6,5,7,True
USE10747,10162,2015-03-24,7,5,0,1,0,True
USE10748,10162,2015-03-25,3,3,1,0,0,True
USE10749,10162,2015-03-26,8,3,6,0,11,True
USE10750,10162,2015-03-27,7,2,6,0,12,True
USE10751,10162,2015-03-28,5,2,0,0,0,True
USE10752,10162,2015-03-29,3,0,0,0,0,False
USE10753,10162,2015-03-30,10,5,5,0,7,True
USE10754,10162,2015-03-31,0,3,0,3,9,True
USE10755,10162,2015-04-01,9,0,4,0,6,True
USE10756,10149,2015-01-05,0,0,0,0,0,False
USE10757,10149,2015-01-06,0,0,0,0,0,False
USE10758,10149,2015-01-07,0,3,0,0,0,False
USE10759,10149,2015-01-08,2,0,0,2,5,True
USE10760,10149,2015-01-09,0,0,0,0,0,False
USE10761,10149,2015-01-10,0,2,1,0,2,True
USE10762,10149,2015-01-11,0,0,0,0,0,False
USE10763,10149,2015-01-12,0,0,0,0,0,False
USE10764,10149,2015-01-13,0,0,0,0,0,False
USE10765,10149,2015-01-14,0,0,1,0,0,False
USE10766,10149,2015-01-15,0,2,0,0,0,False
USE10767,10149,2015-01-16,0,0,0,0,0,False
USE10768,10149,2015-01-17,0,0,0,0,0,False
USE10769,10149,2015-01-18,0,0,0,0,0,False
USE10770,10149,2015-01-19,0,2,2,0,0,True
USE10771,10149,2015-01-20,10,0,0,0,0,False
USE10772,10149,2015-01-21,0,3,0,0,0,False
USE10773,10149,2015-01-22,5,1,0,0,8,True
USE10774,10149,2015-01-23,0,4,0,0,0,False
USE10775,10149,2015-01-24,0,0,0,0,0,False
USE10776,10149,2015-01-25,0,2,0,0,0,False
USE10777,10149,2015-01-26,3,3,3,2,0,True
USE10778,10149,2015-01-27,0,1,3,0,0,True
USE10779,10149,2015-01-28,0,4,0,0,7,True
USE10780,10149,2015-01-29,0,3,0,0,0,False
USE10781,10149,2015-01-30,0,3,6,0,5,True
USE10782,10149,2015-01-31,3,0,2,0,0,True
USE10783,10149,2015-02-01,0,0,0,0,0,False
USE10784,10149,2015-02-02,4,4,5,0,0,True
USE10785,10149,2015-02-03,8,3,6,0,0,True
USE10786,10149,2015-02-04,6,1,0,0,3,True
USE10787,10149,2015-02-05,8,2,0,7,8,True
USE10788,10149,2015-02-06,5,1,6,0,10,True
USE10789,10149,2015-02-07,0,0,0,0,0,False
USE10790,10149,2015-02-08,0,0,0,0,0,False
USE10791,10149,2015-02-09,4,2,0,6,16,True
USE10792,10149,2015-02-10,4,5,5,0,11,True
USE10793,10149,2015-02-11,0,6,7,0,0,True
USE10794,10149,2015-02-12,8,4,0,0,7,True
USE10795,10149,2015-02-13,0,1,3,0,5,True
USE10796,10149,2015-02-14,0,0,0,0,0,False
USE10797,10149,2015-02-15,1,0,0,0,0,False
USE10798,10149,2015-02-16,0,3,0,0,7,True
USE10799,10149,2015-02-17,1,3,4,0,0,True
USE10800,10149,2015-02-18,1,5,3,0,0,True
USE10801,10086,2017-01-07,0,0,0,0,0,False
USE10802,10086,2017-01-08,0,0,0,0,0,False
USE10803,10086,2017-01-09,0,0,0,0,0,False
USE10804,10086,2017-01-10,0,0,0,2,0,False
USE10805,10086,2017-01-11,5,0,2,0,0,True
USE10806,10086,2017-01-12,2,0,0,0,0,False
USE10807,10086,2017-01-13,0,3,0,0,0,False
USE10808,10086,2017-01-14,0,0,0,0,0,False
USE10809,10086,2017-01-15,0,0,0,1,0,False
USE10810,10086,2017-01-16,0,1,0,0,0,False
USE10811,10086,2017-01-17,0,3,0,7,1,True
USE10812,10086,2017-01-18,0,0,0,0,0,False
USE10813,10086,2017-01-19,0,0,0,0,6,False
USE10814,10086,2017-01-20,0,0,0,0,3,False
USE10815,10086,2017-01-21,0,1,2,0,2,True
USE10816,10086,2017-01-22,0,3,0,0,0,False
USE10817,10086,2017-01-23,3,0,0,0,0,False
USE10818,10086,2017-01-24,0,0,0,0,0,False
USE10819,10086,2017-01-25,0,0,2,0,5,True
USE10820,10086,2017-01-26,5,0,6,0,4,True
USE10821,10086,2017-01-27,4,2,3,7,0,True
USE10822,10086,2017-01-28,0,0,0,0,0,False
USE10823,10086,2017-01-29,0,0,0,3,0,False
USE10824,10086,2017-01-30,0,3,7,0,0,True
USE10825,10086,2017-01-31,0,4,3,0,0,True
USE10826,10086,2017-02-01,8,3,4,0,0,True
USE10827,10086,2017-02-02,3,8,9,0,4,True
USE10828,10086,2017-02-03,4,4,4,0,0,True
USE10829,10086,2017-02-04,0,0,0,0,0,False
USE10830,10086,2017-02-05,2,2,0,0,0,True
USE10831,10086,2017-02-06,4,3,0,0,7,True
USE10832,10086,2017-02-07,9,2,6,0,11,True
USE10833,10086,2017-02-08,5,5,5,2,0,True
USE10834,10086,2017-02-09,0,6,2,0,0,True
USE10835,10086,2017-02-10,8,0,4,0,0,True
USE10836,10086,2017-02-11,0,0,0,0,0,False
USE10837,10086,2017-02-12,0,0,0,0,0,False
USE10838,10086,2017-02-13,8,2,6,0,0,True
USE10839,10086,2017-02-14,6,0,0,0,11,True
USE10840,10086,2017-02-15,6,0,0,10,5,True
USE10841,10086,2017-02-16,0,6,0,0,0,False
USE10842,10086,2017-02-17,3,5,5,0,0,True
USE10843,10086,2017-02-18,5,0,0,0,0,False
USE10844,10086,2017-02-19,0,2,0,0,0,False
USE10845,10086,2017-02-20,7,6,4,0,11,True
USE10846,10054,2014-01-06,0,0,2,0,0,False
USE10847,10054,2014-01-07,0,0,0,0,1,False
USE10848,10054,2014-01-08,0,0,0,0,0,False
USE10849,10054,2014-01-09,0,0,0,0,0,False
USE10850,10054,2014-01-10,0,0,2,0,2,True
USE10851,10054,2014-01-11,0,0,0,0,0,False
USE10852,10054,2014-01-12,0,0,0,0,0,False
USE10853,10054,2014-01-13,0,0,0,0,0,False
USE10854,10054,2014-01-14,2,2,0,0,0,True
USE10855,10054,2014-01-15,2,0,0,0,3,True
USE10856,10054,2014-01-16,0,0,0,2,0,False
USE10857,10054,2014-01-17,5,0,3,0,2,True
USE10858,10054,2014-01-18,0,0,4,0,0,False
USE10859,10054,2014-01-19,0,0,0,0,0,False
USE10860,10054,2014-01-20,0,2,0,0,0,False
USE10861,10054,2014-01-21,9,3,1,1,0,True
USE10862,10054,2014-01-22,0,3,0,0,4,True
USE10863,10054,2014-01-23,0,5,2,0,0,True
USE10864,10054,2014-01-24,6,4,4,0,0,True
USE10865,10054,2014-01-25,4,0,0,0,0,False
USE10866,10054,2014-01-26,3,0,0,0,0,False
USE10867,10054,2014-01-27,5,0,0,0,0,False
USE10868,10054,2014-01-28,1,3,0,0,0,True
USE10869,10054,2014-01-29,8,7,0,4,0,True
USE10870,10054,2014-01-30,7,2,0,0,0,True
USE10871,10054,2014-01-31,5,0,0,2,0,True
USE10872,10054,2014-02-01,0,0,0,0,3,False
USE10873,10054,2014-02-02,2,0,0,0,0,False
USE10874,10054,2014-02-03,0,2,0,0,13,True
USE10875,10054,2014-02-04,12,4,6,0,8,True
USE10876,10054,2014-02-05,0,2,4,0,10,True
USE10877,10054,2014-02-06,8,4,8,0,10,True
USE10878,10054,2014-02-07,8,1,8,0,0,True
USE10879,10054,2014-02-08,3,0,0,0,0,False
USE10880,10054,2014-02-09,0,1,0,0,0,False
USE10881,10054,2014-02-10,0,0,6,0,5,True
USE10882,10054,2014-02-11,11,0,6,0,0,True
USE10883,10054,2014-02-12,11,6,2,0,0,True
USE10884,10054,2014-02-13,10,4,0,0,0,True
USE10885,10054,2014-02-14,0,2,5,3,8,True
USE10886,10054,2014-02-15,0,0,0,2,0,False
USE10887,10054,2014-02-16,3,1,0,0,0,True
USE10888,10054,2014-02-17,5,4,4,0,0,True
USE10889,10054,2014-02-18,12,5,7,9,0,True
USE10890,10054,2014-02-19,6,0,5,0,11,True
USE10891,10065,2011-04-04,0,2,0,0,0,False
USE10892,10065,2011-04-05,0,0,1,0,0,False
USE10893,10065,2011-04-06,0,0,0,0,0,False
USE10894,10065,2011-04-07,0,0,0,0,0,False
USE10895,10065,2011-04-08,5,0,0,0,1,True
USE10896,10065,2011-04-09,0,0,0,0,0,False
USE10897,10065,2011-04-10,0,0,0,0,0,False
USE10898,10065,2011-04-11,1,2,0,0,0,True
USE10899,10065,2011-04-12,3,3,1,0,0,True
USE10900,10065,2011-04-13,0,0,3,0,0,False
USE10901,10065,2011-04-14,5,0,5,0,0,True
USE10902,10065,2011-04-15,0,0,0,5,0,False
USE10903,10065,2011-04-16,0,0,1,0,0,False
USE10904,10065,2011-04-17,0,4,0,0,0,False
USE10905,10065,2011-04-18,5,0,0,0,0,False
USE10906,10065,2011-04-19,0,2,5,0,4,True
USE10907,10065,2011-04-20,0,0,0,3,0,False
USE10908,10065,2011-04-21,0,0,0,0,0,False
USE10909,10065,2011-04-22,9,2,3,0,0,True
USE10910,10065,2011-04-23,0,0,0,0,0,False
USE10911,10065,2011-04-24,0,0,0,0,0,False
USE10912,10065,2011-04-25,5,0,0,0,0,False
USE10913,10065,2011-04-26,0,3,3,1,0,True
USE10914,10065,2011-04-27,6,4,2,0,0,True
USE10915,10065,2011-04-28,0,2,8,5,4,True
USE10916,10065,2011-04-29,0,3,5,0,6,True
USE10917,10065,2011-04-30,0,0,0,0,0,False
USE10918,10065,2011-05-01,0,3,4,0,0,True
USE10919,10065,2011-05-02,9,4,3,4,0,True
USE10920,10065,2011-05-03,5,10,3,0,0,True
USE10921,10065,2011-05-04,6,4,3,3,0,True
USE10922,10065,2011-05-05,7,1,6,0,0,True
USE10923,10065,2011-05-06,7,2,6,0,0,True
USE10924,10065,2011-05-07,0,0,0,0,0,False
USE10925,10065,2011-05-08,0,0,0,0,0,False
USE10926,10065,2011-05-09,0,1,2,0,7,True
USE10927,10065,2011-05-10,9,4,0,0,0,True
USE10928,10065,2011-05-11,2,4,7,3,0,True
USE10929,10065,2011-05-12,0,0,0,0,9,False
USE10930,10065,2011-05-13,9,1,1,0,0,True
USE10931,10065,2011-05-14,3,0,1,3,0,True
USE10932,10065,2011-05-15,0,1,0,0,0,False
USE10933,10065,2011-05-16,0,7,0,0,0,False
USE10934,10065,2011-05-17,0,5,7,5,0,True
USE10935,10065,2011-05-18,4,4,8,0,0,True
USE10936,10198,2013-01-20,0,0,0,0,0,False
USE10937,10198,2013-01-21,0,0,0,0,0,False
USE10938,10198,2013-01-22,0,0,2,0,0,False
USE10939,10198,2013-01-23,0,0,0,0,0,False
USE10940,10198,2013-01-24,0,0,4,0,0,False
USE10941,10198,2013-01-25,0,0,2,0,0,False
USE10942,10198,2013-01-26,0,0,0,0,0,False
USE10943,10198,2013-01-27,0,0,0,0,0,False
USE10944,10198,2013-01-28,0,0,0,0,0,False
USE10945,10198,2013-01-29,0,0,0,0,0,False
USE10946,10198,2013-01-30,2,0,0,0,2,True
USE10947,10198,2013-01-31,4,0,0,0,0,False
USE10948,10198,2013-02-01,0,0,0,1,6,True
USE10949,10198,2013-02-02,0,0,0,0,0,False
USE10950,10198,2013-02-03,0,0,0,0,1,False
USE10951,10198,2013-02-04,0,0,0,0,0,False
USE10952,10198,2013-02-05,0,0,4,0,3,True
USE10953,10198,2013-02-06,5,0,1,5,0,True
USE10954,10198,2013-02-07,0,1,0,2,7,True
USE10955,10198,2013-02-08,5,0,1,0,9,True
USE10956,10198,2013-02-09,0,0,0,0,0,False
USE10957,10198,2013-02-10,0,0,0,0,0,False
USE10958,10198,2013-02-11,6,5,6,0,0,True
USE10959,10198,2013-02-12,0,1,0,0,0,False
USE10960,10198,2013-02-13,0,4,3,0,8,True
USE10961,10198,2013-02-14,0,2,2,0,0,True
USE10962,10198,2013-02-15,5,0,2,0,4,True
USE10963,10198,2013-02-16,3,0,2,0,3,True
USE10964,10198,2013-02-17,0,0,0,0,0,False
USE10965,10198,2013-02-18,0,6,0,0,10,True
USE10966,10198,2013-02-19,4,1,11,5,0,True
USE10967,10198,2013-02-20,6,4,12,0,0,True
USE10968,10198,2013-02-21,0,5,6,8,0,True
USE10969,10198,2013-02-22,0,0,4,4,0,True
USE10970,10198,2013-02-23,0,1,0,0,0,False
USE10971,10198,2013-02-24,3,0,0,0,0,False
USE10972,10198,2013-02-25,11,1,5,5,0,True
USE10973,10198,2013-02-26,8,5,2,0,8,True
USE10974,10198,2013-02-27,8,0,9,4,8,True
USE10975,10198,2013-02-28,0,1,5,0,11,True
USE10976,10198,2013-03-01,8,5,2,0,13,True
USE10977,10198,2013-03-02,0,0,0,0,0,False
USE10978,10198,2013-03-03,0,0,0,0,0,False
USE10979,10198,2013-03-04,10,0,0,0,0,False
USE10980,10198,2013-03-05,0,0,2,0,9,True
USE10981,10222,2012-01-09,0,0,0,0,0,False
USE10982,10222,2012-01-10,3,1,0,0,0,True
USE10983,10222,2012-01-11,2,0,0,0,0,False
USE10984,10222,2012-01-12,2,0,0,0,0,False
USE10985,10222,2012-01-13,0,0,0,0,0,False
USE10986,10222,2012-01-14,0,0,0,0,0,False
USE10987,10222,2012-01-15,0,0,0,0,0,False
USE10988,10222,2012-01-16,0,1,0,0,0,False
USE10989,10222,2012-01-17,0,0,2,0,0,False
USE10990,10222,2012-01-18,0,0,1,0,0,False
USE10991,10222,2012-01-19,0,5,4,0,3,True
USE10992,10222,2012-01-20,0,0,5,1,4,True
USE10993,10222,2012-01-21,0,1,0,0,0,False
USE10994,10222,2012-01-22,2,0,0,0,0,False
USE10995,10222,2012-01-23,6,0,6,0,0,True
USE10996,10222,2012-01-24,0,0,5,0,0,False
USE10997,10222,2012-01-25,5,0,0,0,0,False
USE10998,10222,2012-01-26,6,0,0,0,0,False
USE10999,10222,2012-01-27,0,5,0,0,0,False
USE11000,10222,2012-01-28,0,0,0,0,0,False
USE11001,10222,2012-01-29,1,0,0,0,0,False
USE11002,10222,2012-01-30,7,1,2,0,0,True
USE11003,10222,2012-01-31,0,3,0,2,0,True
USE11004,10222,2012-02-01,4,0,0,1,0,True
USE11005,10222,2012-02-02,0,0,0,6,0,False
USE11006,10222,2012-02-03,5,0,7,0,7,True
USE11007,10222,2012-02-04,0,0,0,0,0,False
USE11008,10222,2012-02-05,0,0,0,0,0,False
USE11009,10222,2012-02-06,6,0,5,0,9,True
USE11010,10222,2012-02-07,8,5,4,5,8,True
USE11011,10222,2012-02-08,8,3,9,0,4,True
USE11012,10222,2012-02-09,2,6,7,11,14,True
USE11013,10222,2012-02-10,0,0,0,0,0,False
USE11014,10222,2012-02-11,7,1,0,0,1,True
USE11015,10222,2012-02-12,1,0,2,0,0,True
USE11016,10222,2012-02-13,7,0,5,0,10,True
USE11017,10222,2012-02-14,7,6,5,7,12,True
USE11018,10222,2012-02-15,3,7,0,0,8,True
USE11019,10222,2012-02-16,6,4,3,0,0,True
USE11020,10222,2012-02-17,9,0,0,0,7,True
USE11021,10222,2012-02-18,0,0,0,0,0,False
USE11022,10222,2012-02-19,0,0,0,0,0,False
USE11023,10222,2012-02-20,10,7,0,0,10,True
USE11024,10222,2012-02-21,7,3,6,0,6,True
USE11025,10222,2012-02-22,0,4,5,0,15,True
USE11026,10126,2012-11-05,1,0,0,0,0,False
USE11027,10126,2012-11-06,0,0,0,0,0,False
USE11028,10126,2012-11-07,0,0,0,0,3,False
USE11029,10126,2012-11-08,0,0,3,0,0,False
USE11030,10126,2012-11-09,0,0,4,0,0,False
USE11031,10126,2012-11-10,0,0,0,0,0,False
USE11032,10126,2012-11-11,0,0,0,0,0,False
USE11033,10126,2012-11-12,0,0,0,0,0,False
USE11034,10126,2012-11-13,5,0,0,0,0,False
USE11035,10126,2012-11-14,5,1,1,0,0,True
USE11036,10126,2012-11-15,0,0,4,0,4,True
USE11037,10126,2012-11-16,0,1,0,0,0,False
USE11038,10126,2012-11-17,2,1,0,0,0,True
USE11039,10126,2012-11-18,0,0,0,0,0,False
USE11040,10126,2012-11-19,7,0,0,0,0,False
USE11041,10126,2012-11-20,0,2,0,0,0,False
USE11042,10126,2012-11-21,0,1,2,0,0,True
USE11043,10126,2012-11-22,6,0,0,0,0,False
USE11044,10126,2012-11-23,0,0,3,0,5,True
USE11045,10126,2012-11-24,0,0,0,0,0,False
USE11046,10126,2012-11-25,0,0,0,0,0,False
USE11047,10126,2012-11-26,4,0,0,0,0,False
USE11048,10126,2012-11-27,11,2,3,0,0,True
USE11049,10126,2012-11-28,3,0,5,2,0,True
USE11050,10126,2012-11-29,5,1,4,0,3,True
USE11051,10126,2012-11-30,5,5,0,0,4,True
USE11052,10126,2012-12-01,0,0,0,0,0,False
USE11053,10126,2012-12-02,0,1,0,0,3,True
USE11054,10126,2012-12-03,12,0,4,4,12,True
USE11055,10126,2012-12-04,5,4,5,0,0,True
USE11056,10126,2012-12-05,6,2,3,7,0,True
USE11057,10126,2012-12-06,0,0,8,0,4,True
USE11058,10126,2012-12-07,0,3,0,0,0,False
USE11059,10126,2012-12-08,2,0,0,0,0,False
USE11060,10126,2012-12-09,0,0,0,4,0,False
USE11061,10126,2012-12-10,8,3,5,0,11,True
USE11062,10126,2012-12-11,9,4,4,0,4,True
USE11063,10126,2012-12-12,6,3,2,0,7,True
USE11064,10126,2012-12-13,0,1,0,0,7,True
USE11065,10126,2012-12-14,0,5,7,0,0,True
USE11066,10126,2012-12-15,0,0,2,0,0,False
USE11067,10126,2012-12-16,0,0,0,0,0,False
USE11068,10126,2012-12-17,4,4,7,9,6,True
USE11069,10126,2012-12-18,5,0,0,3,0,True
USE11070,10126,2012-12-19,5,5,0,0,2,True
USE11071,10295,2016-07-04,0,0,0,0,0,False
USE11072,10295,2016-07-05,2,0,0,0,0,False
USE11073,10295,2016-07-06,2,0,1,0,0,True
USE11074,10295,2016-07-07,1,0,0,0,0,False
USE11075,10295,2016-07-08,3,2,0,0,0,True
USE11076,10295,2016-07-09,0,0,0,0,0,False
USE11077,10295,2016-07-10,0,0,0,0,0,False
USE11078,10295,2016-07-11,1,3,3,0,0,True
USE11079,10295,2016-07-12,0,0,0,0,0,False
USE11080,10295,2016-07-13,0,0,3,0,0,False
USE11081,10295,2016-07-14,0,1,0,0,5,True
USE11082,10295,2016-07-15,0,0,0,0,0,False
USE11083,10295,2016-07-16,2,0,0,0,0,False
USE11084,10295,2016-07-17,0,0,0,0,0,False
USE11085,10295,2016-07-18,3,0,4,0,0,True
USE11086,10295,2016-07-19,3,0,4,0,3,True
USE11087,10295,2016-07-20,9,0,3,0,7,True
USE11088,10295,2016-07-21,0,3,2,0,0,True
USE11089,10295,2016-07-22,3,0,3,0,0,True
USE11090,10295,2016-07-23,0,0,2,0,0,False
USE11091,10295,2016-07-24,0,2,0,0,0,False
USE11092,10295,2016-07-25,0,0,6,2,0,True
USE11093,10295,2016-07-26,13,3,4,0,0,True
USE11094,10295,2016-07-27,0,2,3,5,0,True
USE11095,10295,2016-07-28,2,0,4,0,9,True
USE11096,10295,2016-07-29,12,3,0,0,0,True
USE11097,10295,2016-07-30,0,0,0,0,0,False
USE11098,10295,2016-07-31,0,0,0,0,0,False
USE11099,10295,2016-08-01,6,3,0,0,0,True
USE11100,10295,2016-08-02,8,4,6,0,14,True
USE11101,10295,2016-08-03,4,0,6,0,0,True
USE11102,10295,2016-08-04,5,3,4,4,11,True
USE11103,10295,2016-08-05,7,3,3,0,0,True
USE11104,10295,2016-08-06,5,1,1,0,3,True
USE11105,10295,2016-08-07,0,0,0,0,0,False
USE11106,10295,2016-08-08,4,2,5,0,0,True
USE11107,10295,2016-08-09,0,4,0,0,7,True
USE11108,10295,2016-08-10,6,0,6,0,0,True
USE11109,10295,2016-08-11,8,5,4,0,0,True
USE11110,10295,2016-08-12,0,7,7,0,0,True
USE11111,10295,2016-08-13,0,0,0,0,6,False
USE11112,10295,2016-08-14,0,0,0,0,0,False
USE11113,10295,2016-08-15,4,3,5,0,7,True
USE11114,10295,2016-08-16,5,2,4,2,3,True
USE11115,10295,2016-08-17,4,5,8,0,0,True
USE11116,10260,2009-01-05,0,0,0,0,3,False
USE11117,10260,2009-01-06,2,0,0,0,0,False
USE11118,10260,2009-01-07,0,0,0,0,0,False
USE11119,10260,2009-01-08,0,0,0,0,0,False
USE11120,10260,2009-01-09,4,0,0,0,0,False
USE11121,10260,2009-01-10,0,0,0,0,0,False
USE11122,10260,2009-01-11,0,0,0,0,0,False
USE11123,10260,2009-01-12,4,0,2,0,0,True
USE11124,10260,2009-01-13,0,0,0,0,0,False
USE11125,10260,2009-01-14,0,0,0,0,0,False
USE11126,10260,2009-01-15,0,1,0,2,4,True
USE11127,10260,2009-01-16,4,5,6,0,4,True
USE11128,10260,2009-01-17,0,0,0,0,0,False
USE11129,10260,2009-01-18,0,0,0,0,0,False
USE11130,10260,2009-01-19,8,0,5,0,5,True
USE11131,10260,2009-01-20,0,0,2,0,0,False
USE11132,10260,2009-01-21,6,1,1,0,0,True
USE11133,10260,2009-01-22,0,0,0,0,5,False
USE11134,10260,2009-01-23,7,2,2,0,6,True
USE11135,10260,2009-01-24,0,0,0,0,0,False
USE11136,10260,2009-01-25,0,0,0,0,0,False
USE11137,10260,2009-01-26,0,0,2,0,0,False
USE11138,10260,2009-01-27,0,2,4,0,3,True
USE11139,10260,2009-01-28,3,1,4,0,6,True
USE11140,10260,2009-01-29,13,3,0,0,0,True
USE11141,10260,2009-01-30,6,3,0,0,0,True
USE11142,10260,2009-01-31,0,1,0,0,0,False
USE11143,10260,2009-02-01,1,1,0,0,0,True
USE11144,10260,2009-02-02,0,2,6,0,8,True
USE11145,10260,2009-02-03,3,1,3,0,4,True
USE11146,10260,2009-02-04,0,2,1,1,10,True
USE11147,10260,2009-02-05,5,3,4,0,0,True
USE11148,10260,2009-02-06,3,2,0,0,0,True
USE11149,10260,2009-02-07,0,0,0,0,0,False
USE11150,10260,2009-02-08,0,0,0,0,0,False
USE11151,10260,2009-02-09,4,0,0,0,7,True
USE11152,10260,2009-02-10,9,9,6,0,0,True
USE11153,10260,2009-02-11,9,5,2,0,7,True
USE11154,10260,2009-02-12,6,5,3,0,0,True
USE11155,10260,2009-02-13,12,4,4,0,0,True
USE11156,10260,2009-02-14,0,0,0,0,0,False
USE11157,10260,2009-02-15,0,0,0,0,0,False
USE11158,10260,2009-02-16,0,2,3,0,10,True
USE11159,10260,2009-02-17,8,2,0,0,9,True
USE11160,10260,2009-02-18,0,5,6,0,16,True
USE11161,10233,2010-08-30,0,0,0,0,0,False
USE11162,10233,2010-08-31,0,0,0,0,1,False
USE11163,10233,2010-09-01,0,3,0,0,0,False
USE11164,10233,2010-09-02,1,0,0,0,0,False
USE11165,10233,2010-09-03,0,0,0,0,0,False
USE11166,10233,2010-09-04,0,0,0,0,0,False
USE11167,10233,2010-09-05,0,0,0,0,0,False
USE11168,10233,2010-09-06,0,1,2,0,3,True
USE11169,10233,2010-09-07,0,0,0,0,0,False
USE11170,10233,2010-09-08,0,0,0,0,0,False
USE11171,10233,2010-09-09,4,1,0,0,3,True
USE11172,10233,2010-09-10,0,0,0,0,6,False
USE11173,10233,2010-09-11,0,0,0,0,0,False
USE11174,10233,2010-09-12,0,0,0,0,0,False
USE11175,10233,2010-09-13,0,2,0,0,0,False
USE11176,10233,2010-09-14,0,0,5,0,0,False
USE11177,10233,2010-09-15,0,0,4,0,4,True
USE11178,10233,2010-09-16,0,0,6,0,4,True
USE11179,10233,2010-09-17,0,0,0,0,6,False
USE11180,10233,2010-09-18,0,0,0,0,0,False
USE11181,10233,2010-09-19,0,0,0,0,0,False
USE11182,10233,2010-09-20,4,1,1,0,4,True
USE11183,10233,2010-09-21,0,1,0,0,4,True
USE11184,10233,2010-09-22,5,0,2,0,3,True
USE11185,10233,2010-09-23,0,0,1,0,0,False
USE11186,10233,2010-09-24,0,5,0,0,0,False
USE11187,10233,2010-09-25,2,2,0,0,0,True
USE11188,10233,2010-09-26,0,1,0,4,0,True
USE11189,10233,2010-09-27,12,3,0,0,4,True
USE11190,10233,2010-09-28,8,6,0,0,0,True
USE11191,10233,2010-09-29,0,4,4,0,9,True
USE11192,10233,2010-09-30,0,3,1,0,0,True
USE11193,10233,2010-10-01,9,5,0,0,0,True
USE11194,10233,2010-10-02,0,1,0,0,2,True
USE11195,10233,2010-10-03,2,0,0,0,0,False
USE11196,10233,2010-10-04,5,0,6,0,6,True
USE11197,10233,2010-10-05,4,4,5,0,8,True
USE11198,10233,2010-10-06,11,5,6,0,0,True
USE11199,10233,2010-10-07,6,7,4,0,0,True
USE11200,10233,2010-10-08,0,6,6,0,0,True
USE11201,10233,2010-10-09,0,1,3,0,0,True
USE11202,10233,2010-10-10,3,2,0,0,0,True
USE11203,10233,2010-10-11,9,4,7,0,0,True
USE11204,10233,2010-10-12,0,0,2,0,8,True
USE11205,10233,2010-10-13,4,4,7,4,0,True
USE11206,10229,2015-01-05,0,0,0,0,0,False
USE11207,10229,2015-01-06,0,0,0,0,0,False
USE11208,10229,2015-01-07,0,1,0,0,0,False
USE11209,10229,2015-01-08,0,0,0,0,0,False
USE11210,10229,2015-01-09,0,1,0,0,0,False
USE11211,10229,2015-01-10,0,0,0,0,0,False
USE11212,10229,2015-01-11,0,0,0,0,0,False
USE11213,10229,2015-01-12,4,0,0,0,0,False
USE11214,10229,2015-01-13,0,0,0,2,1,True
USE11215,10229,2015-01-14,0,0,4,0,0,False
USE11216,10229,2015-01-15,0,0,0,0,0,False
USE11217,10229,2015-01-16,0,0,0,0,0,False
USE11218,10229,2015-01-17,0,2,0,0,0,False
USE11219,10229,2015-01-18,0,1,0,0,0,False
USE11220,10229,2015-01-19,0,0,0,0,4,False
USE11221,10229,2015-01-20,0,0,3,0,0,False
USE11222,10229,2015-01-21,8,0,3,0,0,True
USE11223,10229,2015-01-22,0,0,1,0,5,True
USE11224,10229,2015-01-23,0,0,0,0,0,False
USE11225,10229,2015-01-24,2,0,0,0,1,True
USE11226,10229,2015-01-25,0,0,0,0,0,False
USE11227,10229,2015-01-26,4,4,1,4,0,True
USE11228,10229,2015-01-27,0,5,3,0,10,True
USE11229,10229,2015-01-28,5,0,0,0,5,True
USE11230,10229,2015-01-29,0,4,3,0,6,True
USE11231,10229,2015-01-30,3,0,2,0,6,True
USE11232,10229,2015-01-31,0,0,0,0,0,False
USE11233,10229,2015-02-01,6,2,1,0,0,True
USE11234,10229,2015-02-02,5,0,3,0,16,True
USE11235,10229,2015-02-03,3,0,3,0,11,True
USE11236,10229,2015-02-04,5,5,3,0,4,True
USE11237,10229,2015-02-05,6,3,2,0,9,True
USE11238,10229,2015-02-06,8,4,5,0,0,True
USE11239,10229,2015-02-07,0,0,0,0,0,False
USE11240,10229,2015-02-08,0,0,0,0,0,False
USE11241,10229,2015-02-09,13,6,6,0,0,True
USE11242,10229,2015-02-10,5,5,3,0,6,True
USE11243,10229,2015-02-11,4,6,4,0,7,True
USE11244,10229,2015-02-12,8,2,4,0,0,True
USE11245,10229,2015-02-13,6,3,4,0,0,True
USE11246,10229,2015-02-14,0,0,0,0,0,False
USE11247,10229,2015-02-15,0,0,0,0,0,False
USE11248,10229,2015-02-16,0,4,6,0,9,True
USE11249,10229,2015-02-17,6,2,9,0,0,True
USE11250,10229,2015-02-18,7,2,8,0,10,True
USE11251,10169,2014-09-29,0,0,1,0,1,True
USE11252,10169,2014-09-30,0,0,0,0,0,False
USE11253,10169,2014-10-01,0,0,2,0,0,False
USE11254,10169,2014-10-02,0,0,0,0,6,False
USE11255,10169,2014-10-03,1,0,0,0,0,False
USE11256,10169,2014-10-04,0,0,0,0,0,False
USE11257,10169,2014-10-05,0,0,0,0,0,False
USE11258,10169,2014-10-06,0,2,0,0,0,False
USE11259,10169,2014-10-07,4,0,1,0,2,True
USE11260,10169,2014-10-08,4,0,5,0,4,True
USE11261,10169,2014-10-09,0,0,5,0,0,False
USE11262,10169,2014-10-10,0,3,0,0,0,False
USE11263,10169,2014-10-11,0,0,0,0,0,False
USE11264,10169,2014-10-12,0,0,0,0,0,False
USE11265,10169,2014-10-13,3,1,5,0,0,True
USE11266,10169,2014-10-14,5,0,0,0,7,True
USE11267,10169,2014-10-15,5,0,0,0,0,False
USE11268,10169,2014-10-16,0,2,3,0,4,True
USE11269,10169,2014-10-17,0,0,0,0,0,False
USE11270,10169,2014-10-18,1,0,0,0,0,False
USE11271,10169,2014-10-19,0,0,0,0,0,False
USE11272,10169,2014-10-20,2,6,4,0,0,True
USE11273,10169,2014-10-21,0,4,0,0,0,False
USE11274,10169,2014-10-22,8,5,0,0,0,True
USE11275,10169,2014-10-23,0,5,0,0,8,True
USE11276,10169,2014-10-24,2,0,4,8,0,True
USE11277,10169,2014-10-25,2,1,0,0,0,True
USE11278,10169,2014-10-26,0,0,0,0,0,False
USE11279,10169,2014-10-27,9,0,2,4,0,True
USE11280,10169,2014-10-28,6,3,6,4,6,True
USE11281,10169,2014-10-29,4,0,5,0,0,True
USE11282,10169,2014-10-30,6,4,3,0,6,True
USE11283,10169,2014-10-31,0,1,3,6,7,True
USE11284,10169,2014-11-01,0,0,0,0,0,False
USE11285,10169,2014-11-02,2,2,0,0,0,True
USE11286,10169,2014-11-03,13,7,4,0,0,True
USE11287,10169,2014-11-04,4,0,8,0,10,True
USE11288,10169,2014-11-05,9,5,5,2,6,True
USE11289,10169,2014-11-06,0,3,3,0,0,True
USE11290,10169,2014-11-07,0,0,5,6,0,True
USE11291,10169,2014-11-08,3,0,0,0,0,False
USE11292,10169,2014-11-09,1,0,0,0,0,False
USE11293,10169,2014-11-10,4,3,2,4,3,True
USE11294,10169,2014-11-11,0,3,7,5,10,True
USE11295,10169,2014-11-12,11,0,2,0,8,True
USE11296,10071,2013-09-30,1,0,0,0,1,True
USE11297,10071,2013-10-01,0,0,2,0,0,False
USE11298,10071,2013-10-02,0,0,0,0,0,False
USE11299,10071,2013-10-03,0,0,2,0,0,False
USE11300,10071,2013-10-04,0,0,0,0,0,False
USE11301,10071,2013-10-05,0,0,0,0,0,False
USE11302,10071,2013-10-06,1,0,0,0,0,False
USE11303,10071,2013-10-07,0,1,0,0,0,False
USE11304,10071,2013-10-08,2,0,0,0,0,False
USE11305,10071,2013-10-09,0,0,3,0,4,True
USE11306,10071,2013-10-10,0,0,2,0,2,True
USE11307,10071,2013-10-11,0,5,2,0,3,True
USE11308,10071,2013-10-12,0,0,0,0,0,False
USE11309,10071,2013-10-13,0,0,0,0,0,False
USE11310,10071,2013-10-14,0,0,0,0,4,False
USE11311,10071,2013-10-15,4,0,3,0,0,True
USE11312,10071,2013-10-16,5,7,3,0,0,True
USE11313,10071,2013-10-17,0,0,5,1,0,True
USE11314,10071,2013-10-18,3,5,3,2,0,True
USE11315,10071,2013-10-19,0,0,1,0,0,False
USE11316,10071,2013-10-20,0,1,0,0,0,False
USE11317,10071,2013-10-21,0,0,0,0,0,False
USE11318,10071,2013-10-22,4,0,0,0,0,False
USE11319,10071,2013-10-23,3,4,1,2,0,True
USE11320,10071,2013-10-24,6,3,0,0,5,True
USE11321,10071,2013-10-25,3,2,2,0,6,True
USE11322,10071,2013-10-26,0,0,0,0,4,False
USE11323,10071,2013-10-27,2,0,2,0,0,True
USE11324,10071,2013-10-28,0,0,6,0,0,False
USE11325,10071,2013-10-29,2,8,6,0,11,True
USE11326,10071,2013-10-30,7,0,0,5,0,True
USE11327,10071,2013-10-31,0,2,0,0,0,False
USE11328,10071,2013-11-01,0,3,3,0,0,True
USE11329,10071,2013-11-02,2,0,3,0,0,True
USE11330,10071,2013-11-03,0,2,0,0,0,False
USE11331,10071,2013-11-04,7,0,7,0,7,True
USE11332,10071,2013-11-05,6,3,0,0,0,True
USE11333,10071,2013-11-06,10,2,0,2,0,True
USE11334,10071,2013-11-07,5,4,4,0,0,True
USE11335,10071,2013-11-08,7,4,8,5,9,True
USE11336,10071,2013-11-09,0,1,0,0,0,False
USE11337,10071,2013-11-10,0,2,0,0,0,False
USE11338,10071,2013-11-11,5,4,5,0,0,True
USE11339,10071,2013-11-12,0,4,8,0,0,True
USE11340,10071,2013-11-13,7,0,0,0,3,True
USE11341,10179,2014-09-30,0,1,0,0,0,False
USE11342,10179,2014-10-01,2,0,0,0,0,False
USE11343,10179,2014-10-02,0,0,0,0,0,False
USE11344,10179,2014-10-03,0,0,0,0,0,False
USE11345,10179,2014-10-04,0,0,0,0,0,False
USE11346,10179,2014-10-05,0,0,0,0,0,False
USE11347,10179,2014-10-06,0,0,0,0,0,False
USE11348,10179,2014-10-07,0,2,3,0,9,True
USE11349,10179,2014-10-08,0,0,1,0,2,True
USE11350,10179,2014-10-09,0,0,0,0,0,False
USE11351,10179,2014-10-10,0,3,2,0,6,True
USE11352,10179,2014-10-11,0,0,0,0,2,False
USE11353,10179,2014-10-12,0,0,0,0,0,False
USE11354,10179,2014-10-13,0,0,3,0,0,False
USE11355,10179,2014-10-14,0,0,0,0,0,False
USE11356,10179,2014-10-15,0,4,3,0,0,True
USE11357,10179,2014-10-16,0,0,5,0,0,False
USE11358,10179,2014-10-17,0,3,8,0,0,True
USE11359,10179,2014-10-18,0,0,0,0,0,False
USE11360,10179,2014-10-19,0,0,0,0,0,False
USE11361,10179,2014-10-20,3,2,4,0,5,True
USE11362,10179,2014-10-21,8,6,7,5,0,True
USE11363,10179,2014-10-22,0,4,6,2,7,True
USE11364,10179,2014-10-23,1,2,0,0,10,True
USE11365,10179,2014-10-24,0,5,0,6,0,True
USE11366,10179,2014-10-25,0,1,0,0,0,False
USE11367,10179,2014-10-26,0,0,0,0,4,False
USE11368,10179,2014-10-27,7,0,0,0,7,True
USE11369,10179,2014-10-28,8,3,8,0,0,True
USE11370,10179,2014-10-29,5,3,7,0,8,True
USE11371,10179,2014-10-30,10,3,0,3,10,True
USE11372,10179,2014-10-31,5,6,4,4,0,True
USE11373,10179,2014-11-01,0,0,0,0,0,False
USE11374,10179,2014-11-02,0,0,0,0,0,False
USE11375,10179,2014-11-03,0,4,8,0,0,True
USE11376,10179,2014-11-04,0,10,6,0,0,True
USE11377,10179,2014-11-05,3,3,3,0,0,True
USE11378,10179,2014-11-06,6,10,2,5,9,True
USE11379,10179,2014-11-07,8,2,5,6,7,True
USE11380,10179,2014-11-08,0,0,0,0,0,False
USE11381,10179,2014-11-09,3,0,3,0,0,True
USE11382,10179,2014-11-10,13,3,7,0,0,True
USE11383,10179,2014-11-11,8,6,0,0,0,True
USE11384,10179,2014-11-12,6,6,0,0,9,True
USE11385,10179,2014-11-13,11,4,3,0,0,True
USE11386,10091,2013-08-19,0,0,0,0,0,False
USE11387,10091,2013-08-20,3,0,0,0,0,False
USE11388,10091,2013-08-21,1,0,0,0,0,False
USE11389,10091,2013-08-22,0,0,0,0,0,False
USE11390,10091,2013-08-23,0,0,0,0,0,False
USE11391,10091,2013-08-24,0,0,0,0,0,False
USE11392,10091,2013-08-25,0,0,0,0,0,False
USE11393,10091,2013-08-26,0,1,2,0,3,True
USE11394,10091,2013-08-27,3,0,2,0,0,True
USE11395,10091,2013-08-28,7,0,0,3,0,True
USE11396,10091,2013-08-29,0,0,4,0,0,False
USE11397,10091,2013-08-30,0,0,5,0,0,False
USE11398,10091,2013-08-31,0,0,0,0,0,False
USE11399,10091,2013-09-01,0,0,0,0,0,False
USE11400,10091,2013-09-02,7,0,0,0,0,False
USE11401,10091,2013-09-03,0,2,0,0,0,False
USE11402,10091,2013-09-04,4,0,4,0,0,True
USE11403,10091,2013-09-05,0,2,0,0,0,False
USE11404,10091,2013-09-06,2,0,4,5,0,True
USE11405,10091,2013-09-07,0,0,0,0,0,False
USE11406,10091,2013-09-08,0,0,0,0,1,False
USE11407,10091,2013-09-09,5,0,0,0,6,True
USE11408,10091,2013-09-10,9,3,3,0,8,True
USE11409,10091,2013-09-11,8,0,1,0,3,True
USE11410,10091,2013-09-12,0,0,6,0,0,False
USE11411,10091,2013-09-13,7,2,4,0,0,True
USE11412,10091,2013-09-14,1,0,0,0,2,True
USE11413,10091,2013-09-15,0,0,0,0,0,False
USE11414,10091,2013-09-16,7,5,3,8,6,True
USE11415,10091,2013-09-17,4,5,1,0,0,True
USE11416,10091,2013-09-18,0,0,0,0,0,False
USE11417,10091,2013-09-19,8,2,0,5,3,True
USE11418,10091,2013-09-20,12,4,6,0,6,True
USE11419,10091,2013-09-21,0,0,0,0,0,False
USE11420,10091,2013-09-22,0,0,0,0,2,False
USE11421,10091,2013-09-23,0,2,5,6,0,True
USE11422,10091,2013-09-24,3,0,0,0,11,True
USE11423,10091,2013-09-25,0,4,3,0,9,True
USE11424,10091,2013-09-26,7,0,3,7,0,True
USE11425,10091,2013-09-27,2,0,3,0,10,True
USE11426,10091,2013-09-28,0,0,0,0,2,False
USE11427,10091,2013-09-29,0,0,1,1,2,True
USE11428,10091,2013-09-30,5,2,5,0,0,True
USE11429,10091,2013-10-01,7,1,5,5,0,True
USE11430,10091,2013-10-02,8,7,6,0,8,True
USE11431,10178,2015-01-05,0,0,3,0,0,False
USE11432,10178,2015-01-06,0,0,2,0,0,False
USE11433,10178,2015-01-07,0,0,2,0,0,False
USE11434,10178,2015-01-08,2,0,0,0,0,False
USE11435,10178,2015-01-09,0,0,2,0,0,False
USE11436,10178,2015-01-10,0,0,0,0,0,False
USE11437,10178,2015-01-11,0,0,0,0,0,False
USE11438,10178,2015-01-12,0,0,0,0,0,False
USE11439,10178,2015-01-13,2,4,0,0,0,True
USE11440,10178,2015-01-14,0,4,0,1,2,True
USE11441,10178,2015-01-15,0,0,0,0,0,False
USE11442,10178,2015-01-16,0,0,0,0,7,False
USE11443,10178,2015-01-17,0,0,0,0,0,False
USE11444,10178,2015-01-18,0,0,0,0,0,False
USE11445,10178,2015-01-19,0,3,0,0,0,False
USE11446,10178,2015-01-20,0,1,2,0,0,True
USE11447,10178,2015-01-21,5,0,0,0,6,True
USE11448,10178,2015-01-22,0,0,0,0,0,False
USE11449,10178,2015-01-23,6,2,4,0,7,True
USE11450,10178,2015-01-24,0,0,0,0,0,False
USE11451,10178,2015-01-25,0,1,0,0,0,False
USE11452,10178,2015-01-26,7,2,6,0,0,True
USE11453,10178,2015-01-27,0,2,0,3,0,True
USE11454,10178,2015-01-28,0,7,2,4,0,True
USE11455,10178,2015-01-29,9,0,0,0,0,False
USE11456,10178,2015-01-30,1,2,3,0,2,True
USE11457,10178,2015-01-31,0,0,1,0,0,False
USE11458,10178,2015-02-01,0,0,0,0,0,False
USE11459,10178,2015-02-02,0,1,0,0,8,True
USE11460,10178,2015-02-03,8,0,0,0,0,False
USE11461,10178,2015-02-04,7,0,5,0,12,True
USE11462,10178,2015-02-05,0,9,0,0,0,False
USE11463,10178,2015-02-06,8,7,4,0,16,True
USE11464,10178,2015-02-07,0,0,0,0,1,False
USE11465,10178,2015-02-08,0,0,0,0,0,False
USE11466,10178,2015-02-09,0,0,4,0,9,True
USE11467,10178,2015-02-10,0,3,5,0,9,True
USE11468,10178,2015-02-11,8,0,0,0,10,True
USE11469,10178,2015-02-12,4,4,4,0,11,True
USE11470,10178,2015-02-13,0,0,7,0,0,False
USE11471,10178,2015-02-14,0,3,0,0,1,True
USE11472,10178,2015-02-15,0,0,0,0,0,False
USE11473,10178,2015-02-16,11,5,2,0,0,True
USE11474,10178,2015-02-17,6,5,1,3,0,True
USE11475,10178,2015-02-18,9,0,0,6,0,True
USE11476,10039,2015-05-01,2,0,2,0,0,True
USE11477,10039,2015-05-02,0,0,0,0,0,False
USE11478,10039,2015-05-03,0,0,0,0,0,False
USE11479,10039,2015-05-04,2,0,0,2,0,True
USE11480,10039,2015-05-05,0,0,0,0,0,False
USE11481,10039,2015-05-06,0,0,0,1,0,False
USE11482,10039,2015-05-07,0,0,0,0,0,False
USE11483,10039,2015-05-08,0,0,0,2,0,False
USE11484,10039,2015-05-09,0,0,0,0,0,False
USE11485,10039,2015-05-10,0,0,2,0,2,True
USE11486,10039,2015-05-11,0,0,1,0,0,False
USE11487,10039,2015-05-12,0,0,0,0,0,False
USE11488,10039,2015-05-13,8,0,0,0,6,True
USE11489,10039,2015-05-14,0,3,0,0,0,False
USE11490,10039,2015-05-15,0,0,0,0,0,False
USE11491,10039,2015-05-16,0,0,0,0,0,False
USE11492,10039,2015-05-17,0,0,0,0,0,False
USE11493,10039,2015-05-18,0,0,0,0,0,False
USE11494,10039,2015-05-19,0,0,0,6,7,True
USE11495,10039,2015-05-20,6,0,0,0,8,True
USE11496,10039,2015-05-21,4,0,0,0,5,True
USE11497,10039,2015-05-22,0,5,0,3,0,True
USE11498,10039,2015-05-23,0,0,0,4,3,True
USE11499,10039,2015-05-24,0,0,0,0,0,False
USE11500,10039,2015-05-25,11,0,0,3,0,True
USE11501,10039,2015-05-26,5,7,0,5,8,True
USE11502,10039,2015-05-27,6,8,0,4,7,True
USE11503,10039,2015-05-28,5,0,1,0,0,True
USE11504,10039,2015-05-29,2,6,0,0,5,True
USE11505,10039,2015-05-30,0,0,0,0,0,False
USE11506,10039,2015-05-31,0,0,0,0,3,False
USE11507,10039,2015-06-01,5,0,0,6,0,True
USE11508,10039,2015-06-02,9,4,5,4,8,True
USE11509,10039,2015-06-03,0,0,6,2,0,True
USE11510,10039,2015-06-04,0,0,0,3,16,True
USE11511,10039,2015-06-05,8,2,0,0,0,True
USE11512,10039,2015-06-06,0,0,0,0,0,False
USE11513,10039,2015-06-07,0,0,0,0,0,False
USE11514,10039,2015-06-08,7,3,0,6,0,True
USE11515,10039,2015-06-09,0,4,6,0,5,True
USE11516,10039,2015-06-10,4,0,3,0,8,True
USE11517,10039,2015-06-11,6,2,0,11,0,True
USE11518,10039,2015-06-12,0,0,0,4,5,True
USE11519,10039,2015-06-13,0,0,0,2,0,False
USE11520,10039,2015-06-14,0,0,0,0,0,False
USE11521,10095,2009-10-26,0,0,0,0,0,False
USE11522,10095,2009-10-27,0,0,2,0,0,False
USE11523,10095,2009-10-28,3,0,0,0,0,False
USE11524,10095,2009-10-29,0,0,0,1,4,True
USE11525,10095,2009-10-30,5,0,0,0,0,False
USE11526,10095,2009-10-31,0,0,0,0,0,False
USE11527,10095,2009-11-01,0,0,1,0,0,False
USE11528,10095,2009-11-02,0,0,4,0,0,False
USE11529,10095,2009-11-03,0,1,0,0,0,False
USE11530,10095,2009-11-04,2,0,0,0,0,False
USE11531,10095,2009-11-05,0,0,1,0,0,False
USE11532,10095,2009-11-06,0,0,0,0,0,False
USE11533,10095,2009-11-07,0,0,0,0,0,False
USE11534,10095,2009-11-08,0,0,0,0,0,False
USE11535,10095,2009-11-09,0,2,3,0,0,True
USE11536,10095,2009-11-10,6,3,0,0,3,True
USE11537,10095,2009-11-11,4,0,0,0,0,False
USE11538,10095,2009-11-12,8,1,1,0,0,True
USE11539,10095,2009-11-13,5,0,3,0,0,True
USE11540,10095,2009-11-14,0,0,0,0,0,False
USE11541,10095,2009-11-15,0,1,0,0,0,False
USE11542,10095,2009-11-16,0,2,1,0,0,True
USE11543,10095,2009-11-17,9,5,0,0,0,True
USE11544,10095,2009-11-18,5,1,1,0,11,True
USE11545,10095,2009-11-19,6,0,3,0,7,True
USE11546,10095,2009-11-20,0,2,0,0,0,False
USE11547,10095,2009-11-21,0,0,2,0,0,False
USE11548,10095,2009-11-22,0,0,0,0,0,False
USE11549,10095,2009-11-23,6,6,0,0,7,True
USE11550,10095,2009-11-24,6,2,7,0,0,True
USE11551,10095,2009-11-25,0,3,2,0,0,True
USE11552,10095,2009-11-26,9,0,3,0,8,True
USE11553,10095,2009-11-27,2,5,0,4,10,True
USE11554,10095,2009-11-28,0,0,0,0,0,False
USE11555,10095,2009-11-29,0,0,0,1,0,False
USE11556,10095,2009-11-30,0,6,5,0,8,True
USE11557,10095,2009-12-01,10,5,0,0,0,True
USE11558,10095,2009-12-02,8,3,0,0,8,True
USE11559,10095,2009-12-03,6,4,9,0,13,True
USE11560,10095,2009-12-04,0,2,4,0,0,True
USE11561,10095,2009-12-05,0,0,0,0,0,False
USE11562,10095,2009-12-06,0,3,3,0,0,True
USE11563,10095,2009-12-07,6,5,4,3,8,True
USE11564,10095,2009-12-08,9,5,3,3,13,True
USE11565,10095,2009-12-09,10,4,8,5,0,True
USE11566,10027,2014-09-29,0,0,0,0,0,False
USE11567,10027,2014-09-30,0,0,0,0,0,False
USE11568,10027,2014-10-01,0,0,0,0,0,False
USE11569,10027,2014-10-02,0,1,2,0,0,True
USE11570,10027,2014-10-03,2,4,0,4,1,True
USE11571,10027,2014-10-04,0,0,0,0,0,False
USE11572,10027,2014-10-05,0,0,0,0,0,False
USE11573,10027,2014-10-06,0,0,0,1,0,False
USE11574,10027,2014-10-07,0,0,0,0,5,False
USE11575,10027,2014-10-08,6,0,0,1,3,True
USE11576,10027,2014-10-09,5,0,4,3,0,True
USE11577,10027,2014-10-10,0,0,0,0,0,False
USE11578,10027,2014-10-11,0,0,0,0,0,False
USE11579,10027,2014-10-12,0,0,0,0,0,False
USE11580,10027,2014-10-13,2,0,0,0,0,False
USE11581,10027,2014-10-14,0,0,0,0,11,False
USE11582,10027,2014-10-15,0,0,0,0,0,False
USE11583,10027,2014-10-16,2,0,0,0,0,False
USE11584,10027,2014-10-17,5,0,0,0,5,True
USE11585,10027,2014-10-18,0,0,1,0,1,True
USE11586,10027,2014-10-19,0,0,0,0,0,False
USE11587,10027,2014-10-20,0,3,0,0,10,True
USE11588,10027,2014-10-21,3,4,0,0,0,True
USE11589,10027,2014-10-22,4,0,7,0,0,True
USE11590,10027,2014-10-23,7,2,5,0,0,True
USE11591,10027,2014-10-24,0,2,5,0,7,True
USE11592,10027,2014-10-25,0,0,0,0,4,False
USE11593,10027,2014-10-26,0,0,0,0,0,False
USE11594,10027,2014-10-27,14,4,0,0,11,True
USE11595,10027,2014-10-28,0,2,8,0,6,True
USE11596,10027,2014-10-29,7,3,0,0,0,True
USE11597,10027,2014-10-30,3,4,7,0,0,True
USE11598,10027,2014-10-31,6,0,7,0,0,True
USE11599,10027,2014-11-01,0,2,0,0,0,False
USE11600,10027,2014-11-02,5,0,0,0,2,True
USE11601,10027,2014-11-03,5,4,4,0,7,True
USE11602,10027,2014-11-04,0,4,6,5,7,True
USE11603,10027,2014-11-05,10,2,3,6,0,True
USE11604,10027,2014-11-06,10,7,0,0,13,True
USE11605,10027,2014-11-07,6,4,8,0,8,True
USE11606,10027,2014-11-08,6,0,0,0,0,False
USE11607,10027,2014-11-09,4,2,0,0,2,True
USE11608,10027,2014-11-10,6,3,5,0,8,True
USE11609,10027,2014-11-11,0,2,5,0,7,True
USE11610,10027,2014-11-12,6,4,2,3,12,True
USE11611,10291,2014-05-18,0,0,0,0,0,False
USE11612,10291,2014-05-19,0,0,0,0,0,False
USE11613,10291,2014-05-20,3,0,0,0,0,False
USE11614,10291,2014-05-21,0,0,0,0,4,False
USE11615,10291,2014-05-22,0,0,0,0,0,False
USE11616,10291,2014-05-23,0,0,0,0,0,False
USE11617,10291,2014-05-24,0,0,0,4,0,False
USE11618,10291,2014-05-25,0,0,0,0,0,False
USE11619,10291,2014-05-26,0,0,0,0,0,False
USE11620,10291,2014-05-27,0,0,0,0,0,False
USE11621,10291,2014-05-28,0,0,0,0,0,False
USE11622,10291,2014-05-29,0,0,0,0,7,False
USE11623,10291,2014-05-30,0,2,0,0,6,True
USE11624,10291,2014-05-31,1,0,0,0,0,False
USE11625,10291,2014-06-01,0,0,0,2,2,True
USE11626,10291,2014-06-02,4,0,0,5,0,True
USE11627,10291,2014-06-03,3,0,0,0,6,True
USE11628,10291,2014-06-04,5,0,0,1,0,True
USE11629,10291,2014-06-05,0,2,0,2,10,True
USE11630,10291,2014-06-06,4,0,0,2,0,True
USE11631,10291,2014-06-07,0,0,0,0,0,False
USE11632,10291,2014-06-08,0,0,0,0,3,False
USE11633,10291,2014-06-09,8,0,0,8,6,True
USE11634,10291,2014-06-10,0,0,0,6,9,True
USE11635,10291,2014-06-11,4,0,0,6,0,True
USE11636,10291,2014-06-12,8,0,0,2,0,True
USE11637,10291,2014-06-13,10,1,0,0,4,True
USE11638,10291,2014-06-14,0,1,0,0,0,False
USE11639,10291,2014-06-15,0,0,0,0,0,False
USE11640,10291,2014-06-16,0,2,0,0,5,True
USE11641,10291,2014-06-17,5,2,0,7,5,True
USE11642,10291,2014-06-18,5,0,0,0,0,False
USE11643,10291,2014-06-19,9,1,0,0,5,True
USE11644,10291,2014-06-20,5,0,0,6,14,True
USE11645,10291,2014-06-21,0,0,0,4,0,False
USE11646,10291,2014-06-22,0,0,0,1,0,False
USE11647,10291,2014-06-23,0,0,6,0,12,True
USE11648,10291,2014-06-24,7,3,0,6,9,True
USE11649,10291,2014-06-25,0,0,0,6,0,False
USE11650,10291,2014-06-26,4,0,0,6,5,True
USE11651,10291,2014-06-27,3,0,0,8,11,True
USE11652,10291,2014-06-28,0,0,0,0,0,False
USE11653,10291,2014-06-29,0,0,0,0,0,False
USE11654,10291,2014-06-30,11,0,0,1,5,True
USE11655,10291,2014-07-01,8,4,0,0,9,True
USE11656,10153,2011-09-26,0,0,0,3,0,False
USE11657,10153,2011-09-27,2,0,0,0,0,False
USE11658,10153,2011-09-28,1,0,0,1,0,True
USE11659,10153,2011-09-29,0,0,0,0,0,False
USE11660,10153,2011-09-30,2,0,0,0,0,False
USE11661,10153,2011-10-01,0,0,0,0,0,False
USE11662,10153,2011-10-02,0,0,0,0,0,False
USE11663,10153,2011-10-03,0,0,0,0,0,False
USE11664,10153,2011-10-04,0,0,0,0,0,False
USE11665,10153,2011-10-05,4,0,0,0,4,True
USE11666,10153,2011-10-06,0,0,0,0,4,False
USE11667,10153,2011-10-07,0,0,0,0,1,False
USE11668,10153,2011-10-08,3,0,0,0,0,False
USE11669,10153,2011-10-09,0,0,0,0,0,False
USE11670,10153,2011-10-10,0,0,0,0,0,False
USE11671,10153,2011-10-11,0,0,0,5,4,True
USE11672,10153,2011-10-12,0,0,0,0,4,False
USE11673,10153,2011-10-13,0,0,0,0,0,False
USE11674,10153,2011-10-14,5,0,0,0,10,True
USE11675,10153,2011-10-15,0,0,0,0,0,False
USE11676,10153,2011-10-16,0,1,0,0,0,False
USE11677,10153,2011-10-17,3,0,0,3,15,True
USE11678,10153,2011-10-18,0,3,3,0,5,True
USE11679,10153,2011-10-19,0,0,6,3,14,True
USE11680,10153,2011-10-20,2,5,0,0,0,True
USE11681,10153,2011-10-21,0,5,0,3,0,True
USE11682,10153,2011-10-22,0,0,0,0,2,False
USE11683,10153,2011-10-23,1,0,0,0,0,False
USE11684,10153,2011-10-24,3,5,0,0,0,True
USE11685,10153,2011-10-25,0,0,0,4,7,True
USE11686,10153,2011-10-26,0,0,3,0,2,True
USE11687,10153,2011-10-27,9,3,0,1,7,True
USE11688,10153,2011-10-28,0,0,0,0,10,False
USE11689,10153,2011-10-29,0,0,0,0,0,False
USE11690,10153,2011-10-30,0,0,0,2,4,True
USE11691,10153,2011-10-31,2,3,2,4,6,True
USE11692,10153,2011-11-01,0,4,0,7,9,True
USE11693,10153,2011-11-02,11,0,2,0,7,True
USE11694,10153,2011-11-03,5,0,10,10,0,True
USE11695,10153,2011-11-04,0,5,0,5,8,True
USE11696,10153,2011-11-05,5,0,0,0,0,False
USE11697,10153,2011-11-06,0,0,0,0,0,False
USE11698,10153,2011-11-07,0,5,0,8,4,True
USE11699,10153,2011-11-08,10,3,0,4,0,True
USE11700,10153,2011-11-09,0,0,7,0,0,False
USE11701,10157,2013-11-11,0,0,2,0,0,False
USE11702,10157,2013-11-12,0,0,0,0,2,False
USE11703,10157,2013-11-13,0,0,0,0,0,False
USE11704,10157,2013-11-14,0,0,0,0,0,False
USE11705,10157,2013-11-15,0,0,0,0,3,False
USE11706,10157,2013-11-16,0,0,1,0,0,False
USE11707,10157,2013-11-17,0,0,0,0,0,False
USE11708,10157,2013-11-18,2,0,0,0,0,False
USE11709,10157,2013-11-19,0,0,0,0,4,False
USE11710,10157,2013-11-20,1,0,5,0,6,True
USE11711,10157,2013-11-21,0,0,0,0,0,False
USE11712,10157,2013-11-22,3,0,0,0,4,True
USE11713,10157,2013-11-23,0,0,0,0,0,False
USE11714,10157,2013-11-24,0,0,0,0,0,False
USE11715,10157,2013-11-25,0,0,0,0,6,False
USE11716,10157,2013-11-26,0,3,8,0,11,True
USE11717,10157,2013-11-27,0,0,4,0,0,False
USE11718,10157,2013-11-28,4,0,0,0,10,True
USE11719,10157,2013-11-29,0,2,0,0,0,False
USE11720,10157,2013-11-30,0,0,0,0,0,False
USE11721,10157,2013-12-01,0,2,0,0,0,False
USE11722,10157,2013-12-02,0,2,0,0,0,False
USE11723,10157,2013-12-03,5,2,0,5,0,True
USE11724,10157,2013-12-04,0,5,8,0,0,True
USE11725,10157,2013-12-05,0,5,0,0,7,True
USE11726,10157,2013-12-06,13,0,0,0,13,True
USE11727,10157,2013-12-07,0,0,0,0,0,False
USE11728,10157,2013-12-08,2,0,0,0,0,False
USE11729,10157,2013-12-09,11,0,2,0,7,True
USE11730,10157,2013-12-10,0,8,5,2,6,True
USE11731,10157,2013-12-11,3,2,6,0,7,True
USE11732,10157,2013-12-12,7,6,0,0,0,True
USE11733,10157,2013-12-13,0,0,1,4,0,True
USE11734,10157,2013-12-14,2,0,4,0,5,True
USE11735,10157,2013-12-15,0,0,2,3,0,True
USE11736,10157,2013-12-16,5,3,0,0,6,True
USE11737,10157,2013-12-17,6,6,4,0,7,True
USE11738,10157,2013-12-18,0,4,3,0,0,True
USE11739,10157,2013-12-19,0,4,7,0,7,True
USE11740,10157,2013-12-20,4,2,6,0,5,True
USE11741,10157,2013-12-21,0,0,0,0,0,False
USE11742,10157,2013-12-22,6,0,0,0,1,True
USE11743,10157,2013-12-23,8,4,0,0,0,True
USE11744,10157,2013-12-24,0,3,7,0,11,True
USE11745,10157,2013-12-25,6,2,4,7,13,True
USE11746,10119,2011-06-10,0,1,0,0,0,False
USE11747,10119,2011-06-11,0,0,1,0,0,False
USE11748,10119,2011-06-12,0,0,0,0,0,False
USE11749,10119,2011-06-13,2,1,0,0,0,True
USE11750,10119,2011-06-14,1,0,0,0,0,False
USE11751,10119,2011-06-15,0,0,4,0,0,False
USE11752,10119,2011-06-16,1,0,0,0,0,False
USE11753,10119,2011-06-17,0,0,0,0,0,False
USE11754,10119,2011-06-18,0,0,0,0,0,False
USE11755,10119,2011-06-19,0,0,0,0,0,False
USE11756,10119,2011-06-20,6,0,0,0,0,False
USE11757,10119,2011-06-21,0,2,0,0,6,True
USE11758,10119,2011-06-22,7,0,1,0,0,True
USE11759,10119,2011-06-23,0,3,3,0,0,True
USE11760,10119,2011-06-24,0,4,0,0,4,True
USE11761,10119,2011-06-25,3,0,1,0,1,True
USE11762,10119,2011-06-26,0,2,0,0,0,False
USE11763,10119,2011-06-27,0,1,1,0,0,True
USE11764,10119,2011-06-28,0,4,2,0,0,True
USE11765,10119,2011-06-29,0,0,3,0,0,False
USE11766,10119,2011-06-30,0,4,0,0,0,False
USE11767,10119,2011-07-01,3,3,0,3,0,True
USE11768,10119,2011-07-02,0,0,1,1,1,True
USE11769,10119,2011-07-03,1,0,0,0,0,False
USE11770,10119,2011-07-04,12,1,3,0,7,True
USE11771,10119,2011-07-05,5,0,6,2,0,True
USE11772,10119,2011-07-06,0,0,2,0,0,False
USE11773,10119,2011-07-07,5,4,4,0,0,True
USE11774,10119,2011-07-08,6,5,2,0,8,True
USE11775,10119,2011-07-09,0,0,4,0,0,False
USE11776,10119,2011-07-10,3,0,0,1,0,True
USE11777,10119,2011-07-11,9,4,4,0,11,True
USE11778,10119,2011-07-12,0,7,3,0,0,True
USE11779,10119,2011-07-13,7,0,7,0,0,True
USE11780,10119,2011-07-14,9,4,5,0,10,True
USE11781,10119,2011-07-15,5,0,0,0,12,True
USE11782,10119,2011-07-16,0,0,0,0,0,False
USE11783,10119,2011-07-17,3,0,0,0,2,True
USE11784,10119,2011-07-18,9,0,0,0,8,True
USE11785,10119,2011-07-19,8,2,3,1,16,True
USE11786,10119,2011-07-20,7,4,7,3,8,True
USE11787,10119,2011-07-21,7,4,6,0,6,True
USE11788,10119,2011-07-22,8,3,6,0,5,True
USE11789,10119,2011-07-23,6,2,0,0,0,True
USE11790,10119,2011-07-24,0,0,1,0,0,False
USE11791,10180,2016-06-30,0,0,0,0,1,False
USE11792,10180,2016-07-01,2,0,1,0,0,True
USE11793,10180,2016-07-02,0,0,0,0,0,False
USE11794,10180,2016-07-03,0,0,0,0,0,False
USE11795,10180,2016-07-04,0,0,0,0,0,False
USE11796,10180,2016-07-05,2,0,0,0,0,False
USE11797,10180,2016-07-06,4,0,0,0,0,False
USE11798,10180,2016-07-07,0,0,0,0,0,False
USE11799,10180,2016-07-08,0,0,0,0,0,False
USE11800,10180,2016-07-09,0,0,0,0,0,False
USE11801,10180,2016-07-10,0,0,0,0,0,False
USE11802,10180,2016-07-11,0,1,0,0,0,False
USE11803,10180,2016-07-12,0,0,0,1,0,False
USE11804,10180,2016-07-13,0,0,0,5,3,True
USE11805,10180,2016-07-14,4,0,0,0,0,False
USE11806,10180,2016-07-15,0,0,0,0,0,False
USE11807,10180,2016-07-16,0,0,0,0,0,False
USE11808,10180,2016-07-17,4,0,0,0,0,False
USE11809,10180,2016-07-18,7,2,0,0,0,True
USE11810,10180,2016-07-19,0,0,4,3,0,True
USE11811,10180,2016-07-20,7,3,3,0,5,True
USE11812,10180,2016-07-21,8,0,4,6,6,True
USE11813,10180,2016-07-22,0,0,2,0,0,False
USE11814,10180,2016-07-23,0,0,0,0,0,False
USE11815,10180,2016-07-24,0,0,0,0,0,False
USE11816,10180,2016-07-25,0,4,3,4,7,True
USE11817,10180,2016-07-26,0,1,6,0,0,True
USE11818,10180,2016-07-27,0,4,1,0,0,True
USE11819,10180,2016-07-28,0,5,8,0,5,True
USE11820,10180,2016-07-29,8,4,4,0,0,True
USE11821,10180,2016-07-30,0,0,4,0,2,True
USE11822,10180,2016-07-31,0,0,0,0,0,False
USE11823,10180,2016-08-01,8,4,3,0,0,True
USE11824,10180,2016-08-02,0,3,0,0,0,False
USE11825,10180,2016-08-03,7,1,13,0,8,True
USE11826,10180,2016-08-04,7,4,9,0,0,True
USE11827,10180,2016-08-05,0,3,0,0,6,True
USE11828,10180,2016-08-06,0,1,0,0,0,False
USE11829,10180,2016-08-07,2,2,0,2,4,True
USE11830,10180,2016-08-08,4,4,0,12,6,True
USE11831,10180,2016-08-09,6,4,6,0,9,True
USE11832,10180,2016-08-10,9,5,0,0,0,True
USE11833,10180,2016-08-11,2,7,5,4,0,True
USE11834,10180,2016-08-12,9,6,6,5,7,True
USE11835,10180,2016-08-13,0,0,0,0,0,False
USE11836,10302,2012-02-20,0,0,0,0,0,False
USE11837,10302,2012-02-21,0,0,0,0,0,False
USE11838,10302,2012-02-22,0,0,0,0,0,False
USE11839,10302,2012-02-23,3,0,0,0,0,False
USE11840,10302,2012-02-24,0,1,0,0,3,True
USE11841,10302,2012-02-25,0,0,0,0,0,False
USE11842,10302,2012-02-26,0,0,0,0,1,False
USE11843,10302,2012-02-27,0,0,0,0,0,False
USE11844,10302,2012-02-28,0,2,0,0,0,False
USE11845,10302,2012-02-29,0,0,3,0,0,False
USE11846,10302,2012-03-01,4,0,0,0,0,False
USE11847,10302,2012-03-02,0,0,0,0,0,False
USE11848,10302,2012-03-03,0,0,0,0,0,False
USE11849,10302,2012-03-04,0,0,0,0,0,False
USE11850,10302,2012-03-05,5,0,0,3,4,True
USE11851,10302,2012-03-06,0,0,0,0,0,False
USE11852,10302,2012-03-07,5,0,5,0,4,True
USE11853,10302,2012-03-08,6,0,3,4,0,True
USE11854,10302,2012-03-09,0,6,0,0,0,False
USE11855,10302,2012-03-10,0,0,0,0,0,False
USE11856,10302,2012-03-11,0,0,0,0,0,False
USE11857,10302,2012-03-12,2,3,0,2,0,True
USE11858,10302,2012-03-13,0,4,1,0,0,True
USE11859,10302,2012-03-14,0,4,5,0,0,True
USE11860,10302,2012-03-15,9,0,2,0,0,True
USE11861,10302,2012-03-16,3,4,7,0,0,True
USE11862,10302,2012-03-17,0,0,0,0,0,False
USE11863,10302,2012-03-18,3,0,0,0,0,False
USE11864,10302,2012-03-19,7,0,0,0,5,True
USE11865,10302,2012-03-20,0,2,0,0,10,True
USE11866,10302,2012-03-21,4,5,4,3,0,True
USE11867,10302,2012-03-22,0,5,7,0,12,True
USE11868,10302,2012-03-23,3,3,5,0,5,True
USE11869,10302,2012-03-24,0,0,0,0,0,False
USE11870,10302,2012-03-25,8,1,0,0,0,True
USE11871,10302,2012-03-26,6,7,7,4,0,True
USE11872,10302,2012-03-27,0,0,3,4,5,True
USE11873,10302,2012-03-28,8,0,6,7,10,True
USE11874,10302,2012-03-29,5,3,6,0,0,True
USE11875,10302,2012-03-30,9,2,9,0,13,True
USE11876,10302,2012-03-31,0,0,1,0,1,True
USE11877,10302,2012-04-01,2,0,0,0,4,True
USE11878,10302,2012-04-02,0,3,1,0,10,True
USE11879,10302,2012-04-03,6,4,2,0,4,True
USE11880,10302,2012-04-04,0,0,0,0,9,False
USE11881,10090,2012-10-02,0,0,0,0,0,False
USE11882,10090,2012-10-03,0,0,0,1,0,False
USE11883,10090,2012-10-04,0,0,0,0,5,False
USE11884,10090,2012-10-05,0,0,0,0,0,False
USE11885,10090,2012-10-06,0,0,0,0,0,False
USE11886,10090,2012-10-07,2,0,0,0,0,False
USE11887,10090,2012-10-08,0,1,0,0,0,False
USE11888,10090,2012-10-09,0,0,2,4,5,True
USE11889,10090,2012-10-10,0,0,0,1,5,True
USE11890,10090,2012-10-11,0,0,0,0,0,False
USE11891,10090,2012-10-12,0,0,0,0,0,False
USE11892,10090,2012-10-13,0,0,0,0,0,False
USE11893,10090,2012-10-14,0,0,0,0,0,False
USE11894,10090,2012-10-15,4,0,0,2,8,True
USE11895,10090,2012-10-16,4,0,0,0,0,False
USE11896,10090,2012-10-17,5,0,0,3,5,True
USE11897,10090,2012-10-18,6,2,0,3,6,True
USE11898,10090,2012-10-19,0,4,0,0,9,True
USE11899,10090,2012-10-20,0,1,0,0,0,False
USE11900,10090,2012-10-21,0,0,0,0,0,False
USE11901,10090,2012-10-22,9,2,0,0,0,True
USE11902,10090,2012-10-23,5,0,0,3,9,True
USE11903,10090,2012-10-24,0,0,0,2,6,True
USE11904,10090,2012-10-25,0,0,0,6,0,False
USE11905,10090,2012-10-26,0,0,0,0,8,False
USE11906,10090,2012-10-27,0,0,0,0,3,False
USE11907,10090,2012-10-28,0,1,0,0,0,False
USE11908,10090,2012-10-29,2,3,0,0,0,True
USE11909,10090,2012-10-30,0,0,0,0,8,False
USE11910,10090,2012-10-31,0,0,0,0,0,False
USE11911,10090,2012-11-01,7,0,0,0,9,True
USE11912,10090,2012-11-02,0,5,0,6,10,True
USE11913,10090,2012-11-03,0,0,0,6,2,True
USE11914,10090,2012-11-04,0,0,0,0,4,False
USE11915,10090,2012-11-05,4,0,4,5,5,True
USE11916,10090,2012-11-06,5,0,0,6,10,True
USE11917,10090,2012-11-07,4,6,0,3,0,True
USE11918,10090,2012-11-08,5,5,0,8,9,True
USE11919,10090,2012-11-09,0,0,0,6,8,True
USE11920,10090,2012-11-10,0,0,0,0,0,False
USE11921,10090,2012-11-11,0,0,2,0,2,True
USE11922,10090,2012-11-12,6,2,0,0,3,True
USE11923,10090,2012-11-13,0,0,0,3,3,True
USE11924,10090,2012-11-14,3,5,0,1,0,True
USE11925,10090,2012-11-15,2,0,0,6,10,True
USE11926,10030,2013-05-13,0,0,0,0,0,False
USE11927,10030,2013-05-14,0,0,1,0,0,False
USE11928,10030,2013-05-15,0,0,1,0,0,False
USE11929,10030,2013-05-16,0,0,0,0,0,False
USE11930,10030,2013-05-17,1,0,0,0,0,False
USE11931,10030,2013-05-18,0,2,0,0,0,False
USE11932,10030,2013-05-19,0,0,0,0,0,False
USE11933,10030,2013-05-20,1,4,0,0,6,True
USE11934,10030,2013-05-21,0,0,2,0,0,False
USE11935,10030,2013-05-22,0,0,0,0,0,False
USE11936,10030,2013-05-23,2,0,0,0,9,True
USE11937,10030,2013-05-24,0,0,0,0,7,False
USE11938,10030,2013-05-25,1,0,0,0,0,False
USE11939,10030,2013-05-26,0,0,0,0,0,False
USE11940,10030,2013-05-27,4,2,2,0,4,True
USE11941,10030,2013-05-28,0,2,0,0,0,False
USE11942,10030,2013-05-29,0,3,0,0,7,True
USE11943,10030,2013-05-30,3,1,0,2,4,True
USE11944,10030,2013-05-31,2,0,3,0,0,True
USE11945,10030,2013-06-01,0,0,0,0,0,False
USE11946,10030,2013-06-02,0,0,2,0,0,False
USE11947,10030,2013-06-03,0,1,0,0,2,True
USE11948,10030,2013-06-04,0,2,4,0,4,True
USE11949,10030,2013-06-05,9,4,4,0,0,True
USE11950,10030,2013-06-06,3,1,0,2,9,True
USE11951,10030,2013-06-07,9,0,0,0,0,False
USE11952,10030,2013-06-08,0,0,0,0,0,False
USE11953,10030,2013-06-09,0,0,4,0,0,False
USE11954,10030,2013-06-10,3,2,5,5,9,True
USE11955,10030,2013-06-11,8,2,7,0,4,True
USE11956,10030,2013-06-12,11,8,4,0,0,True
USE11957,10030,2013-06-13,8,5,3,9,0,True
USE11958,10030,2013-06-14,0,7,0,0,6,True
USE11959,10030,2013-06-15,0,0,1,0,0,False
USE11960,10030,2013-06-16,0,0,0,0,0,False
USE11961,10030,2013-06-17,5,0,0,0,0,False
USE11962,10030,2013-06-18,0,2,6,2,7,True
USE11963,10030,2013-06-19,9,6,0,0,11,True
USE11964,10030,2013-06-20,0,7,3,0,6,True
USE11965,10030,2013-06-21,5,4,7,0,0,True
USE11966,10030,2013-06-22,0,1,1,0,3,True
USE11967,10030,2013-06-23,0,0,0,0,0,False
USE11968,10030,2013-06-24,0,0,6,6,6,True
USE11969,10030,2013-06-25,4,5,6,5,8,True
USE11970,10030,2013-06-26,10,3,3,0,12,True
USE11971,10278,2011-01-10,0,0,0,0,3,False
USE11972,10278,2011-01-11,0,0,0,0,1,False
USE11973,10278,2011-01-12,0,1,0,0,0,False
USE11974,10278,2011-01-13,0,1,2,0,0,True
USE11975,10278,2011-01-14,0,0,1,0,0,False
USE11976,10278,2011-01-15,0,0,0,0,0,False
USE11977,10278,2011-01-16,0,0,0,0,0,False
USE11978,10278,2011-01-17,0,3,0,0,0,False
USE11979,10278,2011-01-18,0,0,0,1,0,False
USE11980,10278,2011-01-19,0,0,2,0,3,True
USE11981,10278,2011-01-20,6,2,3,0,0,True
USE11982,10278,2011-01-21,3,0,0,0,0,False
USE11983,10278,2011-01-22,0,0,0,0,0,False
USE11984,10278,2011-01-23,0,0,1,0,0,False
USE11985,10278,2011-01-24,0,0,2,0,0,False
USE11986,10278,2011-01-25,0,2,0,0,5,True
USE11987,10278,2011-01-26,0,0,2,0,0,False
USE11988,10278,2011-01-27,0,0,2,0,0,False
USE11989,10278,2011-01-28,4,2,0,0,0,True
USE11990,10278,2011-01-29,4,0,0,0,0,False
USE11991,10278,2011-01-30,0,2,0,0,1,True
USE11992,10278,2011-01-31,3,0,5,0,5,True
USE11993,10278,2011-02-01,6,2,0,0,4,True
USE11994,10278,2011-02-02,7,0,9,7,4,True
USE11995,10278,2011-02-03,3,0,8,0,0,True
USE11996,10278,2011-02-04,0,0,3,0,4,True
USE11997,10278,2011-02-05,0,3,0,0,0,False
USE11998,10278,2011-02-06,0,2,0,0,1,True
USE11999,10278,2011-02-07,9,2,6,0,0,True
USE12000,10278,2011-02-08,0,5,10,0,0,True
USE12001,10278,2011-02-09,8,2,5,2,6,True
USE12002,10278,2011-02-10,8,2,5,0,0,True
USE12003,10278,2011-02-11,0,5,0,0,0,False
USE12004,10278,2011-02-12,0,0,0,0,0,False
USE12005,10278,2011-02-13,0,1,0,0,0,False
USE12006,10278,2011-02-14,4,0,0,6,8,True
USE12007,10278,2011-02-15,0,3,6,0,7,True
USE12008,10278,2011-02-16,5,4,2,4,6,True
USE12009,10278,2011-02-17,7,3,1,0,8,True
USE12010,10278,2011-02-18,4,2,5,0,10,True
USE12011,10278,2011-02-19,1,0,0,0,0,False
USE12012,10278,2011-02-20,0,0,0,0,0,False
USE12013,10278,2011-02-21,4,3,11,0,10,True
USE12014,10278,2011-02-22,0,6,0,0,9,True
USE12015,10278,2011-02-23,13,0,0,5,7,True
USE12016,10307,2014-05-12,0,0,0,0,0,False
USE12017,10307,2014-05-13,0,0,0,0,0,False
USE12018,10307,2014-05-14,0,0,0,1,0,False
USE12019,10307,2014-05-15,3,0,0,0,3,True
USE12020,10307,2014-05-16,0,0,0,0,0,False
USE12021,10307,2014-05-17,0,0,0,0,0,False
USE12022,10307,2014-05-18,0,0,0,0,0,False
USE12023,10307,2014-05-19,1,0,0,0,0,False
USE12024,10307,2014-05-20,0,0,0,0,1,False
USE12025,10307,2014-05-21,3,0,0,0,0,False
USE12026,10307,2014-05-22,6,0,0,1,0,True
USE12027,10307,2014-05-23,0,0,0,0,0,False
USE12028,10307,2014-05-24,0,0,0,0,0,False
USE12029,10307,2014-05-25,0,0,0,0,0,False
USE12030,10307,2014-05-26,0,0,0,0,5,False
USE12031,10307,2014-05-27,6,0,0,2,0,True
USE12032,10307,2014-05-28,9,0,0,0,0,False
USE12033,10307,2014-05-29,0,0,0,0,2,False
USE12034,10307,2014-05-30,0,0,0,0,5,False
USE12035,10307,2014-05-31,0,0,0,0,1,False
USE12036,10307,2014-06-01,0,0,0,0,0,False
USE12037,10307,2014-06-02,6,0,0,0,3,True
USE12038,10307,2014-06-03,6,0,0,0,0,False
USE12039,10307,2014-06-04,3,0,0,0,0,False
USE12040,10307,2014-06-05,3,0,0,4,4,True
USE12041,10307,2014-06-06,6,0,0,4,9,True
USE12042,10307,2014-06-07,0,0,0,0,0,False
USE12043,10307,2014-06-08,0,0,0,0,0,False
USE12044,10307,2014-06-09,5,0,0,2,7,True
USE12045,10307,2014-06-10,10,0,0,6,0,True
USE12046,10307,2014-06-11,0,2,0,6,14,True
USE12047,10307,2014-06-12,0,0,0,0,9,False
USE12048,10307,2014-06-13,8,0,0,5,9,True
USE12049,10307,2014-06-14,0,0,0,0,0,False
USE12050,10307,2014-06-15,0,0,0,1,0,False
USE12051,10307,2014-06-16,0,0,0,4,0,False
USE12052,10307,2014-06-17,7,0,0,0,4,True
USE12053,10307,2014-06-18,5,4,0,7,11,True
USE12054,10307,2014-06-19,4,0,0,7,0,True
USE12055,10307,2014-06-20,10,2,0,0,10,True
USE12056,10307,2014-06-21,0,1,0,2,0,True
USE12057,10307,2014-06-22,1,0,0,0,3,True
USE12058,10307,2014-06-23,0,0,0,7,10,True
USE12059,10307,2014-06-24,0,0,0,5,14,True
USE12060,10307,2014-06-25,8,0,0,3,6,True
USE12061,10147,2014-09-29,0,0,0,3,0,False
USE12062,10147,2014-09-30,2,0,0,0,0,False
USE12063,10147,2014-10-01,0,0,0,0,2,False
USE12064,10147,2014-10-02,0,0,0,0,2,False
USE12065,10147,2014-10-03,0,0,0,0,0,False
USE12066,10147,2014-10-04,0,0,0,0,0,False
USE12067,10147,2014-10-05,0,0,0,0,0,False
USE12068,10147,2014-10-06,0,0,0,0,0,False
USE12069,10147,2014-10-07,0,0,0,0,0,False
USE12070,10147,2014-10-08,0,0,0,0,0,False
USE12071,10147,2014-10-09,0,0,0,0,0,False
USE12072,10147,2014-10-10,9,0,0,0,5,True
USE12073,10147,2014-10-11,0,0,0,0,0,False
USE12074,10147,2014-10-12,0,0,0,0,1,False
USE12075,10147,2014-10-13,0,0,0,4,4,True
USE12076,10147,2014-10-14,0,0,0,0,0,False
USE12077,10147,2014-10-15,0,0,0,0,7,False
USE12078,10147,2014-10-16,0,0,0,0,0,False
USE12079,10147,2014-10-17,0,0,0,11,9,True
USE12080,10147,2014-10-18,0,0,0,0,0,False
USE12081,10147,2014-10-19,1,1,0,0,0,True
USE12082,10147,2014-10-20,0,4,0,3,0,True
USE12083,10147,2014-10-21,4,0,0,0,4,True
USE12084,10147,2014-10-22,6,0,0,9,6,True
USE12085,10147,2014-10-23,0,0,0,2,3,True
USE12086,10147,2014-10-24,0,0,0,2,6,True
USE12087,10147,2014-10-25,0,0,0,0,0,False
USE12088,10147,2014-10-26,0,0,0,1,0,False
USE12089,10147,2014-10-27,5,5,0,7,3,True
USE12090,10147,2014-10-28,0,0,0,4,6,True
USE12091,10147,2014-10-29,8,0,0,0,6,True
USE12092,10147,2014-10-30,2,0,0,0,6,True
USE12093,10147,2014-10-31,0,0,0,0,5,False
USE12094,10147,2014-11-01,3,0,0,0,0,False
USE12095,10147,2014-11-02,0,0,0,0,0,False
USE12096,10147,2014-11-03,10,0,0,3,11,True
USE12097,10147,2014-11-04,0,0,0,4,13,True
USE12098,10147,2014-11-05,3,3,0,0,9,True
USE12099,10147,2014-11-06,10,0,0,0,0,False
USE12100,10147,2014-11-07,16,0,0,7,14,True
USE12101,10147,2014-11-08,0,0,0,0,0,False
USE12102,10147,2014-11-09,0,0,0,0,0,False
USE12103,10147,2014-11-10,0,0,0,7,9,True
USE12104,10147,2014-11-11,0,3,0,3,0,True
USE12105,10147,2014-11-12,0,0,0,3,14,True
USE12106,10266,2014-02-17,0,0,0,0,1,False
USE12107,10266,2014-02-18,2,0,0,0,0,False
USE12108,10266,2014-02-19,0,0,2,0,0,False
USE12109,10266,2014-02-20,0,2,0,0,0,False
USE12110,10266,2014-02-21,0,0,0,0,0,False
USE12111,10266,2014-02-22,0,0,0,0,0,False
USE12112,10266,2014-02-23,0,0,0,0,0,False
USE12113,10266,2014-02-24,4,0,0,1,3,True
USE12114,10266,2014-02-25,0,0,3,3,0,True
USE12115,10266,2014-02-26,0,0,0,0,8,False
USE12116,10266,2014-02-27,3,4,4,0,8,True
USE12117,10266,2014-02-28,0,0,0,0,0,False
USE12118,10266,2014-03-01,0,0,0,0,0,False
USE12119,10266,2014-03-02,1,0,0,0,0,False
USE12120,10266,2014-03-03,0,0,0,0,0,False
USE12121,10266,2014-03-04,7,0,0,2,0,True
USE12122,10266,2014-03-05,0,0,0,0,5,False
USE12123,10266,2014-03-06,0,0,0,0,0,False
USE12124,10266,2014-03-07,0,0,0,7,0,False
USE12125,10266,2014-03-08,2,0,0,0,1,True
USE12126,10266,2014-03-09,2,0,0,0,0,False
USE12127,10266,2014-03-10,2,6,2,0,0,True
USE12128,10266,2014-03-11,0,5,0,0,0,False
USE12129,10266,2014-03-12,5,0,0,0,7,True
USE12130,10266,2014-03-13,0,0,0,0,2,False
USE12131,10266,2014-03-14,9,4,4,0,4,True
USE12132,10266,2014-03-15,2,0,0,2,2,True
USE12133,10266,2014-03-16,0,0,1,1,0,True
USE12134,10266,2014-03-17,10,9,4,3,13,True
USE12135,10266,2014-03-18,0,5,2,0,3,True
USE12136,10266,2014-03-19,3,4,1,0,7,True
USE12137,10266,2014-03-20,0,5,9,0,0,True
USE12138,10266,2014-03-21,9,2,4,0,5,True
USE12139,10266,2014-03-22,3,0,0,0,0,False
USE12140,10266,2014-03-23,0,0,2,0,0,False
USE12141,10266,2014-03-24,0,3,4,0,0,True
USE12142,10266,2014-03-25,11,5,4,8,10,True
USE12143,10266,2014-03-26,2,1,7,4,0,True
USE12144,10266,2014-03-27,11,1,5,0,6,True
USE12145,10266,2014-03-28,14,4,4,0,6,True
USE12146,10266,2014-03-29,0,0,0,0,0,False
USE12147,10266,2014-03-30,3,0,0,0,0,False
USE12148,10266,2014-03-31,10,0,8,0,11,True
USE12149,10266,2014-04-01,7,1,0,6,10,True
USE12150,10266,2014-04-02,5,5,2,4,4,True
USE12151,10241,2010-09-27,0,0,0,0,2,False
USE12152,10241,2010-09-28,0,0,0,0,2,False
USE12153,10241,2010-09-29,0,0,0,0,0,False
USE12154,10241,2010-09-30,0,0,0,1,0,False
USE12155,10241,2010-10-01,2,0,0,2,5,True
USE12156,10241,2010-10-02,1,0,0,0,0,False
USE12157,10241,2010-10-03,0,0,0,0,0,False
USE12158,10241,2010-10-04,0,0,0,0,2,False
USE12159,10241,2010-10-05,0,0,0,0,0,False
USE12160,10241,2010-10-06,0,0,0,0,0,False
USE12161,10241,2010-10-07,2,0,1,0,1,True
USE12162,10241,2010-10-08,0,0,0,0,0,False
USE12163,10241,2010-10-09,0,0,0,0,0,False
USE12164,10241,2010-10-10,0,0,0,0,3,False
USE12165,10241,2010-10-11,2,4,0,6,0,True
USE12166,10241,2010-10-12,0,0,0,0,5,False
USE12167,10241,2010-10-13,0,4,0,0,0,False
USE12168,10241,2010-10-14,0,0,0,0,5,False
USE12169,10241,2010-10-15,0,0,0,0,0,False
USE12170,10241,2010-10-16,1,0,0,0,2,True
USE12171,10241,2010-10-17,0,0,0,0,0,False
USE12172,10241,2010-10-18,0,0,0,0,0,False
USE12173,10241,2010-10-19,8,0,0,7,4,True
USE12174,10241,2010-10-20,0,0,0,6,6,True
USE12175,10241,2010-10-21,3,0,0,0,0,False
USE12176,10241,2010-10-22,8,0,0,8,10,True
USE12177,10241,2010-10-23,1,0,0,3,0,True
USE12178,10241,2010-10-24,0,0,0,0,0,False
USE12179,10241,2010-10-25,11,0,0,0,3,True
USE12180,10241,2010-10-26,0,4,0,0,0,False
USE12181,10241,2010-10-27,4,0,0,10,12,True
USE12182,10241,2010-10-28,6,0,0,0,12,True
USE12183,10241,2010-10-29,6,4,0,0,0,True
USE12184,10241,2010-10-30,3,0,0,4,6,True
USE12185,10241,2010-10-31,2,0,0,0,2,True
USE12186,10241,2010-11-01,6,0,6,2,12,True
USE12187,10241,2010-11-02,4,0,0,2,7,True
USE12188,10241,2010-11-03,5,0,0,4,3,True
USE12189,10241,2010-11-04,0,0,0,4,9,True
USE12190,10241,2010-11-05,7,0,0,0,0,False
USE12191,10241,2010-11-06,0,0,0,0,0,False
USE12192,10241,2010-11-07,0,0,0,0,0,False
USE12193,10241,2010-11-08,0,0,0,5,7,True
USE12194,10241,2010-11-09,9,0,0,0,7,True
USE12195,10241,2010-11-10,7,0,0,0,13,True
USE12196,10158,2009-01-08,0,0,0,4,1,True
USE12197,10158,2009-01-09,0,0,0,0,2,False
USE12198,10158,2009-01-10,0,0,0,0,0,False
USE12199,10158,2009-01-11,0,0,0,0,1,False
USE12200,10158,2009-01-12,0,0,0,0,3,False
USE12201,10158,2009-01-13,0,1,0,0,0,False
USE12202,10158,2009-01-14,0,0,0,0,0,False
USE12203,10158,2009-01-15,0,0,0,0,0,False
USE12204,10158,2009-01-16,0,0,0,4,0,False
USE12205,10158,2009-01-17,0,0,0,0,0,False
USE12206,10158,2009-01-18,1,0,0,1,0,True
USE12207,10158,2009-01-19,0,0,0,0,0,False
USE12208,10158,2009-01-20,0,0,0,0,0,False
USE12209,10158,2009-01-21,0,3,0,3,0,True
USE12210,10158,2009-01-22,0,0,0,0,2,False
USE12211,10158,2009-01-23,5,0,0,2,4,True
USE12212,10158,2009-01-24,0,0,0,0,1,False
USE12213,10158,2009-01-25,0,0,0,2,0,False
USE12214,10158,2009-01-26,8,0,0,5,8,True
USE12215,10158,2009-01-27,5,4,0,0,5,True
USE12216,10158,2009-01-28,0,0,0,5,10,True
USE12217,10158,2009-01-29,6,4,0,0,0,True
USE12218,10158,2009-01-30,0,0,0,10,0,False
USE12219,10158,2009-01-31,0,0,0,0,0,False
USE12220,10158,2009-02-01,5,0,0,0,0,False
USE12221,10158,2009-02-02,11,0,0,3,0,True
USE12222,10158,2009-02-03,8,0,0,5,0,True
USE12223,10158,2009-02-04,8,6,5,0,7,True
USE12224,10158,2009-02-05,0,0,0,3,0,False
USE12225,10158,2009-02-06,7,0,0,6,0,True
USE12226,10158,2009-02-07,0,0,0,0,0,False
USE12227,10158,2009-02-08,3,0,0,1,0,True
USE12228,10158,2009-02-09,5,1,0,3,6,True
USE12229,10158,2009-02-10,0,4,0,4,7,True
USE12230,10158,2009-02-11,7,0,0,5,8,True
USE12231,10158,2009-02-12,8,0,0,5,7,True
USE12232,10158,2009-02-13,6,0,0,0,9,True
USE12233,10158,2009-02-14,3,1,0,0,1,True
USE12234,10158,2009-02-15,0,0,0,1,3,True
USE12235,10158,2009-02-16,19,0,0,0,6,True
USE12236,10158,2009-02-17,6,0,0,0,0,False
USE12237,10158,2009-02-18,0,0,0,0,0,False
USE12238,10158,2009-02-19,0,0,0,5,8,True
USE12239,10158,2009-02-20,9,0,0,2,10,True
USE12240,10158,2009-02-21,0,1,0,2,5,True
USE12241,10117,2015-01-05,0,0,0,0,0,False
USE12242,10117,2015-01-06,2,0,1,0,1,True
USE12243,10117,2015-01-07,5,0,0,0,0,False
USE12244,10117,2015-01-08,3,0,3,0,0,True
USE12245,10117,2015-01-09,1,0,0,0,3,True
USE12246,10117,2015-01-10,0,0,0,0,0,False
USE12247,10117,2015-01-11,0,0,0,0,0,False
USE12248,10117,2015-01-12,0,0,0,0,0,False
USE12249,10117,2015-01-13,0,0,3,0,3,True
USE12250,10117,2015-01-14,3,0,2,0,0,True
USE12251,10117,2015-01-15,0,2,0,0,0,False
USE12252,10117,2015-01-16,0,1,0,0,1,True
USE12253,10117,2015-01-17,1,0,0,0,1,True
USE12254,10117,2015-01-18,0,0,0,0,0,False
USE12255,10117,2015-01-19,6,2,0,0,0,True
USE12256,10117,2015-01-20,0,0,0,0,0,False
USE12257,10117,2015-01-21,3,0,0,0,0,False
USE12258,10117,2015-01-22,4,3,0,0,0,True
USE12259,10117,2015-01-23,6,0,2,0,5,True
USE12260,10117,2015-01-24,0,0,0,0,0,False
USE12261,10117,2015-01-25,0,0,0,0,3,False
USE12262,10117,2015-01-26,6,2,4,0,4,True
USE12263,10117,2015-01-27,0,7,0,0,8,True
USE12264,10117,2015-01-28,0,1,3,0,0,True
USE12265,10117,2015-01-29,0,5,6,4,8,True
USE12266,10117,2015-01-30,0,5,0,0,6,True
USE12267,10117,2015-01-31,0,0,0,0,0,False
USE12268,10117,2015-02-01,0,0,0,0,0,False
USE12269,10117,2015-02-02,7,4,7,0,3,True
USE12270,10117,2015-02-03,0,0,0,0,0,False
USE12271,10117,2015-02-04,9,3,5,9,11,True
USE12272,10117,2015-02-05,0,3,8,0,0,True
USE12273,10117,2015-02-06,8,8,6,0,7,True
USE12274,10117,2015-02-07,0,0,0,1,0,False
USE12275,10117,2015-02-08,4,0,2,0,0,True
USE12276,10117,2015-02-09,4,5,0,0,9,True
USE12277,10117,2015-02-10,8,4,4,8,7,True
USE12278,10117,2015-02-11,5,5,6,0,0,True
USE12279,10117,2015-02-12,8,0,4,4,0,True
USE12280,10117,2015-02-13,0,0,3,0,8,True
USE12281,10117,2015-02-14,0,0,0,0,0,False
USE12282,10117,2015-02-15,1,0,3,0,4,True
USE12283,10117,2015-02-16,0,4,3,0,8,True
USE12284,10117,2015-02-17,0,0,5,6,4,True
USE12285,10117,2015-02-18,4,3,6,0,8,True
USE12286,10209,2012-05-14,0,0,0,0,0,False
USE12287,10209,2012-05-15,4,0,0,0,0,False
USE12288,10209,2012-05-16,3,0,0,0,0,False
USE12289,10209,2012-05-17,0,1,0,0,0,False
USE12290,10209,2012-05-18,0,0,0,0,0,False
USE12291,10209,2012-05-19,0,0,0,0,0,False
USE12292,10209,2012-05-20,0,0,0,0,0,False
USE12293,10209,2012-05-21,2,2,0,0,0,True
USE12294,10209,2012-05-22,3,4,0,0,0,True
USE12295,10209,2012-05-23,0,1,0,0,0,False
USE12296,10209,2012-05-24,0,0,2,0,5,True
USE12297,10209,2012-05-25,0,0,3,0,0,False
USE12298,10209,2012-05-26,0,0,0,0,3,False
USE12299,10209,2012-05-27,0,0,0,0,0,False
USE12300,10209,2012-05-28,0,0,0,0,1,False
USE12301,10209,2012-05-29,4,0,0,0,6,True
USE12302,10209,2012-05-30,0,2,0,0,10,True
USE12303,10209,2012-05-31,0,1,2,0,0,True
USE12304,10209,2012-06-01,5,0,2,0,0,True
USE12305,10209,2012-06-02,0,0,0,0,0,False
USE12306,10209,2012-06-03,0,0,0,0,0,False
USE12307,10209,2012-06-04,8,6,2,0,0,True
USE12308,10209,2012-06-05,7,3,0,1,0,True
USE12309,10209,2012-06-06,0,2,8,5,0,True
USE12310,10209,2012-06-07,0,1,0,0,10,True
USE12311,10209,2012-06-08,0,3,7,3,10,True
USE12312,10209,2012-06-09,0,0,0,0,0,False
USE12313,10209,2012-06-10,0,2,0,0,0,False
USE12314,10209,2012-06-11,6,3,9,0,7,True
USE12315,10209,2012-06-12,6,8,4,0,6,True
USE12316,10209,2012-06-13,0,4,2,3,7,True
USE12317,10209,2012-06-14,0,0,7,0,11,True
USE12318,10209,2012-06-15,4,0,0,0,3,True
USE12319,10209,2012-06-16,0,0,0,0,0,False
USE12320,10209,2012-06-17,2,2,0,0,0,True
USE12321,10209,2012-06-18,8,5,5,0,9,True
USE12322,10209,2012-06-19,0,1,3,0,0,True
USE12323,10209,2012-06-20,6,2,0,0,0,True
USE12324,10209,2012-06-21,0,6,5,0,6,True
USE12325,10209,2012-06-22,11,3,2,0,0,True
USE12326,10209,2012-06-23,0,0,0,2,0,False
USE12327,10209,2012-06-24,6,0,0,0,0,False
USE12328,10209,2012-06-25,0,1,6,0,0,True
USE12329,10209,2012-06-26,6,7,0,0,10,True
USE12330,10209,2012-06-27,0,2,8,0,0,True
USE12331,10024,2014-07-07,0,0,0,0,3,False
USE12332,10024,2014-07-08,0,0,0,0,0,False
USE12333,10024,2014-07-09,0,0,0,0,0,False
USE12334,10024,2014-07-10,0,0,0,0,0,False
USE12335,10024,2014-07-11,6,0,0,0,4,True
USE12336,10024,2014-07-12,0,0,1,0,0,False
USE12337,10024,2014-07-13,0,0,0,0,0,False
USE12338,10024,2014-07-14,0,0,2,0,0,False
USE12339,10024,2014-07-15,0,0,0,0,0,False
USE12340,10024,2014-07-16,1,0,0,0,6,True
USE12341,10024,2014-07-17,0,0,1,0,1,True
USE12342,10024,2014-07-18,0,0,0,0,0,False
USE12343,10024,2014-07-19,0,0,0,0,0,False
USE12344,10024,2014-07-20,0,0,0,0,0,False
USE12345,10024,2014-07-21,0,0,0,0,3,False
USE12346,10024,2014-07-22,0,0,0,0,0,False
USE12347,10024,2014-07-23,0,0,6,0,7,True
USE12348,10024,2014-07-24,2,0,0,5,4,True
USE12349,10024,2014-07-25,0,5,0,0,0,False
USE12350,10024,2014-07-26,0,0,0,0,0,False
USE12351,10024,2014-07-27,0,1,2,2,0,True
USE12352,10024,2014-07-28,3,3,1,0,6,True
USE12353,10024,2014-07-29,0,4,0,0,3,True
USE12354,10024,2014-07-30,0,3,0,0,5,True
USE12355,10024,2014-07-31,9,0,0,0,0,False
USE12356,10024,2014-08-01,7,1,0,0,0,True
USE12357,10024,2014-08-02,0,0,3,2,0,True
USE12358,10024,2014-08-03,0,2,0,0,0,False
USE12359,10024,2014-08-04,9,3,4,0,5,True
USE12360,10024,2014-08-05,9,3,4,0,0,True
USE12361,10024,2014-08-06,9,4,6,0,7,True
USE12362,10024,2014-08-07,8,6,6,0,0,True
USE12363,10024,2014-08-08,4,5,5,0,10,True
USE12364,10024,2014-08-09,0,0,0,0,0,False
USE12365,10024,2014-08-10,0,2,0,0,0,False
USE12366,10024,2014-08-11,4,3,5,0,10,True
USE12367,10024,2014-08-12,3,6,0,0,0,True
USE12368,10024,2014-08-13,12,4,6,0,7,True
USE12369,10024,2014-08-14,15,0,3,0,0,True
USE12370,10024,2014-08-15,0,1,6,0,0,True
USE12371,10024,2014-08-16,1,0,0,0,1,True
USE12372,10024,2014-08-17,5,1,0,0,0,True
USE12373,10024,2014-08-18,10,4,4,0,11,True
USE12374,10024,2014-08-19,3,6,5,0,6,True
USE12375,10024,2014-08-20,8,3,6,0,14,True
USE12376,10173,2017-04-20,0,0,0,0,0,False
USE12377,10173,2017-04-21,0,0,0,0,0,False
USE12378,10173,2017-04-22,0,0,0,0,0,False
USE12379,10173,2017-04-23,0,0,0,0,0,False
USE12380,10173,2017-04-24,0,0,3,0,6,True
USE12381,10173,2017-04-25,0,3,0,0,1,True
USE12382,10173,2017-04-26,0,0,0,0,2,False
USE12383,10173,2017-04-27,4,0,3,0,0,True
USE12384,10173,2017-04-28,0,0,0,0,0,False
USE12385,10173,2017-04-29,0,1,0,0,0,False
USE12386,10173,2017-04-30,0,0,0,0,0,False
USE12387,10173,2017-05-01,0,0,0,0,0,False
USE12388,10173,2017-05-02,0,4,0,0,0,False
USE12389,10173,2017-05-03,3,2,0,0,0,True
USE12390,10173,2017-05-04,3,2,0,0,5,True
USE12391,10173,2017-05-05,0,0,1,0,9,True
USE12392,10173,2017-05-06,0,0,0,0,0,False
USE12393,10173,2017-05-07,0,0,0,0,0,False
USE12394,10173,2017-05-08,0,0,2,0,0,False
USE12395,10173,2017-05-09,4,5,3,3,0,True
USE12396,10173,2017-05-10,3,4,0,0,7,True
USE12397,10173,2017-05-11,6,0,3,0,0,True
USE12398,10173,2017-05-12,6,4,3,0,0,True
USE12399,10173,2017-05-13,0,0,0,0,0,False
USE12400,10173,2017-05-14,0,0,0,0,0,False
USE12401,10173,2017-05-15,8,0,0,2,7,True
USE12402,10173,2017-05-16,6,3,4,0,0,True
USE12403,10173,2017-05-17,0,7,2,0,0,True
USE12404,10173,2017-05-18,0,3,2,0,0,True
USE12405,10173,2017-05-19,0,2,6,0,0,True
USE12406,10173,2017-05-20,0,0,0,0,0,False
USE12407,10173,2017-05-21,0,0,3,0,0,False
USE12408,10173,2017-05-22,3,4,3,0,0,True
USE12409,10173,2017-05-23,7,4,4,0,6,True
USE12410,10173,2017-05-24,7,0,1,0,0,True
USE12411,10173,2017-05-25,9,0,7,0,0,True
USE12412,10173,2017-05-26,7,3,6,0,0,True
USE12413,10173,2017-05-27,3,0,2,0,5,True
USE12414,10173,2017-05-28,0,0,0,0,0,False
USE12415,10173,2017-05-29,3,7,0,0,0,True
USE12416,10173,2017-05-30,6,4,0,1,5,True
USE12417,10173,2017-05-31,9,4,8,7,12,True
USE12418,10173,2017-06-01,7,0,5,6,0,True
USE12419,10173,2017-06-02,5,0,6,0,8,True
USE12420,10173,2017-06-03,0,0,0,0,0,False
USE12421,10221,2009-04-27,1,0,0,0,0,False
USE12422,10221,2009-04-28,4,0,0,0,0,False
USE12423,10221,2009-04-29,1,1,0,0,0,True
USE12424,10221,2009-04-30,0,0,0,0,0,False
USE12425,10221,2009-05-01,0,0,0,0,0,False
USE12426,10221,2009-05-02,0,0,0,0,0,False
USE12427,10221,2009-05-03,0,0,0,0,0,False
USE12428,10221,2009-05-04,3,0,2,0,4,True
USE12429,10221,2009-05-05,3,0,0,0,0,False
USE12430,10221,2009-05-06,0,0,0,0,0,False
USE12431,10221,2009-05-07,0,0,0,0,5,False
USE12432,10221,2009-05-08,0,0,0,0,9,False
USE12433,10221,2009-05-09,0,0,0,0,0,False
USE12434,10221,2009-05-10,0,0,1,0,0,False
USE12435,10221,2009-05-11,3,0,0,4,0,True
USE12436,10221,2009-05-12,0,3,4,0,0,True
USE12437,10221,2009-05-13,4,2,0,0,0,True
USE12438,10221,2009-05-14,4,3,0,0,6,True
USE12439,10221,2009-05-15,0,1,3,3,6,True
USE12440,10221,2009-05-16,0,0,0,0,0,False
USE12441,10221,2009-05-17,0,0,0,0,0,False
USE12442,10221,2009-05-18,7,0,0,6,7,True
USE12443,10221,2009-05-19,0,0,0,3,0,False
USE12444,10221,2009-05-20,5,3,1,0,6,True
USE12445,10221,2009-05-21,7,3,0,0,0,True
USE12446,10221,2009-05-22,9,3,4,0,8,True
USE12447,10221,2009-05-23,0,0,0,0,0,False
USE12448,10221,2009-05-24,0,0,2,0,2,True
USE12449,10221,2009-05-25,12,4,8,0,0,True
USE12450,10221,2009-05-26,10,6,4,9,12,True
USE12451,10221,2009-05-27,8,6,8,7,0,True
USE12452,10221,2009-05-28,6,6,5,9,19,True
USE12453,10221,2009-05-29,12,0,9,3,0,True
USE12454,10221,2009-05-30,6,0,1,0,0,True
USE12455,10221,2009-05-31,0,1,0,0,0,False
USE12456,10221,2009-06-01,8,5,0,0,0,True
USE12457,10221,2009-06-02,9,7,0,0,7,True
USE12458,10221,2009-06-03,9,3,6,3,12,True
USE12459,10221,2009-06-04,7,6,4,0,5,True
USE12460,10221,2009-06-05,6,2,5,8,3,True
USE12461,10221,2009-06-06,0,0,1,0,0,False
USE12462,10221,2009-06-07,0,1,0,0,7,True
USE12463,10221,2009-06-08,5,5,4,0,0,True
USE12464,10221,2009-06-09,0,2,7,0,0,True
USE12465,10221,2009-06-10,8,3,0,0,0,True
USE12466,10146,2011-05-16,0,0,0,0,0,False
USE12467,10146,2011-05-17,0,0,0,0,0,False
USE12468,10146,2011-05-18,0,0,0,0,1,False
USE12469,10146,2011-05-19,0,0,0,0,1,False
USE12470,10146,2011-05-20,0,0,0,0,3,False
USE12471,10146,2011-05-21,0,0,0,0,0,False
USE12472,10146,2011-05-22,0,0,0,0,0,False
USE12473,10146,2011-05-23,4,0,0,0,2,True
USE12474,10146,2011-05-24,0,0,0,0,0,False
USE12475,10146,2011-05-25,0,0,2,0,0,False
USE12476,10146,2011-05-26,1,0,0,0,0,False
USE12477,10146,2011-05-27,0,2,0,0,0,False
USE12478,10146,2011-05-28,0,1,0,2,0,True
USE12479,10146,2011-05-29,0,0,0,0,0,False
USE12480,10146,2011-05-30,4,0,0,0,0,False
USE12481,10146,2011-05-31,0,0,4,0,0,False
USE12482,10146,2011-06-01,9,3,6,0,0,True
USE12483,10146,2011-06-02,4,0,2,0,0,True
USE12484,10146,2011-06-03,0,1,0,0,0,False
USE12485,10146,2011-06-04,3,0,1,0,0,True
USE12486,10146,2011-06-05,0,0,0,0,3,False
USE12487,10146,2011-06-06,4,3,0,0,0,True
USE12488,10146,2011-06-07,0,0,0,5,0,False
USE12489,10146,2011-06-08,9,1,0,5,0,True
USE12490,10146,2011-06-09,6,0,3,0,0,True
USE12491,10146,2011-06-10,0,0,4,0,8,True
USE12492,10146,2011-06-11,0,0,0,0,1,False
USE12493,10146,2011-06-12,1,0,0,0,0,False
USE12494,10146,2011-06-13,0,3,0,0,0,False
USE12495,10146,2011-06-14,9,6,9,0,10,True
USE12496,10146,2011-06-15,4,8,1,0,15,True
USE12497,10146,2011-06-16,0,4,5,0,9,True
USE12498,10146,2011-06-17,6,1,2,0,0,True
USE12499,10146,2011-06-18,0,0,1,0,0,False
USE12500,10146,2011-06-19,0,0,0,0,0,False
USE12501,10146,2011-06-20,7,0,0,0,8,True
USE12502,10146,2011-06-21,7,4,0,0,0,True
USE12503,10146,2011-06-22,0,1,0,0,5,True
USE12504,10146,2011-06-23,8,0,4,0,9,True
USE12505,10146,2011-06-24,11,4,5,0,0,True
USE12506,10146,2011-06-25,0,2,5,0,0,True
USE12507,10146,2011-06-26,0,0,0,0,0,False
USE12508,10146,2011-06-27,11,4,3,0,0,True
USE12509,10146,2011-06-28,7,2,0,0,0,True
USE12510,10146,2011-06-29,7,1,3,0,6,True
USE12511,10161,2014-09-29,0,0,0,0,0,False
USE12512,10161,2014-09-30,0,0,0,0,0,False
USE12513,10161,2014-10-01,1,0,0,0,0,False
USE12514,10161,2014-10-02,0,0,0,0,0,False
USE12515,10161,2014-10-03,3,0,0,1,0,True
USE12516,10161,2014-10-04,0,0,0,0,0,False
USE12517,10161,2014-10-05,0,0,0,0,0,False
USE12518,10161,2014-10-06,0,0,0,0,0,False
USE12519,10161,2014-10-07,0,0,0,1,0,False
USE12520,10161,2014-10-08,5,2,0,6,0,True
USE12521,10161,2014-10-09,0,0,0,0,0,False
USE12522,10161,2014-10-10,0,0,0,0,0,False
USE12523,10161,2014-10-11,0,0,0,0,0,False
USE12524,10161,2014-10-12,0,0,0,0,0,False
USE12525,10161,2014-10-13,2,0,0,4,0,True
USE12526,10161,2014-10-14,2,0,0,1,2,True
USE12527,10161,2014-10-15,3,1,0,2,0,True
USE12528,10161,2014-10-16,6,5,0,5,0,True
USE12529,10161,2014-10-17,0,0,0,0,0,False
USE12530,10161,2014-10-18,3,0,0,0,0,False
USE12531,10161,2014-10-19,0,0,0,0,0,False
USE12532,10161,2014-10-20,0,0,0,0,0,False
USE12533,10161,2014-10-21,13,0,0,0,6,True
USE12534,10161,2014-10-22,0,0,5,3,0,True
USE12535,10161,2014-10-23,7,0,0,0,8,True
USE12536,10161,2014-10-24,5,3,0,4,6,True
USE12537,10161,2014-10-25,2,0,0,0,0,False
USE12538,10161,2014-10-26,0,0,0,0,0,False
USE12539,10161,2014-10-27,0,0,0,4,0,False
USE12540,10161,2014-10-28,3,0,0,6,3,True
USE12541,10161,2014-10-29,5,2,0,7,0,True
USE12542,10161,2014-10-30,5,0,0,6,9,True
USE12543,10161,2014-10-31,4,0,0,10,9,True
USE12544,10161,2014-11-01,0,1,0,0,0,False
USE12545,10161,2014-11-02,3,0,0,1,0,True
USE12546,10161,2014-11-03,9,0,0,5,4,True
USE12547,10161,2014-11-04,0,4,0,3,6,True
USE12548,10161,2014-11-05,6,0,0,0,8,True
USE12549,10161,2014-11-06,4,0,0,7,8,True
USE12550,10161,2014-11-07,0,0,0,0,9,False
USE12551,10161,2014-11-08,1,0,0,0,0,False
USE12552,10161,2014-11-09,0,0,0,2,1,True
USE12553,10161,2014-11-10,5,0,0,5,8,True
USE12554,10161,2014-11-11,5,5,0,10,10,True
USE12555,10161,2014-11-12,0,0,0,8,6,True
USE12556,10141,2011-07-05,0,0,1,0,4,True
USE12557,10141,2011-07-06,2,0,0,0,0,False
USE12558,10141,2011-07-07,2,0,0,0,0,False
USE12559,10141,2011-07-08,3,0,0,0,0,False
USE12560,10141,2011-07-09,0,1,0,0,0,False
USE12561,10141,2011-07-10,0,0,0,0,0,False
USE12562,10141,2011-07-11,0,0,0,0,0,False
USE12563,10141,2011-07-12,0,0,2,2,0,True
USE12564,10141,2011-07-13,0,0,0,0,0,False
USE12565,10141,2011-07-14,0,0,0,0,0,False
USE12566,10141,2011-07-15,0,0,5,0,0,False
USE12567,10141,2011-07-16,0,0,0,0,0,False
USE12568,10141,2011-07-17,0,0,0,0,0,False
USE12569,10141,2011-07-18,5,0,0,0,4,True
USE12570,10141,2011-07-19,6,0,0,0,0,False
USE12571,10141,2011-07-20,0,0,0,0,0,False
USE12572,10141,2011-07-21,0,0,3,4,3,True
USE12573,10141,2011-07-22,0,0,0,0,7,False
USE12574,10141,2011-07-23,0,0,0,0,0,False
USE12575,10141,2011-07-24,0,0,0,0,0,False
USE12576,10141,2011-07-25,6,1,3,0,6,True
USE12577,10141,2011-07-26,0,0,0,5,0,False
USE12578,10141,2011-07-27,3,3,0,0,8,True
USE12579,10141,2011-07-28,7,6,0,0,0,True
USE12580,10141,2011-07-29,5,0,3,0,0,True
USE12581,10141,2011-07-30,0,0,0,0,0,False
USE12582,10141,2011-07-31,0,0,0,0,0,False
USE12583,10141,2011-08-01,6,2,5,0,7,True
USE12584,10141,2011-08-02,0,6,0,0,10,True
USE12585,10141,2011-08-03,5,7,4,0,3,True
USE12586,10141,2011-08-04,9,0,0,0,8,True
USE12587,10141,2011-08-05,5,3,0,0,9,True
USE12588,10141,2011-08-06,0,4,2,0,0,True
USE12589,10141,2011-08-07,2,0,0,0,0,False
USE12590,10141,2011-08-08,3,4,6,0,10,True
USE12591,10141,2011-08-09,7,2,10,0,12,True
USE12592,10141,2011-08-10,12,4,0,0,6,True
USE12593,10141,2011-08-11,8,0,2,0,0,True
USE12594,10141,2011-08-12,7,1,3,2,6,True
USE12595,10141,2011-08-13,0,0,0,0,0,False
USE12596,10141,2011-08-14,3,3,0,0,0,True
USE12597,10141,2011-08-15,0,1,4,0,0,True
USE12598,10141,2011-08-16,7,3,4,4,7,True
USE12599,10141,2011-08-17,0,2,3,0,5,True
USE12600,10141,2011-08-18,0,2,4,0,11,True
USE12601,10268,2007-06-25,0,1,0,0,0,False
USE12602,10268,2007-06-26,0,2,0,0,0,False
USE12603,10268,2007-06-27,0,1,0,0,0,False
USE12604,10268,2007-06-28,0,0,1,0,0,False
USE12605,10268,2007-06-29,0,0,0,0,0,False
USE12606,10268,2007-06-30,0,0,0,0,0,False
USE12607,10268,2007-07-01,0,0,2,0,0,False
USE12608,10268,2007-07-02,0,0,1,1,0,True
USE12609,10268,2007-07-03,0,0,0,0,0,False
USE12610,10268,2007-07-04,0,0,0,0,0,False
USE12611,10268,2007-07-05,2,0,1,0,0,True
USE12612,10268,2007-07-06,0,2,1,0,0,True
USE12613,10268,2007-07-07,0,0,0,0,0,False
USE12614,10268,2007-07-08,1,0,0,0,0,False
USE12615,10268,2007-07-09,0,2,0,0,4,True
USE12616,10268,2007-07-10,4,2,0,0,7,True
USE12617,10268,2007-07-11,0,6,0,0,8,True
USE12618,10268,2007-07-12,6,2,0,0,0,True
USE12619,10268,2007-07-13,0,3,0,0,0,False
USE12620,10268,2007-07-14,0,0,0,0,0,False
USE12621,10268,2007-07-15,0,0,0,0,0,False
USE12622,10268,2007-07-16,0,0,5,0,0,False
USE12623,10268,2007-07-17,6,5,2,0,0,True
USE12624,10268,2007-07-18,0,0,0,0,0,False
USE12625,10268,2007-07-19,4,5,6,0,7,True
USE12626,10268,2007-07-20,5,0,4,3,0,True
USE12627,10268,2007-07-21,0,0,0,0,0,False
USE12628,10268,2007-07-22,0,0,0,0,0,False
USE12629,10268,2007-07-23,0,4,5,0,0,True
USE12630,10268,2007-07-24,7,6,8,0,0,True
USE12631,10268,2007-07-25,9,0,3,0,10,True
USE12632,10268,2007-07-26,7,4,3,5,7,True
USE12633,10268,2007-07-27,6,4,0,0,6,True
USE12634,10268,2007-07-28,0,0,0,0,1,False
USE12635,10268,2007-07-29,0,0,0,2,0,False
USE12636,10268,2007-07-30,8,5,5,0,8,True
USE12637,10268,2007-07-31,0,0,6,0,9,True
USE12638,10268,2007-08-01,7,5,2,0,0,True
USE12639,10268,2007-08-02,10,4,3,0,0,True
USE12640,10268,2007-08-03,0,3,3,3,7,True
USE12641,10268,2007-08-04,2,0,0,0,3,True
USE12642,10268,2007-08-05,0,0,0,0,0,False
USE12643,10268,2007-08-06,12,5,0,6,0,True
USE12644,10268,2007-08-07,3,2,2,0,6,True
USE12645,10268,2007-08-08,3,3,3,0,0,True
USE12646,10123,2013-02-18,0,1,0,0,0,False
USE12647,10123,2013-02-19,2,0,1,0,1,True
USE12648,10123,2013-02-20,0,2,0,0,0,False
USE12649,10123,2013-02-21,1,0,0,0,0,False
USE12650,10123,2013-02-22,0,0,0,0,0,False
USE12651,10123,2013-02-23,0,0,0,0,0,False
USE12652,10123,2013-02-24,0,0,0,0,0,False
USE12653,10123,2013-02-25,2,3,1,0,0,True
USE12654,10123,2013-02-26,2,0,2,0,0,True
USE12655,10123,2013-02-27,6,0,0,0,0,False
USE12656,10123,2013-02-28,3,0,3,0,1,True
USE12657,10123,2013-03-01,6,0,3,0,2,True
USE12658,10123,2013-03-02,0,0,0,0,0,False
USE12659,10123,2013-03-03,0,0,0,0,0,False
USE12660,10123,2013-03-04,5,3,1,0,0,True
USE12661,10123,2013-03-05,0,1,0,0,7,True
USE12662,10123,2013-03-06,0,2,0,0,0,False
USE12663,10123,2013-03-07,0,0,3,0,5,True
USE12664,10123,2013-03-08,0,0,0,0,0,False
USE12665,10123,2013-03-09,0,0,0,0,0,False
USE12666,10123,2013-03-10,0,0,0,0,0,False
USE12667,10123,2013-03-11,0,0,0,0,0,False
USE12668,10123,2013-03-12,0,4,0,0,10,True
USE12669,10123,2013-03-13,8,0,2,0,0,True
USE12670,10123,2013-03-14,0,2,4,2,5,True
USE12671,10123,2013-03-15,2,0,0,0,0,False
USE12672,10123,2013-03-16,0,0,0,0,0,False
USE12673,10123,2013-03-17,0,0,0,0,0,False
USE12674,10123,2013-03-18,7,8,9,0,0,True
USE12675,10123,2013-03-19,7,3,5,9,8,True
USE12676,10123,2013-03-20,5,5,3,0,0,True
USE12677,10123,2013-03-21,8,0,9,0,10,True
USE12678,10123,2013-03-22,6,3,6,0,7,True
USE12679,10123,2013-03-23,0,0,0,0,0,False
USE12680,10123,2013-03-24,0,0,0,0,0,False
USE12681,10123,2013-03-25,6,7,9,0,13,True
USE12682,10123,2013-03-26,7,6,7,3,10,True
USE12683,10123,2013-03-27,0,4,5,8,0,True
USE12684,10123,2013-03-28,7,3,2,9,7,True
USE12685,10123,2013-03-29,12,2,0,0,0,True
USE12686,10123,2013-03-30,0,0,0,0,0,False
USE12687,10123,2013-03-31,0,0,1,0,0,False
USE12688,10123,2013-04-01,7,5,7,0,6,True
USE12689,10123,2013-04-02,9,3,0,9,0,True
USE12690,10123,2013-04-03,0,1,5,0,5,True
USE12691,10013,2006-01-09,0,0,0,0,0,False
USE12692,10013,2006-01-10,0,0,0,0,0,False
USE12693,10013,2006-01-11,0,0,0,0,0,False
USE12694,10013,2006-01-12,0,0,0,0,2,False
USE12695,10013,2006-01-13,0,0,0,0,2,False
USE12696,10013,2006-01-14,0,0,0,0,0,False
USE12697,10013,2006-01-15,0,0,0,0,0,False
USE12698,10013,2006-01-16,2,0,0,0,0,False
USE12699,10013,2006-01-17,1,0,0,0,0,False
USE12700,10013,2006-01-18,3,0,0,0,4,True
USE12701,10013,2006-01-19,0,0,0,0,5,False
USE12702,10013,2006-01-20,3,0,0,0,0,False
USE12703,10013,2006-01-21,0,0,0,1,0,False
USE12704,10013,2006-01-22,0,0,0,0,0,False
USE12705,10013,2006-01-23,4,0,0,0,0,False
USE12706,10013,2006-01-24,0,0,0,3,2,True
USE12707,10013,2006-01-25,2,0,0,1,0,True
USE12708,10013,2006-01-26,0,0,0,0,0,False
USE12709,10013,2006-01-27,2,0,0,7,0,True
USE12710,10013,2006-01-28,0,0,0,0,0,False
USE12711,10013,2006-01-29,3,0,0,0,5,True
USE12712,10013,2006-01-30,0,0,0,0,4,False
USE12713,10013,2006-01-31,7,0,0,3,10,True
USE12714,10013,2006-02-01,4,0,0,4,7,True
USE12715,10013,2006-02-02,0,0,0,0,6,False
USE12716,10013,2006-02-03,0,0,0,6,5,True
USE12717,10013,2006-02-04,0,0,0,0,0,False
USE12718,10013,2006-02-05,0,0,0,0,2,False
USE12719,10013,2006-02-06,0,0,0,7,6,True
USE12720,10013,2006-02-07,10,0,6,6,6,True
USE12721,10013,2006-02-08,8,2,0,5,0,True
USE12722,10013,2006-02-09,0,0,0,5,8,True
USE12723,10013,2006-02-10,0,0,0,1,10,True
USE12724,10013,2006-02-11,0,3,0,0,0,False
USE12725,10013,2006-02-12,0,0,0,0,0,False
USE12726,10013,2006-02-13,0,0,0,0,10,False
USE12727,10013,2006-02-14,6,0,0,5,8,True
USE12728,10013,2006-02-15,0,0,0,2,0,False
USE12729,10013,2006-02-16,0,0,0,7,9,True
USE12730,10013,2006-02-17,0,0,0,10,0,False
USE12731,10013,2006-02-18,0,0,0,2,0,False
USE12732,10013,2006-02-19,0,0,0,0,0,False
USE12733,10013,2006-02-20,6,0,0,5,3,True
USE12734,10013,2006-02-21,9,0,3,3,8,True
USE12735,10013,2006-02-22,7,0,0,5,3,True
USE12736,10287,2014-02-17,2,0,0,0,0,False
USE12737,10287,2014-02-18,0,0,0,0,0,False
USE12738,10287,2014-02-19,0,2,2,0,0,True
USE12739,10287,2014-02-20,0,0,0,0,0,False
USE12740,10287,2014-02-21,0,0,0,0,0,False
USE12741,10287,2014-02-22,0,0,0,0,0,False
USE12742,10287,2014-02-23,0,0,0,0,0,False
USE12743,10287,2014-02-24,0,0,0,0,0,False
USE12744,10287,2014-02-25,0,0,4,0,2,True
USE12745,10287,2014-02-26,2,1,2,1,0,True
USE12746,10287,2014-02-27,2,1,0,0,0,True
USE12747,10287,2014-02-28,0,0,3,3,0,True
USE12748,10287,2014-03-01,0,0,0,0,0,False
USE12749,10287,2014-03-02,0,0,1,0,0,False
USE12750,10287,2014-03-03,2,0,0,0,0,False
USE12751,10287,2014-03-04,0,2,0,1,0,True
USE12752,10287,2014-03-05,3,3,0,0,4,True
USE12753,10287,2014-03-06,0,0,0,0,5,False
USE12754,10287,2014-03-07,8,0,3,0,3,True
USE12755,10287,2014-03-08,0,0,0,0,0,False
USE12756,10287,2014-03-09,0,0,1,0,0,False
USE12757,10287,2014-03-10,5,0,4,3,0,True
USE12758,10287,2014-03-11,0,3,0,0,0,False
USE12759,10287,2014-03-12,7,2,4,0,7,True
USE12760,10287,2014-03-13,12,2,0,0,3,True
USE12761,10287,2014-03-14,2,0,7,0,7,True
USE12762,10287,2014-03-15,0,1,2,2,0,True
USE12763,10287,2014-03-16,1,0,0,1,1,True
USE12764,10287,2014-03-17,0,0,6,0,7,True
USE12765,10287,2014-03-18,0,0,0,0,4,False
USE12766,10287,2014-03-19,6,3,0,0,9,True
USE12767,10287,2014-03-20,0,6,4,0,7,True
USE12768,10287,2014-03-21,0,8,5,0,10,True
USE12769,10287,2014-03-22,3,1,0,6,0,True
USE12770,10287,2014-03-23,0,0,0,0,0,False
USE12771,10287,2014-03-24,4,2,2,0,10,True
USE12772,10287,2014-03-25,7,4,3,7,0,True
USE12773,10287,2014-03-26,4,3,3,0,8,True
USE12774,10287,2014-03-27,7,2,0,4,15,True
USE12775,10287,2014-03-28,8,4,4,0,6,True
USE12776,10287,2014-03-29,0,5,0,0,0,False
USE12777,10287,2014-03-30,1,0,0,3,0,True
USE12778,10287,2014-03-31,5,4,4,0,10,True
USE12779,10287,2014-04-01,8,8,3,0,5,True
USE12780,10287,2014-04-02,8,0,2,0,0,True
USE12781,10044,2015-01-05,0,0,2,0,0,False
USE12782,10044,2015-01-06,0,0,0,0,0,False
USE12783,10044,2015-01-07,0,0,0,0,3,False
USE12784,10044,2015-01-08,0,2,0,0,0,False
USE12785,10044,2015-01-09,0,0,0,0,0,False
USE12786,10044,2015-01-10,0,0,0,0,0,False
USE12787,10044,2015-01-11,0,0,0,0,0,False
USE12788,10044,2015-01-12,0,1,0,3,0,True
USE12789,10044,2015-01-13,0,4,0,2,0,True
USE12790,10044,2015-01-14,0,0,2,0,0,False
USE12791,10044,2015-01-15,4,0,0,0,0,False
USE12792,10044,2015-01-16,2,4,0,1,0,True
USE12793,10044,2015-01-17,0,0,0,0,0,False
USE12794,10044,2015-01-18,0,0,0,2,0,False
USE12795,10044,2015-01-19,0,1,5,0,0,True
USE12796,10044,2015-01-20,0,2,2,0,0,True
USE12797,10044,2015-01-21,0,3,6,0,0,True
USE12798,10044,2015-01-22,9,0,0,6,0,True
USE12799,10044,2015-01-23,0,3,1,0,0,True
USE12800,10044,2015-01-24,0,0,0,0,0,False
USE12801,10044,2015-01-25,2,1,1,4,4,True
USE12802,10044,2015-01-26,4,0,5,0,2,True
USE12803,10044,2015-01-27,0,1,1,9,0,True
USE12804,10044,2015-01-28,8,0,4,6,0,True
USE12805,10044,2015-01-29,11,3,4,0,6,True
USE12806,10044,2015-01-30,6,3,5,0,0,True
USE12807,10044,2015-01-31,5,0,0,0,1,True
USE12808,10044,2015-02-01,0,1,0,0,0,False
USE12809,10044,2015-02-02,8,3,7,0,0,True
USE12810,10044,2015-02-03,7,5,0,0,12,True
USE12811,10044,2015-02-04,0,9,3,3,7,True
USE12812,10044,2015-02-05,12,5,6,0,0,True
USE12813,10044,2015-02-06,10,0,3,7,6,True
USE12814,10044,2015-02-07,0,0,0,0,0,False
USE12815,10044,2015-02-08,0,0,0,0,0,False
USE12816,10044,2015-02-09,4,0,6,0,0,True
USE12817,10044,2015-02-10,9,7,0,6,0,True
USE12818,10044,2015-02-11,10,3,4,0,0,True
USE12819,10044,2015-02-12,7,0,3,0,0,True
USE12820,10044,2015-02-13,9,0,3,0,0,True
USE12821,10044,2015-02-14,2,0,0,0,0,False
USE12822,10044,2015-02-15,0,0,0,0,0,False
USE12823,10044,2015-02-16,0,4,0,0,0,False
USE12824,10044,2015-02-17,5,2,4,3,5,True
USE12825,10044,2015-02-18,8,2,9,0,0,True
USE12826,10102,2013-02-18,0,0,0,0,0,False
USE12827,10102,2013-02-19,0,4,1,0,0,True
USE12828,10102,2013-02-20,1,1,0,0,0,True
USE12829,10102,2013-02-21,0,1,0,0,0,False
USE12830,10102,2013-02-22,0,0,0,0,0,False
USE12831,10102,2013-02-23,0,0,0,0,0,False
USE12832,10102,2013-02-24,0,0,0,0,0,False
USE12833,10102,2013-02-25,3,0,0,0,4,True
USE12834,10102,2013-02-26,0,5,0,0,0,False
USE12835,10102,2013-02-27,3,0,0,0,0,False
USE12836,10102,2013-02-28,0,2,0,0,0,False
USE12837,10102,2013-03-01,0,0,3,0,0,False
USE12838,10102,2013-03-02,0,0,0,0,0,False
USE12839,10102,2013-03-03,0,0,0,1,0,False
USE12840,10102,2013-03-04,2,2,0,0,1,True
USE12841,10102,2013-03-05,0,0,0,0,0,False
USE12842,10102,2013-03-06,0,0,2,1,3,True
USE12843,10102,2013-03-07,3,1,0,0,0,True
USE12844,10102,2013-03-08,6,3,5,0,0,True
USE12845,10102,2013-03-09,0,0,0,0,0,False
USE12846,10102,2013-03-10,0,0,1,0,0,False
USE12847,10102,2013-03-11,5,2,4,0,0,True
USE12848,10102,2013-03-12,6,1,1,0,10,True
USE12849,10102,2013-03-13,6,0,0,4,2,True
USE12850,10102,2013-03-14,6,6,0,0,0,True
USE12851,10102,2013-03-15,0,0,0,0,4,False
USE12852,10102,2013-03-16,0,0,0,0,0,False
USE12853,10102,2013-03-17,0,1,0,0,0,False
USE12854,10102,2013-03-18,6,0,6,0,8,True
USE12855,10102,2013-03-19,5,3,5,0,5,True
USE12856,10102,2013-03-20,5,8,0,3,9,True
USE12857,10102,2013-03-21,5,2,0,0,0,True
USE12858,10102,2013-03-22,5,6,1,0,12,True
USE12859,10102,2013-03-23,0,0,0,0,0,False
USE12860,10102,2013-03-24,0,0,0,0,0,False
USE12861,10102,2013-03-25,3,0,5,0,10,True
USE12862,10102,2013-03-26,6,2,0,4,7,True
USE12863,10102,2013-03-27,0,8,0,0,0,False
USE12864,10102,2013-03-28,0,2,5,0,12,True
USE12865,10102,2013-03-29,4,5,5,0,13,True
USE12866,10102,2013-03-30,0,0,0,0,0,False
USE12867,10102,2013-03-31,1,1,0,0,0,True
USE12868,10102,2013-04-01,0,4,4,0,5,True
USE12869,10102,2013-04-02,12,0,6,8,0,True
USE12870,10102,2013-04-03,6,0,5,0,0,True
USE12871,10270,2011-01-10,0,0,0,0,0,False
USE12872,10270,2011-01-11,0,0,2,0,0,False
USE12873,10270,2011-01-12,0,0,0,0,0,False
USE12874,10270,2011-01-13,0,1,0,0,0,False
USE12875,10270,2011-01-14,0,0,0,0,2,False
USE12876,10270,2011-01-15,0,1,0,0,0,False
USE12877,10270,2011-01-16,0,0,0,0,0,False
USE12878,10270,2011-01-17,5,0,0,0,0,False
USE12879,10270,2011-01-18,11,1,3,0,0,True
USE12880,10270,2011-01-19,0,3,0,0,0,False
USE12881,10270,2011-01-20,5,2,2,0,0,True
USE12882,10270,2011-01-21,6,0,0,0,0,False
USE12883,10270,2011-01-22,0,0,0,0,0,False
USE12884,10270,2011-01-23,0,0,0,0,0,False
USE12885,10270,2011-01-24,0,0,1,0,0,False
USE12886,10270,2011-01-25,0,3,0,0,0,False
USE12887,10270,2011-01-26,3,2,0,0,0,True
USE12888,10270,2011-01-27,0,5,0,0,0,False
USE12889,10270,2011-01-28,3,0,0,0,3,True
USE12890,10270,2011-01-29,0,2,0,0,0,False
USE12891,10270,2011-01-30,0,0,0,0,0,False
USE12892,10270,2011-01-31,8,6,0,4,0,True
USE12893,10270,2011-02-01,9,0,6,0,2,True
USE12894,10270,2011-02-02,8,3,8,0,0,True
USE12895,10270,2011-02-03,0,1,0,0,6,True
USE12896,10270,2011-02-04,6,3,5,0,0,True
USE12897,10270,2011-02-05,0,0,0,0,0,False
USE12898,10270,2011-02-06,0,1,0,0,0,False
USE12899,10270,2011-02-07,6,1,6,0,12,True
USE12900,10270,2011-02-08,0,4,0,0,0,False
USE12901,10270,2011-02-09,0,3,4,0,5,True
USE12902,10270,2011-02-10,0,1,3,0,7,True
USE12903,10270,2011-02-11,0,11,4,0,0,True
USE12904,10270,2011-02-12,0,0,0,0,0,False
USE12905,10270,2011-02-13,0,1,0,0,0,False
USE12906,10270,2011-02-14,4,4,6,0,0,True
USE12907,10270,2011-02-15,10,2,5,0,12,True
USE12908,10270,2011-02-16,8,6,3,0,12,True
USE12909,10270,2011-02-17,7,0,5,0,7,True
USE12910,10270,2011-02-18,7,7,6,8,4,True
USE12911,10270,2011-02-19,0,0,0,0,1,False
USE12912,10270,2011-02-20,3,0,1,0,0,True
USE12913,10270,2011-02-21,0,2,2,0,0,True
USE12914,10270,2011-02-22,0,3,8,0,0,True
USE12915,10270,2011-02-23,7,5,0,0,6,True
USE12916,10045,2015-03-30,0,0,0,0,2,False
USE12917,10045,2015-03-31,0,0,0,0,0,False
USE12918,10045,2015-04-01,0,0,0,0,0,False
USE12919,10045,2015-04-02,0,5,2,0,0,True
USE12920,10045,2015-04-03,0,2,0,2,0,True
USE12921,10045,2015-04-04,0,0,0,0,0,False
USE12922,10045,2015-04-05,0,0,0,0,0,False
USE12923,10045,2015-04-06,0,0,0,0,0,False
USE12924,10045,2015-04-07,0,1,3,0,0,True
USE12925,10045,2015-04-08,0,0,3,3,0,True
USE12926,10045,2015-04-09,0,1,1,0,6,True
USE12927,10045,2015-04-10,0,0,0,0,0,False
USE12928,10045,2015-04-11,3,0,0,0,0,False
USE12929,10045,2015-04-12,0,0,2,0,0,False
USE12930,10045,2015-04-13,0,3,8,0,0,True
USE12931,10045,2015-04-14,0,0,3,0,0,False
USE12932,10045,2015-04-15,5,4,0,0,0,True
USE12933,10045,2015-04-16,4,1,0,4,8,True
USE12934,10045,2015-04-17,0,0,0,0,0,False
USE12935,10045,2015-04-18,0,0,0,0,0,False
USE12936,10045,2015-04-19,0,0,0,0,0,False
USE12937,10045,2015-04-20,7,4,4,0,0,True
USE12938,10045,2015-04-21,0,2,4,0,0,True
USE12939,10045,2015-04-22,0,4,5,0,9,True
USE12940,10045,2015-04-23,10,3,4,0,10,True
USE12941,10045,2015-04-24,0,3,0,0,8,True
USE12942,10045,2015-04-25,0,0,1,0,0,False
USE12943,10045,2015-04-26,6,0,0,0,3,True
USE12944,10045,2015-04-27,5,1,4,0,0,True
USE12945,10045,2015-04-28,6,6,6,0,0,True
USE12946,10045,2015-04-29,4,4,7,0,0,True
USE12947,10045,2015-04-30,11,0,0,0,14,True
USE12948,10045,2015-05-01,3,3,2,0,7,True
USE12949,10045,2015-05-02,0,1,2,0,3,True
USE12950,10045,2015-05-03,0,0,0,0,0,False
USE12951,10045,2015-05-04,7,7,6,3,7,True
USE12952,10045,2015-05-05,8,1,1,3,7,True
USE12953,10045,2015-05-06,3,2,5,0,0,True
USE12954,10045,2015-05-07,6,5,0,6,8,True
USE12955,10045,2015-05-08,0,5,0,0,8,True
USE12956,10045,2015-05-09,0,0,0,0,0,False
USE12957,10045,2015-05-10,0,0,0,0,0,False
USE12958,10045,2015-05-11,7,4,1,0,8,True
USE12959,10045,2015-05-12,7,3,3,0,7,True
USE12960,10045,2015-05-13,7,5,4,0,8,True
USE12961,10205,2011-07-05,0,0,0,0,0,False
USE12962,10205,2011-07-06,0,0,0,0,0,False
USE12963,10205,2011-07-07,0,0,0,0,0,False
USE12964,10205,2011-07-08,0,0,0,0,5,False
USE12965,10205,2011-07-09,0,0,0,1,0,False
USE12966,10205,2011-07-10,0,0,0,0,0,False
USE12967,10205,2011-07-11,2,1,0,2,0,True
USE12968,10205,2011-07-12,0,3,1,0,0,True
USE12969,10205,2011-07-13,0,0,0,0,5,False
USE12970,10205,2011-07-14,2,0,0,0,5,True
USE12971,10205,2011-07-15,4,0,2,0,6,True
USE12972,10205,2011-07-16,0,2,0,0,0,False
USE12973,10205,2011-07-17,0,0,0,0,0,False
USE12974,10205,2011-07-18,5,0,3,0,0,True
USE12975,10205,2011-07-19,0,0,0,0,2,False
USE12976,10205,2011-07-20,0,0,0,1,7,True
USE12977,10205,2011-07-21,7,0,0,0,8,True
USE12978,10205,2011-07-22,4,2,0,2,0,True
USE12979,10205,2011-07-23,0,0,0,0,0,False
USE12980,10205,2011-07-24,1,0,0,0,0,False
USE12981,10205,2011-07-25,2,0,0,3,0,True
USE12982,10205,2011-07-26,5,0,0,0,0,False
USE12983,10205,2011-07-27,0,0,0,0,1,False
USE12984,10205,2011-07-28,4,2,0,8,6,True
USE12985,10205,2011-07-29,2,0,1,3,0,True
USE12986,10205,2011-07-30,4,0,0,0,0,False
USE12987,10205,2011-07-31,0,0,0,0,0,False
USE12988,10205,2011-08-01,0,0,0,4,5,True
USE12989,10205,2011-08-02,7,0,0,0,6,True
USE12990,10205,2011-08-03,10,1,0,0,0,True
USE12991,10205,2011-08-04,0,6,0,7,8,True
USE12992,10205,2011-08-05,0,0,0,7,9,True
USE12993,10205,2011-08-06,0,0,0,0,3,False
USE12994,10205,2011-08-07,0,0,0,1,0,False
USE12995,10205,2011-08-08,0,0,0,7,7,True
USE12996,10205,2011-08-09,12,5,0,4,7,True
USE12997,10205,2011-08-10,7,0,0,2,7,True
USE12998,10205,2011-08-11,6,0,0,4,9,True
USE12999,10205,2011-08-12,0,0,0,4,3,True
USE13000,10205,2011-08-13,1,0,0,0,0,False
USE13001,10205,2011-08-14,3,0,0,0,0,False
USE13002,10205,2011-08-15,0,0,0,6,0,False
USE13003,10205,2011-08-16,5,7,0,6,3,True
USE13004,10205,2011-08-17,6,0,0,0,8,True
USE13005,10205,2011-08-18,5,0,0,0,10,True
USE13006,10014,2012-08-13,0,0,0,0,0,False
USE13007,10014,2012-08-14,0,0,0,0,0,False
USE13008,10014,2012-08-15,0,0,0,0,0,False
USE13009,10014,2012-08-16,0,0,0,0,0,False
USE13010,10014,2012-08-17,0,0,1,0,0,False
USE13011,10014,2012-08-18,0,0,0,0,0,False
USE13012,10014,2012-08-19,0,0,0,0,0,False
USE13013,10014,2012-08-20,7,1,0,0,0,True
USE13014,10014,2012-08-21,0,1,0,0,0,False
USE13015,10014,2012-08-22,0,4,0,0,0,False
USE13016,10014,2012-08-23,0,0,0,0,0,False
USE13017,10014,2012-08-24,0,0,0,0,4,False
USE13018,10014,2012-08-25,0,0,0,0,0,False
USE13019,10014,2012-08-26,0,0,0,0,0,False
USE13020,10014,2012-08-27,3,5,4,4,0,True
USE13021,10014,2012-08-28,1,1,0,0,5,True
USE13022,10014,2012-08-29,0,0,0,1,0,False
USE13023,10014,2012-08-30,4,2,0,0,0,True
USE13024,10014,2012-08-31,0,1,3,8,6,True
USE13025,10014,2012-09-01,0,0,0,0,0,False
USE13026,10014,2012-09-02,2,0,0,0,0,False
USE13027,10014,2012-09-03,0,0,0,0,0,False
USE13028,10014,2012-09-04,8,0,1,0,0,True
USE13029,10014,2012-09-05,5,3,3,8,6,True
USE13030,10014,2012-09-06,4,0,0,0,0,False
USE13031,10014,2012-09-07,3,5,9,0,0,True
USE13032,10014,2012-09-08,0,0,0,0,0,False
USE13033,10014,2012-09-09,2,0,0,0,0,False
USE13034,10014,2012-09-10,8,3,0,0,12,True
USE13035,10014,2012-09-11,0,5,6,0,0,True
USE13036,10014,2012-09-12,0,4,5,0,8,True
USE13037,10014,2012-09-13,5,5,10,0,5,True
USE13038,10014,2012-09-14,7,4,7,3,0,True
USE13039,10014,2012-09-15,0,0,0,0,0,False
USE13040,10014,2012-09-16,2,0,0,0,0,False
USE13041,10014,2012-09-17,9,0,0,0,7,True
USE13042,10014,2012-09-18,7,4,3,0,7,True
USE13043,10014,2012-09-19,7,1,0,0,10,True
USE13044,10014,2012-09-20,7,4,4,10,11,True
USE13045,10014,2012-09-21,4,0,0,0,8,True
USE13046,10014,2012-09-22,0,0,2,0,0,False
USE13047,10014,2012-09-23,0,0,0,3,0,False
USE13048,10014,2012-09-24,5,1,0,5,0,True
USE13049,10014,2012-09-25,4,3,4,4,12,True
USE13050,10014,2012-09-26,2,0,2,0,0,True
USE13051,10144,2011-08-01,0,0,0,0,4,False
USE13052,10144,2011-08-02,0,0,0,0,0,False
USE13053,10144,2011-08-03,0,0,0,0,3,False
USE13054,10144,2011-08-04,3,0,0,0,0,False
USE13055,10144,2011-08-05,7,0,0,0,0,False
USE13056,10144,2011-08-06,0,0,0,0,0,False
USE13057,10144,2011-08-07,0,0,0,0,1,False
USE13058,10144,2011-08-08,0,0,0,1,0,False
USE13059,10144,2011-08-09,0,0,3,0,0,False
USE13060,10144,2011-08-10,0,0,0,0,0,False
USE13061,10144,2011-08-11,3,0,0,0,0,False
USE13062,10144,2011-08-12,0,0,1,0,5,True
USE13063,10144,2011-08-13,0,0,0,0,0,False
USE13064,10144,2011-08-14,0,0,0,0,0,False
USE13065,10144,2011-08-15,0,3,0,0,6,True
USE13066,10144,2011-08-16,0,0,0,0,0,False
USE13067,10144,2011-08-17,6,0,0,0,0,False
USE13068,10144,2011-08-18,0,0,0,0,0,False
USE13069,10144,2011-08-19,0,0,6,8,5,True
USE13070,10144,2011-08-20,0,0,0,0,0,False
USE13071,10144,2011-08-21,0,0,0,0,0,False
USE13072,10144,2011-08-22,11,0,0,0,0,False
USE13073,10144,2011-08-23,2,0,0,3,9,True
USE13074,10144,2011-08-24,0,0,0,0,0,False
USE13075,10144,2011-08-25,7,2,0,0,0,True
USE13076,10144,2011-08-26,0,0,0,0,0,False
USE13077,10144,2011-08-27,0,0,0,0,3,False
USE13078,10144,2011-08-28,3,0,0,0,0,False
USE13079,10144,2011-08-29,0,0,0,0,0,False
USE13080,10144,2011-08-30,0,0,0,4,0,False
USE13081,10144,2011-08-31,12,0,0,5,7,True
USE13082,10144,2011-09-01,0,0,0,0,8,False
USE13083,10144,2011-09-02,0,0,0,4,0,False
USE13084,10144,2011-09-03,0,0,0,0,0,False
USE13085,10144,2011-09-04,0,0,0,0,0,False
USE13086,10144,2011-09-05,5,0,0,6,0,True
USE13087,10144,2011-09-06,2,11,0,0,9,True
USE13088,10144,2011-09-07,7,0,0,3,11,True
USE13089,10144,2011-09-08,7,0,0,0,0,False
USE13090,10144,2011-09-09,0,2,0,4,0,True
USE13091,10144,2011-09-10,0,1,0,0,0,False
USE13092,10144,2011-09-11,0,0,0,0,5,False
USE13093,10144,2011-09-12,10,0,0,6,9,True
USE13094,10144,2011-09-13,10,0,0,0,6,True
USE13095,10144,2011-09-14,9,7,0,5,10,True
USE13096,10253,2012-03-05,1,0,0,0,0,False
USE13097,10253,2012-03-06,0,0,2,0,0,False
USE13098,10253,2012-03-07,0,0,0,0,1,False
USE13099,10253,2012-03-08,1,0,0,1,0,True
USE13100,10253,2012-03-09,0,0,0,0,0,False
USE13101,10253,2012-03-10,0,0,0,0,1,False
USE13102,10253,2012-03-11,1,0,0,0,0,False
USE13103,10253,2012-03-12,0,0,0,0,1,False
USE13104,10253,2012-03-13,0,0,0,0,0,False
USE13105,10253,2012-03-14,6,0,0,0,0,False
USE13106,10253,2012-03-15,3,0,0,4,0,True
USE13107,10253,2012-03-16,3,0,0,0,0,False
USE13108,10253,2012-03-17,0,0,0,0,0,False
USE13109,10253,2012-03-18,6,0,0,0,0,False
USE13110,10253,2012-03-19,0,0,0,0,3,False
USE13111,10253,2012-03-20,0,0,0,0,4,False
USE13112,10253,2012-03-21,7,0,0,0,0,False
USE13113,10253,2012-03-22,6,0,0,4,4,True
USE13114,10253,2012-03-23,6,0,0,0,0,False
USE13115,10253,2012-03-24,2,0,0,0,0,False
USE13116,10253,2012-03-25,0,0,0,1,0,False
USE13117,10253,2012-03-26,0,0,0,0,7,False
USE13118,10253,2012-03-27,0,2,0,0,9,True
USE13119,10253,2012-03-28,5,8,0,5,6,True
USE13120,10253,2012-03-29,8,0,6,3,4,True
USE13121,10253,2012-03-30,4,4,0,10,0,True
USE13122,10253,2012-03-31,0,0,0,0,0,False
USE13123,10253,2012-04-01,0,0,0,1,0,False
USE13124,10253,2012-04-02,6,0,0,5,6,True
USE13125,10253,2012-04-03,0,1,0,3,7,True
USE13126,10253,2012-04-04,8,0,0,7,13,True
USE13127,10253,2012-04-05,0,0,0,4,14,True
USE13128,10253,2012-04-06,9,0,0,7,8,True
USE13129,10253,2012-04-07,0,0,0,0,0,False
USE13130,10253,2012-04-08,0,0,0,1,0,False
USE13131,10253,2012-04-09,0,0,0,6,6,True
USE13132,10253,2012-04-10,13,0,0,0,3,True
USE13133,10253,2012-04-11,7,0,0,3,0,True
USE13134,10253,2012-04-12,6,0,0,9,6,True
USE13135,10253,2012-04-13,0,0,0,3,0,False
USE13136,10253,2012-04-14,2,0,0,0,1,True
USE13137,10253,2012-04-15,0,0,0,0,0,False
USE13138,10253,2012-04-16,8,0,0,0,0,False
USE13139,10253,2012-04-17,11,3,0,7,10,True
USE13140,10253,2012-04-18,0,0,0,3,8,True
USE13141,10118,2015-02-16,0,0,0,0,0,False
USE13142,10118,2015-02-17,0,0,0,0,0,False
USE13143,10118,2015-02-18,0,0,6,0,0,False
USE13144,10118,2015-02-19,0,0,2,0,0,False
USE13145,10118,2015-02-20,4,0,0,5,0,True
USE13146,10118,2015-02-21,0,0,0,0,0,False
USE13147,10118,2015-02-22,0,0,0,0,0,False
USE13148,10118,2015-02-23,0,0,1,0,3,True
USE13149,10118,2015-02-24,0,0,0,0,0,False
USE13150,10118,2015-02-25,0,2,0,0,0,False
USE13151,10118,2015-02-26,0,0,0,0,0,False
USE13152,10118,2015-02-27,4,1,0,0,4,True
USE13153,10118,2015-02-28,0,0,0,0,7,False
USE13154,10118,2015-03-01,0,0,0,0,0,False
USE13155,10118,2015-03-02,0,0,7,2,0,True
USE13156,10118,2015-03-03,5,4,3,3,0,True
USE13157,10118,2015-03-04,5,0,0,1,7,True
USE13158,10118,2015-03-05,9,0,0,0,0,False
USE13159,10118,2015-03-06,4,1,0,0,0,True
USE13160,10118,2015-03-07,5,0,0,0,0,False
USE13161,10118,2015-03-08,0,0,0,0,0,False
USE13162,10118,2015-03-09,5,2,3,0,0,True
USE13163,10118,2015-03-10,5,1,8,1,0,True
USE13164,10118,2015-03-11,5,4,3,0,2,True
USE13165,10118,2015-03-12,0,0,0,0,9,False
USE13166,10118,2015-03-13,8,0,0,0,0,False
USE13167,10118,2015-03-14,2,0,0,0,0,False
USE13168,10118,2015-03-15,5,1,0,0,0,True
USE13169,10118,2015-03-16,9,1,5,0,0,True
USE13170,10118,2015-03-17,0,1,5,3,7,True
USE13171,10118,2015-03-18,0,0,3,0,10,True
USE13172,10118,2015-03-19,7,5,4,0,10,True
USE13173,10118,2015-03-20,5,7,6,0,8,True
USE13174,10118,2015-03-21,2,0,1,0,0,True
USE13175,10118,2015-03-22,0,0,0,0,0,False
USE13176,10118,2015-03-23,10,3,0,0,6,True
USE13177,10118,2015-03-24,9,1,6,0,0,True
USE13178,10118,2015-03-25,5,3,4,9,0,True
USE13179,10118,2015-03-26,0,0,8,6,8,True
USE13180,10118,2015-03-27,13,3,4,0,0,True
USE13181,10118,2015-03-28,0,0,0,0,0,False
USE13182,10118,2015-03-29,0,0,0,0,0,False
USE13183,10118,2015-03-30,6,2,5,0,0,True
USE13184,10118,2015-03-31,8,0,2,0,0,True
USE13185,10118,2015-04-01,9,4,1,0,6,True
USE13186,10022,2011-09-26,0,0,0,0,1,False
USE13187,10022,2011-09-27,0,0,0,0,0,False
USE13188,10022,2011-09-28,0,3,0,0,0,False
USE13189,10022,2011-09-29,0,0,0,0,0,False
USE13190,10022,2011-09-30,0,0,0,0,0,False
USE13191,10022,2011-10-01,0,0,2,0,0,False
USE13192,10022,2011-10-02,0,0,0,0,0,False
USE13193,10022,2011-10-03,2,0,0,0,0,False
USE13194,10022,2011-10-04,0,4,0,0,0,False
USE13195,10022,2011-10-05,0,0,2,0,0,False
USE13196,10022,2011-10-06,7,5,0,0,0,True
USE13197,10022,2011-10-07,3,0,0,0,0,False
USE13198,10022,2011-10-08,0,0,0,0,0,False
USE13199,10022,2011-10-09,0,0,0,4,0,False
USE13200,10022,2011-10-10,6,1,0,0,0,True
USE13201,10022,2011-10-11,0,1,2,0,0,True
USE13202,10022,2011-10-12,0,5,3,0,0,True
USE13203,10022,2011-10-13,2,0,2,0,0,True
USE13204,10022,2011-10-14,0,0,3,0,0,False
USE13205,10022,2011-10-15,1,1,0,0,0,True
USE13206,10022,2011-10-16,0,0,0,0,0,False
USE13207,10022,2011-10-17,0,0,0,3,0,False
USE13208,10022,2011-10-18,0,0,4,0,2,True
USE13209,10022,2011-10-19,6,3,0,0,8,True
USE13210,10022,2011-10-20,0,0,0,0,8,False
USE13211,10022,2011-10-21,0,5,4,0,4,True
USE13212,10022,2011-10-22,1,0,0,0,0,False
USE13213,10022,2011-10-23,0,0,0,0,0,False
USE13214,10022,2011-10-24,0,4,6,0,12,True
USE13215,10022,2011-10-25,5,7,1,7,8,True
USE13216,10022,2011-10-26,6,5,3,0,9,True
USE13217,10022,2011-10-27,7,0,0,9,0,True
USE13218,10022,2011-10-28,9,4,7,0,4,True
USE13219,10022,2011-10-29,0,0,0,0,0,False
USE13220,10022,2011-10-30,0,0,0,0,0,False
USE13221,10022,2011-10-31,0,6,4,0,13,True
USE13222,10022,2011-11-01,10,0,0,0,0,False
USE13223,10022,2011-11-02,8,2,7,0,0,True
USE13224,10022,2011-11-03,7,6,8,0,11,True
USE13225,10022,2011-11-04,0,6,10,6,0,True
USE13226,10022,2011-11-05,0,0,0,0,0,False
USE13227,10022,2011-11-06,0,0,1,0,0,False
USE13228,10022,2011-11-07,8,2,4,0,0,True
USE13229,10022,2011-11-08,2,0,9,0,6,True
USE13230,10022,2011-11-09,5,7,5,0,0,True
USE13231,10183,2015-07-05,0,0,0,0,1,False
USE13232,10183,2015-07-06,0,0,0,0,0,False
USE13233,10183,2015-07-07,0,0,0,0,0,False
USE13234,10183,2015-07-08,0,1,0,0,0,False
USE13235,10183,2015-07-09,0,0,2,0,0,False
USE13236,10183,2015-07-10,0,0,0,0,2,False
USE13237,10183,2015-07-11,0,0,0,0,0,False
USE13238,10183,2015-07-12,0,0,0,0,0,False
USE13239,10183,2015-07-13,0,2,0,0,4,True
USE13240,10183,2015-07-14,0,5,0,0,0,False
USE13241,10183,2015-07-15,5,3,0,8,0,True
USE13242,10183,2015-07-16,4,4,0,0,0,True
USE13243,10183,2015-07-17,3,4,2,0,0,True
USE13244,10183,2015-07-18,0,0,0,0,0,False
USE13245,10183,2015-07-19,0,0,0,0,0,False
USE13246,10183,2015-07-20,1,0,0,0,0,False
USE13247,10183,2015-07-21,0,2,0,0,8,True
USE13248,10183,2015-07-22,4,0,0,0,4,True
USE13249,10183,2015-07-23,11,3,2,0,7,True
USE13250,10183,2015-07-24,9,7,6,0,0,True
USE13251,10183,2015-07-25,0,0,0,0,0,False
USE13252,10183,2015-07-26,2,0,0,0,0,False
USE13253,10183,2015-07-27,5,2,0,3,0,True
USE13254,10183,2015-07-28,8,0,0,0,6,True
USE13255,10183,2015-07-29,0,3,0,0,0,False
USE13256,10183,2015-07-30,2,4,4,0,0,True
USE13257,10183,2015-07-31,4,0,0,0,0,False
USE13258,10183,2015-08-01,0,0,0,0,0,False
USE13259,10183,2015-08-02,2,0,0,0,0,False
USE13260,10183,2015-08-03,10,2,8,5,0,True
USE13261,10183,2015-08-04,7,2,2,0,0,True
USE13262,10183,2015-08-05,6,5,7,0,9,True
USE13263,10183,2015-08-06,6,0,6,0,8,True
USE13264,10183,2015-08-07,0,3,4,0,6,True
USE13265,10183,2015-08-08,0,0,0,0,4,False
USE13266,10183,2015-08-09,0,0,1,0,0,False
USE13267,10183,2015-08-10,12,4,4,7,6,True
USE13268,10183,2015-08-11,0,3,4,8,8,True
USE13269,10183,2015-08-12,10,0,4,0,3,True
USE13270,10183,2015-08-13,7,4,4,0,0,True
USE13271,10183,2015-08-14,6,1,3,0,10,True
USE13272,10183,2015-08-15,2,0,3,0,0,True
USE13273,10183,2015-08-16,2,0,0,0,0,False
USE13274,10183,2015-08-17,8,4,9,0,7,True
USE13275,10183,2015-08-18,0,4,7,0,0,True
USE13276,10190,2014-08-18,0,0,0,0,0,False
USE13277,10190,2014-08-19,0,0,0,0,0,False
USE13278,10190,2014-08-20,0,0,0,0,0,False
USE13279,10190,2014-08-21,0,0,1,0,0,False
USE13280,10190,2014-08-22,0,0,0,0,0,False
USE13281,10190,2014-08-23,0,0,0,0,0,False
USE13282,10190,2014-08-24,0,0,1,0,0,False
USE13283,10190,2014-08-25,0,0,0,0,0,False
USE13284,10190,2014-08-26,3,0,3,0,0,True
USE13285,10190,2014-08-27,3,0,1,0,0,True
USE13286,10190,2014-08-28,0,2,1,0,3,True
USE13287,10190,2014-08-29,2,0,0,0,0,False
USE13288,10190,2014-08-30,0,0,0,0,0,False
USE13289,10190,2014-08-31,3,0,1,0,0,True
USE13290,10190,2014-09-01,0,0,2,0,0,False
USE13291,10190,2014-09-02,3,1,0,0,4,True
USE13292,10190,2014-09-03,0,1,0,5,0,True
USE13293,10190,2014-09-04,0,0,5,2,0,True
USE13294,10190,2014-09-05,0,0,5,0,0,False
USE13295,10190,2014-09-06,0,0,0,0,2,False
USE13296,10190,2014-09-07,0,0,0,0,3,False
USE13297,10190,2014-09-08,5,4,0,0,0,True
USE13298,10190,2014-09-09,4,5,0,0,0,True
USE13299,10190,2014-09-10,2,5,4,2,0,True
USE13300,10190,2014-09-11,5,0,0,0,11,True
USE13301,10190,2014-09-12,0,8,3,0,6,True
USE13302,10190,2014-09-13,0,0,0,2,0,False
USE13303,10190,2014-09-14,1,0,0,0,0,False
USE13304,10190,2014-09-15,0,4,4,5,0,True
USE13305,10190,2014-09-16,9,7,0,0,8,True
USE13306,10190,2014-09-17,6,2,3,5,9,True
USE13307,10190,2014-09-18,5,4,6,0,7,True
USE13308,10190,2014-09-19,0,3,3,0,5,True
USE13309,10190,2014-09-20,0,0,0,0,0,False
USE13310,10190,2014-09-21,0,0,0,0,0,False
USE13311,10190,2014-09-22,8,12,9,6,0,True
USE13312,10190,2014-09-23,3,0,9,5,0,True
USE13313,10190,2014-09-24,9,6,4,0,11,True
USE13314,10190,2014-09-25,6,8,4,0,7,True
USE13315,10190,2014-09-26,0,4,3,0,0,True
USE13316,10190,2014-09-27,0,0,2,0,0,False
USE13317,10190,2014-09-28,0,0,0,0,5,False
USE13318,10190,2014-09-29,5,1,4,0,0,True
USE13319,10190,2014-09-30,11,0,3,8,6,True
USE13320,10190,2014-10-01,0,10,5,0,0,True
USE13321,10274,2011-09-26,0,0,0,0,0,False
USE13322,10274,2011-09-27,0,4,0,0,0,False
USE13323,10274,2011-09-28,0,0,0,0,4,False
USE13324,10274,2011-09-29,0,0,0,0,3,False
USE13325,10274,2011-09-30,0,0,0,0,0,False
USE13326,10274,2011-10-01,0,0,0,0,0,False
USE13327,10274,2011-10-02,0,0,0,0,0,False
USE13328,10274,2011-10-03,0,0,0,0,0,False
USE13329,10274,2011-10-04,0,1,0,0,0,False
USE13330,10274,2011-10-05,4,0,0,0,0,False
USE13331,10274,2011-10-06,4,0,0,3,0,True
USE13332,10274,2011-10-07,2,0,0,2,0,True
USE13333,10274,2011-10-08,0,0,0,0,0,False
USE13334,10274,2011-10-09,0,0,0,0,0,False
USE13335,10274,2011-10-10,0,0,0,0,6,False
USE13336,10274,2011-10-11,0,0,0,0,7,False
USE13337,10274,2011-10-12,0,0,0,0,0,False
USE13338,10274,2011-10-13,0,0,0,0,7,False
USE13339,10274,2011-10-14,6,1,0,5,0,True
USE13340,10274,2011-10-15,0,0,0,1,0,False
USE13341,10274,2011-10-16,0,0,0,0,0,False
USE13342,10274,2011-10-17,0,0,0,2,7,True
USE13343,10274,2011-10-18,0,0,0,0,5,False
USE13344,10274,2011-10-19,0,0,0,0,8,False
USE13345,10274,2011-10-20,7,0,0,6,6,True
USE13346,10274,2011-10-21,0,2,0,0,5,True
USE13347,10274,2011-10-22,2,0,0,0,0,False
USE13348,10274,2011-10-23,0,1,0,0,0,False
USE13349,10274,2011-10-24,8,0,0,0,0,False
USE13350,10274,2011-10-25,8,0,4,8,13,True
USE13351,10274,2011-10-26,0,0,0,7,0,False
USE13352,10274,2011-10-27,11,4,0,0,10,True
USE13353,10274,2011-10-28,0,3,0,0,11,True
USE13354,10274,2011-10-29,1,0,0,0,0,False
USE13355,10274,2011-10-30,0,0,0,1,3,True
USE13356,10274,2011-10-31,0,4,0,0,0,False
USE13357,10274,2011-11-01,12,0,0,3,5,True
USE13358,10274,2011-11-02,0,0,0,0,9,False
USE13359,10274,2011-11-03,3,0,0,5,0,True
USE13360,10274,2011-11-04,10,7,0,6,0,True
USE13361,10274,2011-11-05,0,0,0,0,0,False
USE13362,10274,2011-11-06,1,0,0,0,2,True
USE13363,10274,2011-11-07,5,0,0,7,8,True
USE13364,10274,2011-11-08,0,4,0,0,0,False
USE13365,10274,2011-11-09,8,6,0,0,0,True
USE13366,10293,2012-08-13,0,0,0,0,0,False
USE13367,10293,2012-08-14,0,0,0,0,0,False
USE13368,10293,2012-08-15,1,0,0,0,3,True
USE13369,10293,2012-08-16,0,0,2,0,0,False
USE13370,10293,2012-08-17,5,0,0,0,0,False
USE13371,10293,2012-08-18,0,0,0,0,0,False
USE13372,10293,2012-08-19,0,0,0,0,0,False
USE13373,10293,2012-08-20,0,0,0,0,0,False
USE13374,10293,2012-08-21,0,0,0,0,0,False
USE13375,10293,2012-08-22,0,1,0,3,0,True
USE13376,10293,2012-08-23,0,0,0,0,0,False
USE13377,10293,2012-08-24,0,2,0,0,0,False
USE13378,10293,2012-08-25,0,0,0,0,0,False
USE13379,10293,2012-08-26,0,0,0,1,0,False
USE13380,10293,2012-08-27,3,3,0,0,5,True
USE13381,10293,2012-08-28,0,1,3,0,0,True
USE13382,10293,2012-08-29,7,0,7,0,6,True
USE13383,10293,2012-08-30,2,3,4,0,7,True
USE13384,10293,2012-08-31,0,0,3,0,8,True
USE13385,10293,2012-09-01,1,0,0,0,0,False
USE13386,10293,2012-09-02,0,1,1,0,0,True
USE13387,10293,2012-09-03,6,3,5,0,5,True
USE13388,10293,2012-09-04,5,3,0,0,5,True
USE13389,10293,2012-09-05,11,1,0,0,10,True
USE13390,10293,2012-09-06,6,4,0,0,0,True
USE13391,10293,2012-09-07,4,7,5,0,0,True
USE13392,10293,2012-09-08,3,0,0,0,0,False
USE13393,10293,2012-09-09,0,0,1,0,0,False
USE13394,10293,2012-09-10,10,0,2,6,0,True
USE13395,10293,2012-09-11,3,10,0,0,5,True
USE13396,10293,2012-09-12,0,0,9,0,0,False
USE13397,10293,2012-09-13,0,0,7,0,6,True
USE13398,10293,2012-09-14,5,0,6,1,0,True
USE13399,10293,2012-09-15,0,0,0,0,4,False
USE13400,10293,2012-09-16,0,0,0,0,1,False
USE13401,10293,2012-09-17,0,6,4,4,11,True
USE13402,10293,2012-09-18,0,4,0,0,0,False
USE13403,10293,2012-09-19,7,6,4,0,9,True
USE13404,10293,2012-09-20,6,0,13,0,9,True
USE13405,10293,2012-09-21,3,0,6,0,10,True
USE13406,10293,2012-09-22,0,2,2,0,0,True
USE13407,10293,2012-09-23,0,0,0,0,0,False
USE13408,10293,2012-09-24,4,3,0,5,9,True
USE13409,10293,2012-09-25,0,2,5,0,6,True
USE13410,10293,2012-09-26,6,4,3,0,0,True
USE13411,10172,2017-02-15,0,0,0,0,0,False
USE13412,10172,2017-02-16,0,1,0,0,0,False
USE13413,10172,2017-02-17,0,0,1,0,3,True
USE13414,10172,2017-02-18,0,0,0,0,0,False
USE13415,10172,2017-02-19,0,0,0,0,0,False
USE13416,10172,2017-02-20,0,0,0,0,0,False
USE13417,10172,2017-02-21,0,1,0,0,0,False
USE13418,10172,2017-02-22,3,5,1,0,0,True
USE13419,10172,2017-02-23,0,0,0,0,2,False
USE13420,10172,2017-02-24,0,0,2,0,3,True
USE13421,10172,2017-02-25,0,0,0,0,0,False
USE13422,10172,2017-02-26,0,0,0,0,0,False
USE13423,10172,2017-02-27,3,0,3,0,0,True
USE13424,10172,2017-02-28,1,0,0,0,0,False
USE13425,10172,2017-03-01,7,4,0,0,6,True
USE13426,10172,2017-03-02,0,5,0,0,0,False
USE13427,10172,2017-03-03,0,2,0,0,3,True
USE13428,10172,2017-03-04,0,0,0,0,0,False
USE13429,10172,2017-03-05,3,0,0,0,0,False
USE13430,10172,2017-03-06,6,2,0,0,6,True
USE13431,10172,2017-03-07,3,2,5,0,0,True
USE13432,10172,2017-03-08,0,1,2,0,0,True
USE13433,10172,2017-03-09,5,5,3,4,0,True
USE13434,10172,2017-03-10,4,0,3,0,0,True
USE13435,10172,2017-03-11,0,0,2,0,0,False
USE13436,10172,2017-03-12,0,0,0,0,0,False
USE13437,10172,2017-03-13,0,0,0,6,0,False
USE13438,10172,2017-03-14,0,2,0,3,0,True
USE13439,10172,2017-03-15,6,5,1,4,0,True
USE13440,10172,2017-03-16,6,0,4,0,6,True
USE13441,10172,2017-03-17,6,6,2,0,13,True
USE13442,10172,2017-03-18,4,0,0,2,3,True
USE13443,10172,2017-03-19,0,0,0,0,0,False
USE13444,10172,2017-03-20,0,0,7,0,10,True
USE13445,10172,2017-03-21,0,3,3,0,11,True
USE13446,10172,2017-03-22,7,5,6,4,15,True
USE13447,10172,2017-03-23,0,4,8,0,0,True
USE13448,10172,2017-03-24,4,4,9,0,0,True
USE13449,10172,2017-03-25,3,0,0,0,0,False
USE13450,10172,2017-03-26,0,0,0,0,0,False
USE13451,10172,2017-03-27,0,0,0,0,9,False
USE13452,10172,2017-03-28,6,5,4,0,0,True
USE13453,10172,2017-03-29,10,3,3,0,0,True
USE13454,10172,2017-03-30,7,1,2,0,0,True
USE13455,10172,2017-03-31,9,6,8,0,0,True
USE13456,10127,2015-03-30,0,0,0,0,0,False
USE13457,10127,2015-03-31,0,0,0,0,0,False
USE13458,10127,2015-04-01,0,0,0,0,0,False
USE13459,10127,2015-04-02,0,0,0,0,0,False
USE13460,10127,2015-04-03,0,0,0,0,0,False
USE13461,10127,2015-04-04,0,0,0,0,0,False
USE13462,10127,2015-04-05,0,0,0,0,0,False
USE13463,10127,2015-04-06,0,0,0,0,0,False
USE13464,10127,2015-04-07,0,1,2,4,3,True
USE13465,10127,2015-04-08,0,0,0,0,4,False
USE13466,10127,2015-04-09,0,0,4,0,4,True
USE13467,10127,2015-04-10,3,0,0,6,5,True
USE13468,10127,2015-04-11,0,0,0,0,0,False
USE13469,10127,2015-04-12,0,0,0,0,0,False
USE13470,10127,2015-04-13,2,2,0,0,0,True
USE13471,10127,2015-04-14,2,3,0,0,0,True
USE13472,10127,2015-04-15,4,0,6,0,0,True
USE13473,10127,2015-04-16,7,1,3,0,0,True
USE13474,10127,2015-04-17,0,0,5,6,0,True
USE13475,10127,2015-04-18,0,0,0,0,0,False
USE13476,10127,2015-04-19,0,0,1,0,0,False
USE13477,10127,2015-04-20,5,6,4,0,0,True
USE13478,10127,2015-04-21,4,0,1,0,0,True
USE13479,10127,2015-04-22,0,0,3,0,0,False
USE13480,10127,2015-04-23,3,2,4,0,0,True
USE13481,10127,2015-04-24,5,0,2,0,0,True
USE13482,10127,2015-04-25,0,0,0,0,0,False
USE13483,10127,2015-04-26,0,0,0,0,0,False
USE13484,10127,2015-04-27,0,1,0,0,0,False
USE13485,10127,2015-04-28,7,5,0,5,0,True
USE13486,10127,2015-04-29,0,1,6,6,0,True
USE13487,10127,2015-04-30,17,3,4,0,0,True
USE13488,10127,2015-05-01,6,1,0,0,9,True
USE13489,10127,2015-05-02,0,0,2,0,0,False
USE13490,10127,2015-05-03,0,0,0,0,0,False
USE13491,10127,2015-05-04,3,2,7,0,0,True
USE13492,10127,2015-05-05,0,0,4,4,0,True
USE13493,10127,2015-05-06,8,2,12,0,0,True
USE13494,10127,2015-05-07,6,3,5,0,7,True
USE13495,10127,2015-05-08,7,3,3,5,0,True
USE13496,10127,2015-05-09,0,0,0,0,0,False
USE13497,10127,2015-05-10,0,0,1,3,3,True
USE13498,10127,2015-05-11,7,5,4,0,0,True
USE13499,10127,2015-05-12,5,5,5,0,8,True
USE13500,10127,2015-05-13,5,6,3,0,0,True
USE13501,10072,2011-01-10,0,0,0,0,0,False
USE13502,10072,2011-01-11,0,0,0,1,0,False
USE13503,10072,2011-01-12,0,0,0,0,4,False
USE13504,10072,2011-01-13,0,1,0,0,0,False
USE13505,10072,2011-01-14,1,1,1,0,0,True
USE13506,10072,2011-01-15,0,0,1,0,0,False
USE13507,10072,2011-01-16,0,0,0,0,0,False
USE13508,10072,2011-01-17,2,0,0,0,0,False
USE13509,10072,2011-01-18,0,0,0,1,4,True
USE13510,10072,2011-01-19,3,0,0,3,0,True
USE13511,10072,2011-01-20,5,1,4,0,0,True
USE13512,10072,2011-01-21,0,1,0,0,0,False
USE13513,10072,2011-01-22,0,0,0,0,0,False
USE13514,10072,2011-01-23,0,0,0,0,0,False
USE13515,10072,2011-01-24,0,0,2,0,4,True
USE13516,10072,2011-01-25,3,0,0,0,8,True
USE13517,10072,2011-01-26,0,3,4,0,3,True
USE13518,10072,2011-01-27,0,2,6,0,0,True
USE13519,10072,2011-01-28,6,2,4,2,4,True
USE13520,10072,2011-01-29,0,0,0,0,0,False
USE13521,10072,2011-01-30,0,0,0,0,0,False
USE13522,10072,2011-01-31,3,0,7,8,0,True
USE13523,10072,2011-02-01,5,0,3,5,0,True
USE13524,10072,2011-02-02,4,0,6,4,0,True
USE13525,10072,2011-02-03,7,3,0,0,4,True
USE13526,10072,2011-02-04,9,6,0,4,11,True
USE13527,10072,2011-02-05,1,0,2,0,0,True
USE13528,10072,2011-02-06,0,0,3,0,3,True
USE13529,10072,2011-02-07,0,6,2,0,7,True
USE13530,10072,2011-02-08,10,0,10,0,0,True
USE13531,10072,2011-02-09,0,0,4,5,9,True
USE13532,10072,2011-02-10,8,10,3,0,0,True
USE13533,10072,2011-02-11,10,0,6,0,13,True
USE13534,10072,2011-02-12,5,0,0,0,1,True
USE13535,10072,2011-02-13,5,0,0,2,0,True
USE13536,10072,2011-02-14,8,6,9,0,0,True
USE13537,10072,2011-02-15,14,4,7,0,8,True
USE13538,10072,2011-02-16,6,7,0,0,5,True
USE13539,10072,2011-02-17,5,8,3,3,0,True
USE13540,10072,2011-02-18,6,5,0,4,0,True
USE13541,10072,2011-02-19,0,0,3,0,0,False
USE13542,10072,2011-02-20,0,0,0,0,0,False
USE13543,10072,2011-02-21,0,2,8,0,0,True
USE13544,10072,2011-02-22,7,9,7,0,6,True
USE13545,10072,2011-02-23,3,6,5,0,0,True
USE13546,10048,2011-05-16,0,1,0,0,0,False
USE13547,10048,2011-05-17,0,0,0,0,0,False
USE13548,10048,2011-05-18,0,0,0,0,0,False
USE13549,10048,2011-05-19,0,0,0,0,0,False
USE13550,10048,2011-05-20,0,0,0,0,0,False
USE13551,10048,2011-05-21,0,0,0,0,0,False
USE13552,10048,2011-05-22,0,0,0,0,0,False
USE13553,10048,2011-05-23,0,2,0,0,0,False
USE13554,10048,2011-05-24,7,0,0,0,0,False
USE13555,10048,2011-05-25,0,0,2,0,2,True
USE13556,10048,2011-05-26,0,0,0,0,0,False
USE13557,10048,2011-05-27,0,5,0,0,0,False
USE13558,10048,2011-05-28,0,0,0,0,0,False
USE13559,10048,2011-05-29,0,0,2,0,0,False
USE13560,10048,2011-05-30,1,0,3,0,0,True
USE13561,10048,2011-05-31,5,4,4,0,0,True
USE13562,10048,2011-06-01,5,0,3,0,0,True
USE13563,10048,2011-06-02,0,0,0,0,0,False
USE13564,10048,2011-06-03,10,0,2,0,6,True
USE13565,10048,2011-06-04,2,0,2,0,0,True
USE13566,10048,2011-06-05,0,0,0,0,0,False
USE13567,10048,2011-06-06,9,4,7,0,12,True
USE13568,10048,2011-06-07,0,3,6,0,0,True
USE13569,10048,2011-06-08,0,2,0,0,0,False
USE13570,10048,2011-06-09,7,3,3,6,0,True
USE13571,10048,2011-06-10,6,2,0,0,6,True
USE13572,10048,2011-06-11,0,0,0,0,5,False
USE13573,10048,2011-06-12,0,0,0,0,0,False
USE13574,10048,2011-06-13,7,3,0,0,5,True
USE13575,10048,2011-06-14,0,0,0,0,0,False
USE13576,10048,2011-06-15,7,5,3,0,10,True
USE13577,10048,2011-06-16,7,0,2,5,0,True
USE13578,10048,2011-06-17,7,3,0,0,11,True
USE13579,10048,2011-06-18,0,0,0,0,0,False
USE13580,10048,2011-06-19,0,3,0,0,0,False
USE13581,10048,2011-06-20,7,4,3,0,5,True
USE13582,10048,2011-06-21,17,0,4,0,6,True
USE13583,10048,2011-06-22,0,6,7,0,9,True
USE13584,10048,2011-06-23,4,4,0,0,0,True
USE13585,10048,2011-06-24,5,1,0,0,4,True
USE13586,10048,2011-06-25,0,0,0,0,0,False
USE13587,10048,2011-06-26,2,1,3,0,0,True
USE13588,10048,2011-06-27,9,11,6,7,10,True
USE13589,10048,2011-06-28,0,8,6,0,9,True
USE13590,10048,2011-06-29,11,2,3,0,0,True
USE13591,10204,2011-01-10,0,0,0,0,0,False
USE13592,10204,2011-01-11,0,0,0,0,0,False
USE13593,10204,2011-01-12,0,0,1,0,0,False
USE13594,10204,2011-01-13,1,0,1,0,4,True
USE13595,10204,2011-01-14,0,0,0,0,0,False
USE13596,10204,2011-01-15,0,0,0,0,0,False
USE13597,10204,2011-01-16,0,0,2,0,0,False
USE13598,10204,2011-01-17,0,0,2,0,0,False
USE13599,10204,2011-01-18,0,3,0,0,0,False
USE13600,10204,2011-01-19,3,0,0,7,0,True
USE13601,10204,2011-01-20,3,1,0,0,2,True
USE13602,10204,2011-01-21,1,0,3,0,0,True
USE13603,10204,2011-01-22,2,0,0,0,0,False
USE13604,10204,2011-01-23,0,0,0,0,0,False
USE13605,10204,2011-01-24,0,0,0,2,0,False
USE13606,10204,2011-01-25,5,3,2,0,4,True
USE13607,10204,2011-01-26,0,0,2,0,0,False
USE13608,10204,2011-01-27,9,0,3,0,0,True
USE13609,10204,2011-01-28,3,0,0,2,6,True
USE13610,10204,2011-01-29,0,0,0,0,0,False
USE13611,10204,2011-01-30,0,0,0,0,0,False
USE13612,10204,2011-01-31,0,2,1,0,0,True
USE13613,10204,2011-02-01,6,0,0,0,6,True
USE13614,10204,2011-02-02,6,5,5,0,9,True
USE13615,10204,2011-02-03,4,3,5,0,1,True
USE13616,10204,2011-02-04,0,0,0,8,0,False
USE13617,10204,2011-02-05,0,0,0,0,0,False
USE13618,10204,2011-02-06,0,1,0,0,0,False
USE13619,10204,2011-02-07,10,0,5,7,10,True
USE13620,10204,2011-02-08,4,1,1,3,8,True
USE13621,10204,2011-02-09,12,5,4,0,4,True
USE13622,10204,2011-02-10,10,2,4,4,0,True
USE13623,10204,2011-02-11,8,0,4,2,7,True
USE13624,10204,2011-02-12,0,0,2,0,0,False
USE13625,10204,2011-02-13,0,2,0,0,0,False
USE13626,10204,2011-02-14,12,3,5,0,10,True
USE13627,10204,2011-02-15,6,7,5,0,0,True
USE13628,10204,2011-02-16,0,5,0,3,10,True
USE13629,10204,2011-02-17,0,7,0,0,4,True
USE13630,10204,2011-02-18,6,4,2,0,7,True
USE13631,10204,2011-02-19,0,2,1,0,0,True
USE13632,10204,2011-02-20,0,0,0,0,0,False
USE13633,10204,2011-02-21,5,3,0,0,4,True
USE13634,10204,2011-02-22,5,5,6,0,10,True
USE13635,10204,2011-02-23,0,3,2,0,10,True
USE13636,10264,2012-01-09,0,4,1,0,0,True
USE13637,10264,2012-01-10,0,0,0,0,1,False
USE13638,10264,2012-01-11,0,0,0,0,0,False
USE13639,10264,2012-01-12,2,0,0,0,0,False
USE13640,10264,2012-01-13,3,0,0,0,0,False
USE13641,10264,2012-01-14,0,0,0,0,0,False
USE13642,10264,2012-01-15,0,0,0,0,0,False
USE13643,10264,2012-01-16,4,0,0,0,0,False
USE13644,10264,2012-01-17,3,4,0,0,0,True
USE13645,10264,2012-01-18,0,0,0,0,0,False
USE13646,10264,2012-01-19,0,0,2,0,0,False
USE13647,10264,2012-01-20,0,0,5,0,0,False
USE13648,10264,2012-01-21,0,0,0,0,0,False
USE13649,10264,2012-01-22,3,0,0,0,0,False
USE13650,10264,2012-01-23,4,1,4,0,5,True
USE13651,10264,2012-01-24,1,2,4,0,0,True
USE13652,10264,2012-01-25,3,1,4,0,5,True
USE13653,10264,2012-01-26,3,2,0,0,0,True
USE13654,10264,2012-01-27,0,0,0,4,0,False
USE13655,10264,2012-01-28,0,0,0,0,0,False
USE13656,10264,2012-01-29,0,0,1,0,0,False
USE13657,10264,2012-01-30,5,3,4,0,7,True
USE13658,10264,2012-01-31,6,0,0,0,0,False
USE13659,10264,2012-02-01,0,0,6,0,8,True
USE13660,10264,2012-02-02,0,0,0,0,3,False
USE13661,10264,2012-02-03,5,0,0,2,8,True
USE13662,10264,2012-02-04,2,0,0,0,0,False
USE13663,10264,2012-02-05,1,0,0,0,0,False
USE13664,10264,2012-02-06,9,0,4,0,0,True
USE13665,10264,2012-02-07,6,0,6,0,0,True
USE13666,10264,2012-02-08,0,4,0,7,6,True
USE13667,10264,2012-02-09,4,6,6,0,8,True
USE13668,10264,2012-02-10,9,7,4,0,13,True
USE13669,10264,2012-02-11,0,1,3,0,0,True
USE13670,10264,2012-02-12,4,0,0,0,0,False
USE13671,10264,2012-02-13,0,2,8,2,0,True
USE13672,10264,2012-02-14,3,0,4,2,5,True
USE13673,10264,2012-02-15,0,0,5,0,0,False
USE13674,10264,2012-02-16,7,4,0,6,7,True
USE13675,10264,2012-02-17,6,0,6,0,6,True
USE13676,10264,2012-02-18,0,2,0,0,0,False
USE13677,10264,2012-02-19,0,0,1,0,0,False
USE13678,10264,2012-02-20,0,0,5,0,11,True
USE13679,10264,2012-02-21,0,0,2,4,7,True
USE13680,10264,2012-02-22,0,4,8,0,0,True
USE13681,10033,2013-01-07,0,0,4,0,0,False
USE13682,10033,2013-01-08,0,0,0,0,0,False
USE13683,10033,2013-01-09,3,0,0,0,0,False
USE13684,10033,2013-01-10,0,0,2,0,0,False
USE13685,10033,2013-01-11,5,0,0,0,3,True
USE13686,10033,2013-01-12,0,0,0,0,0,False
USE13687,10033,2013-01-13,0,0,0,0,0,False
USE13688,10033,2013-01-14,0,0,0,0,0,False
USE13689,10033,2013-01-15,0,2,0,0,5,True
USE13690,10033,2013-01-16,1,0,2,0,0,True
USE13691,10033,2013-01-17,0,0,0,1,0,False
USE13692,10033,2013-01-18,3,0,3,0,7,True
USE13693,10033,2013-01-19,0,0,0,0,0,False
USE13694,10033,2013-01-20,0,0,3,0,0,False
USE13695,10033,2013-01-21,3,0,2,0,0,True
USE13696,10033,2013-01-22,0,0,3,0,0,False
USE13697,10033,2013-01-23,6,0,2,0,6,True
USE13698,10033,2013-01-24,4,0,4,3,0,True
USE13699,10033,2013-01-25,11,0,0,0,3,True
USE13700,10033,2013-01-26,0,0,0,0,0,False
USE13701,10033,2013-01-27,0,0,0,0,0,False
USE13702,10033,2013-01-28,10,2,5,0,0,True
USE13703,10033,2013-01-29,5,1,5,4,6,True
USE13704,10033,2013-01-30,4,0,7,0,0,True
USE13705,10033,2013-01-31,0,2,0,10,0,True
USE13706,10033,2013-02-01,0,0,7,0,0,False
USE13707,10033,2013-02-02,0,0,3,0,0,False
USE13708,10033,2013-02-03,0,1,0,0,0,False
USE13709,10033,2013-02-04,7,2,3,0,0,True
USE13710,10033,2013-02-05,9,5,1,0,8,True
USE13711,10033,2013-02-06,10,0,0,0,7,True
USE13712,10033,2013-02-07,8,0,0,0,10,True
USE13713,10033,2013-02-08,0,4,7,8,10,True
USE13714,10033,2013-02-09,0,0,0,0,0,False
USE13715,10033,2013-02-10,0,0,0,4,0,False
USE13716,10033,2013-02-11,8,5,4,0,0,True
USE13717,10033,2013-02-12,9,0,4,0,3,True
USE13718,10033,2013-02-13,10,7,5,0,8,True
USE13719,10033,2013-02-14,4,5,4,0,17,True
USE13720,10033,2013-02-15,0,6,6,0,7,True
USE13721,10033,2013-02-16,0,0,0,0,6,False
USE13722,10033,2013-02-17,0,0,0,0,0,False
USE13723,10033,2013-02-18,8,4,0,0,5,True
USE13724,10033,2013-02-19,9,3,5,0,0,True
USE13725,10033,2013-02-20,6,3,0,6,7,True
USE13726,10174,2014-09-29,0,0,2,0,0,False
USE13727,10174,2014-09-30,0,0,0,0,0,False
USE13728,10174,2014-10-01,0,0,3,0,0,False
USE13729,10174,2014-10-02,0,0,1,0,0,False
USE13730,10174,2014-10-03,0,0,0,0,4,False
USE13731,10174,2014-10-04,1,0,0,0,0,False
USE13732,10174,2014-10-05,0,0,0,0,0,False
USE13733,10174,2014-10-06,3,0,0,0,0,False
USE13734,10174,2014-10-07,0,3,0,0,0,False
USE13735,10174,2014-10-08,0,0,2,0,0,False
USE13736,10174,2014-10-09,7,0,0,0,0,False
USE13737,10174,2014-10-10,3,0,4,0,0,True
USE13738,10174,2014-10-11,0,0,0,0,0,False
USE13739,10174,2014-10-12,1,0,0,0,0,False
USE13740,10174,2014-10-13,0,4,0,0,0,False
USE13741,10174,2014-10-14,0,3,2,2,5,True
USE13742,10174,2014-10-15,4,0,0,0,0,False
USE13743,10174,2014-10-16,6,0,9,0,0,True
USE13744,10174,2014-10-17,0,5,4,0,0,True
USE13745,10174,2014-10-18,0,0,0,0,0,False
USE13746,10174,2014-10-19,0,0,1,0,0,False
USE13747,10174,2014-10-20,3,3,0,0,2,True
USE13748,10174,2014-10-21,6,3,7,5,0,True
USE13749,10174,2014-10-22,4,4,6,2,0,True
USE13750,10174,2014-10-23,3,4,2,0,13,True
USE13751,10174,2014-10-24,4,3,4,0,0,True
USE13752,10174,2014-10-25,0,0,0,0,0,False
USE13753,10174,2014-10-26,0,0,1,0,0,False
USE13754,10174,2014-10-27,3,3,2,0,0,True
USE13755,10174,2014-10-28,0,0,5,0,7,True
USE13756,10174,2014-10-29,0,4,2,0,8,True
USE13757,10174,2014-10-30,0,6,0,6,0,True
USE13758,10174,2014-10-31,8,6,6,0,11,True
USE13759,10174,2014-11-01,0,0,5,0,0,False
USE13760,10174,2014-11-02,0,1,0,0,0,False
USE13761,10174,2014-11-03,0,3,7,0,0,True
USE13762,10174,2014-11-04,3,8,6,0,8,True
USE13763,10174,2014-11-05,13,0,3,2,0,True
USE13764,10174,2014-11-06,4,5,3,0,0,True
USE13765,10174,2014-11-07,7,8,5,0,0,True
USE13766,10174,2014-11-08,0,0,0,0,0,False
USE13767,10174,2014-11-09,0,0,0,0,0,False
USE13768,10174,2014-11-10,3,2,5,5,0,True
USE13769,10174,2014-11-11,6,3,4,4,0,True
USE13770,10174,2014-11-12,10,4,6,0,0,True
USE13771,10135,2014-07-07,0,0,0,0,0,False
USE13772,10135,2014-07-08,0,0,0,0,0,False
USE13773,10135,2014-07-09,0,3,1,0,0,True
USE13774,10135,2014-07-10,0,0,0,0,0,False
USE13775,10135,2014-07-11,0,2,0,0,0,False
USE13776,10135,2014-07-12,0,0,0,0,1,False
USE13777,10135,2014-07-13,0,0,0,0,0,False
USE13778,10135,2014-07-14,0,0,0,0,3,False
USE13779,10135,2014-07-15,1,1,0,0,0,True
USE13780,10135,2014-07-16,0,0,4,0,6,True
USE13781,10135,2014-07-17,0,0,3,0,4,True
USE13782,10135,2014-07-18,0,0,3,0,0,False
USE13783,10135,2014-07-19,0,0,0,0,0,False
USE13784,10135,2014-07-20,0,0,0,0,0,False
USE13785,10135,2014-07-21,0,0,0,0,2,False
USE13786,10135,2014-07-22,0,0,0,0,5,False
USE13787,10135,2014-07-23,4,0,0,0,6,True
USE13788,10135,2014-07-24,5,4,5,0,5,True
USE13789,10135,2014-07-25,2,1,3,0,0,True
USE13790,10135,2014-07-26,0,0,0,0,0,False
USE13791,10135,2014-07-27,0,0,0,0,0,False
USE13792,10135,2014-07-28,0,2,4,4,0,True
USE13793,10135,2014-07-29,8,0,0,5,0,True
USE13794,10135,2014-07-30,0,0,0,0,6,False
USE13795,10135,2014-07-31,10,6,3,0,0,True
USE13796,10135,2014-08-01,6,1,0,0,10,True
USE13797,10135,2014-08-02,0,1,1,0,0,True
USE13798,10135,2014-08-03,0,0,2,0,1,True
USE13799,10135,2014-08-04,8,2,6,0,11,True
USE13800,10135,2014-08-05,5,5,6,0,9,True
USE13801,10135,2014-08-06,4,5,0,6,0,True
USE13802,10135,2014-08-07,0,4,7,7,10,True
USE13803,10135,2014-08-08,10,4,4,0,8,True
USE13804,10135,2014-08-09,0,0,0,0,0,False
USE13805,10135,2014-08-10,0,0,0,0,3,False
USE13806,10135,2014-08-11,0,3,9,10,8,True
USE13807,10135,2014-08-12,6,1,6,0,10,True
USE13808,10135,2014-08-13,13,4,7,0,8,True
USE13809,10135,2014-08-14,9,0,5,6,8,True
USE13810,10135,2014-08-15,13,0,5,0,4,True
USE13811,10135,2014-08-16,0,0,0,0,0,False
USE13812,10135,2014-08-17,0,0,0,0,0,False
USE13813,10135,2014-08-18,5,3,7,7,11,True
USE13814,10135,2014-08-19,7,10,9,0,5,True
USE13815,10135,2014-08-20,0,2,5,0,4,True
USE13816,10301,2008-09-02,0,0,0,0,0,False
USE13817,10301,2008-09-03,0,0,0,0,0,False
USE13818,10301,2008-09-04,0,0,2,0,0,False
USE13819,10301,2008-09-05,2,0,0,0,0,False
USE13820,10301,2008-09-06,0,0,0,0,0,False
USE13821,10301,2008-09-07,0,0,0,0,0,False
USE13822,10301,2008-09-08,3,0,0,0,4,True
USE13823,10301,2008-09-09,0,0,0,0,0,False
USE13824,10301,2008-09-10,0,0,1,2,0,True
USE13825,10301,2008-09-11,3,1,2,0,0,True
USE13826,10301,2008-09-12,1,2,0,0,0,True
USE13827,10301,2008-09-13,0,1,0,0,0,False
USE13828,10301,2008-09-14,0,0,0,0,0,False
USE13829,10301,2008-09-15,6,0,5,0,0,True
USE13830,10301,2008-09-16,0,6,0,0,0,False
USE13831,10301,2008-09-17,3,0,0,0,4,True
USE13832,10301,2008-09-18,0,0,0,3,5,True
USE13833,10301,2008-09-19,0,3,3,0,0,True
USE13834,10301,2008-09-20,0,0,3,0,0,False
USE13835,10301,2008-09-21,0,0,0,0,0,False
USE13836,10301,2008-09-22,4,0,0,0,4,True
USE13837,10301,2008-09-23,5,3,3,6,10,True
USE13838,10301,2008-09-24,0,3,0,0,3,True
USE13839,10301,2008-09-25,0,0,5,2,8,True
USE13840,10301,2008-09-26,3,2,1,0,7,True
USE13841,10301,2008-09-27,1,2,0,0,0,True
USE13842,10301,2008-09-28,0,0,0,1,0,False
USE13843,10301,2008-09-29,7,3,7,0,0,True
USE13844,10301,2008-09-30,5,4,9,0,0,True
USE13845,10301,2008-10-01,5,1,2,0,0,True
USE13846,10301,2008-10-02,6,4,5,0,0,True
USE13847,10301,2008-10-03,9,0,7,10,0,True
USE13848,10301,2008-10-04,1,2,0,0,0,True
USE13849,10301,2008-10-05,2,0,3,0,0,True
USE13850,10301,2008-10-06,12,2,11,3,0,True
USE13851,10301,2008-10-07,3,2,3,0,8,True
USE13852,10301,2008-10-08,10,0,4,0,0,True
USE13853,10301,2008-10-09,7,5,7,0,9,True
USE13854,10301,2008-10-10,10,8,5,0,0,True
USE13855,10301,2008-10-11,0,0,0,0,0,False
USE13856,10301,2008-10-12,0,0,0,0,0,False
USE13857,10301,2008-10-13,10,2,3,0,0,True
USE13858,10301,2008-10-14,0,0,4,2,0,True
USE13859,10301,2008-10-15,0,4,0,0,0,False
USE13860,10301,2008-10-16,2,1,0,0,12,True
USE13861,10010,2010-04-10,0,0,0,0,0,False
USE13862,10010,2010-04-11,0,0,0,0,0,False
USE13863,10010,2010-04-12,0,1,0,0,0,False
USE13864,10010,2010-04-13,0,0,0,0,0,False
USE13865,10010,2010-04-14,0,0,2,0,0,False
USE13866,10010,2010-04-15,0,3,0,0,0,False
USE13867,10010,2010-04-16,0,0,0,0,0,False
USE13868,10010,2010-04-17,1,0,0,0,0,False
USE13869,10010,2010-04-18,0,0,0,0,2,False
USE13870,10010,2010-04-19,0,2,0,0,4,True
USE13871,10010,2010-04-20,1,3,0,0,0,True
USE13872,10010,2010-04-21,3,1,0,0,0,True
USE13873,10010,2010-04-22,0,0,0,0,0,False
USE13874,10010,2010-04-23,4,2,0,0,2,True
USE13875,10010,2010-04-24,0,1,0,0,0,False
USE13876,10010,2010-04-25,0,0,0,0,0,False
USE13877,10010,2010-04-26,4,1,0,0,0,True
USE13878,10010,2010-04-27,0,3,7,5,0,True
USE13879,10010,2010-04-28,3,2,2,0,0,True
USE13880,10010,2010-04-29,8,0,0,0,0,False
USE13881,10010,2010-04-30,6,4,6,5,0,True
USE13882,10010,2010-05-01,0,0,0,0,0,False
USE13883,10010,2010-05-02,1,2,2,0,0,True
USE13884,10010,2010-05-03,0,0,0,0,0,False
USE13885,10010,2010-05-04,0,4,0,0,0,False
USE13886,10010,2010-05-05,0,4,4,2,8,True
USE13887,10010,2010-05-06,7,4,0,0,7,True
USE13888,10010,2010-05-07,6,4,5,0,0,True
USE13889,10010,2010-05-08,0,0,1,0,0,False
USE13890,10010,2010-05-09,0,0,0,0,2,False
USE13891,10010,2010-05-10,4,0,8,0,0,True
USE13892,10010,2010-05-11,10,6,2,0,9,True
USE13893,10010,2010-05-12,7,6,4,0,0,True
USE13894,10010,2010-05-13,4,7,7,0,0,True
USE13895,10010,2010-05-14,8,0,4,3,0,True
USE13896,10010,2010-05-15,0,0,0,0,0,False
USE13897,10010,2010-05-16,0,0,0,0,0,False
USE13898,10010,2010-05-17,0,3,0,0,0,False
USE13899,10010,2010-05-18,3,4,0,0,0,True
USE13900,10010,2010-05-19,6,1,0,0,0,True
USE13901,10010,2010-05-20,7,3,8,0,9,True
USE13902,10010,2010-05-21,9,3,3,8,12,True
USE13903,10010,2010-05-22,0,0,0,0,0,False
USE13904,10010,2010-05-23,4,0,2,0,0,True
USE13905,10010,2010-05-24,3,8,3,0,8,True
USE13906,10043,2015-03-30,0,0,1,0,0,False
USE13907,10043,2015-03-31,0,0,0,0,0,False
USE13908,10043,2015-04-01,0,0,0,0,0,False
USE13909,10043,2015-04-02,0,0,1,0,0,False
USE13910,10043,2015-04-03,0,0,0,3,0,False
USE13911,10043,2015-04-04,0,0,0,0,0,False
USE13912,10043,2015-04-05,0,0,0,0,0,False
USE13913,10043,2015-04-06,0,0,0,1,0,False
USE13914,10043,2015-04-07,0,0,2,0,5,True
USE13915,10043,2015-04-08,3,1,0,0,0,True
USE13916,10043,2015-04-09,6,0,4,0,0,True
USE13917,10043,2015-04-10,0,0,5,0,4,True
USE13918,10043,2015-04-11,3,0,0,0,4,True
USE13919,10043,2015-04-12,0,0,0,0,0,False
USE13920,10043,2015-04-13,0,0,0,0,0,False
USE13921,10043,2015-04-14,0,5,0,0,0,False
USE13922,10043,2015-04-15,4,2,1,0,0,True
USE13923,10043,2015-04-16,3,4,1,0,0,True
USE13924,10043,2015-04-17,5,0,4,0,0,True
USE13925,10043,2015-04-18,2,1,4,0,0,True
USE13926,10043,2015-04-19,0,0,0,0,0,False
USE13927,10043,2015-04-20,7,0,2,0,0,True
USE13928,10043,2015-04-21,6,6,5,0,8,True
USE13929,10043,2015-04-22,7,0,5,0,0,True
USE13930,10043,2015-04-23,9,1,7,0,6,True
USE13931,10043,2015-04-24,0,3,9,6,0,True
USE13932,10043,2015-04-25,2,0,2,3,0,True
USE13933,10043,2015-04-26,0,0,0,0,0,False
USE13934,10043,2015-04-27,7,2,6,0,0,True
USE13935,10043,2015-04-28,5,3,3,6,0,True
USE13936,10043,2015-04-29,6,5,4,0,10,True
USE13937,10043,2015-04-30,5,6,4,0,6,True
USE13938,10043,2015-05-01,3,3,8,6,0,True
USE13939,10043,2015-05-02,0,1,0,0,0,False
USE13940,10043,2015-05-03,2,0,1,0,0,True
USE13941,10043,2015-05-04,4,8,0,0,0,True
USE13942,10043,2015-05-05,8,5,6,0,10,True
USE13943,10043,2015-05-06,10,2,5,5,14,True
USE13944,10043,2015-05-07,0,1,2,0,0,True
USE13945,10043,2015-05-08,10,5,6,0,0,True
USE13946,10043,2015-05-09,0,1,0,1,0,True
USE13947,10043,2015-05-10,0,0,0,0,3,False
USE13948,10043,2015-05-11,0,4,11,0,5,True
USE13949,10043,2015-05-12,8,4,4,0,9,True
USE13950,10043,2015-05-13,6,5,0,8,7,True
USE13951,10271,2014-09-29,0,0,1,0,2,True
USE13952,10271,2014-09-30,0,0,0,0,0,False
USE13953,10271,2014-10-01,0,3,0,0,0,False
USE13954,10271,2014-10-02,0,0,1,0,0,False
USE13955,10271,2014-10-03,0,0,0,0,0,False
USE13956,10271,2014-10-04,0,0,1,0,1,True
USE13957,10271,2014-10-05,0,0,0,0,0,False
USE13958,10271,2014-10-06,0,4,0,0,0,False
USE13959,10271,2014-10-07,0,0,1,0,4,True
USE13960,10271,2014-10-08,1,2,0,0,4,True
USE13961,10271,2014-10-09,0,0,0,0,3,False
USE13962,10271,2014-10-10,3,0,0,0,3,True
USE13963,10271,2014-10-11,0,2,0,0,5,True
USE13964,10271,2014-10-12,0,0,0,0,0,False
USE13965,10271,2014-10-13,4,0,0,0,0,False
USE13966,10271,2014-10-14,0,4,0,0,4,True
USE13967,10271,2014-10-15,0,1,7,2,0,True
USE13968,10271,2014-10-16,0,0,0,0,0,False
USE13969,10271,2014-10-17,9,4,0,0,0,True
USE13970,10271,2014-10-18,0,0,0,0,0,False
USE13971,10271,2014-10-19,0,0,0,0,0,False
USE13972,10271,2014-10-20,5,0,4,0,5,True
USE13973,10271,2014-10-21,2,3,0,3,9,True
USE13974,10271,2014-10-22,4,6,4,0,6,True
USE13975,10271,2014-10-23,0,3,3,0,6,True
USE13976,10271,2014-10-24,0,2,2,0,0,True
USE13977,10271,2014-10-25,0,0,0,0,0,False
USE13978,10271,2014-10-26,0,0,0,0,0,False
USE13979,10271,2014-10-27,0,5,0,0,0,False
USE13980,10271,2014-10-28,0,3,0,1,11,True
USE13981,10271,2014-10-29,8,2,7,0,0,True
USE13982,10271,2014-10-30,11,0,3,0,10,True
USE13983,10271,2014-10-31,0,2,6,0,0,True
USE13984,10271,2014-11-01,0,0,1,0,4,True
USE13985,10271,2014-11-02,0,0,0,0,0,False
USE13986,10271,2014-11-03,6,3,7,0,0,True
USE13987,10271,2014-11-04,9,3,4,0,11,True
USE13988,10271,2014-11-05,11,3,6,0,5,True
USE13989,10271,2014-11-06,5,3,5,0,3,True
USE13990,10271,2014-11-07,0,6,4,0,11,True
USE13991,10271,2014-11-08,0,0,2,0,0,False
USE13992,10271,2014-11-09,0,1,0,0,1,True
USE13993,10271,2014-11-10,3,3,0,0,6,True
USE13994,10271,2014-11-11,3,1,6,0,13,True
USE13995,10271,2014-11-12,3,5,9,7,0,True
