learning_record_id,employee_id,course_name,course_type,assigned_date,completed_date,assessment_score,completion_time_hours,course_status
LRN00001,10026,Information Security Awareness,Compliance,2011-07-06,,,,Assigned
LRN00002,10026,Data Privacy and Protection,Compliance,2011-07-07,2011-07-11,75.58,2.05,Completed
LRN00003,10026,Code of Conduct,Compliance,2011-07-05,,59.47,,In Progress
LRN00004,10026,Workplace Safety,Compliance,2011-07-06,2011-07-08,92.22,2.03,Completed
LRN00005,10026,Company Orientation,Orientation,2011-07-05,,,,In Progress
LRN00006,10026,HR Policies and Benefits,Orientation,2011-07-06,2011-07-08,78.33,2.35,Completed
LRN00007,10026,Communication and Collaboration Tools,Orientation,2011-07-07,2011-07-16,84.52,2.16,Completed
LRN00008,10026,Department Process Training,Role-specific,2011-07-10,,,,Overdue
LRN00009,10026,Role Fundamentals,Role-specific,2011-07-12,,,,Assigned
LRN00010,10026,Role Tools and Systems,Role-specific,2011-07-13,,73.32,,In Progress
LRN00011,10084,Information Security Awareness,Compliance,2015-03-31,2015-04-12,82.75,2.24,Completed
LRN00012,10084,Data Privacy and Protection,Compliance,2015-04-01,2015-04-13,90.93,2.45,Completed
LRN00013,10084,Code of Conduct,Compliance,2015-03-30,2015-04-06,79.4,1.7,Completed
LRN00014,10084,Workplace Safety,Compliance,2015-03-31,2015-04-07,90.35,1.73,Completed
LRN00015,10084,Company Orientation,Orientation,2015-03-30,,,,In Progress
LRN00016,10084,HR Policies and Benefits,Orientation,2015-03-31,2015-04-03,87.79,2.27,Completed
LRN00017,10084,Communication and Collaboration Tools,Orientation,2015-04-01,2015-04-12,88.31,2.82,Completed
LRN00018,10084,Department Process Training,Role-specific,2015-04-04,,,,In Progress
LRN00019,10084,Role Fundamentals,Role-specific,2015-04-06,2015-04-17,83.8,7.79,Completed
LRN00020,10084,Role Tools and Systems,Role-specific,2015-04-07,2015-04-19,93.75,2.99,Completed
LRN00021,10084,Professional Development,Optional,2015-04-14,,,,Assigned
LRN00022,10196,Information Security Awareness,Compliance,2011-07-06,2011-07-16,83.21,2.27,Completed
LRN00023,10196,Data Privacy and Protection,Compliance,2011-07-07,2011-07-12,84.47,1.49,Completed
LRN00024,10196,Code of Conduct,Compliance,2011-07-05,2011-07-14,89.98,1.54,Completed
LRN00025,10196,Workplace Safety,Compliance,2011-07-06,2011-07-07,82.58,2.06,Completed
LRN00026,10196,Company Orientation,Orientation,2011-07-05,2011-07-10,89.65,2.17,Completed
LRN00027,10196,HR Policies and Benefits,Orientation,2011-07-06,2011-07-11,82.95,1.52,Completed
LRN00028,10196,Communication and Collaboration Tools,Orientation,2011-07-07,2011-07-18,86.1,2.74,Completed
LRN00029,10196,Department Process Training,Role-specific,2011-07-10,,,,In Progress
LRN00030,10196,Role Fundamentals,Role-specific,2011-07-12,2011-07-16,82.61,5.9,Completed
LRN00031,10196,Role Tools and Systems,Role-specific,2011-07-13,2011-08-02,75.42,3.6,Completed
LRN00032,10088,Information Security Awareness,Compliance,2008-01-08,2008-01-10,96.39,2.32,Completed
LRN00033,10088,Data Privacy and Protection,Compliance,2008-01-09,2008-01-21,84.36,1.62,Completed
LRN00034,10088,Code of Conduct,Compliance,2008-01-07,,,,Assigned
LRN00035,10088,Workplace Safety,Compliance,2008-01-08,2008-01-15,72.18,2.17,Completed
LRN00036,10088,Company Orientation,Orientation,2008-01-07,2008-01-13,74.43,2.54,Completed
LRN00037,10088,HR Policies and Benefits,Orientation,2008-01-08,,,,In Progress
LRN00038,10088,Communication and Collaboration Tools,Orientation,2008-01-09,2008-01-12,98.81,2.38,Completed
LRN00039,10088,Department Process Training,Role-specific,2008-01-12,2008-01-26,87.76,5.09,Completed
LRN00040,10088,Role Fundamentals,Role-specific,2008-01-14,2008-01-23,88.85,7.76,Completed
LRN00041,10088,Role Tools and Systems,Role-specific,2008-01-15,2008-01-31,78.59,4.15,Completed
LRN00042,10069,Information Security Awareness,Compliance,2011-07-12,2011-07-15,74.23,1.99,Completed
LRN00043,10069,Data Privacy and Protection,Compliance,2011-07-13,,87.97,,In Progress
LRN00044,10069,Code of Conduct,Compliance,2011-07-11,2011-07-16,78.08,0.86,Completed
LRN00045,10069,Workplace Safety,Compliance,2011-07-12,2011-07-26,79.5,1.83,Completed
LRN00046,10069,Company Orientation,Orientation,2011-07-11,2011-07-14,94.53,2.58,Completed
LRN00047,10069,HR Policies and Benefits,Orientation,2011-07-12,2011-07-13,77.71,1.33,Completed
LRN00048,10069,Communication and Collaboration Tools,Orientation,2011-07-13,2011-07-15,88.25,3.38,Completed
LRN00049,10069,Department Process Training,Role-specific,2011-07-16,,63.01,,In Progress
LRN00050,10069,Role Fundamentals,Role-specific,2011-07-18,2011-07-24,78.28,5.13,Completed
LRN00051,10069,Role Tools and Systems,Role-specific,2011-07-19,2011-07-26,92.71,3.69,Completed
LRN00052,10069,Professional Development,Optional,2011-07-26,,,,Overdue
LRN00053,10002,Information Security Awareness,Compliance,2012-01-10,2012-01-20,80.76,2.72,Completed
LRN00054,10002,Data Privacy and Protection,Compliance,2012-01-11,2012-01-16,75.78,2.07,Completed
LRN00055,10002,Code of Conduct,Compliance,2012-01-09,,,,In Progress
LRN00056,10002,Workplace Safety,Compliance,2012-01-10,,,,Assigned
LRN00057,10002,Company Orientation,Orientation,2012-01-09,2012-01-14,96.45,2.61,Completed
LRN00058,10002,HR Policies and Benefits,Orientation,2012-01-10,2012-01-15,89.43,2.61,Completed
LRN00059,10002,Communication and Collaboration Tools,Orientation,2012-01-11,2012-01-17,76.2,1.82,Completed
LRN00060,10002,Department Process Training,Role-specific,2012-01-14,2012-01-16,84.56,3.69,Completed
LRN00061,10002,Role Fundamentals,Role-specific,2012-01-16,2012-02-03,77.14,4.93,Completed
LRN00062,10002,Role Tools and Systems,Role-specific,2012-01-17,,,,In Progress
LRN00063,10002,Professional Development,Optional,2012-01-24,,71.38,,In Progress
LRN00064,10194,Information Security Awareness,Compliance,2014-11-11,2014-11-23,85.61,2.08,Completed
LRN00065,10194,Data Privacy and Protection,Compliance,2014-11-12,2014-11-14,78.97,1.87,Completed
LRN00066,10194,Code of Conduct,Compliance,2014-11-10,2014-11-11,86.25,1.35,Completed
LRN00067,10194,Workplace Safety,Compliance,2014-11-11,2014-11-22,94.02,2.22,Completed
LRN00068,10194,Company Orientation,Orientation,2014-11-10,,,,Overdue
LRN00069,10194,HR Policies and Benefits,Orientation,2014-11-11,2014-11-23,84.21,2.1,Completed
LRN00070,10194,Communication and Collaboration Tools,Orientation,2014-11-12,2014-11-26,77.32,2.55,Completed
LRN00071,10194,Department Process Training,Role-specific,2014-11-15,2014-11-16,100.0,3.32,Completed
LRN00072,10194,Role Fundamentals,Role-specific,2014-11-17,,,,In Progress
LRN00073,10194,Role Tools and Systems,Role-specific,2014-11-18,,80.06,,In Progress
LRN00074,10194,Professional Development,Optional,2014-11-25,,,,Assigned
LRN00075,10062,Information Security Awareness,Compliance,2013-10-01,2013-10-13,77.5,2.24,Completed
LRN00076,10062,Data Privacy and Protection,Compliance,2013-10-02,2013-10-16,85.25,1.3,Completed
LRN00077,10062,Code of Conduct,Compliance,2013-09-30,2013-10-05,100.0,1.11,Completed
LRN00078,10062,Workplace Safety,Compliance,2013-10-01,,,,In Progress
LRN00079,10062,Company Orientation,Orientation,2013-09-30,2013-10-09,83.05,2.67,Completed
LRN00080,10062,HR Policies and Benefits,Orientation,2013-10-01,,,,In Progress
LRN00081,10062,Communication and Collaboration Tools,Orientation,2013-10-02,2013-10-03,92.22,2.72,Completed
LRN00082,10062,Department Process Training,Role-specific,2013-10-05,2013-10-16,75.0,3.81,Completed
LRN00083,10062,Role Fundamentals,Role-specific,2013-10-07,2013-10-11,87.86,5.33,Completed
LRN00084,10062,Role Tools and Systems,Role-specific,2013-10-08,2013-10-19,87.24,4.82,Completed
LRN00085,10114,Information Security Awareness,Compliance,2009-07-07,,,,Assigned
LRN00086,10114,Data Privacy and Protection,Compliance,2009-07-08,2009-07-19,85.22,2.84,Completed
LRN00087,10114,Code of Conduct,Compliance,2009-07-06,2009-07-16,79.9,1.17,Completed
LRN00088,10114,Workplace Safety,Compliance,2009-07-07,,72.8,,In Progress
LRN00089,10114,Company Orientation,Orientation,2009-07-06,2009-07-11,93.42,2.73,Completed
LRN00090,10114,HR Policies and Benefits,Orientation,2009-07-07,,,,Overdue
LRN00091,10114,Communication and Collaboration Tools,Orientation,2009-07-08,,,,In Progress
LRN00092,10114,Department Process Training,Role-specific,2009-07-11,2009-07-23,85.17,3.8,Completed
LRN00093,10114,Role Fundamentals,Role-specific,2009-07-13,2009-07-30,97.77,2.92,Completed
LRN00094,10114,Role Tools and Systems,Role-specific,2009-07-14,2009-07-28,88.37,4.17,Completed
LRN00095,10250,Information Security Awareness,Compliance,2015-01-06,2015-01-14,73.73,2.93,Completed
LRN00096,10250,Data Privacy and Protection,Compliance,2015-01-07,2015-01-14,77.58,1.87,Completed
LRN00097,10250,Code of Conduct,Compliance,2015-01-05,,,,Overdue
LRN00098,10250,Workplace Safety,Compliance,2015-01-06,,,,Assigned
LRN00099,10250,Company Orientation,Orientation,2015-01-05,2015-01-09,95.42,2.72,Completed
LRN00100,10250,HR Policies and Benefits,Orientation,2015-01-06,,,,Assigned
LRN00101,10250,Communication and Collaboration Tools,Orientation,2015-01-07,2015-01-11,83.63,2.53,Completed
LRN00102,10250,Department Process Training,Role-specific,2015-01-10,2015-01-25,93.92,3.06,Completed
LRN00103,10250,Role Fundamentals,Role-specific,2015-01-12,,,,In Progress
LRN00104,10250,Role Tools and Systems,Role-specific,2015-01-13,2015-02-02,92.01,6.14,Completed
LRN00105,10252,Information Security Awareness,Compliance,2011-01-11,2011-01-19,76.62,2.24,Completed
LRN00106,10252,Data Privacy and Protection,Compliance,2011-01-12,2011-01-19,80.41,1.59,Completed
LRN00107,10252,Code of Conduct,Compliance,2011-01-10,2011-01-18,76.27,1.3,Completed
LRN00108,10252,Workplace Safety,Compliance,2011-01-11,2011-01-14,95.24,2.24,Completed
LRN00109,10252,Company Orientation,Orientation,2011-01-10,2011-01-12,88.43,2.54,Completed
LRN00110,10252,HR Policies and Benefits,Orientation,2011-01-11,,,,In Progress
LRN00111,10252,Communication and Collaboration Tools,Orientation,2011-01-12,2011-01-15,90.73,1.71,Completed
LRN00112,10252,Department Process Training,Role-specific,2011-01-15,2011-02-01,88.95,4.68,Completed
LRN00113,10252,Role Fundamentals,Role-specific,2011-01-17,,,,In Progress
LRN00114,10252,Role Tools and Systems,Role-specific,2011-01-18,2011-02-02,87.88,4.74,Completed
LRN00115,10252,Professional Development,Optional,2011-01-25,2011-02-15,84.82,4.85,Completed
LRN00116,10242,Information Security Awareness,Compliance,2012-04-03,2012-04-12,97.85,2.13,Completed
LRN00117,10242,Data Privacy and Protection,Compliance,2012-04-04,,,,Overdue
LRN00118,10242,Code of Conduct,Compliance,2012-04-02,,,,In Progress
LRN00119,10242,Workplace Safety,Compliance,2012-04-03,2012-04-09,96.63,2.34,Completed
LRN00120,10242,Company Orientation,Orientation,2012-04-02,,,,Overdue
LRN00121,10242,HR Policies and Benefits,Orientation,2012-04-03,2012-04-07,84.36,1.2,Completed
LRN00122,10242,Communication and Collaboration Tools,Orientation,2012-04-04,2012-04-17,82.34,2.55,Completed
LRN00123,10242,Department Process Training,Role-specific,2012-04-07,2012-04-21,75.99,2.72,Completed
LRN00124,10242,Role Fundamentals,Role-specific,2012-04-09,2012-04-27,89.52,6.63,Completed
LRN00125,10242,Role Tools and Systems,Role-specific,2012-04-10,,44.9,,In Progress
LRN00126,10242,Professional Development,Optional,2012-04-17,,,,Assigned
LRN00127,10012,Information Security Awareness,Compliance,2014-11-11,2014-11-19,80.7,2.57,Completed
LRN00128,10012,Data Privacy and Protection,Compliance,2014-11-12,2014-11-27,87.83,2.21,Completed
LRN00129,10012,Code of Conduct,Compliance,2014-11-10,2014-11-15,87.57,1.75,Completed
LRN00130,10012,Workplace Safety,Compliance,2014-11-11,,,,Assigned
LRN00131,10012,Company Orientation,Orientation,2014-11-10,2014-11-12,83.87,2.44,Completed
LRN00132,10012,HR Policies and Benefits,Orientation,2014-11-11,2014-11-21,75.63,1.41,Completed
LRN00133,10012,Communication and Collaboration Tools,Orientation,2014-11-12,,,,Assigned
LRN00134,10012,Department Process Training,Role-specific,2014-11-15,2014-11-26,92.0,3.77,Completed
LRN00135,10012,Role Fundamentals,Role-specific,2014-11-17,,,,In Progress
LRN00136,10012,Role Tools and Systems,Role-specific,2014-11-18,,,,Assigned
LRN00137,10012,Professional Development,Optional,2014-11-25,2014-12-06,96.83,5.09,Completed
LRN00138,10265,Information Security Awareness,Compliance,2012-02-21,,64.42,,In Progress
LRN00139,10265,Data Privacy and Protection,Compliance,2012-02-22,2012-02-26,99.77,1.45,Completed
LRN00140,10265,Code of Conduct,Compliance,2012-02-20,2012-02-21,89.8,1.46,Completed
LRN00141,10265,Workplace Safety,Compliance,2012-02-21,2012-03-01,93.43,1.76,Completed
LRN00142,10265,Company Orientation,Orientation,2012-02-20,2012-02-24,80.77,2.71,Completed
LRN00143,10265,HR Policies and Benefits,Orientation,2012-02-21,2012-03-04,88.63,2.14,Completed
LRN00144,10265,Communication and Collaboration Tools,Orientation,2012-02-22,,,,Overdue
LRN00145,10265,Department Process Training,Role-specific,2012-02-25,2012-03-04,94.54,3.73,Completed
LRN00146,10265,Role Fundamentals,Role-specific,2012-02-27,,,,Overdue
LRN00147,10265,Role Tools and Systems,Role-specific,2012-02-28,2012-03-11,84.95,4.81,Completed
LRN00148,10066,Information Security Awareness,Compliance,2012-09-25,2012-10-07,79.33,1.71,Completed
LRN00149,10066,Data Privacy and Protection,Compliance,2012-09-26,2012-10-03,77.06,1.82,Completed
LRN00150,10066,Code of Conduct,Compliance,2012-09-24,2012-09-29,94.85,1.21,Completed
LRN00151,10066,Workplace Safety,Compliance,2012-09-25,2012-10-02,82.74,1.89,Completed
LRN00152,10066,Company Orientation,Orientation,2012-09-24,2012-10-01,83.29,3.03,Completed
LRN00153,10066,HR Policies and Benefits,Orientation,2012-09-25,2012-09-29,86.05,3.04,Completed
LRN00154,10066,Communication and Collaboration Tools,Orientation,2012-09-26,2012-10-09,86.73,2.79,Completed
LRN00155,10066,Department Process Training,Role-specific,2012-09-29,2012-10-13,84.64,3.38,Completed
LRN00156,10066,Role Fundamentals,Role-specific,2012-10-01,2012-10-12,91.32,7.3,Completed
LRN00157,10066,Role Tools and Systems,Role-specific,2012-10-02,2012-10-19,83.71,4.91,Completed
LRN00158,10061,Information Security Awareness,Compliance,2011-02-22,,48.09,,In Progress
LRN00159,10061,Data Privacy and Protection,Compliance,2011-02-23,,,,Assigned
LRN00160,10061,Code of Conduct,Compliance,2011-02-21,2011-03-01,80.24,1.05,Completed
LRN00161,10061,Workplace Safety,Compliance,2011-02-22,2011-02-25,81.65,2.97,Completed
LRN00162,10061,Company Orientation,Orientation,2011-02-21,,,,In Progress
LRN00163,10061,HR Policies and Benefits,Orientation,2011-02-22,,,,In Progress
LRN00164,10061,Communication and Collaboration Tools,Orientation,2011-02-23,2011-03-09,85.31,2.9,Completed
LRN00165,10061,Department Process Training,Role-specific,2011-02-26,2011-03-10,91.35,3.45,Completed
LRN00166,10061,Role Fundamentals,Role-specific,2011-02-28,,,,Assigned
LRN00167,10061,Role Tools and Systems,Role-specific,2011-03-01,,,,Overdue
LRN00168,10061,Professional Development,Optional,2011-03-08,,,,In Progress
LRN00169,10023,Information Security Awareness,Compliance,2016-07-22,2016-08-02,97.64,2.57,Completed
LRN00170,10023,Data Privacy and Protection,Compliance,2016-07-23,2016-07-29,98.52,1.86,Completed
LRN00171,10023,Code of Conduct,Compliance,2016-07-21,2016-07-24,89.62,1.03,Completed
LRN00172,10023,Workplace Safety,Compliance,2016-07-22,2016-08-04,81.69,2.46,Completed
LRN00173,10023,Company Orientation,Orientation,2016-07-21,2016-07-22,72.51,2.09,Completed
LRN00174,10023,HR Policies and Benefits,Orientation,2016-07-22,2016-07-24,84.57,1.9,Completed
LRN00175,10023,Communication and Collaboration Tools,Orientation,2016-07-23,,57.91,,In Progress
LRN00176,10023,Department Process Training,Role-specific,2016-07-26,2016-08-11,89.08,4.45,Completed
LRN00177,10023,Role Fundamentals,Role-specific,2016-07-28,,,,In Progress
LRN00178,10023,Role Tools and Systems,Role-specific,2016-07-29,2016-08-05,83.54,3.82,Completed
LRN00179,10055,Information Security Awareness,Compliance,2011-04-05,2011-04-16,78.89,2.46,Completed
LRN00180,10055,Data Privacy and Protection,Compliance,2011-04-06,,,,Assigned
LRN00181,10055,Code of Conduct,Compliance,2011-04-04,2011-04-10,79.88,1.77,Completed
LRN00182,10055,Workplace Safety,Compliance,2011-04-05,2011-04-09,80.78,2.22,Completed
LRN00183,10055,Company Orientation,Orientation,2011-04-04,2011-04-05,74.41,2.47,Completed
LRN00184,10055,HR Policies and Benefits,Orientation,2011-04-05,2011-04-08,87.52,1.42,Completed
LRN00185,10055,Communication and Collaboration Tools,Orientation,2011-04-06,2011-04-17,95.98,2.37,Completed
LRN00186,10055,Department Process Training,Role-specific,2011-04-09,,,,Assigned
LRN00187,10055,Role Fundamentals,Role-specific,2011-04-11,,,,In Progress
LRN00188,10055,Role Tools and Systems,Role-specific,2011-04-12,,,,In Progress
LRN00189,10245,Information Security Awareness,Compliance,2014-07-08,2014-07-16,87.88,3.31,Completed
LRN00190,10245,Data Privacy and Protection,Compliance,2014-07-09,,,,Overdue
LRN00191,10245,Code of Conduct,Compliance,2014-07-07,2014-07-13,100.0,1.0,Completed
LRN00192,10245,Workplace Safety,Compliance,2014-07-08,2014-07-16,81.84,2.33,Completed
LRN00193,10245,Company Orientation,Orientation,2014-07-07,2014-07-15,71.8,2.76,Completed
LRN00194,10245,HR Policies and Benefits,Orientation,2014-07-08,,61.72,,In Progress
LRN00195,10245,Communication and Collaboration Tools,Orientation,2014-07-09,,,,In Progress
LRN00196,10245,Department Process Training,Role-specific,2014-07-12,,51.14,,In Progress
LRN00197,10245,Role Fundamentals,Role-specific,2014-07-14,2014-07-22,87.88,4.29,Completed
LRN00198,10245,Role Tools and Systems,Role-specific,2014-07-15,,,,In Progress
LRN00199,10245,Professional Development,Optional,2014-07-22,,,,Assigned
LRN00200,10277,Data Privacy and Protection,Compliance,2013-07-10,2013-07-18,89.77,1.79,Completed
LRN00201,10277,Code of Conduct,Compliance,2013-07-08,,,,Assigned
LRN00202,10277,Workplace Safety,Compliance,2013-07-09,2013-07-13,66.7,2.64,Completed
LRN00203,10277,Company Orientation,Orientation,2013-07-08,,,,Assigned
LRN00204,10277,HR Policies and Benefits,Orientation,2013-07-09,2013-07-12,70.51,1.88,Completed
LRN00205,10277,Communication and Collaboration Tools,Orientation,2013-07-10,2013-07-19,77.09,2.79,Completed
LRN00206,10277,Department Process Training,Role-specific,2013-07-13,2013-07-29,74.04,4.56,Completed
LRN00207,10277,Role Fundamentals,Role-specific,2013-07-15,,,,Overdue
LRN00208,10277,Role Tools and Systems,Role-specific,2013-07-16,2013-08-01,84.86,5.05,Completed
LRN00209,10046,Information Security Awareness,Compliance,2012-04-03,2012-04-08,87.32,2.3,Completed
LRN00210,10046,Data Privacy and Protection,Compliance,2012-04-04,2012-04-10,99.34,1.56,Completed
LRN00211,10046,Code of Conduct,Compliance,2012-04-02,2012-04-04,88.56,1.24,Completed
LRN00212,10046,Workplace Safety,Compliance,2012-04-03,2012-04-16,83.41,1.32,Completed
LRN00213,10046,Company Orientation,Orientation,2012-04-02,,,,In Progress
LRN00214,10046,HR Policies and Benefits,Orientation,2012-04-03,2012-04-08,85.35,1.32,Completed
LRN00215,10046,Communication and Collaboration Tools,Orientation,2012-04-04,2012-04-18,81.82,1.22,Completed
LRN00216,10046,Department Process Training,Role-specific,2012-04-07,2012-04-24,88.18,3.43,Completed
LRN00217,10046,Role Fundamentals,Role-specific,2012-04-09,2012-04-16,88.79,8.86,Completed
LRN00218,10046,Role Tools and Systems,Role-specific,2012-04-10,2012-04-17,89.1,4.35,Completed
LRN00219,10226,Information Security Awareness,Compliance,2013-08-20,,,,Overdue
LRN00220,10226,Data Privacy and Protection,Compliance,2013-08-21,2013-08-25,81.99,1.83,Completed
LRN00221,10226,Code of Conduct,Compliance,2013-08-19,2013-08-28,92.33,1.95,Completed
LRN00222,10226,Workplace Safety,Compliance,2013-08-20,2013-08-25,88.51,1.9,Completed
LRN00223,10226,Company Orientation,Orientation,2013-08-19,2013-08-29,67.99,2.09,Completed
LRN00224,10226,HR Policies and Benefits,Orientation,2013-08-20,2013-08-21,78.29,1.63,Completed
LRN00225,10226,Communication and Collaboration Tools,Orientation,2013-08-21,2013-08-25,94.9,2.38,Completed
LRN00226,10226,Department Process Training,Role-specific,2013-08-24,2013-09-05,94.39,3.22,Completed
LRN00227,10226,Role Fundamentals,Role-specific,2013-08-26,2013-09-04,90.47,5.73,Completed
LRN00228,10226,Role Tools and Systems,Role-specific,2013-08-27,2013-08-31,91.61,3.57,Completed
LRN00229,10226,Professional Development,Optional,2013-09-03,2013-09-04,84.31,3.78,Completed
LRN00230,10003,Information Security Awareness,Compliance,2014-07-08,,,,In Progress
LRN00231,10003,Data Privacy and Protection,Compliance,2014-07-09,2014-07-13,67.75,1.4,Completed
LRN00232,10003,Code of Conduct,Compliance,2014-07-07,2014-07-11,97.69,1.58,Completed
LRN00233,10003,Workplace Safety,Compliance,2014-07-08,,,,Overdue
LRN00234,10003,Company Orientation,Orientation,2014-07-07,2014-07-12,89.58,2.53,Completed
LRN00235,10003,HR Policies and Benefits,Orientation,2014-07-08,2014-07-14,84.5,2.11,Completed
LRN00236,10003,Communication and Collaboration Tools,Orientation,2014-07-09,2014-07-23,92.46,1.69,Completed
LRN00237,10003,Department Process Training,Role-specific,2014-07-12,2014-07-16,94.01,4.95,Completed
LRN00238,10003,Role Fundamentals,Role-specific,2014-07-14,2014-07-29,86.79,7.12,Completed
LRN00239,10003,Role Tools and Systems,Role-specific,2014-07-15,2014-08-01,90.13,4.17,Completed
LRN00240,10003,Professional Development,Optional,2014-07-22,,,,Assigned
LRN00241,10294,Information Security Awareness,Compliance,2011-04-05,2011-04-17,100.0,3.07,Completed
LRN00242,10294,Data Privacy and Protection,Compliance,2011-04-06,,,,In Progress
LRN00243,10294,Code of Conduct,Compliance,2011-04-04,,,,In Progress
LRN00244,10294,Workplace Safety,Compliance,2011-04-05,2011-04-14,91.08,2.3,Completed
LRN00245,10294,Company Orientation,Orientation,2011-04-04,2011-04-13,71.73,2.54,Completed
LRN00246,10294,HR Policies and Benefits,Orientation,2011-04-05,2011-04-06,75.76,2.67,Completed
LRN00247,10294,Communication and Collaboration Tools,Orientation,2011-04-06,,,,In Progress
LRN00248,10294,Department Process Training,Role-specific,2011-04-09,,,,Assigned
LRN00249,10294,Role Fundamentals,Role-specific,2011-04-11,2011-04-16,87.62,4.69,Completed
LRN00250,10294,Role Tools and Systems,Role-specific,2011-04-12,2011-04-15,86.48,3.33,Completed
LRN00251,10294,Professional Development,Optional,2011-04-19,2011-05-11,100.0,5.89,Completed
LRN00252,10267,Information Security Awareness,Compliance,2011-01-11,,,,Assigned
LRN00253,10267,Data Privacy and Protection,Compliance,2011-01-12,2011-01-13,77.34,1.94,Completed
LRN00254,10267,Code of Conduct,Compliance,2011-01-10,2011-01-15,90.09,1.62,Completed
LRN00255,10267,Workplace Safety,Compliance,2011-01-11,,77.96,,In Progress
LRN00256,10267,Company Orientation,Orientation,2011-01-10,2011-01-16,94.21,2.52,Completed
LRN00257,10267,HR Policies and Benefits,Orientation,2011-01-11,2011-01-14,88.76,2.15,Completed
LRN00258,10267,Communication and Collaboration Tools,Orientation,2011-01-12,,,,In Progress
LRN00259,10267,Department Process Training,Role-specific,2011-01-15,,,,In Progress
LRN00260,10267,Role Fundamentals,Role-specific,2011-01-17,2011-01-29,87.74,5.76,Completed
LRN00261,10267,Role Tools and Systems,Role-specific,2011-01-18,,,,In Progress
LRN00262,10267,Professional Development,Optional,2011-01-25,2011-02-16,88.49,4.6,Completed
LRN00263,10199,Information Security Awareness,Compliance,2014-02-18,,,,Overdue
LRN00264,10199,Data Privacy and Protection,Compliance,2014-02-19,2014-02-21,97.5,1.54,Completed
LRN00265,10199,Code of Conduct,Compliance,2014-02-17,2014-02-26,86.23,1.51,Completed
LRN00266,10199,Workplace Safety,Compliance,2014-02-18,2014-03-01,95.71,0.93,Completed
LRN00267,10199,Company Orientation,Orientation,2014-02-17,,,,In Progress
LRN00268,10199,HR Policies and Benefits,Orientation,2014-02-18,2014-02-28,79.98,1.64,Completed
LRN00269,10199,Communication and Collaboration Tools,Orientation,2014-02-19,2014-03-05,97.42,3.42,Completed
LRN00270,10199,Department Process Training,Role-specific,2014-02-22,2014-02-26,86.28,5.4,Completed
LRN00271,10199,Role Fundamentals,Role-specific,2014-02-24,,,,Assigned
LRN00272,10199,Role Tools and Systems,Role-specific,2014-02-25,2014-03-17,88.92,7.36,Completed
LRN00273,10081,Information Security Awareness,Compliance,2015-02-17,2015-02-24,82.08,2.95,Completed
LRN00274,10081,Data Privacy and Protection,Compliance,2015-02-18,2015-03-05,88.23,2.01,Completed
LRN00275,10081,Code of Conduct,Compliance,2015-02-16,2015-02-20,70.5,1.7,Completed
LRN00276,10081,Workplace Safety,Compliance,2015-02-17,2015-02-27,74.46,1.98,Completed
LRN00277,10081,Company Orientation,Orientation,2015-02-16,,,,Assigned
LRN00278,10081,HR Policies and Benefits,Orientation,2015-02-17,2015-02-23,75.26,1.84,Completed
LRN00279,10081,Communication and Collaboration Tools,Orientation,2015-02-18,2015-02-22,85.63,2.64,Completed
LRN00280,10081,Department Process Training,Role-specific,2015-02-21,2015-02-23,86.5,2.49,Completed
LRN00281,10081,Role Fundamentals,Role-specific,2015-02-23,2015-03-16,85.9,5.73,Completed
LRN00282,10081,Role Tools and Systems,Role-specific,2015-02-24,,,,In Progress
LRN00283,10175,Information Security Awareness,Compliance,2013-10-01,,,,Overdue
LRN00284,10175,Data Privacy and Protection,Compliance,2013-10-02,,,,Overdue
LRN00285,10175,Code of Conduct,Compliance,2013-09-30,2013-10-05,95.96,1.37,Completed
LRN00286,10175,Workplace Safety,Compliance,2013-10-01,2013-10-03,72.37,1.67,Completed
LRN00287,10175,Company Orientation,Orientation,2013-09-30,2013-10-06,86.31,2.34,Completed
LRN00288,10175,HR Policies and Benefits,Orientation,2013-10-01,,,,Assigned
LRN00289,10175,Communication and Collaboration Tools,Orientation,2013-10-02,2013-10-05,79.1,2.74,Completed
LRN00290,10175,Department Process Training,Role-specific,2013-10-05,2013-10-21,86.82,3.88,Completed
LRN00291,10175,Role Fundamentals,Role-specific,2013-10-07,2013-10-16,81.02,8.47,Completed
LRN00292,10175,Role Tools and Systems,Role-specific,2013-10-08,,,,Assigned
LRN00293,10177,Information Security Awareness,Compliance,2012-04-03,,,,Assigned
LRN00294,10177,Data Privacy and Protection,Compliance,2012-04-04,2012-04-14,90.44,1.75,Completed
LRN00295,10177,Code of Conduct,Compliance,2012-04-02,2012-04-07,95.26,1.93,Completed
LRN00296,10177,Workplace Safety,Compliance,2012-04-03,2012-04-14,70.95,1.87,Completed
LRN00297,10177,Company Orientation,Orientation,2012-04-02,,,,Overdue
LRN00298,10177,HR Policies and Benefits,Orientation,2012-04-03,,,,Assigned
LRN00299,10177,Communication and Collaboration Tools,Orientation,2012-04-04,,,,In Progress
LRN00300,10177,Department Process Training,Role-specific,2012-04-07,2012-04-12,84.64,4.33,Completed
LRN00301,10177,Role Fundamentals,Role-specific,2012-04-09,2012-04-17,86.05,6.54,Completed
LRN00302,10177,Role Tools and Systems,Role-specific,2012-04-10,2012-04-13,99.18,4.78,Completed
LRN00303,10177,Professional Development,Optional,2012-04-17,,67.12,,In Progress
LRN00304,10238,Data Privacy and Protection,Compliance,2008-10-29,2008-11-06,62.56,2.15,Completed
LRN00305,10238,Code of Conduct,Compliance,2008-10-27,,,,In Progress
LRN00306,10238,Workplace Safety,Compliance,2008-10-28,2008-11-09,76.7,1.72,Completed
LRN00307,10238,Company Orientation,Orientation,2008-10-27,2008-11-06,82.13,3.62,Completed
LRN00308,10238,HR Policies and Benefits,Orientation,2008-10-28,,,,In Progress
LRN00309,10238,Communication and Collaboration Tools,Orientation,2008-10-29,2008-11-02,77.98,2.45,Completed
LRN00310,10238,Department Process Training,Role-specific,2008-11-01,2008-11-18,75.08,3.8,Completed
LRN00311,10238,Role Fundamentals,Role-specific,2008-11-03,2008-11-12,86.28,5.66,Completed
LRN00312,10238,Role Tools and Systems,Role-specific,2008-11-04,2008-11-14,87.78,5.06,Completed
LRN00313,10238,Professional Development,Optional,2008-11-11,2008-11-21,94.84,4.59,Completed
LRN00314,10184,Information Security Awareness,Compliance,2014-09-30,,,,Overdue
LRN00315,10184,Data Privacy and Protection,Compliance,2014-10-01,2014-10-12,87.84,2.29,Completed
LRN00316,10184,Code of Conduct,Compliance,2014-09-29,,,,Assigned
LRN00317,10184,Workplace Safety,Compliance,2014-09-30,2014-10-14,88.65,1.88,Completed
LRN00318,10184,Company Orientation,Orientation,2014-09-29,2014-10-04,92.96,3.24,Completed
LRN00319,10184,HR Policies and Benefits,Orientation,2014-09-30,2014-10-09,85.12,2.14,Completed
LRN00320,10184,Communication and Collaboration Tools,Orientation,2014-10-01,,,,In Progress
LRN00321,10184,Department Process Training,Role-specific,2014-10-04,,,,Assigned
LRN00322,10184,Role Fundamentals,Role-specific,2014-10-06,2014-10-22,85.53,5.12,Completed
LRN00323,10184,Role Tools and Systems,Role-specific,2014-10-07,2014-10-17,86.02,4.81,Completed
LRN00324,10203,Information Security Awareness,Compliance,2013-11-12,2013-11-18,89.03,1.88,Completed
LRN00325,10203,Data Privacy and Protection,Compliance,2013-11-13,2013-11-16,72.76,1.58,Completed
LRN00326,10203,Code of Conduct,Compliance,2013-11-11,2013-11-19,86.42,1.42,Completed
LRN00327,10203,Workplace Safety,Compliance,2013-11-12,2013-11-16,88.72,2.13,Completed
LRN00328,10203,Company Orientation,Orientation,2013-11-11,2013-11-14,90.93,1.45,Completed
LRN00329,10203,HR Policies and Benefits,Orientation,2013-11-12,,,,Overdue
LRN00330,10203,Communication and Collaboration Tools,Orientation,2013-11-13,2013-11-25,85.96,3.02,Completed
LRN00331,10203,Department Process Training,Role-specific,2013-11-16,,,,Overdue
LRN00332,10203,Role Fundamentals,Role-specific,2013-11-18,2013-11-24,82.0,6.58,Completed
LRN00333,10203,Role Tools and Systems,Role-specific,2013-11-19,2013-12-04,93.89,4.0,Completed
LRN00334,10188,Information Security Awareness,Compliance,2011-08-16,2011-08-27,93.79,2.85,Completed
LRN00335,10188,Data Privacy and Protection,Compliance,2011-08-17,2011-08-30,79.13,1.78,Completed
LRN00336,10188,Code of Conduct,Compliance,2011-08-15,,,,Overdue
LRN00337,10188,Workplace Safety,Compliance,2011-08-16,,,,Assigned
LRN00338,10188,Company Orientation,Orientation,2011-08-15,,,,Overdue
LRN00339,10188,HR Policies and Benefits,Orientation,2011-08-16,,,,In Progress
LRN00340,10188,Communication and Collaboration Tools,Orientation,2011-08-17,,,,In Progress
LRN00341,10188,Department Process Training,Role-specific,2011-08-20,2011-08-27,97.78,4.12,Completed
LRN00342,10188,Role Fundamentals,Role-specific,2011-08-22,2011-08-29,89.56,5.82,Completed
LRN00343,10188,Role Tools and Systems,Role-specific,2011-08-23,2011-08-29,82.35,5.52,Completed
LRN00344,10107,Code of Conduct,Compliance,2012-03-05,2012-03-07,73.26,1.23,Completed
LRN00345,10107,Company Orientation,Orientation,2012-03-05,2012-03-06,100.0,2.21,Completed
LRN00346,10107,HR Policies and Benefits,Orientation,2012-03-06,,,,Overdue
LRN00347,10107,Communication and Collaboration Tools,Orientation,2012-03-07,2012-03-14,84.79,2.72,Completed
LRN00348,10107,Department Process Training,Role-specific,2012-03-10,2012-03-19,82.73,2.88,Completed
LRN00349,10107,Role Fundamentals,Role-specific,2012-03-12,,,,Assigned
LRN00350,10107,Role Tools and Systems,Role-specific,2012-03-13,2012-03-31,83.79,3.96,Completed
LRN00351,10107,Professional Development,Optional,2012-03-20,,,,In Progress
LRN00352,10181,Information Security Awareness,Compliance,2011-04-05,,,,Overdue
LRN00353,10181,Data Privacy and Protection,Compliance,2011-04-06,2011-04-08,89.96,2.39,Completed
LRN00354,10181,Code of Conduct,Compliance,2011-04-04,2011-04-05,95.04,1.68,Completed
LRN00355,10181,Workplace Safety,Compliance,2011-04-05,2011-04-11,77.22,2.28,Completed
LRN00356,10181,Company Orientation,Orientation,2011-04-04,,,,Assigned
LRN00357,10181,HR Policies and Benefits,Orientation,2011-04-05,,,,In Progress
LRN00358,10181,Communication and Collaboration Tools,Orientation,2011-04-06,2011-04-17,97.9,2.36,Completed
LRN00359,10181,Department Process Training,Role-specific,2011-04-09,2011-04-13,86.82,4.06,Completed
LRN00360,10181,Role Fundamentals,Role-specific,2011-04-11,2011-04-30,83.11,6.42,Completed
LRN00361,10181,Role Tools and Systems,Role-specific,2011-04-12,2011-04-23,86.02,3.83,Completed
LRN00362,10150,Workplace Safety,Compliance,2011-08-16,,,,In Progress
LRN00363,10150,Company Orientation,Orientation,2011-08-15,,66.35,,In Progress
LRN00364,10150,HR Policies and Benefits,Orientation,2011-08-16,,,,In Progress
LRN00365,10150,Communication and Collaboration Tools,Orientation,2011-08-17,,,,In Progress
LRN00366,10150,Department Process Training,Role-specific,2011-08-20,,,,In Progress
LRN00367,10150,Role Fundamentals,Role-specific,2011-08-22,2011-09-10,69.99,5.35,Completed
LRN00368,10150,Role Tools and Systems,Role-specific,2011-08-23,,72.73,,In Progress
LRN00369,10001,Information Security Awareness,Compliance,2016-01-29,,,,In Progress
LRN00370,10001,Data Privacy and Protection,Compliance,2016-01-30,,,,Overdue
LRN00371,10001,Code of Conduct,Compliance,2016-01-28,2016-02-07,91.58,1.53,Completed
LRN00372,10001,Workplace Safety,Compliance,2016-01-29,,,,Assigned
LRN00373,10001,Company Orientation,Orientation,2016-01-28,,,,Overdue
LRN00374,10001,HR Policies and Benefits,Orientation,2016-01-29,,,,Assigned
LRN00375,10001,Communication and Collaboration Tools,Orientation,2016-01-30,2016-02-09,76.5,2.32,Completed
LRN00376,10001,Department Process Training,Role-specific,2016-02-02,2016-02-07,78.12,3.31,Completed
LRN00377,10001,Role Fundamentals,Role-specific,2016-02-04,,,,In Progress
LRN00378,10001,Role Tools and Systems,Role-specific,2016-02-05,2016-02-20,83.09,3.47,Completed
LRN00379,10001,Professional Development,Optional,2016-02-12,,,,In Progress
LRN00380,10085,Information Security Awareness,Compliance,2013-11-12,,,,In Progress
LRN00381,10085,Data Privacy and Protection,Compliance,2013-11-13,2013-11-25,89.34,1.47,Completed
LRN00382,10085,Code of Conduct,Compliance,2013-11-11,2013-11-14,79.6,1.69,Completed
LRN00383,10085,Workplace Safety,Compliance,2013-11-12,2013-11-13,83.47,2.15,Completed
LRN00384,10085,Company Orientation,Orientation,2013-11-11,2013-11-14,84.87,3.27,Completed
LRN00385,10085,HR Policies and Benefits,Orientation,2013-11-12,2013-11-23,92.0,2.77,Completed
LRN00386,10085,Communication and Collaboration Tools,Orientation,2013-11-13,2013-11-28,76.18,2.04,Completed
LRN00387,10085,Department Process Training,Role-specific,2013-11-16,2013-12-03,75.42,3.61,Completed
LRN00388,10085,Role Fundamentals,Role-specific,2013-11-18,2013-11-21,85.18,5.22,Completed
LRN00389,10085,Role Tools and Systems,Role-specific,2013-11-19,2013-11-26,78.96,6.55,Completed
LRN00390,10085,Professional Development,Optional,2013-11-26,2013-12-05,93.09,4.51,Completed
LRN00391,10115,Information Security Awareness,Compliance,2014-04-01,2014-04-11,71.52,1.38,Completed
LRN00392,10115,Data Privacy and Protection,Compliance,2014-04-02,2014-04-04,96.6,1.98,Completed
LRN00393,10115,Code of Conduct,Compliance,2014-03-31,,,,In Progress
LRN00394,10115,Workplace Safety,Compliance,2014-04-01,,,,Overdue
LRN00395,10115,Company Orientation,Orientation,2014-03-31,2014-04-03,91.83,2.21,Completed
LRN00396,10115,HR Policies and Benefits,Orientation,2014-04-01,2014-04-06,90.53,1.78,Completed
LRN00397,10115,Communication and Collaboration Tools,Orientation,2014-04-02,,,,Overdue
LRN00398,10115,Department Process Training,Role-specific,2014-04-05,2014-04-15,67.72,4.07,Completed
LRN00399,10115,Role Fundamentals,Role-specific,2014-04-07,2014-04-18,79.66,6.03,Completed
LRN00400,10115,Role Tools and Systems,Role-specific,2014-04-08,2014-04-13,98.42,5.65,Completed
LRN00401,10082,Information Security Awareness,Compliance,2016-07-01,2016-07-04,94.36,2.53,Completed
LRN00402,10082,Data Privacy and Protection,Compliance,2016-07-02,,,,Overdue
LRN00403,10082,Code of Conduct,Compliance,2016-06-30,,,,Overdue
LRN00404,10082,Workplace Safety,Compliance,2016-07-01,2016-07-12,93.74,2.61,Completed
LRN00405,10082,Company Orientation,Orientation,2016-06-30,2016-07-04,88.42,2.14,Completed
LRN00406,10082,HR Policies and Benefits,Orientation,2016-07-01,2016-07-13,85.69,2.7,Completed
LRN00407,10082,Communication and Collaboration Tools,Orientation,2016-07-02,2016-07-08,93.99,2.55,Completed
LRN00408,10082,Department Process Training,Role-specific,2016-07-05,2016-07-20,85.6,3.91,Completed
LRN00409,10082,Role Fundamentals,Role-specific,2016-07-07,,,,In Progress
LRN00410,10082,Role Tools and Systems,Role-specific,2016-07-08,2016-07-20,90.75,5.88,Completed
LRN00411,10040,Information Security Awareness,Compliance,2014-08-19,,,,Overdue
LRN00412,10040,Data Privacy and Protection,Compliance,2014-08-20,2014-09-04,81.2,2.65,Completed
LRN00413,10040,Code of Conduct,Compliance,2014-08-18,2014-08-19,84.26,1.86,Completed
LRN00414,10040,Workplace Safety,Compliance,2014-08-19,,,,Assigned
LRN00415,10040,Company Orientation,Orientation,2014-08-18,2014-08-21,86.48,2.63,Completed
LRN00416,10040,HR Policies and Benefits,Orientation,2014-08-19,2014-08-25,85.81,2.8,Completed
LRN00417,10040,Communication and Collaboration Tools,Orientation,2014-08-20,2014-08-21,82.49,2.3,Completed
LRN00418,10040,Department Process Training,Role-specific,2014-08-23,2014-08-28,88.06,4.68,Completed
LRN00419,10040,Role Fundamentals,Role-specific,2014-08-25,,,,Overdue
LRN00420,10040,Role Tools and Systems,Role-specific,2014-08-26,,,,Assigned
LRN00421,10067,Information Security Awareness,Compliance,2014-09-30,,,,Assigned
LRN00422,10067,Data Privacy and Protection,Compliance,2014-10-01,2014-10-03,90.91,2.3,Completed
LRN00423,10067,Code of Conduct,Compliance,2014-09-29,2014-10-01,66.15,1.2,Completed
LRN00424,10067,Workplace Safety,Compliance,2014-09-30,2014-10-14,83.22,1.53,Completed
LRN00425,10067,Company Orientation,Orientation,2014-09-29,,,,In Progress
LRN00426,10067,HR Policies and Benefits,Orientation,2014-09-30,2014-10-05,90.52,2.73,Completed
LRN00427,10067,Communication and Collaboration Tools,Orientation,2014-10-01,2014-10-16,74.12,3.1,Completed
LRN00428,10067,Department Process Training,Role-specific,2014-10-04,2014-10-14,81.51,3.98,Completed
LRN00429,10067,Role Fundamentals,Role-specific,2014-10-06,2014-10-09,93.74,6.35,Completed
LRN00430,10067,Role Tools and Systems,Role-specific,2014-10-07,2014-10-08,85.01,5.17,Completed
LRN00431,10067,Professional Development,Optional,2014-10-14,2014-10-19,93.01,5.27,Completed
LRN00432,10108,Information Security Awareness,Compliance,2016-09-07,2016-09-09,91.26,3.86,Completed
LRN00433,10108,Data Privacy and Protection,Compliance,2016-09-08,2016-09-14,89.42,2.18,Completed
LRN00434,10108,Code of Conduct,Compliance,2016-09-06,2016-09-11,77.74,2.19,Completed
LRN00435,10108,Workplace Safety,Compliance,2016-09-07,2016-09-10,93.33,1.96,Completed
LRN00436,10108,Company Orientation,Orientation,2016-09-06,2016-09-14,90.5,1.85,Completed
LRN00437,10108,HR Policies and Benefits,Orientation,2016-09-07,2016-09-11,100.0,2.19,Completed
LRN00438,10108,Communication and Collaboration Tools,Orientation,2016-09-08,2016-09-09,81.94,2.29,Completed
LRN00439,10108,Department Process Training,Role-specific,2016-09-11,2016-09-26,93.33,2.61,Completed
LRN00440,10108,Role Fundamentals,Role-specific,2016-09-13,2016-09-23,82.96,6.45,Completed
LRN00441,10108,Role Tools and Systems,Role-specific,2016-09-14,,,,Overdue
LRN00442,10210,Information Security Awareness,Compliance,2014-05-13,2014-05-20,92.63,2.7,Completed
LRN00443,10210,Data Privacy and Protection,Compliance,2014-05-14,,,,Overdue
LRN00444,10210,Code of Conduct,Compliance,2014-05-12,2014-05-21,88.92,1.67,Completed
LRN00445,10210,Workplace Safety,Compliance,2014-05-13,2014-05-27,97.79,2.49,Completed
LRN00446,10210,Company Orientation,Orientation,2014-05-12,2014-05-21,83.46,2.42,Completed
LRN00447,10210,HR Policies and Benefits,Orientation,2014-05-13,2014-05-16,95.99,1.57,Completed
LRN00448,10210,Communication and Collaboration Tools,Orientation,2014-05-14,,,,In Progress
LRN00449,10210,Department Process Training,Role-specific,2014-05-17,,,,Overdue
LRN00450,10210,Role Fundamentals,Role-specific,2014-05-19,2014-05-28,81.66,6.55,Completed
LRN00451,10210,Role Tools and Systems,Role-specific,2014-05-20,2014-05-26,90.82,4.34,Completed
LRN00452,10210,Professional Development,Optional,2014-05-27,,,,Overdue
LRN00453,10154,Information Security Awareness,Compliance,2013-07-09,2013-07-21,84.37,2.25,Completed
LRN00454,10154,Data Privacy and Protection,Compliance,2013-07-10,2013-07-13,88.05,2.26,Completed
LRN00455,10154,Code of Conduct,Compliance,2013-07-08,2013-07-14,90.11,1.37,Completed
LRN00456,10154,Workplace Safety,Compliance,2013-07-09,2013-07-19,96.09,2.55,Completed
LRN00457,10154,Company Orientation,Orientation,2013-07-08,2013-07-17,100.0,3.0,Completed
LRN00458,10154,HR Policies and Benefits,Orientation,2013-07-09,,,,Overdue
LRN00459,10154,Communication and Collaboration Tools,Orientation,2013-07-10,2013-07-15,84.32,2.7,Completed
LRN00460,10154,Department Process Training,Role-specific,2013-07-13,2013-07-27,87.45,3.27,Completed
LRN00461,10154,Role Fundamentals,Role-specific,2013-07-15,2013-08-01,91.24,6.89,Completed
LRN00462,10154,Role Tools and Systems,Role-specific,2013-07-16,,,,Overdue
LRN00463,10200,Data Privacy and Protection,Compliance,2012-05-16,2012-05-24,80.68,2.14,Completed
LRN00464,10200,Code of Conduct,Compliance,2012-05-14,2012-05-19,97.51,1.46,Completed
LRN00465,10200,Workplace Safety,Compliance,2012-05-15,2012-05-24,98.13,1.88,Completed
LRN00466,10200,Company Orientation,Orientation,2012-05-14,2012-05-24,83.4,2.75,Completed
LRN00467,10200,HR Policies and Benefits,Orientation,2012-05-15,2012-05-24,97.74,1.95,Completed
LRN00468,10200,Communication and Collaboration Tools,Orientation,2012-05-16,,,,Assigned
LRN00469,10200,Department Process Training,Role-specific,2012-05-19,2012-06-03,100.0,4.29,Completed
LRN00470,10200,Role Fundamentals,Role-specific,2012-05-21,2012-06-10,79.17,6.55,Completed
LRN00471,10200,Role Tools and Systems,Role-specific,2012-05-22,,,,In Progress
LRN00472,10200,Professional Development,Optional,2012-05-29,,,,Assigned
LRN00473,10240,Information Security Awareness,Compliance,2011-06-28,,79.25,,In Progress
LRN00474,10240,Data Privacy and Protection,Compliance,2011-06-29,2011-07-14,67.92,1.92,Completed
LRN00475,10240,Code of Conduct,Compliance,2011-06-27,2011-07-03,74.34,1.38,Completed
LRN00476,10240,Workplace Safety,Compliance,2011-06-28,2011-06-30,89.6,2.23,Completed
LRN00477,10240,Company Orientation,Orientation,2011-06-27,,,,Assigned
LRN00478,10240,HR Policies and Benefits,Orientation,2011-06-28,,,,In Progress
LRN00479,10240,Communication and Collaboration Tools,Orientation,2011-06-29,2011-07-11,75.02,2.66,Completed
LRN00480,10240,Department Process Training,Role-specific,2011-07-02,2011-07-09,81.07,3.98,Completed
LRN00481,10240,Role Fundamentals,Role-specific,2011-07-04,2011-07-22,83.17,4.68,Completed
LRN00482,10240,Role Tools and Systems,Role-specific,2011-07-05,,,,In Progress
LRN00483,10168,Information Security Awareness,Compliance,2011-10-04,,81.25,,In Progress
LRN00484,10168,Data Privacy and Protection,Compliance,2011-10-05,2011-10-16,84.31,2.2,Completed
LRN00485,10168,Code of Conduct,Compliance,2011-10-03,2011-10-13,100.0,1.54,Completed
LRN00486,10168,Workplace Safety,Compliance,2011-10-04,2011-10-15,90.39,2.36,Completed
LRN00487,10168,Company Orientation,Orientation,2011-10-03,2011-10-13,87.68,2.14,Completed
LRN00488,10168,HR Policies and Benefits,Orientation,2011-10-04,2011-10-07,83.48,1.23,Completed
LRN00489,10168,Communication and Collaboration Tools,Orientation,2011-10-05,,,,Overdue
LRN00490,10168,Department Process Training,Role-specific,2011-10-08,2011-10-16,84.49,3.66,Completed
LRN00491,10168,Role Fundamentals,Role-specific,2011-10-10,2011-10-29,95.59,5.8,Completed
LRN00492,10168,Role Tools and Systems,Role-specific,2011-10-11,2011-10-21,90.44,4.78,Completed
LRN00493,10220,Information Security Awareness,Compliance,2012-09-06,2012-09-12,78.32,2.87,Completed
LRN00494,10220,Data Privacy and Protection,Compliance,2012-09-07,,,,Assigned
LRN00495,10220,Code of Conduct,Compliance,2012-09-05,,,,Overdue
LRN00496,10220,Workplace Safety,Compliance,2012-09-06,,,,Assigned
LRN00497,10220,Company Orientation,Orientation,2012-09-05,,,,Assigned
LRN00498,10220,HR Policies and Benefits,Orientation,2012-09-06,2012-09-08,85.16,2.55,Completed
LRN00499,10220,Communication and Collaboration Tools,Orientation,2012-09-07,,,,Overdue
LRN00500,10220,Department Process Training,Role-specific,2012-09-10,2012-09-18,79.57,4.44,Completed
LRN00501,10220,Role Fundamentals,Role-specific,2012-09-12,2012-09-17,80.21,5.3,Completed
LRN00502,10220,Role Tools and Systems,Role-specific,2012-09-13,2012-09-17,74.99,3.93,Completed
LRN00503,10275,Information Security Awareness,Compliance,2011-05-17,,,,In Progress
LRN00504,10275,Data Privacy and Protection,Compliance,2011-05-18,,,,Assigned
LRN00505,10275,Code of Conduct,Compliance,2011-05-16,2011-05-19,76.83,1.22,Completed
LRN00506,10275,Workplace Safety,Compliance,2011-05-17,2011-05-27,76.69,2.06,Completed
LRN00507,10275,Company Orientation,Orientation,2011-05-16,2011-05-26,86.2,2.39,Completed
LRN00508,10275,HR Policies and Benefits,Orientation,2011-05-17,,,,In Progress
LRN00509,10275,Communication and Collaboration Tools,Orientation,2011-05-18,,,,Assigned
LRN00510,10275,Department Process Training,Role-specific,2011-05-21,2011-05-29,86.24,4.82,Completed
LRN00511,10275,Role Fundamentals,Role-specific,2011-05-23,,,,Overdue
LRN00512,10275,Role Tools and Systems,Role-specific,2011-05-24,2011-05-29,84.78,5.0,Completed
LRN00513,10275,Professional Development,Optional,2011-05-31,2011-06-05,85.05,3.38,Completed
LRN00514,10269,Information Security Awareness,Compliance,2010-08-31,2010-09-07,74.91,1.8,Completed
LRN00515,10269,Data Privacy and Protection,Compliance,2010-09-01,2010-09-08,80.16,2.15,Completed
LRN00516,10269,Code of Conduct,Compliance,2010-08-30,2010-09-06,87.91,1.97,Completed
LRN00517,10269,Workplace Safety,Compliance,2010-08-31,,,,In Progress
LRN00518,10269,Company Orientation,Orientation,2010-08-30,2010-09-04,96.12,1.79,Completed
LRN00519,10269,HR Policies and Benefits,Orientation,2010-08-31,2010-09-05,90.06,2.08,Completed
LRN00520,10269,Communication and Collaboration Tools,Orientation,2010-09-01,,,,Assigned
LRN00521,10269,Department Process Training,Role-specific,2010-09-04,,,,In Progress
LRN00522,10269,Role Fundamentals,Role-specific,2010-09-06,2010-09-16,85.66,6.09,Completed
LRN00523,10269,Role Tools and Systems,Role-specific,2010-09-07,,,,Overdue
LRN00524,10269,Professional Development,Optional,2010-09-14,2010-10-06,71.78,5.32,Completed
LRN00525,10029,Information Security Awareness,Compliance,2016-07-07,2016-07-10,92.09,3.09,Completed
LRN00526,10029,Data Privacy and Protection,Compliance,2016-07-08,,,,Assigned
LRN00527,10029,Code of Conduct,Compliance,2016-07-06,,,,Assigned
LRN00528,10029,Workplace Safety,Compliance,2016-07-07,,,,Assigned
LRN00529,10029,Company Orientation,Orientation,2016-07-06,2016-07-12,94.62,1.89,Completed
LRN00530,10029,HR Policies and Benefits,Orientation,2016-07-07,2016-07-08,87.17,1.99,Completed
LRN00531,10029,Communication and Collaboration Tools,Orientation,2016-07-08,,,,In Progress
LRN00532,10029,Department Process Training,Role-specific,2016-07-11,,,,In Progress
LRN00533,10029,Role Fundamentals,Role-specific,2016-07-13,,,,Assigned
LRN00534,10029,Role Tools and Systems,Role-specific,2016-07-14,2016-08-03,90.02,2.33,Completed
LRN00535,10029,Professional Development,Optional,2016-07-21,2016-08-08,74.06,5.05,Completed
LRN00536,10261,Information Security Awareness,Compliance,2013-07-09,2013-07-19,81.95,3.14,Completed
LRN00537,10261,Data Privacy and Protection,Compliance,2013-07-10,,,,In Progress
LRN00538,10261,Code of Conduct,Compliance,2013-07-08,2013-07-16,73.46,1.62,Completed
LRN00539,10261,Workplace Safety,Compliance,2013-07-09,,,,Overdue
LRN00540,10261,Company Orientation,Orientation,2013-07-08,,,,In Progress
LRN00541,10261,HR Policies and Benefits,Orientation,2013-07-09,,,,Overdue
LRN00542,10261,Communication and Collaboration Tools,Orientation,2013-07-10,2013-07-16,100.0,3.1,Completed
LRN00543,10261,Department Process Training,Role-specific,2013-07-13,2013-07-25,87.79,4.0,Completed
LRN00544,10261,Role Fundamentals,Role-specific,2013-07-15,2013-07-26,85.29,4.08,Completed
LRN00545,10261,Role Tools and Systems,Role-specific,2013-07-16,,,,Assigned
LRN00546,10292,Information Security Awareness,Compliance,2011-07-12,2011-07-22,93.91,2.68,Completed
LRN00547,10292,Data Privacy and Protection,Compliance,2011-07-13,,52.99,,In Progress
LRN00548,10292,Code of Conduct,Compliance,2011-07-11,2011-07-15,95.83,1.31,Completed
LRN00549,10292,Workplace Safety,Compliance,2011-07-12,2011-07-20,81.69,2.1,Completed
LRN00550,10292,Company Orientation,Orientation,2011-07-11,2011-07-16,81.72,1.71,Completed
LRN00551,10292,HR Policies and Benefits,Orientation,2011-07-12,,,,Assigned
LRN00552,10292,Communication and Collaboration Tools,Orientation,2011-07-13,,,,In Progress
LRN00553,10292,Department Process Training,Role-specific,2011-07-16,2011-08-03,89.28,3.63,Completed
LRN00554,10292,Role Fundamentals,Role-specific,2011-07-18,2011-08-04,87.63,4.65,Completed
LRN00555,10292,Role Tools and Systems,Role-specific,2011-07-19,,,,In Progress
LRN00556,10292,Professional Development,Optional,2011-07-26,,,,Assigned
LRN00557,10282,Information Security Awareness,Compliance,2010-07-21,2010-07-24,88.08,3.01,Completed
LRN00558,10282,Data Privacy and Protection,Compliance,2010-07-22,,,,Assigned
LRN00559,10282,Code of Conduct,Compliance,2010-07-20,,,,In Progress
LRN00560,10282,Workplace Safety,Compliance,2010-07-21,2010-07-23,77.9,2.05,Completed
LRN00561,10282,Company Orientation,Orientation,2010-07-20,,,,Assigned
LRN00562,10282,HR Policies and Benefits,Orientation,2010-07-21,2010-07-23,90.85,1.46,Completed
LRN00563,10282,Communication and Collaboration Tools,Orientation,2010-07-22,2010-07-25,80.7,3.46,Completed
LRN00564,10282,Department Process Training,Role-specific,2010-07-25,2010-07-28,86.78,3.25,Completed
LRN00565,10282,Role Fundamentals,Role-specific,2010-07-27,2010-07-29,86.3,5.89,Completed
LRN00566,10282,Role Tools and Systems,Role-specific,2010-07-28,2010-08-13,84.28,3.2,Completed
LRN00567,10019,Information Security Awareness,Compliance,2009-01-06,2009-01-07,79.44,2.56,Completed
LRN00568,10019,Data Privacy and Protection,Compliance,2009-01-07,2009-01-10,97.82,2.2,Completed
LRN00569,10019,Code of Conduct,Compliance,2009-01-05,2009-01-15,79.8,1.33,Completed
LRN00570,10019,Workplace Safety,Compliance,2009-01-06,,,,In Progress
LRN00571,10019,Company Orientation,Orientation,2009-01-05,2009-01-12,79.8,2.19,Completed
LRN00572,10019,HR Policies and Benefits,Orientation,2009-01-06,2009-01-18,94.79,2.25,Completed
LRN00573,10019,Communication and Collaboration Tools,Orientation,2009-01-07,2009-01-16,100.0,1.98,Completed
LRN00574,10019,Department Process Training,Role-specific,2009-01-10,2009-01-16,79.78,3.5,Completed
LRN00575,10019,Role Fundamentals,Role-specific,2009-01-12,2009-01-27,77.58,5.83,Completed
LRN00576,10019,Role Tools and Systems,Role-specific,2009-01-13,2009-02-02,78.66,7.03,Completed
LRN00577,10019,Professional Development,Optional,2009-01-20,2009-01-26,83.51,4.55,Completed
LRN00578,10094,Information Security Awareness,Compliance,2015-01-06,2015-01-07,88.38,1.83,Completed
LRN00579,10094,Data Privacy and Protection,Compliance,2015-01-07,2015-01-17,77.03,2.58,Completed
LRN00580,10094,Code of Conduct,Compliance,2015-01-05,2015-01-10,66.51,1.2,Completed
LRN00581,10094,Workplace Safety,Compliance,2015-01-06,2015-01-14,95.7,2.44,Completed
LRN00582,10094,Company Orientation,Orientation,2015-01-05,2015-01-11,94.12,1.67,Completed
LRN00583,10094,HR Policies and Benefits,Orientation,2015-01-06,2015-01-09,88.19,1.88,Completed
LRN00584,10094,Communication and Collaboration Tools,Orientation,2015-01-07,,64.73,,In Progress
LRN00585,10094,Department Process Training,Role-specific,2015-01-10,2015-01-12,82.46,3.97,Completed
LRN00586,10094,Role Fundamentals,Role-specific,2015-01-12,2015-02-01,83.56,5.51,Completed
LRN00587,10094,Role Tools and Systems,Role-specific,2015-01-13,,72.77,,In Progress
LRN00588,10193,Information Security Awareness,Compliance,2015-03-31,,,,Assigned
LRN00589,10193,Data Privacy and Protection,Compliance,2015-04-01,,,,Overdue
LRN00590,10193,Code of Conduct,Compliance,2015-03-30,2015-04-07,85.94,1.55,Completed
LRN00591,10193,Workplace Safety,Compliance,2015-03-31,2015-04-05,91.31,2.37,Completed
LRN00592,10193,Company Orientation,Orientation,2015-03-30,2015-04-03,69.14,2.88,Completed
LRN00593,10193,HR Policies and Benefits,Orientation,2015-03-31,2015-04-08,91.16,1.65,Completed
LRN00594,10193,Communication and Collaboration Tools,Orientation,2015-04-01,2015-04-16,98.47,2.06,Completed
LRN00595,10193,Department Process Training,Role-specific,2015-04-04,,,,Assigned
LRN00596,10193,Role Fundamentals,Role-specific,2015-04-06,,,,In Progress
LRN00597,10193,Role Tools and Systems,Role-specific,2015-04-07,2015-04-16,89.32,5.02,Completed
LRN00598,10132,Information Security Awareness,Compliance,2016-07-07,2016-07-16,78.79,2.21,Completed
LRN00599,10132,Data Privacy and Protection,Compliance,2016-07-08,2016-07-20,93.03,1.4,Completed
LRN00600,10132,Code of Conduct,Compliance,2016-07-06,2016-07-07,86.26,1.16,Completed
LRN00601,10132,Workplace Safety,Compliance,2016-07-07,2016-07-11,91.29,1.74,Completed
LRN00602,10132,Company Orientation,Orientation,2016-07-06,2016-07-15,91.38,2.74,Completed
LRN00603,10132,HR Policies and Benefits,Orientation,2016-07-07,2016-07-11,84.65,2.42,Completed
LRN00604,10132,Communication and Collaboration Tools,Orientation,2016-07-08,2016-07-16,91.24,1.96,Completed
LRN00605,10132,Department Process Training,Role-specific,2016-07-11,2016-07-22,94.19,4.23,Completed
LRN00606,10132,Role Fundamentals,Role-specific,2016-07-13,2016-07-25,91.43,5.56,Completed
LRN00607,10132,Role Tools and Systems,Role-specific,2016-07-14,2016-07-18,92.98,3.99,Completed
LRN00608,10083,Information Security Awareness,Compliance,2014-11-11,,,,Overdue
LRN00609,10083,Data Privacy and Protection,Compliance,2014-11-12,2014-11-21,100.0,2.57,Completed
LRN00610,10083,Code of Conduct,Compliance,2014-11-10,2014-11-14,91.8,1.93,Completed
LRN00611,10083,Workplace Safety,Compliance,2014-11-11,2014-11-17,69.94,2.11,Completed
LRN00612,10083,Company Orientation,Orientation,2014-11-10,2014-11-11,87.6,1.72,Completed
LRN00613,10083,HR Policies and Benefits,Orientation,2014-11-11,,60.17,,In Progress
LRN00614,10083,Communication and Collaboration Tools,Orientation,2014-11-12,2014-11-23,83.87,2.21,Completed
LRN00615,10083,Department Process Training,Role-specific,2014-11-15,2014-11-20,89.62,3.64,Completed
LRN00616,10083,Role Fundamentals,Role-specific,2014-11-17,,,,In Progress
LRN00617,10083,Role Tools and Systems,Role-specific,2014-11-18,2014-12-01,84.96,5.06,Completed
LRN00618,10099,Information Security Awareness,Compliance,2014-05-06,2014-05-13,62.66,3.1,Completed
LRN00619,10099,Data Privacy and Protection,Compliance,2014-05-07,2014-05-15,94.2,1.87,Completed
LRN00620,10099,Code of Conduct,Compliance,2014-05-05,,78.27,,In Progress
LRN00621,10099,Workplace Safety,Compliance,2014-05-06,,,,Assigned
LRN00622,10099,Company Orientation,Orientation,2014-05-05,2014-05-10,85.56,1.9,Completed
LRN00623,10099,HR Policies and Benefits,Orientation,2014-05-06,,,,Overdue
LRN00624,10099,Communication and Collaboration Tools,Orientation,2014-05-07,,,,In Progress
LRN00625,10099,Department Process Training,Role-specific,2014-05-10,2014-05-17,82.77,3.31,Completed
LRN00626,10099,Role Fundamentals,Role-specific,2014-05-12,,84.04,,In Progress
LRN00627,10099,Role Tools and Systems,Role-specific,2014-05-13,2014-05-18,76.7,3.89,Completed
LRN00628,10212,Information Security Awareness,Compliance,2014-11-11,2014-11-13,68.56,2.31,Completed
LRN00629,10212,Data Privacy and Protection,Compliance,2014-11-12,2014-11-23,79.98,1.64,Completed
LRN00630,10212,Code of Conduct,Compliance,2014-11-10,2014-11-15,86.45,1.57,Completed
LRN00631,10212,Workplace Safety,Compliance,2014-11-11,2014-11-18,80.77,2.09,Completed
LRN00632,10212,Company Orientation,Orientation,2014-11-10,,,,Assigned
LRN00633,10212,HR Policies and Benefits,Orientation,2014-11-11,2014-11-21,83.71,1.77,Completed
LRN00634,10212,Communication and Collaboration Tools,Orientation,2014-11-12,,,,Assigned
LRN00635,10212,Department Process Training,Role-specific,2014-11-15,2014-12-03,83.83,3.81,Completed
LRN00636,10212,Role Fundamentals,Role-specific,2014-11-17,,70.38,,In Progress
LRN00637,10212,Role Tools and Systems,Role-specific,2014-11-18,2014-11-23,92.37,4.29,Completed
LRN00638,10056,Information Security Awareness,Compliance,2012-07-03,2012-07-08,87.37,2.22,Completed
LRN00639,10056,Data Privacy and Protection,Compliance,2012-07-04,2012-07-11,83.98,1.69,Completed
LRN00640,10056,Workplace Safety,Compliance,2012-07-03,2012-07-12,79.86,1.68,Completed
LRN00641,10056,Company Orientation,Orientation,2012-07-02,2012-07-08,89.13,2.77,Completed
LRN00642,10056,HR Policies and Benefits,Orientation,2012-07-03,2012-07-15,86.7,2.16,Completed
LRN00643,10056,Communication and Collaboration Tools,Orientation,2012-07-04,,,,In Progress
LRN00644,10056,Department Process Training,Role-specific,2012-07-07,,,,Assigned
LRN00645,10056,Role Fundamentals,Role-specific,2012-07-09,,,,Overdue
LRN00646,10056,Role Tools and Systems,Role-specific,2012-07-10,2012-07-23,80.67,4.89,Completed
LRN00647,10056,Professional Development,Optional,2012-07-17,2012-08-05,94.98,4.91,Completed
LRN00648,10143,Information Security Awareness,Compliance,2011-11-08,2011-11-13,75.88,3.39,Completed
LRN00649,10143,Data Privacy and Protection,Compliance,2011-11-09,2011-11-10,87.27,1.99,Completed
LRN00650,10143,Code of Conduct,Compliance,2011-11-07,2011-11-09,90.65,1.64,Completed
LRN00651,10143,Workplace Safety,Compliance,2011-11-08,2011-11-22,87.04,1.97,Completed
LRN00652,10143,Company Orientation,Orientation,2011-11-07,,,,Assigned
LRN00653,10143,HR Policies and Benefits,Orientation,2011-11-08,2011-11-20,90.52,0.96,Completed
LRN00654,10143,Communication and Collaboration Tools,Orientation,2011-11-09,2011-11-14,96.47,2.25,Completed
LRN00655,10143,Department Process Training,Role-specific,2011-11-12,2011-11-22,82.82,4.09,Completed
LRN00656,10143,Role Fundamentals,Role-specific,2011-11-14,2011-11-30,93.97,4.81,Completed
LRN00657,10143,Role Tools and Systems,Role-specific,2011-11-15,2011-11-29,93.38,5.09,Completed
LRN00658,10311,Information Security Awareness,Compliance,2018-07-10,2018-07-12,91.28,2.75,Completed
LRN00659,10311,Data Privacy and Protection,Compliance,2018-07-11,,,,Assigned
LRN00660,10311,Code of Conduct,Compliance,2018-07-09,2018-07-18,92.13,1.13,Completed
LRN00661,10311,Workplace Safety,Compliance,2018-07-10,2018-07-24,88.93,2.23,Completed
LRN00662,10311,Company Orientation,Orientation,2018-07-09,,,,Overdue
LRN00663,10311,HR Policies and Benefits,Orientation,2018-07-10,2018-07-13,81.18,1.56,Completed
LRN00664,10311,Communication and Collaboration Tools,Orientation,2018-07-11,,,,Overdue
LRN00665,10311,Department Process Training,Role-specific,2018-07-14,2018-07-24,89.04,3.75,Completed
LRN00666,10311,Role Fundamentals,Role-specific,2018-07-16,2018-07-20,93.72,5.96,Completed
LRN00667,10311,Role Tools and Systems,Role-specific,2018-07-17,,,,Assigned
LRN00668,10070,Information Security Awareness,Compliance,2011-05-17,2011-05-20,86.43,1.42,Completed
LRN00669,10070,Data Privacy and Protection,Compliance,2011-05-18,2011-05-23,89.1,1.54,Completed
LRN00670,10070,Code of Conduct,Compliance,2011-05-16,,,,In Progress
LRN00671,10070,Workplace Safety,Compliance,2011-05-17,,,,Overdue
LRN00672,10070,Company Orientation,Orientation,2011-05-16,2011-05-17,82.26,2.19,Completed
LRN00673,10070,HR Policies and Benefits,Orientation,2011-05-17,,,,In Progress
LRN00674,10070,Communication and Collaboration Tools,Orientation,2011-05-18,,,,Assigned
LRN00675,10070,Department Process Training,Role-specific,2011-05-21,,,,Assigned
LRN00676,10070,Role Fundamentals,Role-specific,2011-05-23,2011-05-26,92.28,7.04,Completed
LRN00677,10070,Role Tools and Systems,Role-specific,2011-05-24,,,,Assigned
LRN00678,10070,Professional Development,Optional,2011-05-31,2011-06-18,98.35,5.26,Completed
LRN00679,10155,Information Security Awareness,Compliance,2012-01-10,2012-01-19,81.9,3.2,Completed
LRN00680,10155,Data Privacy and Protection,Compliance,2012-01-11,,,,Assigned
LRN00681,10155,Code of Conduct,Compliance,2012-01-09,2012-01-17,87.69,1.62,Completed
LRN00682,10155,Workplace Safety,Compliance,2012-01-10,2012-01-20,87.59,2.2,Completed
LRN00683,10155,Company Orientation,Orientation,2012-01-09,2012-01-14,86.5,2.55,Completed
LRN00684,10155,HR Policies and Benefits,Orientation,2012-01-10,,,,Assigned
LRN00685,10155,Communication and Collaboration Tools,Orientation,2012-01-11,2012-01-23,86.35,2.1,Completed
LRN00686,10155,Department Process Training,Role-specific,2012-01-14,2012-01-20,85.78,4.15,Completed
LRN00687,10155,Role Fundamentals,Role-specific,2012-01-16,2012-01-29,89.38,7.28,Completed
LRN00688,10155,Role Tools and Systems,Role-specific,2012-01-17,2012-01-29,100.0,4.16,Completed
LRN00689,10155,Professional Development,Optional,2012-01-24,,,,Overdue
LRN00690,10306,Information Security Awareness,Compliance,2014-09-30,2014-10-07,88.55,3.13,Completed
LRN00691,10306,Data Privacy and Protection,Compliance,2014-10-01,2014-10-04,83.34,3.08,Completed
LRN00692,10306,Code of Conduct,Compliance,2014-09-29,2014-10-03,80.45,1.22,Completed
LRN00693,10306,Workplace Safety,Compliance,2014-09-30,,69.27,,In Progress
LRN00694,10306,Company Orientation,Orientation,2014-09-29,2014-10-07,91.85,2.08,Completed
LRN00695,10306,HR Policies and Benefits,Orientation,2014-09-30,,,,Overdue
LRN00696,10306,Communication and Collaboration Tools,Orientation,2014-10-01,,,,Assigned
LRN00697,10306,Department Process Training,Role-specific,2014-10-04,2014-10-09,79.52,4.54,Completed
LRN00698,10306,Role Fundamentals,Role-specific,2014-10-06,2014-10-13,81.83,4.87,Completed
LRN00699,10306,Role Tools and Systems,Role-specific,2014-10-07,,,,Overdue
LRN00700,10100,Information Security Awareness,Compliance,2011-04-05,2011-04-15,95.98,3.91,Completed
LRN00701,10100,Data Privacy and Protection,Compliance,2011-04-06,,,,Overdue
LRN00702,10100,Code of Conduct,Compliance,2011-04-04,,,,Overdue
LRN00703,10100,Workplace Safety,Compliance,2011-04-05,2011-04-18,79.19,1.57,Completed
LRN00704,10100,Company Orientation,Orientation,2011-04-04,2011-04-08,88.68,2.53,Completed
LRN00705,10100,HR Policies and Benefits,Orientation,2011-04-05,,74.03,,In Progress
LRN00706,10100,Communication and Collaboration Tools,Orientation,2011-04-06,2011-04-09,100.0,2.62,Completed
LRN00707,10100,Department Process Training,Role-specific,2011-04-09,2011-04-24,72.08,4.01,Completed
LRN00708,10100,Role Fundamentals,Role-specific,2011-04-11,2011-05-01,82.25,8.41,Completed
LRN00709,10100,Role Tools and Systems,Role-specific,2011-04-12,2011-04-22,78.55,3.6,Completed
LRN00710,10310,Information Security Awareness,Compliance,2014-07-08,2014-07-12,84.56,2.51,Completed
LRN00711,10310,Data Privacy and Protection,Compliance,2014-07-09,2014-07-13,81.68,1.93,Completed
LRN00712,10310,Code of Conduct,Compliance,2014-07-07,2014-07-11,90.84,1.82,Completed
LRN00713,10310,Workplace Safety,Compliance,2014-07-08,2014-07-10,89.5,2.24,Completed
LRN00714,10310,Company Orientation,Orientation,2014-07-07,2014-07-17,92.32,2.99,Completed
LRN00715,10310,HR Policies and Benefits,Orientation,2014-07-08,2014-07-09,79.07,2.01,Completed
LRN00716,10310,Communication and Collaboration Tools,Orientation,2014-07-09,,,,In Progress
LRN00717,10310,Department Process Training,Role-specific,2014-07-12,,,,In Progress
LRN00718,10310,Role Fundamentals,Role-specific,2014-07-14,2014-07-16,79.85,6.1,Completed
LRN00719,10310,Role Tools and Systems,Role-specific,2014-07-15,,,,Assigned
LRN00720,10310,Professional Development,Optional,2014-07-22,,,,Assigned
LRN00721,10197,Information Security Awareness,Compliance,2017-02-16,2017-02-18,88.22,2.74,Completed
LRN00722,10197,Data Privacy and Protection,Compliance,2017-02-17,2017-03-02,75.7,2.63,Completed
LRN00723,10197,Code of Conduct,Compliance,2017-02-15,2017-02-22,85.69,1.47,Completed
LRN00724,10197,Workplace Safety,Compliance,2017-02-16,2017-02-18,83.56,2.49,Completed
LRN00725,10197,Company Orientation,Orientation,2017-02-15,,,,In Progress
LRN00726,10197,HR Policies and Benefits,Orientation,2017-02-16,2017-02-24,81.04,1.37,Completed
LRN00727,10197,Communication and Collaboration Tools,Orientation,2017-02-17,2017-02-22,85.56,3.08,Completed
LRN00728,10197,Department Process Training,Role-specific,2017-02-20,,,,Overdue
LRN00729,10197,Role Fundamentals,Role-specific,2017-02-22,,,,In Progress
LRN00730,10197,Role Tools and Systems,Role-specific,2017-02-23,2017-03-13,76.54,4.8,Completed
LRN00731,10197,Professional Development,Optional,2017-03-02,2017-03-13,94.68,5.55,Completed
LRN00732,10276,Information Security Awareness,Compliance,2014-05-13,,,,In Progress
LRN00733,10276,Code of Conduct,Compliance,2014-05-12,,,,Assigned
LRN00734,10276,Workplace Safety,Compliance,2014-05-13,2014-05-27,91.05,2.36,Completed
LRN00735,10276,Company Orientation,Orientation,2014-05-12,2014-05-13,61.49,1.86,Completed
LRN00736,10276,HR Policies and Benefits,Orientation,2014-05-13,2014-05-15,70.13,2.49,Completed
LRN00737,10276,Communication and Collaboration Tools,Orientation,2014-05-14,2014-05-23,94.84,2.64,Completed
LRN00738,10276,Department Process Training,Role-specific,2014-05-17,2014-05-19,91.58,5.82,Completed
LRN00739,10276,Role Fundamentals,Role-specific,2014-05-19,2014-06-03,73.36,6.54,Completed
LRN00740,10276,Role Tools and Systems,Role-specific,2014-05-20,2014-05-31,82.59,5.55,Completed
LRN00741,10304,Information Security Awareness,Compliance,2012-02-21,,64.94,,In Progress
LRN00742,10304,Data Privacy and Protection,Compliance,2012-02-22,2012-03-04,78.88,0.89,Completed
LRN00743,10304,Code of Conduct,Compliance,2012-02-20,2012-02-28,82.05,2.08,Completed
LRN00744,10304,Workplace Safety,Compliance,2012-02-21,2012-02-27,96.33,2.1,Completed
LRN00745,10304,Company Orientation,Orientation,2012-02-20,,,,Assigned
LRN00746,10304,HR Policies and Benefits,Orientation,2012-02-21,2012-02-25,86.45,2.2,Completed
LRN00747,10304,Communication and Collaboration Tools,Orientation,2012-02-22,,,,In Progress
LRN00748,10304,Department Process Training,Role-specific,2012-02-25,2012-03-05,100.0,3.78,Completed
LRN00749,10304,Role Fundamentals,Role-specific,2012-02-27,2012-03-07,95.12,6.01,Completed
LRN00750,10304,Role Tools and Systems,Role-specific,2012-02-28,2012-03-06,90.13,2.5,Completed
LRN00751,10304,Professional Development,Optional,2012-03-06,,78.0,,In Progress
LRN00752,10284,Information Security Awareness,Compliance,2013-01-08,2013-01-15,82.07,2.54,Completed
LRN00753,10284,Data Privacy and Protection,Compliance,2013-01-09,,,,Overdue
LRN00754,10284,Code of Conduct,Compliance,2013-01-07,2013-01-08,94.4,1.75,Completed
LRN00755,10284,Workplace Safety,Compliance,2013-01-08,2013-01-13,69.56,1.92,Completed
LRN00756,10284,Company Orientation,Orientation,2013-01-07,2013-01-15,78.24,2.41,Completed
LRN00757,10284,HR Policies and Benefits,Orientation,2013-01-08,2013-01-15,92.0,2.26,Completed
LRN00758,10284,Communication and Collaboration Tools,Orientation,2013-01-09,,,,In Progress
LRN00759,10284,Department Process Training,Role-specific,2013-01-12,,,,Assigned
LRN00760,10284,Role Fundamentals,Role-specific,2013-01-14,,69.5,,In Progress
LRN00761,10284,Role Tools and Systems,Role-specific,2013-01-15,2013-01-18,95.67,5.91,Completed
LRN00762,10207,Information Security Awareness,Compliance,2012-04-03,2012-04-06,100.0,3.24,Completed
LRN00763,10207,Data Privacy and Protection,Compliance,2012-04-04,2012-04-13,82.9,1.65,Completed
LRN00764,10207,Code of Conduct,Compliance,2012-04-02,,,,Overdue
LRN00765,10207,Workplace Safety,Compliance,2012-04-03,2012-04-05,85.08,2.64,Completed
LRN00766,10207,Company Orientation,Orientation,2012-04-02,,,,Assigned
LRN00767,10207,HR Policies and Benefits,Orientation,2012-04-03,,61.01,,In Progress
LRN00768,10207,Communication and Collaboration Tools,Orientation,2012-04-04,2012-04-07,85.31,2.36,Completed
LRN00769,10207,Department Process Training,Role-specific,2012-04-07,,,,In Progress
LRN00770,10207,Role Fundamentals,Role-specific,2012-04-09,2012-04-29,81.09,4.07,Completed
LRN00771,10207,Role Tools and Systems,Role-specific,2012-04-10,2012-04-24,94.98,4.46,Completed
LRN00772,10133,Information Security Awareness,Compliance,2015-01-06,2015-01-15,78.9,1.92,Completed
LRN00773,10133,Data Privacy and Protection,Compliance,2015-01-07,2015-01-16,84.53,1.74,Completed
LRN00774,10133,Code of Conduct,Compliance,2015-01-05,2015-01-09,93.84,1.58,Completed
LRN00775,10133,Workplace Safety,Compliance,2015-01-06,,,,In Progress
LRN00776,10133,Company Orientation,Orientation,2015-01-05,2015-01-12,79.07,1.68,Completed
LRN00777,10133,HR Policies and Benefits,Orientation,2015-01-06,2015-01-17,67.02,1.79,Completed
LRN00778,10133,Communication and Collaboration Tools,Orientation,2015-01-07,2015-01-15,98.61,1.65,Completed
LRN00779,10133,Department Process Training,Role-specific,2015-01-10,,,,In Progress
LRN00780,10133,Role Fundamentals,Role-specific,2015-01-12,2015-02-02,80.94,6.74,Completed
LRN00781,10133,Role Tools and Systems,Role-specific,2015-01-13,,,,Assigned
LRN00782,10028,Information Security Awareness,Compliance,2014-01-06,2014-01-14,82.51,2.55,Completed
LRN00783,10028,Data Privacy and Protection,Compliance,2014-01-07,2014-01-10,81.39,1.99,Completed
LRN00784,10028,Code of Conduct,Compliance,2014-01-05,2014-01-09,73.82,1.81,Completed
LRN00785,10028,Workplace Safety,Compliance,2014-01-06,,,,In Progress
LRN00786,10028,Company Orientation,Orientation,2014-01-05,,,,In Progress
LRN00787,10028,HR Policies and Benefits,Orientation,2014-01-06,2014-01-18,78.14,2.11,Completed
LRN00788,10028,Communication and Collaboration Tools,Orientation,2014-01-07,2014-01-17,84.96,2.54,Completed
LRN00789,10028,Department Process Training,Role-specific,2014-01-10,2014-01-28,91.92,4.66,Completed
LRN00790,10028,Role Fundamentals,Role-specific,2014-01-12,2014-01-24,82.99,5.45,Completed
LRN00791,10028,Role Tools and Systems,Role-specific,2014-01-13,,,,Overdue
LRN00792,10006,Information Security Awareness,Compliance,2011-01-11,2011-01-19,79.38,2.29,Completed
LRN00793,10006,Data Privacy and Protection,Compliance,2011-01-12,2011-01-27,93.97,1.76,Completed
LRN00794,10006,Code of Conduct,Compliance,2011-01-10,2011-01-13,75.92,1.11,Completed
LRN00795,10006,Workplace Safety,Compliance,2011-01-11,2011-01-13,76.49,1.72,Completed
LRN00796,10006,Company Orientation,Orientation,2011-01-10,2011-01-14,96.58,2.83,Completed
LRN00797,10006,HR Policies and Benefits,Orientation,2011-01-11,2011-01-13,82.31,1.83,Completed
LRN00798,10006,Communication and Collaboration Tools,Orientation,2011-01-12,,,,Assigned
LRN00799,10006,Department Process Training,Role-specific,2011-01-15,,,,Assigned
LRN00800,10006,Role Fundamentals,Role-specific,2011-01-17,,,,In Progress
LRN00801,10006,Role Tools and Systems,Role-specific,2011-01-18,2011-01-31,92.1,4.25,Completed
LRN00802,10105,Information Security Awareness,Compliance,2014-09-19,,,,In Progress
LRN00803,10105,Data Privacy and Protection,Compliance,2014-09-20,2014-09-30,85.09,2.04,Completed
LRN00804,10105,Code of Conduct,Compliance,2014-09-18,2014-09-24,85.98,1.74,Completed
LRN00805,10105,Workplace Safety,Compliance,2014-09-19,2014-09-24,92.13,1.7,Completed
LRN00806,10105,Company Orientation,Orientation,2014-09-18,2014-09-21,85.02,1.4,Completed
LRN00807,10105,HR Policies and Benefits,Orientation,2014-09-19,2014-09-25,95.86,2.22,Completed
LRN00808,10105,Communication and Collaboration Tools,Orientation,2014-09-20,2014-09-24,89.88,3.11,Completed
LRN00809,10105,Department Process Training,Role-specific,2014-09-23,2014-10-02,98.17,4.29,Completed
LRN00810,10105,Role Fundamentals,Role-specific,2014-09-25,2014-10-02,81.19,8.05,Completed
LRN00811,10105,Role Tools and Systems,Role-specific,2014-09-26,2014-10-04,92.44,4.61,Completed
LRN00812,10211,Information Security Awareness,Compliance,2010-04-27,,,,In Progress
LRN00813,10211,Data Privacy and Protection,Compliance,2010-04-28,2010-05-02,100.0,1.91,Completed
LRN00814,10211,Code of Conduct,Compliance,2010-04-26,,74.82,,In Progress
LRN00815,10211,Workplace Safety,Compliance,2010-04-27,2010-05-07,83.03,2.43,Completed
LRN00816,10211,Company Orientation,Orientation,2010-04-26,2010-04-29,90.34,2.62,Completed
LRN00817,10211,HR Policies and Benefits,Orientation,2010-04-27,,,,Assigned
LRN00818,10211,Communication and Collaboration Tools,Orientation,2010-04-28,2010-05-05,94.37,2.07,Completed
LRN00819,10211,Department Process Training,Role-specific,2010-05-01,2010-05-08,91.05,4.38,Completed
LRN00820,10211,Role Fundamentals,Role-specific,2010-05-03,2010-05-12,83.44,6.94,Completed
LRN00821,10211,Role Tools and Systems,Role-specific,2010-05-04,,64.88,,In Progress
LRN00822,10064,Information Security Awareness,Compliance,2011-04-05,2011-04-06,85.13,2.28,Completed
LRN00823,10064,Data Privacy and Protection,Compliance,2011-04-06,2011-04-12,89.11,1.85,Completed
LRN00824,10064,Code of Conduct,Compliance,2011-04-04,2011-04-07,97.48,1.95,Completed
LRN00825,10064,Workplace Safety,Compliance,2011-04-05,,,,Assigned
LRN00826,10064,Company Orientation,Orientation,2011-04-04,,,,Assigned
LRN00827,10064,HR Policies and Benefits,Orientation,2011-04-05,,,,Overdue
LRN00828,10064,Communication and Collaboration Tools,Orientation,2011-04-06,2011-04-09,95.07,2.03,Completed
LRN00829,10064,Department Process Training,Role-specific,2011-04-09,2011-04-22,71.52,4.38,Completed
LRN00830,10064,Role Fundamentals,Role-specific,2011-04-11,2011-04-23,91.12,7.77,Completed
LRN00831,10064,Role Tools and Systems,Role-specific,2011-04-12,,,,Assigned
LRN00832,10247,Information Security Awareness,Compliance,2014-11-11,2014-11-14,96.13,3.19,Completed
LRN00833,10247,Data Privacy and Protection,Compliance,2014-11-12,2014-11-19,93.74,1.97,Completed
LRN00834,10247,Code of Conduct,Compliance,2014-11-10,2014-11-13,93.95,1.52,Completed
LRN00835,10247,Workplace Safety,Compliance,2014-11-11,,,,In Progress
LRN00836,10247,Company Orientation,Orientation,2014-11-10,2014-11-19,79.33,3.58,Completed
LRN00837,10247,HR Policies and Benefits,Orientation,2014-11-11,2014-11-14,73.13,1.67,Completed
LRN00838,10247,Communication and Collaboration Tools,Orientation,2014-11-12,,,,Assigned
LRN00839,10247,Department Process Training,Role-specific,2014-11-15,2014-11-30,70.69,4.83,Completed
LRN00840,10247,Role Fundamentals,Role-specific,2014-11-17,2014-11-24,85.3,6.25,Completed
LRN00841,10247,Role Tools and Systems,Role-specific,2014-11-18,2014-12-05,78.82,3.61,Completed
LRN00842,10235,Information Security Awareness,Compliance,2014-04-01,2014-04-05,85.94,2.97,Completed
LRN00843,10235,Data Privacy and Protection,Compliance,2014-04-02,,,,In Progress
LRN00844,10235,Code of Conduct,Compliance,2014-03-31,2014-04-06,80.54,1.96,Completed
LRN00845,10235,Workplace Safety,Compliance,2014-04-01,2014-04-03,84.76,2.54,Completed
LRN00846,10235,Company Orientation,Orientation,2014-03-31,2014-04-06,79.47,2.48,Completed
LRN00847,10235,HR Policies and Benefits,Orientation,2014-04-01,2014-04-03,85.55,2.0,Completed
LRN00848,10235,Communication and Collaboration Tools,Orientation,2014-04-02,,,,Overdue
LRN00849,10235,Department Process Training,Role-specific,2014-04-05,,,,Assigned
LRN00850,10235,Role Fundamentals,Role-specific,2014-04-07,2014-04-27,95.66,5.6,Completed
LRN00851,10235,Role Tools and Systems,Role-specific,2014-04-08,2014-04-27,81.32,5.03,Completed
LRN00852,10299,Information Security Awareness,Compliance,2014-07-08,2014-07-19,97.58,2.42,Completed
LRN00853,10299,Data Privacy and Protection,Compliance,2014-07-09,2014-07-15,88.33,2.96,Completed
LRN00854,10299,Code of Conduct,Compliance,2014-07-07,2014-07-09,70.82,1.89,Completed
LRN00855,10299,Workplace Safety,Compliance,2014-07-08,2014-07-13,81.31,2.11,Completed
LRN00856,10299,Company Orientation,Orientation,2014-07-07,2014-07-13,84.56,2.72,Completed
LRN00857,10299,HR Policies and Benefits,Orientation,2014-07-08,2014-07-17,83.22,1.43,Completed
LRN00858,10299,Communication and Collaboration Tools,Orientation,2014-07-09,,64.0,,In Progress
LRN00859,10299,Department Process Training,Role-specific,2014-07-12,,,,Assigned
LRN00860,10299,Role Fundamentals,Role-specific,2014-07-14,2014-07-23,80.75,6.83,Completed
LRN00861,10299,Role Tools and Systems,Role-specific,2014-07-15,2014-07-27,89.88,4.28,Completed
LRN00862,10299,Professional Development,Optional,2014-07-22,,,,In Progress
LRN00863,10280,Information Security Awareness,Compliance,2012-04-03,2012-04-13,87.13,1.62,Completed
LRN00864,10280,Code of Conduct,Compliance,2012-04-02,2012-04-12,70.72,1.12,Completed
LRN00865,10280,Workplace Safety,Compliance,2012-04-03,2012-04-07,85.49,1.85,Completed
LRN00866,10280,Company Orientation,Orientation,2012-04-02,,,,Assigned
LRN00867,10280,HR Policies and Benefits,Orientation,2012-04-03,,,,In Progress
LRN00868,10280,Communication and Collaboration Tools,Orientation,2012-04-04,2012-04-11,79.1,2.93,Completed
LRN00869,10280,Department Process Training,Role-specific,2012-04-07,2012-04-19,92.68,4.95,Completed
LRN00870,10280,Role Fundamentals,Role-specific,2012-04-09,2012-04-11,89.2,2.57,Completed
LRN00871,10280,Role Tools and Systems,Role-specific,2012-04-10,2012-04-24,85.09,4.45,Completed
LRN00872,10296,Information Security Awareness,Compliance,2014-02-18,2014-02-26,86.54,2.56,Completed
LRN00873,10296,Data Privacy and Protection,Compliance,2014-02-19,2014-03-01,94.31,1.57,Completed
LRN00874,10296,Code of Conduct,Compliance,2014-02-17,2014-02-20,72.12,1.55,Completed
LRN00875,10296,Workplace Safety,Compliance,2014-02-18,2014-02-23,83.03,1.64,Completed
LRN00876,10296,Company Orientation,Orientation,2014-02-17,2014-02-23,75.88,1.92,Completed
LRN00877,10296,HR Policies and Benefits,Orientation,2014-02-18,,,,Overdue
LRN00878,10296,Communication and Collaboration Tools,Orientation,2014-02-19,,,,Assigned
LRN00879,10296,Department Process Training,Role-specific,2014-02-22,2014-03-10,85.79,3.68,Completed
LRN00880,10296,Role Fundamentals,Role-specific,2014-02-24,2014-03-12,100.0,7.67,Completed
LRN00881,10296,Role Tools and Systems,Role-specific,2014-02-25,2014-03-13,91.18,3.75,Completed
LRN00882,10296,Professional Development,Optional,2014-03-04,2014-03-19,95.28,6.05,Completed
LRN00883,10290,Information Security Awareness,Compliance,2011-05-03,2011-05-13,76.42,2.82,Completed
LRN00884,10290,Data Privacy and Protection,Compliance,2011-05-04,2011-05-13,92.0,2.35,Completed
LRN00885,10290,Code of Conduct,Compliance,2011-05-02,,,,Overdue
LRN00886,10290,Workplace Safety,Compliance,2011-05-03,,,,Overdue
LRN00887,10290,Company Orientation,Orientation,2011-05-02,,,,In Progress
LRN00888,10290,HR Policies and Benefits,Orientation,2011-05-03,2011-05-13,71.43,2.7,Completed
LRN00889,10290,Communication and Collaboration Tools,Orientation,2011-05-04,2011-05-17,92.16,2.98,Completed
LRN00890,10290,Department Process Training,Role-specific,2011-05-07,,,,In Progress
LRN00891,10290,Role Fundamentals,Role-specific,2011-05-09,2011-05-20,100.0,6.67,Completed
LRN00892,10290,Role Tools and Systems,Role-specific,2011-05-10,,,,In Progress
LRN00893,10290,Professional Development,Optional,2011-05-17,2011-05-24,98.04,4.34,Completed
LRN00894,10263,Information Security Awareness,Compliance,2014-07-08,2014-07-09,86.09,2.47,Completed
LRN00895,10263,Data Privacy and Protection,Compliance,2014-07-09,2014-07-21,82.4,2.59,Completed
LRN00896,10263,Code of Conduct,Compliance,2014-07-07,,,,In Progress
LRN00897,10263,Workplace Safety,Compliance,2014-07-08,2014-07-22,91.4,2.22,Completed
LRN00898,10263,Company Orientation,Orientation,2014-07-07,2014-07-12,90.59,2.18,Completed
LRN00899,10263,HR Policies and Benefits,Orientation,2014-07-08,2014-07-19,92.99,1.61,Completed
LRN00900,10263,Communication and Collaboration Tools,Orientation,2014-07-09,,,,Overdue
LRN00901,10263,Department Process Training,Role-specific,2014-07-12,2014-07-15,99.81,2.47,Completed
LRN00902,10263,Role Fundamentals,Role-specific,2014-07-14,2014-07-24,81.44,5.24,Completed
LRN00903,10263,Role Tools and Systems,Role-specific,2014-07-15,2014-07-20,82.64,4.02,Completed
LRN00904,10136,Information Security Awareness,Compliance,2014-02-18,2014-02-22,92.02,2.92,Completed
LRN00905,10136,Data Privacy and Protection,Compliance,2014-02-19,2014-02-28,88.39,2.27,Completed
LRN00906,10136,Code of Conduct,Compliance,2014-02-17,2014-02-25,85.07,2.05,Completed
LRN00907,10136,Workplace Safety,Compliance,2014-02-18,2014-02-20,72.69,3.0,Completed
LRN00908,10136,Company Orientation,Orientation,2014-02-17,2014-02-21,93.76,2.0,Completed
LRN00909,10136,HR Policies and Benefits,Orientation,2014-02-18,2014-03-02,85.14,2.22,Completed
LRN00910,10136,Communication and Collaboration Tools,Orientation,2014-02-19,2014-02-26,86.6,2.42,Completed
LRN00911,10136,Department Process Training,Role-specific,2014-02-22,,,,Overdue
LRN00912,10136,Role Fundamentals,Role-specific,2014-02-24,2014-03-17,91.85,5.2,Completed
LRN00913,10136,Role Tools and Systems,Role-specific,2014-02-25,,61.79,,In Progress
LRN00914,10136,Professional Development,Optional,2014-03-04,,,,In Progress
LRN00915,10189,Information Security Awareness,Compliance,2011-11-08,,,,Assigned
LRN00916,10189,Data Privacy and Protection,Compliance,2011-11-09,2011-11-14,98.6,1.98,Completed
LRN00917,10189,Code of Conduct,Compliance,2011-11-07,2011-11-15,83.28,1.23,Completed
LRN00918,10189,Workplace Safety,Compliance,2011-11-08,2011-11-12,79.73,3.22,Completed
LRN00919,10189,Company Orientation,Orientation,2011-11-07,,,,In Progress
LRN00920,10189,HR Policies and Benefits,Orientation,2011-11-08,2011-11-17,98.23,2.03,Completed
LRN00921,10189,Communication and Collaboration Tools,Orientation,2011-11-09,2011-11-21,80.58,1.96,Completed
LRN00922,10189,Department Process Training,Role-specific,2011-11-12,2011-11-21,86.94,2.21,Completed
LRN00923,10189,Role Fundamentals,Role-specific,2011-11-14,2011-11-17,79.35,6.48,Completed
LRN00924,10189,Role Tools and Systems,Role-specific,2011-11-15,2011-12-02,93.15,5.18,Completed
LRN00925,10189,Professional Development,Optional,2011-11-22,,,,Overdue
LRN00926,10308,Information Security Awareness,Compliance,2015-05-12,,64.03,,In Progress
LRN00927,10308,Data Privacy and Protection,Compliance,2015-05-13,2015-05-16,89.37,1.96,Completed
LRN00928,10308,Code of Conduct,Compliance,2015-05-11,2015-05-15,80.89,1.3,Completed
LRN00929,10308,Workplace Safety,Compliance,2015-05-12,,,,Overdue
LRN00930,10308,Company Orientation,Orientation,2015-05-11,2015-05-19,86.63,2.07,Completed
LRN00931,10308,HR Policies and Benefits,Orientation,2015-05-12,2015-05-20,81.52,1.44,Completed
LRN00932,10308,Communication and Collaboration Tools,Orientation,2015-05-13,2015-05-17,82.73,2.52,Completed
LRN00933,10308,Department Process Training,Role-specific,2015-05-16,,,,Overdue
LRN00934,10308,Role Fundamentals,Role-specific,2015-05-18,2015-05-28,76.41,6.65,Completed
LRN00935,10308,Role Tools and Systems,Role-specific,2015-05-19,,,,In Progress
LRN00936,10309,Information Security Awareness,Compliance,2015-03-31,2015-04-09,98.61,3.42,Completed
LRN00937,10309,Data Privacy and Protection,Compliance,2015-04-01,2015-04-03,93.3,1.71,Completed
LRN00938,10309,Code of Conduct,Compliance,2015-03-30,2015-04-02,80.84,1.3,Completed
LRN00939,10309,Workplace Safety,Compliance,2015-03-31,2015-04-09,92.41,2.11,Completed
LRN00940,10309,Company Orientation,Orientation,2015-03-30,2015-04-08,80.03,2.93,Completed
LRN00941,10309,HR Policies and Benefits,Orientation,2015-03-31,2015-04-08,94.45,1.7,Completed
LRN00942,10309,Communication and Collaboration Tools,Orientation,2015-04-01,2015-04-06,97.37,2.3,Completed
LRN00943,10309,Department Process Training,Role-specific,2015-04-04,2015-04-18,99.14,5.01,Completed
LRN00944,10309,Role Fundamentals,Role-specific,2015-04-06,,,,In Progress
LRN00945,10309,Role Tools and Systems,Role-specific,2015-04-07,,,,Assigned
LRN00946,10049,Information Security Awareness,Compliance,2012-01-10,2012-01-21,95.35,1.92,Completed
LRN00947,10049,Data Privacy and Protection,Compliance,2012-01-11,2012-01-22,83.64,0.99,Completed
LRN00948,10049,Code of Conduct,Compliance,2012-01-09,2012-01-11,90.25,1.53,Completed
LRN00949,10049,Workplace Safety,Compliance,2012-01-10,2012-01-18,100.0,1.49,Completed
LRN00950,10049,Company Orientation,Orientation,2012-01-09,2012-01-14,80.11,2.51,Completed
LRN00951,10049,HR Policies and Benefits,Orientation,2012-01-10,2012-01-20,97.28,1.73,Completed
LRN00952,10049,Communication and Collaboration Tools,Orientation,2012-01-11,2012-01-25,94.22,2.47,Completed
LRN00953,10049,Department Process Training,Role-specific,2012-01-14,2012-01-15,81.33,4.1,Completed
LRN00954,10049,Role Fundamentals,Role-specific,2012-01-16,2012-01-25,75.24,5.06,Completed
LRN00955,10049,Role Tools and Systems,Role-specific,2012-01-17,2012-02-01,81.12,6.57,Completed
LRN00956,10093,Information Security Awareness,Compliance,2011-05-17,2011-05-28,87.78,3.19,Completed
LRN00957,10093,Data Privacy and Protection,Compliance,2011-05-18,2011-05-22,99.02,1.98,Completed
LRN00958,10093,Code of Conduct,Compliance,2011-05-16,2011-05-17,79.87,1.14,Completed
LRN00959,10093,Company Orientation,Orientation,2011-05-16,,,,In Progress
LRN00960,10093,HR Policies and Benefits,Orientation,2011-05-17,2011-05-23,95.99,2.28,Completed
LRN00961,10093,Communication and Collaboration Tools,Orientation,2011-05-18,,,,In Progress
LRN00962,10093,Department Process Training,Role-specific,2011-05-21,,,,Assigned
LRN00963,10093,Role Fundamentals,Role-specific,2011-05-23,2011-05-24,94.48,5.68,Completed
LRN00964,10093,Role Tools and Systems,Role-specific,2011-05-24,2011-06-06,100.0,4.18,Completed
LRN00965,10163,Information Security Awareness,Compliance,2011-04-05,2011-04-17,80.95,3.03,Completed
LRN00966,10163,Data Privacy and Protection,Compliance,2011-04-06,,,,Assigned
LRN00967,10163,Code of Conduct,Compliance,2011-04-04,,,,Assigned
LRN00968,10163,Workplace Safety,Compliance,2011-04-05,,,,Assigned
LRN00969,10163,Company Orientation,Orientation,2011-04-04,,,,Assigned
LRN00970,10163,HR Policies and Benefits,Orientation,2011-04-05,,,,Overdue
LRN00971,10163,Communication and Collaboration Tools,Orientation,2011-04-06,2011-04-10,89.22,2.12,Completed
LRN00972,10163,Department Process Training,Role-specific,2011-04-09,2011-04-21,81.64,4.59,Completed
LRN00973,10163,Role Fundamentals,Role-specific,2011-04-11,2011-04-17,79.27,6.33,Completed
LRN00974,10163,Role Tools and Systems,Role-specific,2011-04-12,2011-04-14,76.16,4.82,Completed
LRN00975,10305,Information Security Awareness,Compliance,2014-09-30,2014-10-09,85.23,2.08,Completed
LRN00976,10305,Data Privacy and Protection,Compliance,2014-10-01,2014-10-02,85.05,1.64,Completed
LRN00977,10305,Code of Conduct,Compliance,2014-09-29,2014-10-04,87.61,1.39,Completed
LRN00978,10305,Workplace Safety,Compliance,2014-09-30,2014-10-13,93.11,2.57,Completed
LRN00979,10305,Company Orientation,Orientation,2014-09-29,2014-10-03,78.53,2.05,Completed
LRN00980,10305,HR Policies and Benefits,Orientation,2014-09-30,2014-10-08,76.89,1.82,Completed
LRN00981,10305,Communication and Collaboration Tools,Orientation,2014-10-01,,,,Assigned
LRN00982,10305,Department Process Training,Role-specific,2014-10-04,2014-10-17,83.47,4.94,Completed
LRN00983,10305,Role Fundamentals,Role-specific,2014-10-06,,,,In Progress
LRN00984,10305,Role Tools and Systems,Role-specific,2014-10-07,2014-10-09,86.03,4.73,Completed
LRN00985,10305,Professional Development,Optional,2014-10-14,2014-11-01,100.0,4.15,Completed
LRN00986,10015,Information Security Awareness,Compliance,2011-04-16,,,,In Progress
LRN00987,10015,Data Privacy and Protection,Compliance,2011-04-17,,,,Assigned
LRN00988,10015,Code of Conduct,Compliance,2011-04-15,2011-04-19,72.2,1.12,Completed
LRN00989,10015,Workplace Safety,Compliance,2011-04-16,2011-04-17,82.27,1.56,Completed
LRN00990,10015,Company Orientation,Orientation,2011-04-15,2011-04-24,82.23,2.87,Completed
LRN00991,10015,HR Policies and Benefits,Orientation,2011-04-16,,,,Overdue
LRN00992,10015,Communication and Collaboration Tools,Orientation,2011-04-17,,,,Overdue
LRN00993,10015,Department Process Training,Role-specific,2011-04-20,2011-04-22,93.76,4.99,Completed
LRN00994,10015,Role Fundamentals,Role-specific,2011-04-22,,60.16,,In Progress
LRN00995,10015,Role Tools and Systems,Role-specific,2011-04-23,2011-05-10,96.63,3.91,Completed
LRN00996,10080,Information Security Awareness,Compliance,2009-01-06,2009-01-14,81.82,2.89,Completed
LRN00997,10080,Data Privacy and Protection,Compliance,2009-01-07,2009-01-18,86.36,2.3,Completed
LRN00998,10080,Code of Conduct,Compliance,2009-01-05,2009-01-06,75.65,1.26,Completed
LRN00999,10080,Workplace Safety,Compliance,2009-01-06,2009-01-20,98.93,2.31,Completed
LRN01000,10080,Company Orientation,Orientation,2009-01-05,2009-01-06,91.99,2.17,Completed
LRN01001,10080,HR Policies and Benefits,Orientation,2009-01-06,2009-01-09,76.01,2.13,Completed
LRN01002,10080,Communication and Collaboration Tools,Orientation,2009-01-07,2009-01-16,91.5,2.77,Completed
LRN01003,10080,Department Process Training,Role-specific,2009-01-10,2009-01-21,85.66,4.33,Completed
LRN01004,10080,Role Fundamentals,Role-specific,2009-01-12,,,,Assigned
LRN01005,10080,Role Tools and Systems,Role-specific,2009-01-13,2009-02-01,91.35,3.9,Completed
LRN01006,10258,Data Privacy and Protection,Compliance,2011-09-08,2011-09-17,100.0,1.91,Completed
LRN01007,10258,Code of Conduct,Compliance,2011-09-06,2011-09-07,88.98,1.75,Completed
LRN01008,10258,Workplace Safety,Compliance,2011-09-07,,,,In Progress
LRN01009,10258,Company Orientation,Orientation,2011-09-06,2011-09-10,88.16,2.05,Completed
LRN01010,10258,HR Policies and Benefits,Orientation,2011-09-07,2011-09-11,81.13,1.69,Completed
LRN01011,10258,Communication and Collaboration Tools,Orientation,2011-09-08,2011-09-18,83.89,1.77,Completed
LRN01012,10258,Department Process Training,Role-specific,2011-09-11,2011-09-12,90.37,4.44,Completed
LRN01013,10258,Role Fundamentals,Role-specific,2011-09-13,2011-09-16,80.84,6.41,Completed
LRN01014,10258,Role Tools and Systems,Role-specific,2011-09-14,2011-09-29,78.66,3.43,Completed
LRN01015,10258,Professional Development,Optional,2011-09-21,,,,In Progress
LRN01016,10273,Information Security Awareness,Compliance,2010-05-02,2010-05-14,71.91,2.93,Completed
LRN01017,10273,Data Privacy and Protection,Compliance,2010-05-03,2010-05-18,89.04,1.61,Completed
LRN01018,10273,Code of Conduct,Compliance,2010-05-01,2010-05-06,80.3,1.67,Completed
LRN01019,10273,Workplace Safety,Compliance,2010-05-02,2010-05-03,78.15,1.71,Completed
LRN01020,10273,Company Orientation,Orientation,2010-05-01,2010-05-02,75.1,1.79,Completed
LRN01021,10273,HR Policies and Benefits,Orientation,2010-05-02,2010-05-14,76.56,1.95,Completed
LRN01022,10273,Communication and Collaboration Tools,Orientation,2010-05-03,,,,Overdue
LRN01023,10273,Department Process Training,Role-specific,2010-05-06,2010-05-20,84.35,4.82,Completed
LRN01024,10273,Role Fundamentals,Role-specific,2010-05-08,,,,In Progress
LRN01025,10273,Role Tools and Systems,Role-specific,2010-05-09,2010-05-18,94.84,4.89,Completed
LRN01026,10111,Information Security Awareness,Compliance,2015-03-31,2015-04-08,77.8,3.01,Completed
LRN01027,10111,Data Privacy and Protection,Compliance,2015-04-01,2015-04-11,95.67,2.89,Completed
LRN01028,10111,Code of Conduct,Compliance,2015-03-30,2015-04-07,97.42,1.53,Completed
LRN01029,10111,Workplace Safety,Compliance,2015-03-31,2015-04-13,88.04,1.76,Completed
LRN01030,10111,Company Orientation,Orientation,2015-03-30,2015-04-04,85.5,2.81,Completed
LRN01031,10111,HR Policies and Benefits,Orientation,2015-03-31,2015-04-03,98.08,1.57,Completed
LRN01032,10111,Communication and Collaboration Tools,Orientation,2015-04-01,,,,Overdue
LRN01033,10111,Department Process Training,Role-specific,2015-04-04,,,,Overdue
LRN01034,10111,Role Fundamentals,Role-specific,2015-04-06,2015-04-07,94.78,6.89,Completed
LRN01035,10111,Role Tools and Systems,Role-specific,2015-04-07,2015-04-11,94.91,3.73,Completed
LRN01036,10257,Information Security Awareness,Compliance,2011-05-17,2011-05-19,85.64,1.8,Completed
LRN01037,10257,Data Privacy and Protection,Compliance,2011-05-18,,,,Overdue
LRN01038,10257,Code of Conduct,Compliance,2011-05-16,2011-05-25,88.74,1.31,Completed
LRN01039,10257,Company Orientation,Orientation,2011-05-16,2011-05-18,83.3,2.55,Completed
LRN01040,10257,HR Policies and Benefits,Orientation,2011-05-17,2011-05-22,88.64,2.64,Completed
LRN01041,10257,Communication and Collaboration Tools,Orientation,2011-05-18,,40.51,,In Progress
LRN01042,10257,Department Process Training,Role-specific,2011-05-21,2011-05-30,79.45,4.87,Completed
LRN01043,10257,Role Fundamentals,Role-specific,2011-05-23,,,,In Progress
LRN01044,10257,Role Tools and Systems,Role-specific,2011-05-24,2011-06-07,70.67,3.48,Completed
LRN01045,10257,Professional Development,Optional,2011-05-31,2011-06-05,79.87,4.6,Completed
LRN01046,10159,Information Security Awareness,Compliance,2015-03-31,2015-04-06,96.44,2.13,Completed
LRN01047,10159,Data Privacy and Protection,Compliance,2015-04-01,2015-04-14,94.59,1.84,Completed
LRN01048,10159,Code of Conduct,Compliance,2015-03-30,2015-04-05,84.26,1.58,Completed
LRN01049,10159,Workplace Safety,Compliance,2015-03-31,2015-04-01,81.34,2.25,Completed
LRN01050,10159,Company Orientation,Orientation,2015-03-30,2015-04-08,85.51,2.28,Completed
LRN01051,10159,HR Policies and Benefits,Orientation,2015-03-31,2015-04-08,100.0,2.38,Completed
LRN01052,10159,Communication and Collaboration Tools,Orientation,2015-04-01,2015-04-15,100.0,2.76,Completed
LRN01053,10159,Department Process Training,Role-specific,2015-04-04,2015-04-14,77.93,3.64,Completed
LRN01054,10159,Role Fundamentals,Role-specific,2015-04-06,,,,Overdue
LRN01055,10159,Role Tools and Systems,Role-specific,2015-04-07,2015-04-12,84.61,4.62,Completed
LRN01056,10122,Information Security Awareness,Compliance,2011-11-08,2011-11-11,95.08,2.89,Completed
LRN01057,10122,Data Privacy and Protection,Compliance,2011-11-09,2011-11-21,83.49,2.07,Completed
LRN01058,10122,Code of Conduct,Compliance,2011-11-07,2011-11-13,88.27,1.68,Completed
LRN01059,10122,Workplace Safety,Compliance,2011-11-08,,,,Assigned
LRN01060,10122,Company Orientation,Orientation,2011-11-07,,,,In Progress
LRN01061,10122,HR Policies and Benefits,Orientation,2011-11-08,2011-11-19,85.72,1.25,Completed
LRN01062,10122,Communication and Collaboration Tools,Orientation,2011-11-09,2011-11-24,83.75,2.38,Completed
LRN01063,10122,Department Process Training,Role-specific,2011-11-12,2011-11-15,77.37,2.7,Completed
LRN01064,10122,Role Fundamentals,Role-specific,2011-11-14,,84.88,,In Progress
LRN01065,10122,Role Tools and Systems,Role-specific,2011-11-15,,,,Assigned
LRN01066,10142,Information Security Awareness,Compliance,2014-07-08,2014-07-13,90.31,2.04,Completed
LRN01067,10142,Data Privacy and Protection,Compliance,2014-07-09,,,,Assigned
LRN01068,10142,Code of Conduct,Compliance,2014-07-07,,,,Overdue
LRN01069,10142,Workplace Safety,Compliance,2014-07-08,,,,In Progress
LRN01070,10142,Company Orientation,Orientation,2014-07-07,2014-07-09,64.37,2.19,Completed
LRN01071,10142,HR Policies and Benefits,Orientation,2014-07-08,2014-07-20,87.32,1.98,Completed
LRN01072,10142,Communication and Collaboration Tools,Orientation,2014-07-09,2014-07-14,87.72,2.04,Completed
LRN01073,10142,Department Process Training,Role-specific,2014-07-12,2014-07-28,86.24,3.77,Completed
LRN01074,10142,Role Fundamentals,Role-specific,2014-07-14,2014-07-22,87.0,5.69,Completed
LRN01075,10142,Role Tools and Systems,Role-specific,2014-07-15,,,,In Progress
LRN01076,10142,Professional Development,Optional,2014-07-22,,61.92,,In Progress
LRN01077,10283,Information Security Awareness,Compliance,2012-04-03,,,,Overdue
LRN01078,10283,Data Privacy and Protection,Compliance,2012-04-04,,,,Assigned
LRN01079,10283,Code of Conduct,Compliance,2012-04-02,2012-04-03,100.0,1.3,Completed
LRN01080,10283,Workplace Safety,Compliance,2012-04-03,2012-04-15,89.41,1.99,Completed
LRN01081,10283,Company Orientation,Orientation,2012-04-02,,,,In Progress
LRN01082,10283,HR Policies and Benefits,Orientation,2012-04-03,2012-04-09,72.19,1.68,Completed
LRN01083,10283,Communication and Collaboration Tools,Orientation,2012-04-04,2012-04-09,90.67,2.8,Completed
LRN01084,10283,Department Process Training,Role-specific,2012-04-07,2012-04-20,71.13,3.6,Completed
LRN01085,10283,Role Fundamentals,Role-specific,2012-04-09,,,,Overdue
LRN01086,10283,Role Tools and Systems,Role-specific,2012-04-10,2012-04-19,80.3,5.45,Completed
LRN01087,10018,Information Security Awareness,Compliance,2014-09-30,2014-10-03,83.07,3.34,Completed
LRN01088,10018,Data Privacy and Protection,Compliance,2014-10-01,2014-10-13,85.68,1.12,Completed
LRN01089,10018,Code of Conduct,Compliance,2014-09-29,2014-10-03,83.14,1.17,Completed
LRN01090,10018,Workplace Safety,Compliance,2014-09-30,,,,In Progress
LRN01091,10018,Company Orientation,Orientation,2014-09-29,,,,Assigned
LRN01092,10018,HR Policies and Benefits,Orientation,2014-09-30,2014-10-02,95.83,2.0,Completed
LRN01093,10018,Communication and Collaboration Tools,Orientation,2014-10-01,2014-10-16,78.17,3.91,Completed
LRN01094,10018,Department Process Training,Role-specific,2014-10-04,,,,In Progress
LRN01095,10018,Role Fundamentals,Role-specific,2014-10-06,2014-10-22,100.0,6.95,Completed
LRN01096,10018,Role Tools and Systems,Role-specific,2014-10-07,,,,Overdue
LRN01097,10255,Information Security Awareness,Compliance,2015-02-17,,,,In Progress
LRN01098,10255,Data Privacy and Protection,Compliance,2015-02-18,2015-02-20,86.8,1.89,Completed
LRN01099,10255,Code of Conduct,Compliance,2015-02-16,,,,Assigned
LRN01100,10255,Workplace Safety,Compliance,2015-02-17,2015-02-25,86.37,2.03,Completed
LRN01101,10255,Company Orientation,Orientation,2015-02-16,2015-02-23,83.37,2.29,Completed
LRN01102,10255,HR Policies and Benefits,Orientation,2015-02-17,2015-02-19,81.69,1.98,Completed
LRN01103,10255,Communication and Collaboration Tools,Orientation,2015-02-18,2015-02-19,100.0,2.86,Completed
LRN01104,10255,Department Process Training,Role-specific,2015-02-21,2015-02-24,79.23,4.19,Completed
LRN01105,10255,Role Fundamentals,Role-specific,2015-02-23,2015-03-03,92.18,6.12,Completed
LRN01106,10255,Role Tools and Systems,Role-specific,2015-02-24,2015-03-14,75.48,3.26,Completed
LRN01107,10246,Information Security Awareness,Compliance,2015-02-17,2015-02-20,97.37,2.97,Completed
LRN01108,10246,Data Privacy and Protection,Compliance,2015-02-18,2015-03-03,83.57,2.44,Completed
LRN01109,10246,Code of Conduct,Compliance,2015-02-16,,,,In Progress
LRN01110,10246,Workplace Safety,Compliance,2015-02-17,,,,Overdue
LRN01111,10246,Company Orientation,Orientation,2015-02-16,2015-02-21,95.1,2.51,Completed
LRN01112,10246,HR Policies and Benefits,Orientation,2015-02-17,,,,Assigned
LRN01113,10246,Communication and Collaboration Tools,Orientation,2015-02-18,2015-02-26,93.8,3.16,Completed
LRN01114,10246,Department Process Training,Role-specific,2015-02-21,,,,Assigned
LRN01115,10246,Role Fundamentals,Role-specific,2015-02-23,2015-03-07,88.12,6.11,Completed
LRN01116,10246,Role Tools and Systems,Role-specific,2015-02-24,2015-03-13,76.3,3.64,Completed
LRN01117,10228,Information Security Awareness,Compliance,2015-03-31,,,,In Progress
LRN01118,10228,Data Privacy and Protection,Compliance,2015-04-01,,65.69,,In Progress
LRN01119,10228,Code of Conduct,Compliance,2015-03-30,,,,In Progress
LRN01120,10228,Workplace Safety,Compliance,2015-03-31,,,,In Progress
LRN01121,10228,Company Orientation,Orientation,2015-03-30,,,,In Progress
LRN01122,10228,HR Policies and Benefits,Orientation,2015-03-31,2015-04-09,89.58,2.22,Completed
LRN01123,10228,Communication and Collaboration Tools,Orientation,2015-04-01,2015-04-13,90.09,1.8,Completed
LRN01124,10228,Department Process Training,Role-specific,2015-04-04,2015-04-13,88.85,3.76,Completed
LRN01125,10228,Role Fundamentals,Role-specific,2015-04-06,2015-04-27,85.52,6.02,Completed
LRN01126,10228,Role Tools and Systems,Role-specific,2015-04-07,2015-04-16,86.32,4.22,Completed
LRN01127,10228,Professional Development,Optional,2015-04-14,2015-05-06,78.64,6.57,Completed
LRN01128,10243,Information Security Awareness,Compliance,2013-11-12,2013-11-13,98.49,2.41,Completed
LRN01129,10243,Data Privacy and Protection,Compliance,2013-11-13,2013-11-27,88.82,2.19,Completed
LRN01130,10243,Code of Conduct,Compliance,2013-11-11,,,,Overdue
LRN01131,10243,Workplace Safety,Compliance,2013-11-12,2013-11-16,92.9,1.67,Completed
LRN01132,10243,Company Orientation,Orientation,2013-11-11,2013-11-14,88.82,2.42,Completed
LRN01133,10243,HR Policies and Benefits,Orientation,2013-11-12,2013-11-23,80.81,2.64,Completed
LRN01134,10243,Communication and Collaboration Tools,Orientation,2013-11-13,,,,Overdue
LRN01135,10243,Department Process Training,Role-specific,2013-11-16,2013-11-28,90.55,3.41,Completed
LRN01136,10243,Role Fundamentals,Role-specific,2013-11-18,2013-11-30,72.37,7.11,Completed
LRN01137,10243,Role Tools and Systems,Role-specific,2013-11-19,2013-12-06,84.31,4.87,Completed
LRN01138,10031,Information Security Awareness,Compliance,2011-07-12,2011-07-21,75.95,2.42,Completed
LRN01139,10031,Data Privacy and Protection,Compliance,2011-07-13,2011-07-25,99.41,2.29,Completed
LRN01140,10031,Code of Conduct,Compliance,2011-07-11,2011-07-21,92.81,1.72,Completed
LRN01141,10031,Workplace Safety,Compliance,2011-07-12,2011-07-17,88.91,1.97,Completed
LRN01142,10031,Company Orientation,Orientation,2011-07-11,2011-07-14,88.72,2.59,Completed
LRN01143,10031,HR Policies and Benefits,Orientation,2011-07-12,2011-07-15,75.3,2.26,Completed
LRN01144,10031,Communication and Collaboration Tools,Orientation,2011-07-13,2011-07-19,85.51,2.65,Completed
LRN01145,10031,Department Process Training,Role-specific,2011-07-16,2011-07-19,77.81,4.16,Completed
LRN01146,10031,Role Fundamentals,Role-specific,2011-07-18,2011-08-07,85.6,7.62,Completed
LRN01147,10031,Role Tools and Systems,Role-specific,2011-07-19,2011-08-04,89.59,4.16,Completed
LRN01148,10300,Information Security Awareness,Compliance,2010-04-27,2010-05-06,97.17,2.98,Completed
LRN01149,10300,Data Privacy and Protection,Compliance,2010-04-28,2010-05-06,74.88,2.58,Completed
LRN01150,10300,Code of Conduct,Compliance,2010-04-26,2010-05-03,72.82,1.94,Completed
LRN01151,10300,Workplace Safety,Compliance,2010-04-27,2010-04-28,85.69,2.26,Completed
LRN01152,10300,Company Orientation,Orientation,2010-04-26,2010-05-02,82.29,1.57,Completed
LRN01153,10300,HR Policies and Benefits,Orientation,2010-04-27,2010-04-28,95.53,1.72,Completed
LRN01154,10300,Communication and Collaboration Tools,Orientation,2010-04-28,2010-05-08,88.63,2.19,Completed
LRN01155,10300,Department Process Training,Role-specific,2010-05-01,,,,In Progress
LRN01156,10300,Role Fundamentals,Role-specific,2010-05-03,,,,In Progress
LRN01157,10300,Role Tools and Systems,Role-specific,2010-05-04,,,,In Progress
LRN01158,10101,Information Security Awareness,Compliance,2015-01-06,,,,In Progress
LRN01159,10101,Data Privacy and Protection,Compliance,2015-01-07,2015-01-12,84.98,1.93,Completed
LRN01160,10101,Code of Conduct,Compliance,2015-01-05,,,,Assigned
LRN01161,10101,Workplace Safety,Compliance,2015-01-06,2015-01-17,87.9,1.46,Completed
LRN01162,10101,Company Orientation,Orientation,2015-01-05,2015-01-14,99.32,2.45,Completed
LRN01163,10101,HR Policies and Benefits,Orientation,2015-01-06,,,,Overdue
LRN01164,10101,Communication and Collaboration Tools,Orientation,2015-01-07,,,,Assigned
LRN01165,10101,Department Process Training,Role-specific,2015-01-10,2015-01-22,82.86,5.09,Completed
LRN01166,10101,Role Fundamentals,Role-specific,2015-01-12,2015-01-25,97.44,6.31,Completed
LRN01167,10101,Role Tools and Systems,Role-specific,2015-01-13,2015-01-26,90.99,4.81,Completed
LRN01168,10237,Data Privacy and Protection,Compliance,2014-05-14,2014-05-18,84.65,1.37,Completed
LRN01169,10237,Workplace Safety,Compliance,2014-05-13,,,,In Progress
LRN01170,10237,Company Orientation,Orientation,2014-05-12,2014-05-17,89.9,2.76,Completed
LRN01171,10237,HR Policies and Benefits,Orientation,2014-05-13,2014-05-17,70.54,1.46,Completed
LRN01172,10237,Communication and Collaboration Tools,Orientation,2014-05-14,2014-05-19,90.89,2.16,Completed
LRN01173,10237,Department Process Training,Role-specific,2014-05-17,2014-05-22,80.93,4.45,Completed
LRN01174,10237,Role Fundamentals,Role-specific,2014-05-19,2014-06-02,77.6,6.32,Completed
LRN01175,10237,Role Tools and Systems,Role-specific,2014-05-20,,,,In Progress
LRN01176,10051,Information Security Awareness,Compliance,2012-07-03,2012-07-15,85.32,1.53,Completed
LRN01177,10051,Data Privacy and Protection,Compliance,2012-07-04,2012-07-12,79.68,1.72,Completed
LRN01178,10051,Code of Conduct,Compliance,2012-07-02,2012-07-11,77.5,1.13,Completed
LRN01179,10051,Workplace Safety,Compliance,2012-07-03,2012-07-16,80.07,1.69,Completed
LRN01180,10051,Company Orientation,Orientation,2012-07-02,2012-07-06,84.14,2.41,Completed
LRN01181,10051,HR Policies and Benefits,Orientation,2012-07-03,2012-07-05,83.77,2.19,Completed
LRN01182,10051,Communication and Collaboration Tools,Orientation,2012-07-04,2012-07-14,84.82,2.54,Completed
LRN01183,10051,Department Process Training,Role-specific,2012-07-07,2012-07-09,92.15,4.36,Completed
LRN01184,10051,Role Fundamentals,Role-specific,2012-07-09,2012-07-16,88.25,6.06,Completed
LRN01185,10051,Role Tools and Systems,Role-specific,2012-07-10,,,,Overdue
LRN01186,10218,Information Security Awareness,Compliance,2013-10-01,2013-10-12,87.83,2.82,Completed
LRN01187,10218,Data Privacy and Protection,Compliance,2013-10-02,2013-10-11,87.98,1.71,Completed
LRN01188,10218,Code of Conduct,Compliance,2013-09-30,2013-10-09,83.0,1.52,Completed
LRN01189,10218,Workplace Safety,Compliance,2013-10-01,2013-10-13,82.1,2.62,Completed
LRN01190,10218,Company Orientation,Orientation,2013-09-30,2013-10-03,73.3,2.12,Completed
LRN01191,10218,HR Policies and Benefits,Orientation,2013-10-01,2013-10-05,91.05,3.12,Completed
LRN01192,10218,Communication and Collaboration Tools,Orientation,2013-10-02,2013-10-11,93.2,2.14,Completed
LRN01193,10218,Department Process Training,Role-specific,2013-10-05,,61.68,,In Progress
LRN01194,10218,Role Fundamentals,Role-specific,2013-10-07,2013-10-17,92.06,5.73,Completed
LRN01195,10218,Role Tools and Systems,Role-specific,2013-10-08,2013-10-10,84.84,3.36,Completed
LRN01196,10256,Information Security Awareness,Compliance,2013-08-20,2013-08-28,92.08,2.65,Completed
LRN01197,10256,Data Privacy and Protection,Compliance,2013-08-21,2013-09-03,95.36,2.37,Completed
LRN01198,10256,Code of Conduct,Compliance,2013-08-19,,,,In Progress
LRN01199,10256,Workplace Safety,Compliance,2013-08-20,2013-08-26,82.48,1.46,Completed
LRN01200,10256,Company Orientation,Orientation,2013-08-19,2013-08-28,94.72,2.03,Completed
LRN01201,10256,HR Policies and Benefits,Orientation,2013-08-20,2013-08-29,89.68,1.97,Completed
LRN01202,10256,Communication and Collaboration Tools,Orientation,2013-08-21,2013-09-01,71.18,2.03,Completed
LRN01203,10256,Department Process Training,Role-specific,2013-08-24,2013-09-02,100.0,3.03,Completed
LRN01204,10256,Role Fundamentals,Role-specific,2013-08-26,2013-08-31,100.0,5.41,Completed
LRN01205,10256,Role Tools and Systems,Role-specific,2013-08-27,2013-08-28,98.39,4.16,Completed
LRN01206,10098,Information Security Awareness,Compliance,2015-06-03,,,,Overdue
LRN01207,10098,Data Privacy and Protection,Compliance,2015-06-04,2015-06-13,77.56,2.34,Completed
LRN01208,10098,Code of Conduct,Compliance,2015-06-02,2015-06-12,83.45,1.28,Completed
LRN01209,10098,Workplace Safety,Compliance,2015-06-03,2015-06-13,93.86,0.95,Completed
LRN01210,10098,Company Orientation,Orientation,2015-06-02,2015-06-08,87.27,2.45,Completed
LRN01211,10098,HR Policies and Benefits,Orientation,2015-06-03,2015-06-09,83.56,1.79,Completed
LRN01212,10098,Communication and Collaboration Tools,Orientation,2015-06-04,2015-06-07,95.19,2.13,Completed
LRN01213,10098,Department Process Training,Role-specific,2015-06-07,,,,Assigned
LRN01214,10098,Role Fundamentals,Role-specific,2015-06-09,2015-06-24,83.6,7.15,Completed
LRN01215,10098,Role Tools and Systems,Role-specific,2015-06-10,,,,Assigned
LRN01216,10059,Information Security Awareness,Compliance,2011-02-22,2011-03-04,83.95,2.93,Completed
LRN01217,10059,Data Privacy and Protection,Compliance,2011-02-23,2011-03-07,77.0,1.61,Completed
LRN01218,10059,Code of Conduct,Compliance,2011-02-21,2011-02-26,84.58,1.27,Completed
LRN01219,10059,Workplace Safety,Compliance,2011-02-22,2011-02-26,90.63,1.94,Completed
LRN01220,10059,Company Orientation,Orientation,2011-02-21,,,,Assigned
LRN01221,10059,HR Policies and Benefits,Orientation,2011-02-22,2011-03-01,74.94,1.96,Completed
LRN01222,10059,Communication and Collaboration Tools,Orientation,2011-02-23,2011-03-05,86.69,1.33,Completed
LRN01223,10059,Department Process Training,Role-specific,2011-02-26,2011-03-07,100.0,4.69,Completed
LRN01224,10059,Role Fundamentals,Role-specific,2011-02-28,2011-03-20,80.06,4.38,Completed
LRN01225,10059,Role Tools and Systems,Role-specific,2011-03-01,2011-03-05,86.73,2.82,Completed
LRN01226,10059,Professional Development,Optional,2011-03-08,2011-03-28,82.73,5.39,Completed
LRN01227,10234,Information Security Awareness,Compliance,2017-04-21,2017-05-02,99.14,1.64,Completed
LRN01228,10234,Data Privacy and Protection,Compliance,2017-04-22,,,,Overdue
LRN01229,10234,Code of Conduct,Compliance,2017-04-20,,,,Overdue
LRN01230,10234,Workplace Safety,Compliance,2017-04-21,2017-04-22,90.5,2.01,Completed
LRN01231,10234,Company Orientation,Orientation,2017-04-20,,,,In Progress
LRN01232,10234,HR Policies and Benefits,Orientation,2017-04-21,2017-04-26,75.77,2.16,Completed
LRN01233,10234,Communication and Collaboration Tools,Orientation,2017-04-22,2017-04-24,75.59,2.65,Completed
LRN01234,10234,Department Process Training,Role-specific,2017-04-25,2017-04-28,97.25,4.26,Completed
LRN01235,10234,Role Fundamentals,Role-specific,2017-04-27,2017-05-17,86.45,4.82,Completed
LRN01236,10234,Role Tools and Systems,Role-specific,2017-04-28,2017-04-30,83.9,3.85,Completed
LRN01237,10109,Information Security Awareness,Compliance,2012-03-08,2012-03-11,91.02,1.7,Completed
LRN01238,10109,Data Privacy and Protection,Compliance,2012-03-09,,,,Overdue
LRN01239,10109,Code of Conduct,Compliance,2012-03-07,,,,Overdue
LRN01240,10109,Workplace Safety,Compliance,2012-03-08,,,,Overdue
LRN01241,10109,Company Orientation,Orientation,2012-03-07,2012-03-08,91.14,2.83,Completed
LRN01242,10109,HR Policies and Benefits,Orientation,2012-03-08,2012-03-11,73.05,2.98,Completed
LRN01243,10109,Communication and Collaboration Tools,Orientation,2012-03-09,2012-03-10,77.62,1.98,Completed
LRN01244,10109,Department Process Training,Role-specific,2012-03-12,2012-03-30,100.0,3.62,Completed
LRN01245,10109,Role Fundamentals,Role-specific,2012-03-14,2012-04-01,68.1,5.71,Completed
LRN01246,10109,Role Tools and Systems,Role-specific,2012-03-15,2012-03-20,87.77,4.86,Completed
LRN01247,10125,Information Security Awareness,Compliance,2011-11-29,,60.44,,In Progress
LRN01248,10125,Workplace Safety,Compliance,2011-11-29,2011-12-01,92.04,2.14,Completed
LRN01249,10125,Company Orientation,Orientation,2011-11-28,,,,Overdue
LRN01250,10125,HR Policies and Benefits,Orientation,2011-11-29,2011-12-08,95.6,2.19,Completed
LRN01251,10125,Communication and Collaboration Tools,Orientation,2011-11-30,2011-12-10,97.84,2.56,Completed
LRN01252,10125,Department Process Training,Role-specific,2011-12-03,2011-12-18,87.58,4.56,Completed
LRN01253,10125,Role Fundamentals,Role-specific,2011-12-05,,,,Assigned
LRN01254,10125,Role Tools and Systems,Role-specific,2011-12-06,2011-12-09,96.46,2.73,Completed
LRN01255,10074,Information Security Awareness,Compliance,2013-11-12,,,,Overdue
LRN01256,10074,Data Privacy and Protection,Compliance,2013-11-13,2013-11-21,82.74,2.01,Completed
LRN01257,10074,Code of Conduct,Compliance,2013-11-11,2013-11-14,79.92,1.79,Completed
LRN01258,10074,Workplace Safety,Compliance,2013-11-12,2013-11-19,96.48,2.54,Completed
LRN01259,10074,Company Orientation,Orientation,2013-11-11,2013-11-16,82.36,2.38,Completed
LRN01260,10074,HR Policies and Benefits,Orientation,2013-11-12,,,,In Progress
LRN01261,10074,Communication and Collaboration Tools,Orientation,2013-11-13,,57.65,,In Progress
LRN01262,10074,Department Process Training,Role-specific,2013-11-16,2013-11-19,87.88,5.36,Completed
LRN01263,10074,Role Fundamentals,Role-specific,2013-11-18,,,,Assigned
LRN01264,10074,Role Tools and Systems,Role-specific,2013-11-19,2013-12-05,88.5,4.27,Completed
LRN01265,10097,Information Security Awareness,Compliance,2012-01-10,2012-01-20,83.14,1.82,Completed
LRN01266,10097,Data Privacy and Protection,Compliance,2012-01-11,2012-01-18,81.02,1.55,Completed
LRN01267,10097,Code of Conduct,Compliance,2012-01-09,2012-01-12,78.74,1.59,Completed
LRN01268,10097,Workplace Safety,Compliance,2012-01-10,,,,Overdue
LRN01269,10097,Company Orientation,Orientation,2012-01-09,2012-01-17,80.48,2.8,Completed
LRN01270,10097,HR Policies and Benefits,Orientation,2012-01-10,2012-01-16,84.03,1.74,Completed
LRN01271,10097,Communication and Collaboration Tools,Orientation,2012-01-11,2012-01-13,88.03,2.95,Completed
LRN01272,10097,Department Process Training,Role-specific,2012-01-14,2012-01-17,97.44,3.75,Completed
LRN01273,10097,Role Fundamentals,Role-specific,2012-01-16,2012-01-30,89.76,4.99,Completed
LRN01274,10097,Role Tools and Systems,Role-specific,2012-01-17,2012-01-24,88.05,5.12,Completed
LRN01275,10097,Professional Development,Optional,2012-01-24,,,,In Progress
LRN01276,10007,Information Security Awareness,Compliance,2014-05-13,,,,In Progress
LRN01277,10007,Data Privacy and Protection,Compliance,2014-05-14,2014-05-28,87.56,2.14,Completed
LRN01278,10007,Code of Conduct,Compliance,2014-05-12,2014-05-16,78.9,1.21,Completed
LRN01279,10007,Workplace Safety,Compliance,2014-05-13,,,,Overdue
LRN01280,10007,Company Orientation,Orientation,2014-05-12,,,,In Progress
LRN01281,10007,HR Policies and Benefits,Orientation,2014-05-13,2014-05-24,76.21,1.82,Completed
LRN01282,10007,Communication and Collaboration Tools,Orientation,2014-05-14,2014-05-27,80.2,2.58,Completed
LRN01283,10007,Department Process Training,Role-specific,2014-05-17,,,,In Progress
LRN01284,10007,Role Fundamentals,Role-specific,2014-05-19,2014-05-30,84.61,6.11,Completed
LRN01285,10007,Role Tools and Systems,Role-specific,2014-05-20,2014-05-23,74.45,3.63,Completed
LRN01286,10129,Information Security Awareness,Compliance,2012-08-14,2012-08-21,84.58,2.53,Completed
LRN01287,10129,Data Privacy and Protection,Compliance,2012-08-15,2012-08-22,89.19,1.78,Completed
LRN01288,10129,Code of Conduct,Compliance,2012-08-13,2012-08-16,89.01,1.76,Completed
LRN01289,10129,Workplace Safety,Compliance,2012-08-14,2012-08-25,85.21,2.1,Completed
LRN01290,10129,Company Orientation,Orientation,2012-08-13,2012-08-19,80.78,2.19,Completed
LRN01291,10129,HR Policies and Benefits,Orientation,2012-08-14,2012-08-22,79.41,1.97,Completed
LRN01292,10129,Communication and Collaboration Tools,Orientation,2012-08-15,2012-08-20,68.28,2.39,Completed
LRN01293,10129,Department Process Training,Role-specific,2012-08-18,2012-08-26,97.33,3.03,Completed
LRN01294,10129,Role Fundamentals,Role-specific,2012-08-20,,,,In Progress
LRN01295,10129,Role Tools and Systems,Role-specific,2012-08-21,2012-09-01,82.83,4.04,Completed
LRN01296,10075,Information Security Awareness,Compliance,2011-01-11,2011-01-20,94.21,2.49,Completed
LRN01297,10075,Data Privacy and Protection,Compliance,2011-01-12,2011-01-26,72.27,1.82,Completed
LRN01298,10075,Code of Conduct,Compliance,2011-01-10,,68.62,,In Progress
LRN01299,10075,Workplace Safety,Compliance,2011-01-11,2011-01-25,90.42,1.29,Completed
LRN01300,10075,Company Orientation,Orientation,2011-01-10,2011-01-15,92.54,2.72,Completed
LRN01301,10075,HR Policies and Benefits,Orientation,2011-01-11,2011-01-23,87.37,1.69,Completed
LRN01302,10075,Communication and Collaboration Tools,Orientation,2011-01-12,2011-01-14,83.19,2.89,Completed
LRN01303,10075,Department Process Training,Role-specific,2011-01-15,2011-01-17,97.75,4.02,Completed
LRN01304,10075,Role Fundamentals,Role-specific,2011-01-17,2011-01-30,90.47,5.23,Completed
LRN01305,10075,Role Tools and Systems,Role-specific,2011-01-18,2011-02-03,81.13,5.51,Completed
LRN01306,10167,Information Security Awareness,Compliance,2014-08-19,2014-08-28,80.84,2.87,Completed
LRN01307,10167,Data Privacy and Protection,Compliance,2014-08-20,,,,Overdue
LRN01308,10167,Code of Conduct,Compliance,2014-08-18,2014-08-23,85.29,1.8,Completed
LRN01309,10167,Workplace Safety,Compliance,2014-08-19,2014-08-22,84.29,1.61,Completed
LRN01310,10167,Company Orientation,Orientation,2014-08-18,2014-08-27,88.8,2.46,Completed
LRN01311,10167,HR Policies and Benefits,Orientation,2014-08-19,,,,Overdue
LRN01312,10167,Communication and Collaboration Tools,Orientation,2014-08-20,2014-08-23,97.06,2.6,Completed
LRN01313,10167,Department Process Training,Role-specific,2014-08-23,2014-09-03,84.83,6.76,Completed
LRN01314,10167,Role Fundamentals,Role-specific,2014-08-25,2014-08-29,82.96,7.7,Completed
LRN01315,10167,Role Tools and Systems,Role-specific,2014-08-26,2014-09-05,100.0,4.4,Completed
LRN01316,10167,Professional Development,Optional,2014-09-02,,,,Assigned
LRN01317,10195,Information Security Awareness,Compliance,2011-08-16,,,,In Progress
LRN01318,10195,Data Privacy and Protection,Compliance,2011-08-17,2011-08-25,81.52,2.14,Completed
LRN01319,10195,Code of Conduct,Compliance,2011-08-15,,,,Assigned
LRN01320,10195,Workplace Safety,Compliance,2011-08-16,2011-08-28,75.35,1.47,Completed
LRN01321,10195,Company Orientation,Orientation,2011-08-15,2011-08-16,75.24,2.39,Completed
LRN01322,10195,HR Policies and Benefits,Orientation,2011-08-16,2011-08-23,77.81,1.96,Completed
LRN01323,10195,Communication and Collaboration Tools,Orientation,2011-08-17,2011-08-30,94.49,2.8,Completed
LRN01324,10195,Department Process Training,Role-specific,2011-08-20,,,,In Progress
LRN01325,10195,Role Fundamentals,Role-specific,2011-08-22,2011-08-25,77.43,5.39,Completed
LRN01326,10195,Role Tools and Systems,Role-specific,2011-08-23,2011-09-09,88.69,2.61,Completed
LRN01327,10195,Professional Development,Optional,2011-08-30,2011-09-13,86.63,3.58,Completed
LRN01328,10112,Information Security Awareness,Compliance,2015-03-31,,,,Assigned
LRN01329,10112,Data Privacy and Protection,Compliance,2015-04-01,2015-04-12,83.06,1.71,Completed
LRN01330,10112,Code of Conduct,Compliance,2015-03-30,,,,Overdue
LRN01331,10112,Workplace Safety,Compliance,2015-03-31,2015-04-03,90.61,1.6,Completed
LRN01332,10112,Company Orientation,Orientation,2015-03-30,2015-03-31,79.25,2.64,Completed
LRN01333,10112,HR Policies and Benefits,Orientation,2015-03-31,2015-04-03,88.55,1.68,Completed
LRN01334,10112,Communication and Collaboration Tools,Orientation,2015-04-01,2015-04-10,90.32,3.56,Completed
LRN01335,10112,Department Process Training,Role-specific,2015-04-04,2015-04-18,86.07,4.71,Completed
LRN01336,10112,Role Fundamentals,Role-specific,2015-04-06,2015-04-07,83.25,6.04,Completed
LRN01337,10112,Role Tools and Systems,Role-specific,2015-04-07,2015-04-25,84.94,4.39,Completed
LRN01338,10272,Information Security Awareness,Compliance,2014-05-06,,,,In Progress
LRN01339,10272,Data Privacy and Protection,Compliance,2014-05-07,2014-05-19,98.98,2.22,Completed
LRN01340,10272,Code of Conduct,Compliance,2014-05-05,2014-05-12,80.49,1.63,Completed
LRN01341,10272,Workplace Safety,Compliance,2014-05-06,2014-05-07,100.0,1.73,Completed
LRN01342,10272,Company Orientation,Orientation,2014-05-05,,,,Assigned
LRN01343,10272,HR Policies and Benefits,Orientation,2014-05-06,2014-05-14,78.31,2.56,Completed
LRN01344,10272,Communication and Collaboration Tools,Orientation,2014-05-07,,,,Assigned
LRN01345,10272,Department Process Training,Role-specific,2014-05-10,2014-05-27,87.63,4.18,Completed
LRN01346,10272,Role Fundamentals,Role-specific,2014-05-12,2014-05-25,86.25,4.98,Completed
LRN01347,10272,Role Tools and Systems,Role-specific,2014-05-13,,,,In Progress
LRN01348,10182,Information Security Awareness,Compliance,2015-02-17,2015-02-27,90.01,2.19,Completed
LRN01349,10182,Data Privacy and Protection,Compliance,2015-02-18,2015-03-01,82.53,2.19,Completed
LRN01350,10182,Code of Conduct,Compliance,2015-02-16,2015-02-23,79.68,1.79,Completed
LRN01351,10182,Workplace Safety,Compliance,2015-02-17,2015-02-26,98.09,1.85,Completed
LRN01352,10182,Company Orientation,Orientation,2015-02-16,2015-02-24,94.95,2.27,Completed
LRN01353,10182,HR Policies and Benefits,Orientation,2015-02-17,2015-02-27,82.18,1.68,Completed
LRN01354,10182,Communication and Collaboration Tools,Orientation,2015-02-18,2015-02-27,95.26,2.41,Completed
LRN01355,10182,Department Process Training,Role-specific,2015-02-21,2015-03-10,89.16,5.48,Completed
LRN01356,10182,Role Fundamentals,Role-specific,2015-02-23,2015-03-08,82.9,6.92,Completed
LRN01357,10182,Role Tools and Systems,Role-specific,2015-02-24,2015-03-12,78.33,5.77,Completed
LRN01358,10248,Information Security Awareness,Compliance,2012-02-21,2012-02-25,82.72,3.35,Completed
LRN01359,10248,Data Privacy and Protection,Compliance,2012-02-22,2012-03-02,84.96,2.17,Completed
LRN01360,10248,Code of Conduct,Compliance,2012-02-20,2012-02-23,73.41,1.24,Completed
LRN01361,10248,Workplace Safety,Compliance,2012-02-21,2012-02-28,89.61,1.9,Completed
LRN01362,10248,Company Orientation,Orientation,2012-02-20,,,,In Progress
LRN01363,10248,HR Policies and Benefits,Orientation,2012-02-21,2012-03-02,82.45,2.44,Completed
LRN01364,10248,Communication and Collaboration Tools,Orientation,2012-02-22,2012-03-02,86.08,2.5,Completed
LRN01365,10248,Department Process Training,Role-specific,2012-02-25,2012-03-13,100.0,4.27,Completed
LRN01366,10248,Role Fundamentals,Role-specific,2012-02-27,,68.38,,In Progress
LRN01367,10248,Role Tools and Systems,Role-specific,2012-02-28,,,,In Progress
LRN01368,10201,Information Security Awareness,Compliance,2016-06-07,2016-06-15,74.03,2.56,Completed
LRN01369,10201,Data Privacy and Protection,Compliance,2016-06-08,2016-06-13,94.36,2.19,Completed
LRN01370,10201,Code of Conduct,Compliance,2016-06-06,,,,In Progress
LRN01371,10201,Workplace Safety,Compliance,2016-06-07,2016-06-08,76.46,2.61,Completed
LRN01372,10201,Company Orientation,Orientation,2016-06-06,2016-06-10,79.16,2.58,Completed
LRN01373,10201,HR Policies and Benefits,Orientation,2016-06-07,2016-06-11,86.23,1.9,Completed
LRN01374,10201,Communication and Collaboration Tools,Orientation,2016-06-08,2016-06-22,85.35,2.26,Completed
LRN01375,10201,Department Process Training,Role-specific,2016-06-11,2016-06-20,88.87,3.28,Completed
LRN01376,10201,Role Fundamentals,Role-specific,2016-06-13,,,,Overdue
LRN01377,10201,Role Tools and Systems,Role-specific,2016-06-14,2016-07-02,84.4,3.47,Completed
LRN01378,10201,Professional Development,Optional,2016-06-21,2016-07-07,74.28,3.97,Completed
LRN01379,10214,Information Security Awareness,Compliance,2015-06-06,2015-06-11,100.0,2.68,Completed
LRN01380,10214,Data Privacy and Protection,Compliance,2015-06-07,2015-06-12,83.04,1.76,Completed
LRN01381,10214,Code of Conduct,Compliance,2015-06-05,,,,Overdue
LRN01382,10214,Workplace Safety,Compliance,2015-06-06,2015-06-08,84.57,1.95,Completed
LRN01383,10214,Company Orientation,Orientation,2015-06-05,2015-06-15,73.56,2.21,Completed
LRN01384,10214,HR Policies and Benefits,Orientation,2015-06-06,2015-06-17,93.01,1.12,Completed
LRN01385,10214,Communication and Collaboration Tools,Orientation,2015-06-07,2015-06-11,84.94,2.26,Completed
LRN01386,10214,Department Process Training,Role-specific,2015-06-10,2015-06-18,88.5,4.38,Completed
LRN01387,10214,Role Fundamentals,Role-specific,2015-06-12,2015-07-01,91.78,5.54,Completed
LRN01388,10214,Role Tools and Systems,Role-specific,2015-06-13,2015-07-01,72.97,5.94,Completed
LRN01389,10160,Information Security Awareness,Compliance,2011-02-22,2011-03-05,78.61,1.92,Completed
LRN01390,10160,Data Privacy and Protection,Compliance,2011-02-23,,63.36,,In Progress
LRN01391,10160,Code of Conduct,Compliance,2011-02-21,2011-03-01,85.61,1.36,Completed
LRN01392,10160,Workplace Safety,Compliance,2011-02-22,2011-03-01,98.38,1.97,Completed
LRN01393,10160,Company Orientation,Orientation,2011-02-21,2011-03-01,87.96,2.47,Completed
LRN01394,10160,HR Policies and Benefits,Orientation,2011-02-22,2011-03-02,97.43,1.95,Completed
LRN01395,10160,Communication and Collaboration Tools,Orientation,2011-02-23,2011-03-08,84.68,2.07,Completed
LRN01396,10160,Department Process Training,Role-specific,2011-02-26,2011-03-04,88.49,4.29,Completed
LRN01397,10160,Role Fundamentals,Role-specific,2011-02-28,,,,Assigned
LRN01398,10160,Role Tools and Systems,Role-specific,2011-03-01,,,,In Progress
LRN01399,10160,Professional Development,Optional,2011-03-08,,,,In Progress
LRN01400,10289,Information Security Awareness,Compliance,2011-02-22,,,,In Progress
LRN01401,10289,Data Privacy and Protection,Compliance,2011-02-23,2011-03-08,85.57,1.34,Completed
LRN01402,10289,Code of Conduct,Compliance,2011-02-21,2011-02-26,89.02,2.07,Completed
LRN01403,10289,Workplace Safety,Compliance,2011-02-22,2011-02-25,92.54,1.44,Completed
LRN01404,10289,Company Orientation,Orientation,2011-02-21,2011-02-22,88.67,1.42,Completed
LRN01405,10289,HR Policies and Benefits,Orientation,2011-02-22,2011-02-24,86.81,1.57,Completed
LRN01406,10289,Communication and Collaboration Tools,Orientation,2011-02-23,,82.0,,In Progress
LRN01407,10289,Department Process Training,Role-specific,2011-02-26,2011-03-12,79.85,3.8,Completed
LRN01408,10289,Role Fundamentals,Role-specific,2011-02-28,,73.9,,In Progress
LRN01409,10289,Role Tools and Systems,Role-specific,2011-03-01,,,,Overdue
LRN01410,10289,Professional Development,Optional,2011-03-08,2011-03-09,81.39,5.21,Completed
LRN01411,10139,Information Security Awareness,Compliance,2013-08-20,2013-08-24,81.06,2.99,Completed
LRN01412,10139,Data Privacy and Protection,Compliance,2013-08-21,2013-08-23,83.48,2.97,Completed
LRN01413,10139,Code of Conduct,Compliance,2013-08-19,,,,Assigned
LRN01414,10139,Workplace Safety,Compliance,2013-08-20,2013-09-02,80.0,2.71,Completed
LRN01415,10139,Company Orientation,Orientation,2013-08-19,2013-08-25,90.1,2.63,Completed
LRN01416,10139,HR Policies and Benefits,Orientation,2013-08-20,,,,Assigned
LRN01417,10139,Communication and Collaboration Tools,Orientation,2013-08-21,,,,Overdue
LRN01418,10139,Department Process Training,Role-specific,2013-08-24,2013-08-26,87.73,3.97,Completed
LRN01419,10139,Role Fundamentals,Role-specific,2013-08-26,,,,Assigned
LRN01420,10139,Role Tools and Systems,Role-specific,2013-08-27,2013-08-31,80.87,6.02,Completed
LRN01421,10227,Information Security Awareness,Compliance,2012-11-06,2012-11-17,100.0,2.05,Completed
LRN01422,10227,Data Privacy and Protection,Compliance,2012-11-07,2012-11-21,88.59,1.45,Completed
LRN01423,10227,Code of Conduct,Compliance,2012-11-05,,,,Overdue
LRN01424,10227,Workplace Safety,Compliance,2012-11-06,,,,Overdue
LRN01425,10227,Company Orientation,Orientation,2012-11-05,2012-11-09,82.0,1.76,Completed
LRN01426,10227,HR Policies and Benefits,Orientation,2012-11-06,,,,Assigned
LRN01427,10227,Communication and Collaboration Tools,Orientation,2012-11-07,2012-11-18,80.39,3.3,Completed
LRN01428,10227,Department Process Training,Role-specific,2012-11-10,2012-11-12,77.94,3.27,Completed
LRN01429,10227,Role Fundamentals,Role-specific,2012-11-12,2012-11-24,84.65,7.53,Completed
LRN01430,10227,Role Tools and Systems,Role-specific,2012-11-13,2012-11-19,86.73,5.36,Completed
LRN01431,10236,Information Security Awareness,Compliance,2013-10-01,,,,Assigned
LRN01432,10236,Data Privacy and Protection,Compliance,2013-10-02,2013-10-12,92.28,1.58,Completed
LRN01433,10236,Code of Conduct,Compliance,2013-09-30,2013-10-07,84.9,1.52,Completed
LRN01434,10236,Workplace Safety,Compliance,2013-10-01,2013-10-10,84.11,2.08,Completed
LRN01435,10236,Company Orientation,Orientation,2013-09-30,2013-10-04,97.45,2.95,Completed
LRN01436,10236,HR Policies and Benefits,Orientation,2013-10-01,2013-10-13,74.01,2.0,Completed
LRN01437,10236,Communication and Collaboration Tools,Orientation,2013-10-02,2013-10-06,78.68,2.65,Completed
LRN01438,10236,Department Process Training,Role-specific,2013-10-05,,,,Overdue
LRN01439,10236,Role Fundamentals,Role-specific,2013-10-07,,,,Assigned
LRN01440,10236,Role Tools and Systems,Role-specific,2013-10-08,2013-10-24,71.18,3.63,Completed
LRN01441,10009,Information Security Awareness,Compliance,2011-07-06,2011-07-10,83.57,3.12,Completed
LRN01442,10009,Data Privacy and Protection,Compliance,2011-07-07,,,,Assigned
LRN01443,10009,Code of Conduct,Compliance,2011-07-05,2011-07-15,80.58,1.29,Completed
LRN01444,10009,Workplace Safety,Compliance,2011-07-06,,,,Assigned
LRN01445,10009,Company Orientation,Orientation,2011-07-05,2011-07-11,98.99,2.68,Completed
LRN01446,10009,HR Policies and Benefits,Orientation,2011-07-06,2011-07-14,75.94,2.26,Completed
LRN01447,10009,Communication and Collaboration Tools,Orientation,2011-07-07,2011-07-20,88.55,2.39,Completed
LRN01448,10009,Department Process Training,Role-specific,2011-07-10,2011-07-23,61.42,4.14,Completed
LRN01449,10009,Role Fundamentals,Role-specific,2011-07-12,2011-07-15,89.57,5.88,Completed
LRN01450,10009,Role Tools and Systems,Role-specific,2011-07-13,,,,In Progress
LRN01451,10060,Information Security Awareness,Compliance,2014-01-07,2014-01-13,88.9,2.05,Completed
LRN01452,10060,Data Privacy and Protection,Compliance,2014-01-08,2014-01-21,82.18,2.3,Completed
LRN01453,10060,Code of Conduct,Compliance,2014-01-06,2014-01-10,87.19,1.89,Completed
LRN01454,10060,Workplace Safety,Compliance,2014-01-07,2014-01-17,89.74,2.2,Completed
LRN01455,10060,Company Orientation,Orientation,2014-01-06,2014-01-14,82.33,2.92,Completed
LRN01456,10060,HR Policies and Benefits,Orientation,2014-01-07,2014-01-12,87.92,1.88,Completed
LRN01457,10060,Communication and Collaboration Tools,Orientation,2014-01-08,2014-01-16,92.06,2.93,Completed
LRN01458,10060,Department Process Training,Role-specific,2014-01-11,,,,Assigned
LRN01459,10060,Role Fundamentals,Role-specific,2014-01-13,2014-01-30,95.44,8.27,Completed
LRN01460,10060,Role Tools and Systems,Role-specific,2014-01-14,2014-01-16,85.57,5.0,Completed
LRN01461,10060,Professional Development,Optional,2014-01-21,,,,In Progress
LRN01462,10034,Information Security Awareness,Compliance,2011-11-08,2011-11-13,81.59,3.33,Completed
LRN01463,10034,Data Privacy and Protection,Compliance,2011-11-09,2011-11-23,100.0,2.24,Completed
LRN01464,10034,Code of Conduct,Compliance,2011-11-07,2011-11-17,85.66,1.52,Completed
LRN01465,10034,Workplace Safety,Compliance,2011-11-08,2011-11-09,89.11,1.78,Completed
LRN01466,10034,Company Orientation,Orientation,2011-11-07,2011-11-10,80.41,1.98,Completed
LRN01467,10034,HR Policies and Benefits,Orientation,2011-11-08,2011-11-13,78.83,1.53,Completed
LRN01468,10034,Communication and Collaboration Tools,Orientation,2011-11-09,2011-11-23,76.4,0.93,Completed
LRN01469,10034,Department Process Training,Role-specific,2011-11-12,,,,Assigned
LRN01470,10034,Role Fundamentals,Role-specific,2011-11-14,2011-11-24,98.16,5.26,Completed
LRN01471,10034,Role Tools and Systems,Role-specific,2011-11-15,,,,Overdue
LRN01472,10156,Information Security Awareness,Compliance,2015-01-06,,,,Overdue
LRN01473,10156,Data Privacy and Protection,Compliance,2015-01-07,2015-01-14,79.88,2.07,Completed
LRN01474,10156,Code of Conduct,Compliance,2015-01-05,2015-01-06,93.94,1.63,Completed
LRN01475,10156,Workplace Safety,Compliance,2015-01-06,2015-01-14,87.16,1.97,Completed
LRN01476,10156,Company Orientation,Orientation,2015-01-05,2015-01-15,81.03,2.03,Completed
LRN01477,10156,HR Policies and Benefits,Orientation,2015-01-06,2015-01-07,83.13,2.23,Completed
LRN01478,10156,Communication and Collaboration Tools,Orientation,2015-01-07,2015-01-17,93.09,3.15,Completed
LRN01479,10156,Department Process Training,Role-specific,2015-01-10,,,,Overdue
LRN01480,10156,Role Fundamentals,Role-specific,2015-01-12,,,,Assigned
LRN01481,10156,Role Tools and Systems,Role-specific,2015-01-13,2015-02-02,65.51,4.1,Completed
LRN01482,10036,Information Security Awareness,Compliance,2014-07-08,2014-07-17,86.81,2.19,Completed
LRN01483,10036,Code of Conduct,Compliance,2014-07-07,2014-07-16,80.81,1.29,Completed
LRN01484,10036,Company Orientation,Orientation,2014-07-07,,,,In Progress
LRN01485,10036,HR Policies and Benefits,Orientation,2014-07-08,2014-07-17,94.86,2.12,Completed
LRN01486,10036,Communication and Collaboration Tools,Orientation,2014-07-09,2014-07-18,80.06,2.44,Completed
LRN01487,10036,Department Process Training,Role-specific,2014-07-12,,,,Overdue
LRN01488,10036,Role Fundamentals,Role-specific,2014-07-14,2014-07-15,94.63,6.01,Completed
LRN01489,10036,Role Tools and Systems,Role-specific,2014-07-15,2014-07-16,82.08,2.87,Completed
LRN01490,10138,Information Security Awareness,Compliance,2011-01-11,2011-01-23,83.21,2.1,Completed
LRN01491,10138,Data Privacy and Protection,Compliance,2011-01-12,2011-01-19,89.41,1.78,Completed
LRN01492,10138,Code of Conduct,Compliance,2011-01-10,2011-01-11,81.33,1.99,Completed
LRN01493,10138,Workplace Safety,Compliance,2011-01-11,2011-01-16,83.14,2.11,Completed
LRN01494,10138,Company Orientation,Orientation,2011-01-10,2011-01-19,78.75,2.47,Completed
LRN01495,10138,HR Policies and Benefits,Orientation,2011-01-11,2011-01-13,87.98,2.45,Completed
LRN01496,10138,Communication and Collaboration Tools,Orientation,2011-01-12,2011-01-13,88.6,2.34,Completed
LRN01497,10138,Department Process Training,Role-specific,2011-01-15,2011-01-21,83.67,5.79,Completed
LRN01498,10138,Role Fundamentals,Role-specific,2011-01-17,,,,In Progress
LRN01499,10138,Role Tools and Systems,Role-specific,2011-01-18,2011-02-05,93.2,5.23,Completed
LRN01500,10138,Professional Development,Optional,2011-01-25,,66.88,,In Progress
LRN01501,10244,Information Security Awareness,Compliance,2011-11-08,2011-11-10,88.02,2.88,Completed
LRN01502,10244,Data Privacy and Protection,Compliance,2011-11-09,2011-11-18,72.01,2.35,Completed
LRN01503,10244,Code of Conduct,Compliance,2011-11-07,2011-11-10,90.04,1.07,Completed
LRN01504,10244,Workplace Safety,Compliance,2011-11-08,2011-11-12,87.35,2.34,Completed
LRN01505,10244,Company Orientation,Orientation,2011-11-07,2011-11-13,81.63,2.59,Completed
LRN01506,10244,HR Policies and Benefits,Orientation,2011-11-08,2011-11-16,98.85,2.48,Completed
LRN01507,10244,Communication and Collaboration Tools,Orientation,2011-11-09,2011-11-12,78.09,3.03,Completed
LRN01508,10244,Department Process Training,Role-specific,2011-11-12,2011-11-14,87.6,1.88,Completed
LRN01509,10244,Role Fundamentals,Role-specific,2011-11-14,2011-11-29,91.23,5.72,Completed
LRN01510,10244,Role Tools and Systems,Role-specific,2011-11-15,,,,In Progress
LRN01511,10192,Information Security Awareness,Compliance,2013-10-01,,,,Assigned
LRN01512,10192,Data Privacy and Protection,Compliance,2013-10-02,,,,In Progress
LRN01513,10192,Code of Conduct,Compliance,2013-09-30,2013-10-09,86.54,1.03,Completed
LRN01514,10192,Workplace Safety,Compliance,2013-10-01,2013-10-04,86.1,2.79,Completed
LRN01515,10192,Company Orientation,Orientation,2013-09-30,,40.0,,In Progress
LRN01516,10192,HR Policies and Benefits,Orientation,2013-10-01,2013-10-02,95.13,1.65,Completed
LRN01517,10192,Communication and Collaboration Tools,Orientation,2013-10-02,,,,In Progress
LRN01518,10192,Department Process Training,Role-specific,2013-10-05,2013-10-12,82.42,3.66,Completed
LRN01519,10192,Role Fundamentals,Role-specific,2013-10-07,2013-10-21,90.34,5.98,Completed
LRN01520,10192,Role Tools and Systems,Role-specific,2013-10-08,2013-10-12,82.3,3.3,Completed
LRN01521,10192,Professional Development,Optional,2013-10-15,,,,In Progress
LRN01522,10231,Information Security Awareness,Compliance,2013-08-20,2013-08-28,85.86,2.48,Completed
LRN01523,10231,Data Privacy and Protection,Compliance,2013-08-21,2013-09-02,67.14,2.75,Completed
LRN01524,10231,Code of Conduct,Compliance,2013-08-19,2013-08-25,74.98,1.36,Completed
LRN01525,10231,Workplace Safety,Compliance,2013-08-20,2013-08-23,97.76,1.77,Completed
LRN01526,10231,Company Orientation,Orientation,2013-08-19,,,,In Progress
LRN01527,10231,HR Policies and Benefits,Orientation,2013-08-20,,,,In Progress
LRN01528,10231,Communication and Collaboration Tools,Orientation,2013-08-21,,54.84,,In Progress
LRN01529,10231,Department Process Training,Role-specific,2013-08-24,2013-09-09,79.51,2.71,Completed
LRN01530,10231,Role Fundamentals,Role-specific,2013-08-26,,,,Assigned
LRN01531,10231,Role Tools and Systems,Role-specific,2013-08-27,2013-09-16,77.86,5.58,Completed
LRN01532,10231,Professional Development,Optional,2013-09-03,2013-09-20,77.98,3.46,Completed
LRN01533,10089,Data Privacy and Protection,Compliance,2012-07-04,2012-07-07,100.0,1.3,Completed
LRN01534,10089,Code of Conduct,Compliance,2012-07-02,2012-07-06,95.69,1.06,Completed
LRN01535,10089,Workplace Safety,Compliance,2012-07-03,,,,In Progress
LRN01536,10089,Company Orientation,Orientation,2012-07-02,,,,Assigned
LRN01537,10089,HR Policies and Benefits,Orientation,2012-07-03,2012-07-11,91.33,2.2,Completed
LRN01538,10089,Communication and Collaboration Tools,Orientation,2012-07-04,2012-07-09,86.69,2.05,Completed
LRN01539,10089,Department Process Training,Role-specific,2012-07-07,,,,Assigned
LRN01540,10089,Role Fundamentals,Role-specific,2012-07-09,2012-07-19,76.5,6.22,Completed
LRN01541,10089,Role Tools and Systems,Role-specific,2012-07-10,2012-07-11,76.41,3.56,Completed
LRN01542,10089,Professional Development,Optional,2012-07-17,2012-08-09,90.63,5.52,Completed
LRN01543,10166,Information Security Awareness,Compliance,2011-09-27,,65.22,,In Progress
LRN01544,10166,Data Privacy and Protection,Compliance,2011-09-28,2011-10-06,83.21,2.09,Completed
LRN01545,10166,Code of Conduct,Compliance,2011-09-26,2011-10-05,95.43,1.67,Completed
LRN01546,10166,Workplace Safety,Compliance,2011-09-27,2011-10-03,77.18,1.67,Completed
LRN01547,10166,Company Orientation,Orientation,2011-09-26,2011-10-05,90.92,3.13,Completed
LRN01548,10166,HR Policies and Benefits,Orientation,2011-09-27,2011-10-04,82.43,1.17,Completed
LRN01549,10166,Communication and Collaboration Tools,Orientation,2011-09-28,,,,Assigned
LRN01550,10166,Department Process Training,Role-specific,2011-10-01,2011-10-07,100.0,4.99,Completed
LRN01551,10166,Role Fundamentals,Role-specific,2011-10-03,2011-10-17,78.3,5.38,Completed
LRN01552,10166,Role Tools and Systems,Role-specific,2011-10-04,2011-10-22,90.0,4.82,Completed
LRN01553,10166,Professional Development,Optional,2011-10-11,,69.02,,In Progress
LRN01554,10170,Information Security Awareness,Compliance,2011-09-27,,64.63,,In Progress
LRN01555,10170,Data Privacy and Protection,Compliance,2011-09-28,2011-10-11,87.5,1.47,Completed
LRN01556,10170,Code of Conduct,Compliance,2011-09-26,,,,Overdue
LRN01557,10170,Workplace Safety,Compliance,2011-09-27,2011-10-09,88.58,2.6,Completed
LRN01558,10170,Company Orientation,Orientation,2011-09-26,2011-10-05,91.47,2.04,Completed
LRN01559,10170,HR Policies and Benefits,Orientation,2011-09-27,2011-10-04,82.91,1.73,Completed
LRN01560,10170,Communication and Collaboration Tools,Orientation,2011-09-28,2011-10-11,72.63,2.85,Completed
LRN01561,10170,Department Process Training,Role-specific,2011-10-01,2011-10-15,81.83,3.79,Completed
LRN01562,10170,Role Fundamentals,Role-specific,2011-10-03,,,,Assigned
LRN01563,10170,Role Tools and Systems,Role-specific,2011-10-04,2011-10-08,100.0,5.75,Completed
LRN01564,10170,Professional Development,Optional,2011-10-11,2011-10-17,92.75,6.13,Completed
LRN01565,10208,Information Security Awareness,Compliance,2014-02-18,,,,Overdue
LRN01566,10208,Data Privacy and Protection,Compliance,2014-02-19,2014-02-27,100.0,2.03,Completed
LRN01567,10208,Code of Conduct,Compliance,2014-02-17,2014-02-27,78.77,1.3,Completed
LRN01568,10208,Workplace Safety,Compliance,2014-02-18,2014-03-01,88.04,1.8,Completed
LRN01569,10208,Company Orientation,Orientation,2014-02-17,2014-02-23,82.72,1.95,Completed
LRN01570,10208,HR Policies and Benefits,Orientation,2014-02-18,2014-02-28,88.72,1.93,Completed
LRN01571,10208,Communication and Collaboration Tools,Orientation,2014-02-19,2014-02-26,64.09,2.28,Completed
LRN01572,10208,Department Process Training,Role-specific,2014-02-22,,,,In Progress
LRN01573,10208,Role Fundamentals,Role-specific,2014-02-24,,,,In Progress
LRN01574,10208,Role Tools and Systems,Role-specific,2014-02-25,2014-03-05,90.69,4.68,Completed
LRN01575,10176,Information Security Awareness,Compliance,2011-01-11,2011-01-22,89.12,2.64,Completed
LRN01576,10176,Data Privacy and Protection,Compliance,2011-01-12,,52.4,,In Progress
LRN01577,10176,Code of Conduct,Compliance,2011-01-10,,,,In Progress
LRN01578,10176,Workplace Safety,Compliance,2011-01-11,2011-01-14,89.43,2.43,Completed
LRN01579,10176,Company Orientation,Orientation,2011-01-10,,68.5,,In Progress
LRN01580,10176,HR Policies and Benefits,Orientation,2011-01-11,2011-01-18,83.6,1.72,Completed
LRN01581,10176,Communication and Collaboration Tools,Orientation,2011-01-12,2011-01-17,87.88,1.7,Completed
LRN01582,10176,Department Process Training,Role-specific,2011-01-15,2011-01-30,79.48,4.24,Completed
LRN01583,10176,Role Fundamentals,Role-specific,2011-01-17,2011-02-06,75.83,4.31,Completed
LRN01584,10176,Role Tools and Systems,Role-specific,2011-01-18,,,,Assigned
LRN01585,10165,Data Privacy and Protection,Compliance,2011-03-09,2011-03-21,82.79,1.58,Completed
LRN01586,10165,Code of Conduct,Compliance,2011-03-07,,,,Assigned
LRN01587,10165,Workplace Safety,Compliance,2011-03-08,2011-03-22,85.03,1.93,Completed
LRN01588,10165,Company Orientation,Orientation,2011-03-07,2011-03-09,95.29,2.91,Completed
LRN01589,10165,HR Policies and Benefits,Orientation,2011-03-08,2011-03-10,85.58,2.41,Completed
LRN01590,10165,Communication and Collaboration Tools,Orientation,2011-03-09,2011-03-14,79.83,1.67,Completed
LRN01591,10165,Department Process Training,Role-specific,2011-03-12,,,,Overdue
LRN01592,10165,Role Fundamentals,Role-specific,2011-03-14,2011-03-24,79.41,6.45,Completed
LRN01593,10165,Role Tools and Systems,Role-specific,2011-03-15,,,,In Progress
LRN01594,10113,Information Security Awareness,Compliance,2014-11-11,2014-11-19,85.98,3.01,Completed
LRN01595,10113,Data Privacy and Protection,Compliance,2014-11-12,2014-11-23,87.19,2.44,Completed
LRN01596,10113,Code of Conduct,Compliance,2014-11-10,2014-11-17,85.86,1.42,Completed
LRN01597,10113,Workplace Safety,Compliance,2014-11-11,2014-11-12,86.58,2.01,Completed
LRN01598,10113,Company Orientation,Orientation,2014-11-10,2014-11-14,78.19,2.39,Completed
LRN01599,10113,HR Policies and Benefits,Orientation,2014-11-11,2014-11-12,88.86,1.15,Completed
LRN01600,10113,Communication and Collaboration Tools,Orientation,2014-11-12,2014-11-16,95.76,2.26,Completed
LRN01601,10113,Department Process Training,Role-specific,2014-11-15,,,,Assigned
LRN01602,10113,Role Fundamentals,Role-specific,2014-11-17,,,,Overdue
LRN01603,10113,Role Tools and Systems,Role-specific,2014-11-18,2014-12-02,95.91,4.54,Completed
LRN01604,10092,Information Security Awareness,Compliance,2011-01-11,2011-01-22,78.13,2.18,Completed
LRN01605,10092,Data Privacy and Protection,Compliance,2011-01-12,2011-01-15,84.23,2.28,Completed
LRN01606,10092,Code of Conduct,Compliance,2011-01-10,2011-01-18,80.13,1.07,Completed
LRN01607,10092,Workplace Safety,Compliance,2011-01-11,,,,Overdue
LRN01608,10092,Company Orientation,Orientation,2011-01-10,,,,Assigned
LRN01609,10092,HR Policies and Benefits,Orientation,2011-01-11,2011-01-12,75.28,2.0,Completed
LRN01610,10092,Communication and Collaboration Tools,Orientation,2011-01-12,2011-01-18,94.61,3.66,Completed
LRN01611,10092,Department Process Training,Role-specific,2011-01-15,2011-01-21,77.82,3.3,Completed
LRN01612,10092,Role Fundamentals,Role-specific,2011-01-17,2011-02-03,84.92,6.04,Completed
LRN01613,10092,Role Tools and Systems,Role-specific,2011-01-18,2011-01-27,93.12,4.16,Completed
LRN01614,10106,Information Security Awareness,Compliance,2013-01-08,2013-01-18,86.08,2.9,Completed
LRN01615,10106,Data Privacy and Protection,Compliance,2013-01-09,2013-01-20,90.68,2.32,Completed
LRN01616,10106,Code of Conduct,Compliance,2013-01-07,2013-01-17,91.23,1.55,Completed
LRN01617,10106,Workplace Safety,Compliance,2013-01-08,2013-01-13,83.38,1.97,Completed
LRN01618,10106,Company Orientation,Orientation,2013-01-07,2013-01-13,89.84,3.19,Completed
LRN01619,10106,HR Policies and Benefits,Orientation,2013-01-08,2013-01-10,86.65,1.63,Completed
LRN01620,10106,Communication and Collaboration Tools,Orientation,2013-01-09,,,,In Progress
LRN01621,10106,Department Process Training,Role-specific,2013-01-12,2013-01-19,83.41,4.33,Completed
LRN01622,10106,Role Fundamentals,Role-specific,2013-01-14,2013-01-23,81.35,6.56,Completed
LRN01623,10106,Role Tools and Systems,Role-specific,2013-01-15,,,,Assigned
LRN01624,10052,Information Security Awareness,Compliance,2012-07-10,,,,In Progress
LRN01625,10052,Code of Conduct,Compliance,2012-07-09,2012-07-18,86.37,1.91,Completed
LRN01626,10052,Company Orientation,Orientation,2012-07-09,,61.53,,In Progress
LRN01627,10052,HR Policies and Benefits,Orientation,2012-07-10,,,,Overdue
LRN01628,10052,Communication and Collaboration Tools,Orientation,2012-07-11,2012-07-26,85.57,1.76,Completed
LRN01629,10052,Department Process Training,Role-specific,2012-07-14,2012-08-01,87.41,3.28,Completed
LRN01630,10052,Role Fundamentals,Role-specific,2012-07-16,2012-07-27,77.2,7.22,Completed
LRN01631,10052,Role Tools and Systems,Role-specific,2012-07-17,,,,Assigned
LRN01632,10052,Professional Development,Optional,2012-07-24,,,,In Progress
LRN01633,10038,Information Security Awareness,Compliance,2014-01-07,2014-01-15,84.49,3.56,Completed
LRN01634,10038,Data Privacy and Protection,Compliance,2014-01-08,2014-01-10,80.67,1.73,Completed
LRN01635,10038,Code of Conduct,Compliance,2014-01-06,2014-01-13,85.52,2.4,Completed
LRN01636,10038,Workplace Safety,Compliance,2014-01-07,2014-01-21,90.93,2.0,Completed
LRN01637,10038,Company Orientation,Orientation,2014-01-06,2014-01-09,77.64,2.55,Completed
LRN01638,10038,HR Policies and Benefits,Orientation,2014-01-07,2014-01-08,90.56,2.57,Completed
LRN01639,10038,Communication and Collaboration Tools,Orientation,2014-01-08,2014-01-22,86.57,1.91,Completed
LRN01640,10038,Department Process Training,Role-specific,2014-01-11,2014-01-18,88.02,3.62,Completed
LRN01641,10038,Role Fundamentals,Role-specific,2014-01-13,,,,Assigned
LRN01642,10038,Role Tools and Systems,Role-specific,2014-01-14,2014-01-17,72.79,4.29,Completed
LRN01643,10249,Information Security Awareness,Compliance,2012-04-03,2012-04-08,89.04,2.87,Completed
LRN01644,10249,Data Privacy and Protection,Compliance,2012-04-04,2012-04-10,82.5,2.21,Completed
LRN01645,10249,Code of Conduct,Compliance,2012-04-02,2012-04-09,95.57,1.77,Completed
LRN01646,10249,Workplace Safety,Compliance,2012-04-03,2012-04-04,93.41,1.21,Completed
LRN01647,10249,Company Orientation,Orientation,2012-04-02,,,,In Progress
LRN01648,10249,HR Policies and Benefits,Orientation,2012-04-03,2012-04-09,86.39,1.89,Completed
LRN01649,10249,Communication and Collaboration Tools,Orientation,2012-04-04,2012-04-18,83.51,2.93,Completed
LRN01650,10249,Department Process Training,Role-specific,2012-04-07,2012-04-13,100.0,3.5,Completed
LRN01651,10249,Role Fundamentals,Role-specific,2012-04-09,2012-04-18,78.94,6.4,Completed
LRN01652,10249,Role Tools and Systems,Role-specific,2012-04-10,,,,Assigned
LRN01653,10232,Information Security Awareness,Compliance,2016-10-03,2016-10-08,92.58,3.03,Completed
LRN01654,10232,Data Privacy and Protection,Compliance,2016-10-04,2016-10-16,100.0,2.42,Completed
LRN01655,10232,Code of Conduct,Compliance,2016-10-02,2016-10-08,85.22,1.93,Completed
LRN01656,10232,Workplace Safety,Compliance,2016-10-03,2016-10-13,97.83,2.31,Completed
LRN01657,10232,Company Orientation,Orientation,2016-10-02,,,,In Progress
LRN01658,10232,HR Policies and Benefits,Orientation,2016-10-03,2016-10-07,87.91,2.21,Completed
LRN01659,10232,Communication and Collaboration Tools,Orientation,2016-10-04,2016-10-08,89.98,2.77,Completed
LRN01660,10232,Department Process Training,Role-specific,2016-10-07,2016-10-15,73.94,2.4,Completed
LRN01661,10232,Role Fundamentals,Role-specific,2016-10-09,2016-10-18,79.98,7.05,Completed
LRN01662,10232,Role Tools and Systems,Role-specific,2016-10-10,2016-10-18,90.72,3.9,Completed
LRN01663,10087,Information Security Awareness,Compliance,2011-09-27,2011-10-06,82.48,3.49,Completed
LRN01664,10087,Data Privacy and Protection,Compliance,2011-09-28,2011-10-01,78.04,2.36,Completed
LRN01665,10087,Code of Conduct,Compliance,2011-09-26,2011-09-28,89.03,1.22,Completed
LRN01666,10087,Workplace Safety,Compliance,2011-09-27,2011-10-07,100.0,2.19,Completed
LRN01667,10087,Company Orientation,Orientation,2011-09-26,,,,Overdue
LRN01668,10087,HR Policies and Benefits,Orientation,2011-09-27,2011-10-06,100.0,2.04,Completed
LRN01669,10087,Communication and Collaboration Tools,Orientation,2011-09-28,2011-10-10,85.66,2.81,Completed
LRN01670,10087,Department Process Training,Role-specific,2011-10-01,2011-10-16,79.87,3.35,Completed
LRN01671,10087,Role Fundamentals,Role-specific,2011-10-03,,,,Assigned
LRN01672,10087,Role Tools and Systems,Role-specific,2011-10-04,2011-10-05,100.0,4.62,Completed
LRN01673,10087,Professional Development,Optional,2011-10-11,2011-10-20,96.81,5.71,Completed
LRN01674,10134,Information Security Awareness,Compliance,2016-01-06,,,,Overdue
LRN01675,10134,Data Privacy and Protection,Compliance,2016-01-07,2016-01-09,94.58,2.3,Completed
LRN01676,10134,Code of Conduct,Compliance,2016-01-05,,,,In Progress
LRN01677,10134,Workplace Safety,Compliance,2016-01-06,2016-01-08,91.56,1.39,Completed
LRN01678,10134,Company Orientation,Orientation,2016-01-05,2016-01-12,86.17,3.31,Completed
LRN01679,10134,HR Policies and Benefits,Orientation,2016-01-06,,73.27,,In Progress
LRN01680,10134,Communication and Collaboration Tools,Orientation,2016-01-07,2016-01-14,89.1,2.7,Completed
LRN01681,10134,Department Process Training,Role-specific,2016-01-10,2016-01-13,94.82,3.15,Completed
LRN01682,10134,Role Fundamentals,Role-specific,2016-01-12,2016-01-14,93.14,6.38,Completed
LRN01683,10134,Role Tools and Systems,Role-specific,2016-01-13,,,,In Progress
LRN01684,10251,Information Security Awareness,Compliance,2012-05-15,2012-05-20,80.65,1.91,Completed
LRN01685,10251,Data Privacy and Protection,Compliance,2012-05-16,2012-05-26,90.03,1.99,Completed
LRN01686,10251,Code of Conduct,Compliance,2012-05-14,2012-05-15,93.93,1.25,Completed
LRN01687,10251,Workplace Safety,Compliance,2012-05-15,2012-05-22,92.94,1.23,Completed
LRN01688,10251,Company Orientation,Orientation,2012-05-14,,,,Assigned
LRN01689,10251,HR Policies and Benefits,Orientation,2012-05-15,,,,Assigned
LRN01690,10251,Communication and Collaboration Tools,Orientation,2012-05-16,,,,Assigned
LRN01691,10251,Department Process Training,Role-specific,2012-05-19,2012-05-31,100.0,3.74,Completed
LRN01692,10251,Role Fundamentals,Role-specific,2012-05-21,2012-05-30,100.0,5.34,Completed
LRN01693,10251,Role Tools and Systems,Role-specific,2012-05-22,,,,Assigned
LRN01694,10251,Professional Development,Optional,2012-05-29,2012-06-20,92.0,5.31,Completed
LRN01695,10103,Information Security Awareness,Compliance,2012-05-01,2012-05-13,93.18,2.49,Completed
LRN01696,10103,Data Privacy and Protection,Compliance,2012-05-02,,,,Assigned
LRN01697,10103,Code of Conduct,Compliance,2012-04-30,2012-05-01,83.99,1.8,Completed
LRN01698,10103,Workplace Safety,Compliance,2012-05-01,2012-05-04,80.66,1.73,Completed
LRN01699,10103,Company Orientation,Orientation,2012-04-30,2012-05-08,95.17,1.87,Completed
LRN01700,10103,HR Policies and Benefits,Orientation,2012-05-01,2012-05-05,78.56,1.89,Completed
LRN01701,10103,Communication and Collaboration Tools,Orientation,2012-05-02,2012-05-12,73.05,2.09,Completed
LRN01702,10103,Department Process Training,Role-specific,2012-05-05,2012-05-13,90.97,4.35,Completed
LRN01703,10103,Role Fundamentals,Role-specific,2012-05-07,2012-05-10,95.41,3.88,Completed
LRN01704,10103,Role Tools and Systems,Role-specific,2012-05-08,,,,Assigned
LRN01705,10103,Professional Development,Optional,2012-05-15,,,,In Progress
LRN01706,10017,Information Security Awareness,Compliance,2013-10-01,2013-10-13,95.25,1.71,Completed
LRN01707,10017,Data Privacy and Protection,Compliance,2013-10-02,2013-10-04,90.04,2.31,Completed
LRN01708,10017,Code of Conduct,Compliance,2013-09-30,2013-10-10,81.72,1.78,Completed
LRN01709,10017,Workplace Safety,Compliance,2013-10-01,,,,Overdue
LRN01710,10017,Company Orientation,Orientation,2013-09-30,2013-10-08,93.67,2.37,Completed
LRN01711,10017,HR Policies and Benefits,Orientation,2013-10-01,2013-10-10,93.54,1.52,Completed
LRN01712,10017,Communication and Collaboration Tools,Orientation,2013-10-02,2013-10-07,91.72,2.19,Completed
LRN01713,10017,Department Process Training,Role-specific,2013-10-05,2013-10-21,86.79,4.81,Completed
LRN01714,10017,Role Fundamentals,Role-specific,2013-10-07,2013-10-21,88.52,4.7,Completed
LRN01715,10017,Role Tools and Systems,Role-specific,2013-10-08,2013-10-11,78.49,3.89,Completed
LRN01716,10186,Information Security Awareness,Compliance,2011-07-06,2011-07-16,85.95,1.84,Completed
LRN01717,10186,Data Privacy and Protection,Compliance,2011-07-07,2011-07-08,85.58,2.46,Completed
LRN01718,10186,Code of Conduct,Compliance,2011-07-05,2011-07-08,85.73,1.89,Completed
LRN01719,10186,Workplace Safety,Compliance,2011-07-06,2011-07-18,84.4,1.65,Completed
LRN01720,10186,Company Orientation,Orientation,2011-07-05,,,,In Progress
LRN01721,10186,HR Policies and Benefits,Orientation,2011-07-06,2011-07-07,71.15,2.51,Completed
LRN01722,10186,Communication and Collaboration Tools,Orientation,2011-07-07,2011-07-12,93.19,2.78,Completed
LRN01723,10186,Department Process Training,Role-specific,2011-07-10,2011-07-27,84.88,3.22,Completed
LRN01724,10186,Role Fundamentals,Role-specific,2011-07-12,2011-07-24,92.45,7.77,Completed
LRN01725,10186,Role Tools and Systems,Role-specific,2011-07-13,2011-07-22,83.62,4.07,Completed
LRN01726,10186,Professional Development,Optional,2011-07-20,,,,In Progress
LRN01727,10137,Information Security Awareness,Compliance,2013-07-09,2013-07-10,91.08,2.94,Completed
LRN01728,10137,Data Privacy and Protection,Compliance,2013-07-10,2013-07-22,81.74,2.01,Completed
LRN01729,10137,Code of Conduct,Compliance,2013-07-08,2013-07-11,92.46,1.74,Completed
LRN01730,10137,Workplace Safety,Compliance,2013-07-09,2013-07-23,78.11,1.71,Completed
LRN01731,10137,Company Orientation,Orientation,2013-07-08,2013-07-09,67.16,2.4,Completed
LRN01732,10137,HR Policies and Benefits,Orientation,2013-07-09,2013-07-14,88.82,1.76,Completed
LRN01733,10137,Communication and Collaboration Tools,Orientation,2013-07-10,2013-07-22,91.79,2.12,Completed
LRN01734,10137,Department Process Training,Role-specific,2013-07-13,2013-07-16,77.27,3.41,Completed
LRN01735,10137,Role Fundamentals,Role-specific,2013-07-15,2013-07-17,78.44,5.38,Completed
LRN01736,10137,Role Tools and Systems,Role-specific,2013-07-16,2013-07-20,89.41,4.86,Completed
LRN01737,10137,Professional Development,Optional,2013-07-23,2013-08-02,73.67,4.38,Completed
LRN01738,10008,Information Security Awareness,Compliance,2011-01-22,,,,Assigned
LRN01739,10008,Data Privacy and Protection,Compliance,2011-01-23,2011-02-04,78.1,2.27,Completed
LRN01740,10008,Code of Conduct,Compliance,2011-01-21,2011-01-27,79.55,1.75,Completed
LRN01741,10008,Workplace Safety,Compliance,2011-01-22,2011-02-02,89.64,2.09,Completed
LRN01742,10008,Company Orientation,Orientation,2011-01-21,2011-01-29,85.7,2.14,Completed
LRN01743,10008,HR Policies and Benefits,Orientation,2011-01-22,,,,In Progress
LRN01744,10008,Communication and Collaboration Tools,Orientation,2011-01-23,,,,Assigned
LRN01745,10008,Department Process Training,Role-specific,2011-01-26,2011-02-08,78.85,2.23,Completed
LRN01746,10008,Role Fundamentals,Role-specific,2011-01-28,2011-02-15,76.3,6.16,Completed
LRN01747,10008,Role Tools and Systems,Role-specific,2011-01-29,,,,Assigned
LRN01748,10008,Professional Development,Optional,2011-02-05,2011-02-28,85.48,6.67,Completed
LRN01749,10096,Information Security Awareness,Compliance,2013-07-09,2013-07-16,77.96,2.86,Completed
LRN01750,10096,Data Privacy and Protection,Compliance,2013-07-10,2013-07-22,80.94,1.93,Completed
LRN01751,10096,Code of Conduct,Compliance,2013-07-08,,,,Assigned
LRN01752,10096,Workplace Safety,Compliance,2013-07-09,2013-07-10,89.95,1.77,Completed
LRN01753,10096,Company Orientation,Orientation,2013-07-08,,,,Assigned
LRN01754,10096,HR Policies and Benefits,Orientation,2013-07-09,,,,In Progress
LRN01755,10096,Communication and Collaboration Tools,Orientation,2013-07-10,2013-07-19,75.41,2.11,Completed
LRN01756,10096,Department Process Training,Role-specific,2013-07-13,,55.87,,In Progress
LRN01757,10096,Role Fundamentals,Role-specific,2013-07-15,,,,In Progress
LRN01758,10096,Role Tools and Systems,Role-specific,2013-07-16,2013-08-04,83.25,3.09,Completed
LRN01759,10035,Information Security Awareness,Compliance,2013-08-20,,,,In Progress
LRN01760,10035,Data Privacy and Protection,Compliance,2013-08-21,,,,Overdue
LRN01761,10035,Code of Conduct,Compliance,2013-08-19,2013-08-26,89.1,1.65,Completed
LRN01762,10035,Workplace Safety,Compliance,2013-08-20,,,,Overdue
LRN01763,10035,Company Orientation,Orientation,2013-08-19,2013-08-21,81.58,2.58,Completed
LRN01764,10035,HR Policies and Benefits,Orientation,2013-08-20,2013-08-24,84.5,1.6,Completed
LRN01765,10035,Communication and Collaboration Tools,Orientation,2013-08-21,,,,Assigned
LRN01766,10035,Department Process Training,Role-specific,2013-08-24,2013-08-26,93.48,4.31,Completed
LRN01767,10035,Role Fundamentals,Role-specific,2013-08-26,2013-08-30,84.49,5.14,Completed
LRN01768,10035,Role Tools and Systems,Role-specific,2013-08-27,,,,Assigned
LRN01769,10035,Professional Development,Optional,2013-09-03,2013-09-10,99.52,6.34,Completed
LRN01770,10057,Information Security Awareness,Compliance,2015-02-17,2015-02-20,84.27,2.55,Completed
LRN01771,10057,Data Privacy and Protection,Compliance,2015-02-18,,,,Assigned
LRN01772,10057,Code of Conduct,Compliance,2015-02-16,2015-02-24,93.37,1.29,Completed
LRN01773,10057,Workplace Safety,Compliance,2015-02-17,,,,Overdue
LRN01774,10057,Company Orientation,Orientation,2015-02-16,,,,Overdue
LRN01775,10057,HR Policies and Benefits,Orientation,2015-02-17,,,,Overdue
LRN01776,10057,Communication and Collaboration Tools,Orientation,2015-02-18,2015-03-02,85.18,2.52,Completed
LRN01777,10057,Department Process Training,Role-specific,2015-02-21,2015-02-28,100.0,4.15,Completed
LRN01778,10057,Role Fundamentals,Role-specific,2015-02-23,2015-03-05,82.12,7.47,Completed
LRN01779,10057,Role Tools and Systems,Role-specific,2015-02-24,,,,Assigned
LRN01780,10004,Information Security Awareness,Compliance,2011-11-08,2011-11-11,91.39,3.46,Completed
LRN01781,10004,Data Privacy and Protection,Compliance,2011-11-09,2011-11-19,63.82,2.38,Completed
LRN01782,10004,Code of Conduct,Compliance,2011-11-07,,,,Assigned
LRN01783,10004,Workplace Safety,Compliance,2011-11-08,2011-11-13,89.57,2.46,Completed
LRN01784,10004,Company Orientation,Orientation,2011-11-07,2011-11-14,82.71,1.57,Completed
LRN01785,10004,HR Policies and Benefits,Orientation,2011-11-08,2011-11-17,100.0,2.45,Completed
LRN01786,10004,Communication and Collaboration Tools,Orientation,2011-11-09,2011-11-11,79.23,1.7,Completed
LRN01787,10004,Department Process Training,Role-specific,2011-11-12,,,,Assigned
LRN01788,10004,Role Fundamentals,Role-specific,2011-11-14,,,,In Progress
LRN01789,10004,Role Tools and Systems,Role-specific,2011-11-15,2011-12-03,90.81,4.01,Completed
LRN01790,10191,Information Security Awareness,Compliance,2012-09-25,2012-09-30,94.02,2.45,Completed
LRN01791,10191,Data Privacy and Protection,Compliance,2012-09-26,2012-10-06,80.83,2.21,Completed
LRN01792,10191,Code of Conduct,Compliance,2012-09-24,,68.28,,In Progress
LRN01793,10191,Workplace Safety,Compliance,2012-09-25,2012-10-03,83.37,1.8,Completed
LRN01794,10191,Company Orientation,Orientation,2012-09-24,,,,In Progress
LRN01795,10191,HR Policies and Benefits,Orientation,2012-09-25,,,,In Progress
LRN01796,10191,Communication and Collaboration Tools,Orientation,2012-09-26,2012-10-02,82.96,2.06,Completed
LRN01797,10191,Department Process Training,Role-specific,2012-09-29,,,,Assigned
LRN01798,10191,Role Fundamentals,Role-specific,2012-10-01,,81.71,,In Progress
LRN01799,10191,Role Tools and Systems,Role-specific,2012-10-02,2012-10-10,78.83,6.13,Completed
LRN01800,10191,Professional Development,Optional,2012-10-09,,,,In Progress
LRN01801,10219,Information Security Awareness,Compliance,2014-01-07,2014-01-12,82.82,2.19,Completed
LRN01802,10219,Data Privacy and Protection,Compliance,2014-01-08,,,,Assigned
LRN01803,10219,Code of Conduct,Compliance,2014-01-06,2014-01-13,95.16,1.68,Completed
LRN01804,10219,Workplace Safety,Compliance,2014-01-07,2014-01-21,87.81,2.41,Completed
LRN01805,10219,Company Orientation,Orientation,2014-01-06,2014-01-10,87.33,2.1,Completed
LRN01806,10219,HR Policies and Benefits,Orientation,2014-01-07,2014-01-16,89.06,3.03,Completed
LRN01807,10219,Communication and Collaboration Tools,Orientation,2014-01-08,,,,Assigned
LRN01808,10219,Department Process Training,Role-specific,2014-01-11,2014-01-13,85.94,3.63,Completed
LRN01809,10219,Role Fundamentals,Role-specific,2014-01-13,,,,In Progress
LRN01810,10219,Role Tools and Systems,Role-specific,2014-01-14,2014-01-23,86.13,7.36,Completed
LRN01811,10077,Information Security Awareness,Compliance,2016-05-12,,,,In Progress
LRN01812,10077,Data Privacy and Protection,Compliance,2016-05-13,2016-05-22,75.32,1.14,Completed
LRN01813,10077,Code of Conduct,Compliance,2016-05-11,2016-05-14,86.34,1.4,Completed
LRN01814,10077,Workplace Safety,Compliance,2016-05-12,2016-05-15,89.62,2.26,Completed
LRN01815,10077,Company Orientation,Orientation,2016-05-11,2016-05-17,92.13,3.07,Completed
LRN01816,10077,HR Policies and Benefits,Orientation,2016-05-12,2016-05-20,91.23,2.21,Completed
LRN01817,10077,Communication and Collaboration Tools,Orientation,2016-05-13,,,,In Progress
LRN01818,10077,Department Process Training,Role-specific,2016-05-16,2016-05-23,84.96,4.31,Completed
LRN01819,10077,Role Fundamentals,Role-specific,2016-05-18,,,,Assigned
LRN01820,10077,Role Tools and Systems,Role-specific,2016-05-19,2016-05-20,95.19,3.71,Completed
LRN01821,10077,Professional Development,Optional,2016-05-26,,,,In Progress
LRN01822,10073,Information Security Awareness,Compliance,2011-07-06,2011-07-08,90.53,2.2,Completed
LRN01823,10073,Data Privacy and Protection,Compliance,2011-07-07,,69.33,,In Progress
LRN01824,10073,Code of Conduct,Compliance,2011-07-05,,,,In Progress
LRN01825,10073,Workplace Safety,Compliance,2011-07-06,,,,Assigned
LRN01826,10073,Company Orientation,Orientation,2011-07-05,2011-07-14,95.63,2.79,Completed
LRN01827,10073,HR Policies and Benefits,Orientation,2011-07-06,2011-07-15,100.0,2.13,Completed
LRN01828,10073,Communication and Collaboration Tools,Orientation,2011-07-07,2011-07-22,87.37,3.16,Completed
LRN01829,10073,Department Process Training,Role-specific,2011-07-10,,,,In Progress
LRN01830,10073,Role Fundamentals,Role-specific,2011-07-12,,,,Assigned
LRN01831,10073,Role Tools and Systems,Role-specific,2011-07-13,2011-07-24,85.55,6.09,Completed
LRN01832,10073,Professional Development,Optional,2011-07-20,2011-07-31,78.7,4.27,Completed
LRN01833,10279,Information Security Awareness,Compliance,2013-11-12,,,,Assigned
LRN01834,10279,Data Privacy and Protection,Compliance,2013-11-13,2013-11-15,78.05,2.16,Completed
LRN01835,10279,Code of Conduct,Compliance,2013-11-11,2013-11-21,84.01,1.56,Completed
LRN01836,10279,Workplace Safety,Compliance,2013-11-12,2013-11-20,82.24,1.44,Completed
LRN01837,10279,Company Orientation,Orientation,2013-11-11,,,,In Progress
LRN01838,10279,HR Policies and Benefits,Orientation,2013-11-12,2013-11-17,82.98,1.62,Completed
LRN01839,10279,Communication and Collaboration Tools,Orientation,2013-11-13,2013-11-16,77.91,3.45,Completed
LRN01840,10279,Department Process Training,Role-specific,2013-11-16,2013-11-18,90.58,4.71,Completed
LRN01841,10279,Role Fundamentals,Role-specific,2013-11-18,2013-12-06,88.18,5.68,Completed
LRN01842,10279,Role Tools and Systems,Role-specific,2013-11-19,2013-11-20,88.73,4.16,Completed
LRN01843,10110,Data Privacy and Protection,Compliance,2013-11-13,2013-11-25,77.12,2.08,Completed
LRN01844,10110,Code of Conduct,Compliance,2013-11-11,2013-11-15,84.6,0.91,Completed
LRN01845,10110,Workplace Safety,Compliance,2013-11-12,,,,Overdue
LRN01846,10110,Company Orientation,Orientation,2013-11-11,2013-11-12,85.72,1.79,Completed
LRN01847,10110,HR Policies and Benefits,Orientation,2013-11-12,2013-11-13,85.91,2.19,Completed
LRN01848,10110,Communication and Collaboration Tools,Orientation,2013-11-13,,,,In Progress
LRN01849,10110,Department Process Training,Role-specific,2013-11-16,2013-11-28,97.57,4.46,Completed
LRN01850,10110,Role Fundamentals,Role-specific,2013-11-18,2013-11-30,94.58,6.78,Completed
LRN01851,10110,Role Tools and Systems,Role-specific,2013-11-19,,,,In Progress
LRN01852,10110,Professional Development,Optional,2013-11-26,,,,Assigned
LRN01853,10053,Information Security Awareness,Compliance,2011-06-01,2011-06-13,96.52,3.1,Completed
LRN01854,10053,Data Privacy and Protection,Compliance,2011-06-02,,,,In Progress
LRN01855,10053,Code of Conduct,Compliance,2011-05-31,2011-06-06,89.86,1.32,Completed
LRN01856,10053,Workplace Safety,Compliance,2011-06-01,2011-06-09,83.7,2.53,Completed
LRN01857,10053,Company Orientation,Orientation,2011-05-31,,,,In Progress
LRN01858,10053,HR Policies and Benefits,Orientation,2011-06-01,,,,In Progress
LRN01859,10053,Communication and Collaboration Tools,Orientation,2011-06-02,2011-06-05,75.76,3.06,Completed
LRN01860,10053,Department Process Training,Role-specific,2011-06-05,2011-06-17,80.82,5.02,Completed
LRN01861,10053,Role Fundamentals,Role-specific,2011-06-07,,,,Overdue
LRN01862,10053,Role Tools and Systems,Role-specific,2011-06-08,,,,Overdue
LRN01863,10076,Information Security Awareness,Compliance,2015-03-31,,,,Assigned
LRN01864,10076,Data Privacy and Protection,Compliance,2015-04-01,,,,In Progress
LRN01865,10076,Code of Conduct,Compliance,2015-03-30,2015-04-07,93.18,1.43,Completed
LRN01866,10076,Workplace Safety,Compliance,2015-03-31,2015-04-02,99.65,2.8,Completed
LRN01867,10076,Company Orientation,Orientation,2015-03-30,,,,Overdue
LRN01868,10076,HR Policies and Benefits,Orientation,2015-03-31,,,,Assigned
LRN01869,10076,Communication and Collaboration Tools,Orientation,2015-04-01,,,,Assigned
LRN01870,10076,Department Process Training,Role-specific,2015-04-04,2015-04-18,89.47,4.36,Completed
LRN01871,10076,Role Fundamentals,Role-specific,2015-04-06,2015-04-11,83.38,5.81,Completed
LRN01872,10076,Role Tools and Systems,Role-specific,2015-04-07,2015-04-19,84.08,4.55,Completed
LRN01873,10145,Information Security Awareness,Compliance,2013-01-08,,,,Assigned
LRN01874,10145,Data Privacy and Protection,Compliance,2013-01-09,2013-01-11,87.63,2.23,Completed
LRN01875,10145,Code of Conduct,Compliance,2013-01-07,2013-01-14,88.51,1.52,Completed
LRN01876,10145,Workplace Safety,Compliance,2013-01-08,2013-01-16,89.62,1.88,Completed
LRN01877,10145,Company Orientation,Orientation,2013-01-07,2013-01-16,100.0,1.9,Completed
LRN01878,10145,HR Policies and Benefits,Orientation,2013-01-08,2013-01-12,78.34,1.96,Completed
LRN01879,10145,Communication and Collaboration Tools,Orientation,2013-01-09,,,,Assigned
LRN01880,10145,Department Process Training,Role-specific,2013-01-12,2013-01-20,90.23,3.45,Completed
LRN01881,10145,Role Fundamentals,Role-specific,2013-01-14,2013-01-15,85.84,4.1,Completed
LRN01882,10145,Role Tools and Systems,Role-specific,2013-01-15,2013-01-18,92.11,4.72,Completed
LRN01883,10145,Professional Development,Optional,2013-01-22,,53.16,,In Progress
LRN01884,10202,Information Security Awareness,Compliance,2016-07-07,2016-07-18,71.41,2.92,Completed
LRN01885,10202,Data Privacy and Protection,Compliance,2016-07-08,2016-07-09,100.0,1.09,Completed
LRN01886,10202,Code of Conduct,Compliance,2016-07-06,,,,Overdue
LRN01887,10202,Workplace Safety,Compliance,2016-07-07,2016-07-09,81.07,2.17,Completed
LRN01888,10202,Company Orientation,Orientation,2016-07-06,2016-07-10,78.71,2.89,Completed
LRN01889,10202,HR Policies and Benefits,Orientation,2016-07-07,,,,Assigned
LRN01890,10202,Communication and Collaboration Tools,Orientation,2016-07-08,,,,Assigned
LRN01891,10202,Department Process Training,Role-specific,2016-07-11,2016-07-14,74.78,5.28,Completed
LRN01892,10202,Role Fundamentals,Role-specific,2016-07-13,2016-07-14,95.77,5.04,Completed
LRN01893,10202,Role Tools and Systems,Role-specific,2016-07-14,2016-07-22,86.97,5.87,Completed
LRN01894,10128,Information Security Awareness,Compliance,2012-04-03,2012-04-12,96.44,2.5,Completed
LRN01895,10128,Data Privacy and Protection,Compliance,2012-04-04,2012-04-06,81.48,1.78,Completed
LRN01896,10128,Code of Conduct,Compliance,2012-04-02,2012-04-12,97.99,1.44,Completed
LRN01897,10128,Workplace Safety,Compliance,2012-04-03,2012-04-04,66.17,2.23,Completed
LRN01898,10128,Company Orientation,Orientation,2012-04-02,2012-04-06,87.45,2.25,Completed
LRN01899,10128,HR Policies and Benefits,Orientation,2012-04-03,2012-04-12,93.38,2.1,Completed
LRN01900,10128,Communication and Collaboration Tools,Orientation,2012-04-04,2012-04-07,74.24,2.61,Completed
LRN01901,10128,Department Process Training,Role-specific,2012-04-07,2012-04-16,87.63,2.89,Completed
LRN01902,10128,Role Fundamentals,Role-specific,2012-04-09,2012-04-18,92.91,6.73,Completed
LRN01903,10128,Role Tools and Systems,Role-specific,2012-04-10,,,,In Progress
LRN01904,10128,Professional Development,Optional,2012-04-17,,,,In Progress
LRN01905,10068,Information Security Awareness,Compliance,2015-03-31,2015-04-10,91.64,2.88,Completed
LRN01906,10068,Data Privacy and Protection,Compliance,2015-04-01,2015-04-06,78.16,2.41,Completed
LRN01907,10068,Code of Conduct,Compliance,2015-03-30,2015-04-09,94.52,1.45,Completed
LRN01908,10068,Workplace Safety,Compliance,2015-03-31,2015-04-09,84.83,2.25,Completed
LRN01909,10068,Company Orientation,Orientation,2015-03-30,,,,Overdue
LRN01910,10068,HR Policies and Benefits,Orientation,2015-03-31,2015-04-08,86.71,1.74,Completed
LRN01911,10068,Communication and Collaboration Tools,Orientation,2015-04-01,2015-04-05,88.77,3.31,Completed
LRN01912,10068,Department Process Training,Role-specific,2015-04-04,2015-04-22,89.12,3.76,Completed
LRN01913,10068,Role Fundamentals,Role-specific,2015-04-06,2015-04-15,90.35,5.03,Completed
LRN01914,10068,Role Tools and Systems,Role-specific,2015-04-07,,,,In Progress
LRN01915,10068,Professional Development,Optional,2015-04-14,2015-05-03,75.24,3.66,Completed
LRN01916,10116,Information Security Awareness,Compliance,2012-08-17,2012-08-24,92.64,2.42,Completed
LRN01917,10116,Data Privacy and Protection,Compliance,2012-08-18,,56.03,,In Progress
LRN01918,10116,Code of Conduct,Compliance,2012-08-16,,,,Overdue
LRN01919,10116,Workplace Safety,Compliance,2012-08-17,2012-08-24,91.16,1.79,Completed
LRN01920,10116,Company Orientation,Orientation,2012-08-16,2012-08-20,94.81,2.24,Completed
LRN01921,10116,HR Policies and Benefits,Orientation,2012-08-17,,,,Assigned
LRN01922,10116,Communication and Collaboration Tools,Orientation,2012-08-18,2012-08-24,89.99,3.32,Completed
LRN01923,10116,Department Process Training,Role-specific,2012-08-21,2012-09-02,91.75,3.08,Completed
LRN01924,10116,Role Fundamentals,Role-specific,2012-08-23,2012-09-04,77.33,4.4,Completed
LRN01925,10116,Role Tools and Systems,Role-specific,2012-08-24,2012-08-25,86.64,2.17,Completed
LRN01926,10298,Information Security Awareness,Compliance,2011-08-16,2011-08-18,74.41,2.09,Completed
LRN01927,10298,Data Privacy and Protection,Compliance,2011-08-17,2011-09-01,77.19,1.57,Completed
LRN01928,10298,Code of Conduct,Compliance,2011-08-15,2011-08-24,92.22,1.71,Completed
LRN01929,10298,Workplace Safety,Compliance,2011-08-16,,,,In Progress
LRN01930,10298,Company Orientation,Orientation,2011-08-15,2011-08-16,83.32,2.24,Completed
LRN01931,10298,HR Policies and Benefits,Orientation,2011-08-16,2011-08-19,94.14,2.4,Completed
LRN01932,10298,Communication and Collaboration Tools,Orientation,2011-08-17,,,,Overdue
LRN01933,10298,Department Process Training,Role-specific,2011-08-20,2011-08-25,83.4,3.43,Completed
LRN01934,10298,Role Fundamentals,Role-specific,2011-08-22,2011-08-30,99.94,6.37,Completed
LRN01935,10298,Role Tools and Systems,Role-specific,2011-08-23,,,,Assigned
LRN01936,10213,Information Security Awareness,Compliance,2011-11-08,2011-11-17,97.62,1.84,Completed
LRN01937,10213,Workplace Safety,Compliance,2011-11-08,,63.63,,In Progress
LRN01938,10213,Company Orientation,Orientation,2011-11-07,2011-11-12,94.01,2.97,Completed
LRN01939,10213,HR Policies and Benefits,Orientation,2011-11-08,2011-11-09,74.39,2.31,Completed
LRN01940,10213,Communication and Collaboration Tools,Orientation,2011-11-09,2011-11-10,96.29,2.39,Completed
LRN01941,10213,Department Process Training,Role-specific,2011-11-12,2011-11-26,93.14,2.82,Completed
LRN01942,10213,Role Fundamentals,Role-specific,2011-11-14,2011-11-23,85.84,4.73,Completed
LRN01943,10213,Role Tools and Systems,Role-specific,2011-11-15,2011-11-23,97.58,6.01,Completed
LRN01944,10288,Information Security Awareness,Compliance,2012-02-16,2012-02-27,93.63,2.27,Completed
LRN01945,10288,Data Privacy and Protection,Compliance,2012-02-17,2012-02-29,69.52,2.51,Completed
LRN01946,10288,Code of Conduct,Compliance,2012-02-15,2012-02-18,83.61,1.31,Completed
LRN01947,10288,Workplace Safety,Compliance,2012-02-16,,65.96,,In Progress
LRN01948,10288,Company Orientation,Orientation,2012-02-15,,,,Assigned
LRN01949,10288,HR Policies and Benefits,Orientation,2012-02-16,2012-02-17,83.16,1.59,Completed
LRN01950,10288,Communication and Collaboration Tools,Orientation,2012-02-17,,,,Overdue
LRN01951,10288,Department Process Training,Role-specific,2012-02-20,2012-03-04,80.91,4.06,Completed
LRN01952,10288,Role Fundamentals,Role-specific,2012-02-22,2012-03-01,90.38,6.8,Completed
LRN01953,10288,Role Tools and Systems,Role-specific,2012-02-23,2012-03-09,85.47,6.37,Completed
LRN01954,10025,Information Security Awareness,Compliance,2013-05-14,2013-05-25,99.69,2.62,Completed
LRN01955,10025,Data Privacy and Protection,Compliance,2013-05-15,2013-05-28,88.72,1.69,Completed
LRN01956,10025,Code of Conduct,Compliance,2013-05-13,2013-05-18,77.32,1.51,Completed
LRN01957,10025,Workplace Safety,Compliance,2013-05-14,2013-05-21,70.47,1.85,Completed
LRN01958,10025,Company Orientation,Orientation,2013-05-13,,,,In Progress
LRN01959,10025,HR Policies and Benefits,Orientation,2013-05-14,,,,Assigned
LRN01960,10025,Communication and Collaboration Tools,Orientation,2013-05-15,,,,Assigned
LRN01961,10025,Department Process Training,Role-specific,2013-05-18,2013-05-26,84.63,4.68,Completed
LRN01962,10025,Role Fundamentals,Role-specific,2013-05-20,,,,In Progress
LRN01963,10025,Role Tools and Systems,Role-specific,2013-05-21,,,,In Progress
LRN01964,10025,Professional Development,Optional,2013-05-28,,,,Assigned
LRN01965,10223,Information Security Awareness,Compliance,2012-01-10,2012-01-14,80.01,2.57,Completed
LRN01966,10223,Data Privacy and Protection,Compliance,2012-01-11,2012-01-20,87.16,1.92,Completed
LRN01967,10223,Code of Conduct,Compliance,2012-01-09,2012-01-13,72.95,1.92,Completed
LRN01968,10223,Workplace Safety,Compliance,2012-01-10,2012-01-14,81.03,1.75,Completed
LRN01969,10223,Company Orientation,Orientation,2012-01-09,,,,Overdue
LRN01970,10223,HR Policies and Benefits,Orientation,2012-01-10,,,,In Progress
LRN01971,10223,Communication and Collaboration Tools,Orientation,2012-01-11,2012-01-15,83.69,2.5,Completed
LRN01972,10223,Department Process Training,Role-specific,2012-01-14,2012-01-29,80.45,5.19,Completed
LRN01973,10223,Role Fundamentals,Role-specific,2012-01-16,2012-01-26,86.16,6.91,Completed
LRN01974,10223,Role Tools and Systems,Role-specific,2012-01-17,,,,Assigned
LRN01975,10151,Information Security Awareness,Compliance,2015-02-17,,,,Overdue
LRN01976,10151,Data Privacy and Protection,Compliance,2015-02-18,2015-02-25,86.08,2.35,Completed
LRN01977,10151,Code of Conduct,Compliance,2015-02-16,2015-02-18,100.0,1.45,Completed
LRN01978,10151,Workplace Safety,Compliance,2015-02-17,,54.83,,In Progress
LRN01979,10151,Company Orientation,Orientation,2015-02-16,,79.36,,In Progress
LRN01980,10151,HR Policies and Benefits,Orientation,2015-02-17,2015-02-18,95.81,2.62,Completed
LRN01981,10151,Communication and Collaboration Tools,Orientation,2015-02-18,,,,Overdue
LRN01982,10151,Department Process Training,Role-specific,2015-02-21,2015-03-03,82.04,5.45,Completed
LRN01983,10151,Role Fundamentals,Role-specific,2015-02-23,2015-03-04,91.75,7.21,Completed
LRN01984,10151,Role Tools and Systems,Role-specific,2015-02-24,2015-03-12,87.76,5.33,Completed
LRN01985,10151,Professional Development,Optional,2015-03-03,2015-03-06,77.08,4.02,Completed
LRN01986,10254,Information Security Awareness,Compliance,2013-04-02,,68.52,,In Progress
LRN01987,10254,Data Privacy and Protection,Compliance,2013-04-03,2013-04-17,89.43,2.45,Completed
LRN01988,10254,Code of Conduct,Compliance,2013-04-01,2013-04-11,88.99,0.89,Completed
LRN01989,10254,Workplace Safety,Compliance,2013-04-02,,,,Assigned
LRN01990,10254,Company Orientation,Orientation,2013-04-01,2013-04-06,85.02,2.44,Completed
LRN01991,10254,HR Policies and Benefits,Orientation,2013-04-02,2013-04-13,93.8,1.14,Completed
LRN01992,10254,Communication and Collaboration Tools,Orientation,2013-04-03,,,,Assigned
LRN01993,10254,Department Process Training,Role-specific,2013-04-06,,,,Assigned
LRN01994,10254,Role Fundamentals,Role-specific,2013-04-08,,70.82,,In Progress
LRN01995,10254,Role Tools and Systems,Role-specific,2013-04-09,,,,In Progress
LRN01996,10120,Information Security Awareness,Compliance,2013-05-14,2013-05-25,81.63,3.24,Completed
LRN01997,10120,Data Privacy and Protection,Compliance,2013-05-15,2013-05-19,76.84,1.25,Completed
LRN01998,10120,Code of Conduct,Compliance,2013-05-13,,,,In Progress
LRN01999,10120,Workplace Safety,Compliance,2013-05-14,2013-05-24,81.52,2.63,Completed
LRN02000,10120,Company Orientation,Orientation,2013-05-13,,,,In Progress
LRN02001,10120,HR Policies and Benefits,Orientation,2013-05-14,2013-05-19,100.0,1.3,Completed
LRN02002,10120,Communication and Collaboration Tools,Orientation,2013-05-15,2013-05-28,96.12,1.78,Completed
LRN02003,10120,Department Process Training,Role-specific,2013-05-18,2013-05-29,86.63,4.44,Completed
LRN02004,10120,Role Fundamentals,Role-specific,2013-05-20,2013-05-23,100.0,5.93,Completed
LRN02005,10120,Role Tools and Systems,Role-specific,2013-05-21,2013-06-10,93.82,3.27,Completed
LRN02006,10216,Information Security Awareness,Compliance,2013-07-09,2013-07-20,88.24,3.78,Completed
LRN02007,10216,Data Privacy and Protection,Compliance,2013-07-10,2013-07-20,94.12,2.1,Completed
LRN02008,10216,Code of Conduct,Compliance,2013-07-08,,,,Assigned
LRN02009,10216,Workplace Safety,Compliance,2013-07-09,2013-07-19,84.01,1.29,Completed
LRN02010,10216,Company Orientation,Orientation,2013-07-08,2013-07-11,89.03,1.82,Completed
LRN02011,10216,HR Policies and Benefits,Orientation,2013-07-09,2013-07-17,86.24,1.9,Completed
LRN02012,10216,Communication and Collaboration Tools,Orientation,2013-07-10,2013-07-24,79.56,2.01,Completed
LRN02013,10216,Department Process Training,Role-specific,2013-07-13,2013-07-30,88.84,3.81,Completed
LRN02014,10216,Role Fundamentals,Role-specific,2013-07-15,2013-07-20,89.06,5.02,Completed
LRN02015,10216,Role Tools and Systems,Role-specific,2013-07-16,,,,In Progress
LRN02016,10079,Information Security Awareness,Compliance,2017-02-11,,,,Overdue
LRN02017,10079,Data Privacy and Protection,Compliance,2017-02-12,2017-02-24,95.17,1.66,Completed
LRN02018,10079,Code of Conduct,Compliance,2017-02-10,2017-02-12,88.78,1.42,Completed
LRN02019,10079,Workplace Safety,Compliance,2017-02-11,2017-02-25,81.81,1.86,Completed
LRN02020,10079,Company Orientation,Orientation,2017-02-10,,,,Overdue
LRN02021,10079,HR Policies and Benefits,Orientation,2017-02-11,,84.11,,In Progress
LRN02022,10079,Communication and Collaboration Tools,Orientation,2017-02-12,2017-02-19,82.4,2.56,Completed
LRN02023,10079,Department Process Training,Role-specific,2017-02-15,,,,In Progress
LRN02024,10079,Role Fundamentals,Role-specific,2017-02-17,2017-02-20,91.48,6.39,Completed
LRN02025,10079,Role Tools and Systems,Role-specific,2017-02-18,2017-02-20,78.84,5.15,Completed
LRN02026,10079,Professional Development,Optional,2017-02-25,,,,In Progress
LRN02027,10215,Information Security Awareness,Compliance,2011-09-27,,72.21,,In Progress
LRN02028,10215,Data Privacy and Protection,Compliance,2011-09-28,2011-10-11,74.8,2.15,Completed
LRN02029,10215,Code of Conduct,Compliance,2011-09-26,,,,Assigned
LRN02030,10215,Workplace Safety,Compliance,2011-09-27,2011-09-29,95.34,1.49,Completed
LRN02031,10215,Company Orientation,Orientation,2011-09-26,,,,Overdue
LRN02032,10215,HR Policies and Benefits,Orientation,2011-09-27,2011-10-03,94.67,1.62,Completed
LRN02033,10215,Communication and Collaboration Tools,Orientation,2011-09-28,2011-10-08,84.55,2.92,Completed
LRN02034,10215,Department Process Training,Role-specific,2011-10-01,2011-10-13,84.01,3.1,Completed
LRN02035,10215,Role Fundamentals,Role-specific,2011-10-03,2011-10-08,93.22,6.09,Completed
LRN02036,10215,Role Tools and Systems,Role-specific,2011-10-04,,,,Overdue
LRN02037,10185,Information Security Awareness,Compliance,2013-04-02,2013-04-10,96.88,2.43,Completed
LRN02038,10185,Data Privacy and Protection,Compliance,2013-04-03,2013-04-15,85.71,2.26,Completed
LRN02039,10185,Code of Conduct,Compliance,2013-04-01,,,,Assigned
LRN02040,10185,Workplace Safety,Compliance,2013-04-02,2013-04-06,85.61,2.59,Completed
LRN02041,10185,Company Orientation,Orientation,2013-04-01,2013-04-05,95.94,2.37,Completed
LRN02042,10185,HR Policies and Benefits,Orientation,2013-04-02,2013-04-12,87.58,1.92,Completed
LRN02043,10185,Communication and Collaboration Tools,Orientation,2013-04-03,2013-04-18,87.65,2.95,Completed
LRN02044,10185,Department Process Training,Role-specific,2013-04-06,2013-04-11,92.27,5.14,Completed
LRN02045,10185,Role Fundamentals,Role-specific,2013-04-08,2013-04-15,95.91,5.89,Completed
LRN02046,10185,Role Tools and Systems,Role-specific,2013-04-09,2013-04-10,99.77,5.96,Completed
LRN02047,10063,Information Security Awareness,Compliance,2014-05-13,,,,Assigned
LRN02048,10063,Data Privacy and Protection,Compliance,2014-05-14,2014-05-15,83.43,2.13,Completed
LRN02049,10063,Code of Conduct,Compliance,2014-05-12,2014-05-15,80.69,1.54,Completed
LRN02050,10063,Workplace Safety,Compliance,2014-05-13,,,,Assigned
LRN02051,10063,Company Orientation,Orientation,2014-05-12,2014-05-18,96.31,2.98,Completed
LRN02052,10063,HR Policies and Benefits,Orientation,2014-05-13,2014-05-20,92.05,2.03,Completed
LRN02053,10063,Communication and Collaboration Tools,Orientation,2014-05-14,2014-05-18,87.17,3.8,Completed
LRN02054,10063,Department Process Training,Role-specific,2014-05-17,,,,In Progress
LRN02055,10063,Role Fundamentals,Role-specific,2014-05-19,2014-06-05,87.31,4.8,Completed
LRN02056,10063,Role Tools and Systems,Role-specific,2014-05-20,2014-06-04,85.62,2.61,Completed
LRN02057,10063,Professional Development,Optional,2014-05-27,2014-06-04,84.02,4.78,Completed
LRN02058,10037,Information Security Awareness,Compliance,2013-04-02,,,,Overdue
LRN02059,10037,Data Privacy and Protection,Compliance,2013-04-03,2013-04-11,85.45,1.99,Completed
LRN02060,10037,Code of Conduct,Compliance,2013-04-01,2013-04-07,79.85,1.8,Completed
LRN02061,10037,Workplace Safety,Compliance,2013-04-02,2013-04-08,85.65,2.05,Completed
LRN02062,10037,Company Orientation,Orientation,2013-04-01,,,,Assigned
LRN02063,10037,HR Policies and Benefits,Orientation,2013-04-02,2013-04-06,92.94,2.18,Completed
LRN02064,10037,Communication and Collaboration Tools,Orientation,2013-04-03,2013-04-05,97.59,3.9,Completed
LRN02065,10037,Department Process Training,Role-specific,2013-04-06,2013-04-10,87.3,4.78,Completed
LRN02066,10037,Role Fundamentals,Role-specific,2013-04-08,,61.52,,In Progress
LRN02067,10037,Role Tools and Systems,Role-specific,2013-04-09,,,,Assigned
LRN02068,10037,Professional Development,Optional,2013-04-16,2013-04-19,89.31,4.86,Completed
LRN02069,10042,Information Security Awareness,Compliance,2013-07-09,2013-07-15,78.94,2.71,Completed
LRN02070,10042,Data Privacy and Protection,Compliance,2013-07-10,,,,Assigned
LRN02071,10042,Code of Conduct,Compliance,2013-07-08,2013-07-13,94.58,1.68,Completed
LRN02072,10042,Workplace Safety,Compliance,2013-07-09,,,,Assigned
LRN02073,10042,Company Orientation,Orientation,2013-07-08,,,,In Progress
LRN02074,10042,HR Policies and Benefits,Orientation,2013-07-09,2013-07-15,96.17,1.06,Completed
LRN02075,10042,Communication and Collaboration Tools,Orientation,2013-07-10,,,,In Progress
LRN02076,10042,Department Process Training,Role-specific,2013-07-13,2013-07-19,74.4,5.13,Completed
LRN02077,10042,Role Fundamentals,Role-specific,2013-07-15,2013-07-29,76.87,5.72,Completed
LRN02078,10042,Role Tools and Systems,Role-specific,2013-07-16,2013-07-28,91.2,5.11,Completed
LRN02079,10206,Information Security Awareness,Compliance,2013-07-09,2013-07-17,85.76,3.34,Completed
LRN02080,10206,Data Privacy and Protection,Compliance,2013-07-10,,,,In Progress
LRN02081,10206,Code of Conduct,Compliance,2013-07-08,2013-07-12,83.93,1.46,Completed
LRN02082,10206,Workplace Safety,Compliance,2013-07-09,2013-07-16,86.52,2.25,Completed
LRN02083,10206,Company Orientation,Orientation,2013-07-08,2013-07-12,84.67,2.5,Completed
LRN02084,10206,HR Policies and Benefits,Orientation,2013-07-09,2013-07-10,89.69,1.82,Completed
LRN02085,10206,Communication and Collaboration Tools,Orientation,2013-07-10,,,,Assigned
LRN02086,10206,Department Process Training,Role-specific,2013-07-13,,57.89,,In Progress
LRN02087,10206,Role Fundamentals,Role-specific,2013-07-15,2013-08-04,80.36,7.5,Completed
LRN02088,10206,Role Tools and Systems,Role-specific,2013-07-16,2013-07-28,76.81,4.09,Completed
LRN02089,10104,Information Security Awareness,Compliance,2014-11-11,2014-11-12,84.87,2.32,Completed
LRN02090,10104,Data Privacy and Protection,Compliance,2014-11-12,2014-11-25,80.82,2.02,Completed
LRN02091,10104,Code of Conduct,Compliance,2014-11-10,2014-11-11,99.75,1.74,Completed
LRN02092,10104,Workplace Safety,Compliance,2014-11-11,2014-11-20,81.81,1.91,Completed
LRN02093,10104,Company Orientation,Orientation,2014-11-10,2014-11-20,77.94,3.13,Completed
LRN02094,10104,HR Policies and Benefits,Orientation,2014-11-11,,,,In Progress
LRN02095,10104,Communication and Collaboration Tools,Orientation,2014-11-12,2014-11-14,91.76,1.83,Completed
LRN02096,10104,Department Process Training,Role-specific,2014-11-15,2014-11-26,85.54,4.5,Completed
LRN02097,10104,Role Fundamentals,Role-specific,2014-11-17,2014-11-22,77.35,5.93,Completed
LRN02098,10104,Role Tools and Systems,Role-specific,2014-11-18,2014-11-26,99.47,5.02,Completed
LRN02099,10104,Professional Development,Optional,2014-11-25,,,,In Progress
LRN02100,10303,Information Security Awareness,Compliance,2014-04-01,,,,In Progress
LRN02101,10303,Data Privacy and Protection,Compliance,2014-04-02,2014-04-14,89.14,1.72,Completed
LRN02102,10303,Code of Conduct,Compliance,2014-03-31,2014-04-04,90.08,1.42,Completed
LRN02103,10303,Workplace Safety,Compliance,2014-04-01,2014-04-03,88.71,1.86,Completed
LRN02104,10303,Company Orientation,Orientation,2014-03-31,2014-04-06,75.31,2.54,Completed
LRN02105,10303,HR Policies and Benefits,Orientation,2014-04-01,,,,Assigned
LRN02106,10303,Communication and Collaboration Tools,Orientation,2014-04-02,,,,In Progress
LRN02107,10303,Department Process Training,Role-specific,2014-04-05,,,,Overdue
LRN02108,10303,Role Fundamentals,Role-specific,2014-04-07,2014-04-25,84.07,5.32,Completed
LRN02109,10303,Role Tools and Systems,Role-specific,2014-04-08,2014-04-24,81.25,4.52,Completed
LRN02110,10078,Information Security Awareness,Compliance,2012-05-15,2012-05-17,92.56,2.26,Completed
LRN02111,10078,Data Privacy and Protection,Compliance,2012-05-16,,,,Overdue
LRN02112,10078,Code of Conduct,Compliance,2012-05-14,2012-05-16,89.38,1.91,Completed
LRN02113,10078,Workplace Safety,Compliance,2012-05-15,2012-05-26,94.57,1.28,Completed
LRN02114,10078,Company Orientation,Orientation,2012-05-14,,,,In Progress
LRN02115,10078,HR Policies and Benefits,Orientation,2012-05-15,2012-05-16,85.22,1.71,Completed
LRN02116,10078,Communication and Collaboration Tools,Orientation,2012-05-16,2012-05-30,92.49,2.44,Completed
LRN02117,10078,Department Process Training,Role-specific,2012-05-19,,,,Overdue
LRN02118,10078,Role Fundamentals,Role-specific,2012-05-21,,,,Assigned
LRN02119,10078,Role Tools and Systems,Role-specific,2012-05-22,,,,In Progress
LRN02120,10078,Professional Development,Optional,2012-05-29,,,,In Progress
LRN02121,10121,Data Privacy and Protection,Compliance,2013-10-02,2013-10-17,74.93,1.84,Completed
LRN02122,10121,Code of Conduct,Compliance,2013-09-30,2013-10-01,92.55,1.17,Completed
LRN02123,10121,Workplace Safety,Compliance,2013-10-01,2013-10-06,100.0,1.9,Completed
LRN02124,10121,Company Orientation,Orientation,2013-09-30,,,,Assigned
LRN02125,10121,HR Policies and Benefits,Orientation,2013-10-01,2013-10-03,82.01,1.57,Completed
LRN02126,10121,Communication and Collaboration Tools,Orientation,2013-10-02,2013-10-07,82.27,2.34,Completed
LRN02127,10121,Department Process Training,Role-specific,2013-10-05,2013-10-15,99.88,2.94,Completed
LRN02128,10121,Role Fundamentals,Role-specific,2013-10-07,2013-10-22,77.87,6.0,Completed
LRN02129,10121,Role Tools and Systems,Role-specific,2013-10-08,2013-10-26,92.41,5.85,Completed
LRN02130,10021,Information Security Awareness,Compliance,2013-10-01,2013-10-05,79.74,2.0,Completed
LRN02131,10021,Data Privacy and Protection,Compliance,2013-10-02,,,,Overdue
LRN02132,10021,Code of Conduct,Compliance,2013-09-30,2013-10-08,70.71,1.49,Completed
LRN02133,10021,Workplace Safety,Compliance,2013-10-01,2013-10-05,94.98,1.77,Completed
LRN02134,10021,Company Orientation,Orientation,2013-09-30,2013-10-03,67.46,3.06,Completed
LRN02135,10021,HR Policies and Benefits,Orientation,2013-10-01,2013-10-03,100.0,1.31,Completed
LRN02136,10021,Communication and Collaboration Tools,Orientation,2013-10-02,2013-10-14,83.35,1.82,Completed
LRN02137,10021,Department Process Training,Role-specific,2013-10-05,2013-10-15,91.41,5.43,Completed
LRN02138,10021,Role Fundamentals,Role-specific,2013-10-07,,,,In Progress
LRN02139,10021,Role Tools and Systems,Role-specific,2013-10-08,2013-10-17,97.79,3.8,Completed
LRN02140,10021,Professional Development,Optional,2013-10-15,,,,Assigned
LRN02141,10281,Information Security Awareness,Compliance,2014-02-18,2014-02-27,88.64,2.35,Completed
LRN02142,10281,Data Privacy and Protection,Compliance,2014-02-19,2014-03-01,83.05,2.28,Completed
LRN02143,10281,Code of Conduct,Compliance,2014-02-17,2014-02-25,79.61,1.68,Completed
LRN02144,10281,Workplace Safety,Compliance,2014-02-18,2014-02-26,82.37,1.52,Completed
LRN02145,10281,Company Orientation,Orientation,2014-02-17,2014-02-27,98.37,2.94,Completed
LRN02146,10281,HR Policies and Benefits,Orientation,2014-02-18,,,,In Progress
LRN02147,10281,Communication and Collaboration Tools,Orientation,2014-02-19,,,,In Progress
LRN02148,10281,Department Process Training,Role-specific,2014-02-22,2014-03-06,85.62,5.41,Completed
LRN02149,10281,Role Fundamentals,Role-specific,2014-02-24,2014-02-26,90.15,8.49,Completed
LRN02150,10281,Role Tools and Systems,Role-specific,2014-02-25,2014-03-13,76.66,5.47,Completed
LRN02151,10041,Information Security Awareness,Compliance,2015-01-06,2015-01-16,98.46,3.08,Completed
LRN02152,10041,Data Privacy and Protection,Compliance,2015-01-07,2015-01-14,98.29,1.85,Completed
LRN02153,10041,Code of Conduct,Compliance,2015-01-05,2015-01-13,71.9,1.31,Completed
LRN02154,10041,Workplace Safety,Compliance,2015-01-06,2015-01-11,91.96,1.85,Completed
LRN02155,10041,Company Orientation,Orientation,2015-01-05,2015-01-07,80.21,2.53,Completed
LRN02156,10041,HR Policies and Benefits,Orientation,2015-01-06,2015-01-16,89.08,1.37,Completed
LRN02157,10041,Communication and Collaboration Tools,Orientation,2015-01-07,2015-01-16,82.18,3.03,Completed
LRN02158,10041,Department Process Training,Role-specific,2015-01-10,2015-01-23,91.37,3.64,Completed
LRN02159,10041,Role Fundamentals,Role-specific,2015-01-12,,,,In Progress
LRN02160,10041,Role Tools and Systems,Role-specific,2015-01-13,,,,Overdue
LRN02161,10148,Information Security Awareness,Compliance,2011-02-08,2011-02-18,86.4,1.96,Completed
LRN02162,10148,Data Privacy and Protection,Compliance,2011-02-09,2011-02-11,81.68,1.98,Completed
LRN02163,10148,Code of Conduct,Compliance,2011-02-07,2011-02-08,81.07,1.46,Completed
LRN02164,10148,Workplace Safety,Compliance,2011-02-08,,,,In Progress
LRN02165,10148,Company Orientation,Orientation,2011-02-07,,,,In Progress
LRN02166,10148,HR Policies and Benefits,Orientation,2011-02-08,,,,Assigned
LRN02167,10148,Communication and Collaboration Tools,Orientation,2011-02-09,,,,In Progress
LRN02168,10148,Department Process Training,Role-specific,2011-02-12,,,,Assigned
LRN02169,10148,Role Fundamentals,Role-specific,2011-02-14,2011-02-18,87.65,7.1,Completed
LRN02170,10148,Role Tools and Systems,Role-specific,2011-02-15,,68.14,,In Progress
LRN02171,10148,Professional Development,Optional,2011-02-22,,81.83,,In Progress
LRN02172,10005,Information Security Awareness,Compliance,2011-11-08,2011-11-15,91.94,2.47,Completed
LRN02173,10005,Data Privacy and Protection,Compliance,2011-11-09,2011-11-17,83.61,0.94,Completed
LRN02174,10005,Code of Conduct,Compliance,2011-11-07,,,,Overdue
LRN02175,10005,Workplace Safety,Compliance,2011-11-08,2011-11-09,95.84,2.75,Completed
LRN02176,10005,Company Orientation,Orientation,2011-11-07,2011-11-14,82.64,2.51,Completed
LRN02177,10005,HR Policies and Benefits,Orientation,2011-11-08,2011-11-16,99.19,2.9,Completed
LRN02178,10005,Communication and Collaboration Tools,Orientation,2011-11-09,2011-11-17,75.64,3.27,Completed
LRN02179,10005,Department Process Training,Role-specific,2011-11-12,,,,Assigned
LRN02180,10005,Role Fundamentals,Role-specific,2011-11-14,,,,Assigned
LRN02181,10005,Role Tools and Systems,Role-specific,2011-11-15,2011-11-28,81.31,4.63,Completed
LRN02182,10005,Professional Development,Optional,2011-11-22,,,,Overdue
LRN02183,10259,Information Security Awareness,Compliance,2014-12-02,2014-12-07,84.91,1.89,Completed
LRN02184,10259,Data Privacy and Protection,Compliance,2014-12-03,2014-12-11,78.99,1.81,Completed
LRN02185,10259,Code of Conduct,Compliance,2014-12-01,2014-12-02,72.35,1.43,Completed
LRN02186,10259,Workplace Safety,Compliance,2014-12-02,2014-12-08,82.97,1.91,Completed
LRN02187,10259,Company Orientation,Orientation,2014-12-01,2014-12-02,77.76,2.48,Completed
LRN02188,10259,HR Policies and Benefits,Orientation,2014-12-02,,,,In Progress
LRN02189,10259,Communication and Collaboration Tools,Orientation,2014-12-03,,,,Overdue
LRN02190,10259,Department Process Training,Role-specific,2014-12-06,2014-12-11,93.53,3.93,Completed
LRN02191,10259,Role Fundamentals,Role-specific,2014-12-08,2014-12-21,82.98,4.56,Completed
LRN02192,10259,Role Tools and Systems,Role-specific,2014-12-09,2014-12-16,74.32,3.54,Completed
LRN02193,10286,Information Security Awareness,Compliance,2011-01-11,,,,In Progress
LRN02194,10286,Data Privacy and Protection,Compliance,2011-01-12,,68.39,,In Progress
LRN02195,10286,Code of Conduct,Compliance,2011-01-10,,,,In Progress
LRN02196,10286,Workplace Safety,Compliance,2011-01-11,2011-01-13,91.48,2.86,Completed
LRN02197,10286,Company Orientation,Orientation,2011-01-10,2011-01-12,79.26,2.38,Completed
LRN02198,10286,HR Policies and Benefits,Orientation,2011-01-11,2011-01-12,75.57,2.56,Completed
LRN02199,10286,Communication and Collaboration Tools,Orientation,2011-01-12,2011-01-16,84.4,3.02,Completed
LRN02200,10286,Department Process Training,Role-specific,2011-01-15,2011-01-30,75.21,3.82,Completed
LRN02201,10286,Role Fundamentals,Role-specific,2011-01-17,2011-01-30,87.64,4.32,Completed
LRN02202,10286,Role Tools and Systems,Role-specific,2011-01-18,2011-01-27,87.52,5.8,Completed
LRN02203,10286,Professional Development,Optional,2011-01-25,,,,In Progress
LRN02204,10297,Information Security Awareness,Compliance,2011-07-06,2011-07-08,79.35,1.49,Completed
LRN02205,10297,Data Privacy and Protection,Compliance,2011-07-07,2011-07-19,87.09,2.48,Completed
LRN02206,10297,Code of Conduct,Compliance,2011-07-05,,,,Assigned
LRN02207,10297,Workplace Safety,Compliance,2011-07-06,2011-07-12,97.06,2.31,Completed
LRN02208,10297,Company Orientation,Orientation,2011-07-05,2011-07-14,93.61,2.85,Completed
LRN02209,10297,HR Policies and Benefits,Orientation,2011-07-06,2011-07-17,85.67,1.86,Completed
LRN02210,10297,Communication and Collaboration Tools,Orientation,2011-07-07,2011-07-14,84.47,1.32,Completed
LRN02211,10297,Department Process Training,Role-specific,2011-07-10,,72.56,,In Progress
LRN02212,10297,Role Fundamentals,Role-specific,2011-07-12,,,,In Progress
LRN02213,10297,Role Tools and Systems,Role-specific,2011-07-13,2011-07-27,76.07,6.66,Completed
LRN02214,10171,Information Security Awareness,Compliance,2011-05-17,,,,In Progress
LRN02215,10171,Data Privacy and Protection,Compliance,2011-05-18,2011-05-20,71.06,2.22,Completed
LRN02216,10171,Code of Conduct,Compliance,2011-05-16,,,,In Progress
LRN02217,10171,Workplace Safety,Compliance,2011-05-17,,,,Assigned
LRN02218,10171,Company Orientation,Orientation,2011-05-16,,,,Overdue
LRN02219,10171,HR Policies and Benefits,Orientation,2011-05-17,2011-05-26,82.42,1.51,Completed
LRN02220,10171,Communication and Collaboration Tools,Orientation,2011-05-18,2011-05-21,77.1,2.87,Completed
LRN02221,10171,Department Process Training,Role-specific,2011-05-21,2011-06-01,76.3,3.58,Completed
LRN02222,10171,Role Fundamentals,Role-specific,2011-05-23,2011-06-02,86.27,6.84,Completed
LRN02223,10171,Role Tools and Systems,Role-specific,2011-05-24,,,,In Progress
LRN02224,10171,Professional Development,Optional,2011-05-31,2011-06-01,86.61,5.47,Completed
LRN02225,10032,Information Security Awareness,Compliance,2011-05-17,2011-05-23,79.91,2.85,Completed
LRN02226,10032,Data Privacy and Protection,Compliance,2011-05-18,2011-05-22,73.36,1.87,Completed
LRN02227,10032,Code of Conduct,Compliance,2011-05-16,2011-05-23,81.15,1.38,Completed
LRN02228,10032,Workplace Safety,Compliance,2011-05-17,2011-05-22,87.22,1.74,Completed
LRN02229,10032,Company Orientation,Orientation,2011-05-16,2011-05-20,79.54,2.55,Completed
LRN02230,10032,HR Policies and Benefits,Orientation,2011-05-17,,,,Assigned
LRN02231,10032,Communication and Collaboration Tools,Orientation,2011-05-18,,,,In Progress
LRN02232,10032,Department Process Training,Role-specific,2011-05-21,2011-06-05,73.99,4.03,Completed
LRN02233,10032,Role Fundamentals,Role-specific,2011-05-23,,,,Overdue
LRN02234,10032,Role Tools and Systems,Role-specific,2011-05-24,2011-06-13,83.9,4.96,Completed
LRN02235,10130,Information Security Awareness,Compliance,2010-10-26,2010-10-31,82.75,2.27,Completed
LRN02236,10130,Data Privacy and Protection,Compliance,2010-10-27,2010-11-05,79.44,2.44,Completed
LRN02237,10130,Code of Conduct,Compliance,2010-10-25,2010-11-03,87.02,1.85,Completed
LRN02238,10130,Workplace Safety,Compliance,2010-10-26,2010-11-02,82.6,2.06,Completed
LRN02239,10130,Company Orientation,Orientation,2010-10-25,2010-10-27,91.81,2.64,Completed
LRN02240,10130,HR Policies and Benefits,Orientation,2010-10-26,2010-11-06,100.0,2.21,Completed
LRN02241,10130,Communication and Collaboration Tools,Orientation,2010-10-27,2010-10-30,93.21,1.6,Completed
LRN02242,10130,Department Process Training,Role-specific,2010-10-30,2010-11-10,97.96,4.02,Completed
LRN02243,10130,Role Fundamentals,Role-specific,2010-11-01,2010-11-18,80.49,6.75,Completed
LRN02244,10130,Role Tools and Systems,Role-specific,2010-11-02,2010-11-12,89.51,5.34,Completed
LRN02245,10130,Professional Development,Optional,2010-11-09,,,,Overdue
LRN02246,10217,Information Security Awareness,Compliance,2012-04-03,,,,In Progress
LRN02247,10217,Data Privacy and Protection,Compliance,2012-04-04,2012-04-15,86.39,2.47,Completed
LRN02248,10217,Code of Conduct,Compliance,2012-04-02,2012-04-09,83.33,1.23,Completed
LRN02249,10217,Workplace Safety,Compliance,2012-04-03,,,,Assigned
LRN02250,10217,Company Orientation,Orientation,2012-04-02,,66.65,,In Progress
LRN02251,10217,HR Policies and Benefits,Orientation,2012-04-03,,,,In Progress
LRN02252,10217,Communication and Collaboration Tools,Orientation,2012-04-04,2012-04-13,80.46,2.18,Completed
LRN02253,10217,Department Process Training,Role-specific,2012-04-07,2012-04-13,77.63,2.65,Completed
LRN02254,10217,Role Fundamentals,Role-specific,2012-04-09,,,,Assigned
LRN02255,10217,Role Tools and Systems,Role-specific,2012-04-10,,,,Assigned
LRN02256,10016,Information Security Awareness,Compliance,2014-11-11,2014-11-19,85.64,2.41,Completed
LRN02257,10016,Data Privacy and Protection,Compliance,2014-11-12,2014-11-21,75.36,2.23,Completed
LRN02258,10016,Code of Conduct,Compliance,2014-11-10,2014-11-17,84.51,1.46,Completed
LRN02259,10016,Workplace Safety,Compliance,2014-11-11,,,,Overdue
LRN02260,10016,Company Orientation,Orientation,2014-11-10,,,,Assigned
LRN02261,10016,HR Policies and Benefits,Orientation,2014-11-11,,58.18,,In Progress
LRN02262,10016,Communication and Collaboration Tools,Orientation,2014-11-12,2014-11-15,87.49,1.75,Completed
LRN02263,10016,Department Process Training,Role-specific,2014-11-15,2014-11-22,87.56,3.08,Completed
LRN02264,10016,Role Fundamentals,Role-specific,2014-11-17,,74.07,,In Progress
LRN02265,10016,Role Tools and Systems,Role-specific,2014-11-18,2014-11-23,88.81,4.45,Completed
LRN02266,10016,Professional Development,Optional,2014-11-25,2014-12-06,82.87,4.2,Completed
LRN02267,10050,Information Security Awareness,Compliance,2011-07-06,2011-07-09,84.47,2.29,Completed
LRN02268,10050,Data Privacy and Protection,Compliance,2011-07-07,2011-07-13,100.0,1.69,Completed
LRN02269,10050,Code of Conduct,Compliance,2011-07-05,2011-07-14,89.37,1.09,Completed
LRN02270,10050,Workplace Safety,Compliance,2011-07-06,2011-07-19,78.72,2.36,Completed
LRN02271,10050,Company Orientation,Orientation,2011-07-05,2011-07-15,98.87,2.78,Completed
LRN02272,10050,HR Policies and Benefits,Orientation,2011-07-06,,,,Overdue
LRN02273,10050,Communication and Collaboration Tools,Orientation,2011-07-07,2011-07-21,82.44,2.81,Completed
LRN02274,10050,Department Process Training,Role-specific,2011-07-10,2011-07-12,100.0,4.68,Completed
LRN02275,10050,Role Fundamentals,Role-specific,2011-07-12,2011-07-31,88.01,6.16,Completed
LRN02276,10050,Role Tools and Systems,Role-specific,2011-07-13,2011-07-14,87.77,4.13,Completed
LRN02277,10050,Professional Development,Optional,2011-07-20,2011-07-24,86.17,5.77,Completed
LRN02278,10164,Information Security Awareness,Compliance,2007-11-06,2007-11-15,84.86,2.46,Completed
LRN02279,10164,Data Privacy and Protection,Compliance,2007-11-07,2007-11-15,82.09,2.62,Completed
LRN02280,10164,Code of Conduct,Compliance,2007-11-05,2007-11-07,85.14,1.69,Completed
LRN02281,10164,Workplace Safety,Compliance,2007-11-06,2007-11-13,84.48,2.14,Completed
LRN02282,10164,Company Orientation,Orientation,2007-11-05,2007-11-13,87.63,2.8,Completed
LRN02283,10164,HR Policies and Benefits,Orientation,2007-11-06,2007-11-16,91.68,1.64,Completed
LRN02284,10164,Communication and Collaboration Tools,Orientation,2007-11-07,,,,In Progress
LRN02285,10164,Department Process Training,Role-specific,2007-11-10,,,,Assigned
LRN02286,10164,Role Fundamentals,Role-specific,2007-11-12,2007-11-13,80.41,7.51,Completed
LRN02287,10164,Role Tools and Systems,Role-specific,2007-11-13,2007-11-30,84.49,3.59,Completed
LRN02288,10164,Professional Development,Optional,2007-11-20,,,,Overdue
LRN02289,10124,Information Security Awareness,Compliance,2012-01-10,2012-01-18,81.8,2.09,Completed
LRN02290,10124,Data Privacy and Protection,Compliance,2012-01-11,2012-01-17,92.12,1.72,Completed
LRN02291,10124,Code of Conduct,Compliance,2012-01-09,2012-01-14,76.97,1.55,Completed
LRN02292,10124,Workplace Safety,Compliance,2012-01-10,2012-01-11,78.38,1.41,Completed
LRN02293,10124,Company Orientation,Orientation,2012-01-09,,,,Assigned
LRN02294,10124,HR Policies and Benefits,Orientation,2012-01-10,,,,Assigned
LRN02295,10124,Communication and Collaboration Tools,Orientation,2012-01-11,2012-01-21,91.21,2.47,Completed
LRN02296,10124,Department Process Training,Role-specific,2012-01-14,2012-01-20,84.54,3.37,Completed
LRN02297,10124,Role Fundamentals,Role-specific,2012-01-16,2012-01-17,90.32,4.88,Completed
LRN02298,10124,Role Tools and Systems,Role-specific,2012-01-17,2012-02-06,83.29,5.46,Completed
LRN02299,10124,Professional Development,Optional,2012-01-24,2012-01-28,89.05,6.17,Completed
LRN02300,10187,Information Security Awareness,Compliance,2011-05-17,2011-05-25,83.68,3.05,Completed
LRN02301,10187,Data Privacy and Protection,Compliance,2011-05-18,2011-05-20,67.27,1.55,Completed
LRN02302,10187,Code of Conduct,Compliance,2011-05-16,2011-05-19,75.5,1.63,Completed
LRN02303,10187,Workplace Safety,Compliance,2011-05-17,2011-05-31,78.25,1.81,Completed
LRN02304,10187,Company Orientation,Orientation,2011-05-16,,69.02,,In Progress
LRN02305,10187,HR Policies and Benefits,Orientation,2011-05-17,2011-05-29,99.39,1.71,Completed
LRN02306,10187,Communication and Collaboration Tools,Orientation,2011-05-18,2011-05-25,86.58,3.09,Completed
LRN02307,10187,Department Process Training,Role-specific,2011-05-21,,73.55,,In Progress
LRN02308,10187,Role Fundamentals,Role-specific,2011-05-23,2011-06-12,81.68,6.74,Completed
LRN02309,10187,Role Tools and Systems,Role-specific,2011-05-24,2011-06-06,90.53,5.1,Completed
LRN02310,10187,Professional Development,Optional,2011-05-31,,,,Overdue
LRN02311,10225,Information Security Awareness,Compliance,2014-01-07,,65.47,,In Progress
LRN02312,10225,Data Privacy and Protection,Compliance,2014-01-08,2014-01-13,95.22,1.62,Completed
LRN02313,10225,Code of Conduct,Compliance,2014-01-06,,,,Assigned
LRN02314,10225,Workplace Safety,Compliance,2014-01-07,,,,Overdue
LRN02315,10225,Company Orientation,Orientation,2014-01-06,2014-01-13,90.35,2.3,Completed
LRN02316,10225,HR Policies and Benefits,Orientation,2014-01-07,2014-01-10,81.15,2.42,Completed
LRN02317,10225,Communication and Collaboration Tools,Orientation,2014-01-08,2014-01-21,84.45,2.69,Completed
LRN02318,10225,Department Process Training,Role-specific,2014-01-11,2014-01-20,88.16,3.82,Completed
LRN02319,10225,Role Fundamentals,Role-specific,2014-01-13,,,,Assigned
LRN02320,10225,Role Tools and Systems,Role-specific,2014-01-14,2014-01-20,81.07,4.65,Completed
LRN02321,10262,Information Security Awareness,Compliance,2012-09-25,2012-10-06,85.64,2.28,Completed
LRN02322,10262,Data Privacy and Protection,Compliance,2012-09-26,2012-09-29,80.16,1.89,Completed
LRN02323,10262,Code of Conduct,Compliance,2012-09-24,,,,In Progress
LRN02324,10262,Workplace Safety,Compliance,2012-09-25,2012-10-09,87.41,1.81,Completed
LRN02325,10262,Company Orientation,Orientation,2012-09-24,2012-09-30,84.64,2.03,Completed
LRN02326,10262,HR Policies and Benefits,Orientation,2012-09-25,2012-10-04,65.52,1.55,Completed
LRN02327,10262,Communication and Collaboration Tools,Orientation,2012-09-26,,,,Assigned
LRN02328,10262,Department Process Training,Role-specific,2012-09-29,2012-09-30,97.1,4.54,Completed
LRN02329,10262,Role Fundamentals,Role-specific,2012-10-01,2012-10-14,77.7,7.38,Completed
LRN02330,10262,Role Tools and Systems,Role-specific,2012-10-02,2012-10-03,83.08,6.28,Completed
LRN02331,10262,Professional Development,Optional,2012-10-09,2012-10-30,96.69,6.7,Completed
LRN02332,10131,Information Security Awareness,Compliance,2011-02-22,2011-02-24,91.34,2.4,Completed
LRN02333,10131,Data Privacy and Protection,Compliance,2011-02-23,2011-02-27,90.45,1.26,Completed
LRN02334,10131,Code of Conduct,Compliance,2011-02-21,2011-02-24,90.26,1.69,Completed
LRN02335,10131,Workplace Safety,Compliance,2011-02-22,,,,Overdue
LRN02336,10131,Company Orientation,Orientation,2011-02-21,2011-02-25,69.01,2.53,Completed
LRN02337,10131,HR Policies and Benefits,Orientation,2011-02-22,2011-02-28,87.18,1.86,Completed
LRN02338,10131,Communication and Collaboration Tools,Orientation,2011-02-23,,,,Overdue
LRN02339,10131,Department Process Training,Role-specific,2011-02-26,2011-03-16,81.49,3.67,Completed
LRN02340,10131,Role Fundamentals,Role-specific,2011-02-28,2011-03-06,85.67,6.09,Completed
LRN02341,10131,Role Tools and Systems,Role-specific,2011-03-01,2011-03-04,89.7,5.71,Completed
LRN02342,10239,Information Security Awareness,Compliance,2016-10-03,2016-10-10,78.99,2.4,Completed
LRN02343,10239,Data Privacy and Protection,Compliance,2016-10-04,,,,Assigned
LRN02344,10239,Code of Conduct,Compliance,2016-10-02,2016-10-06,71.02,1.1,Completed
LRN02345,10239,Workplace Safety,Compliance,2016-10-03,2016-10-17,79.66,2.03,Completed
LRN02346,10239,Company Orientation,Orientation,2016-10-02,,,,Assigned
LRN02347,10239,HR Policies and Benefits,Orientation,2016-10-03,,,,Overdue
LRN02348,10239,Communication and Collaboration Tools,Orientation,2016-10-04,2016-10-18,91.57,2.6,Completed
LRN02349,10239,Department Process Training,Role-specific,2016-10-07,2016-10-08,76.12,3.91,Completed
LRN02350,10239,Role Fundamentals,Role-specific,2016-10-09,2016-10-10,89.06,4.39,Completed
LRN02351,10239,Role Tools and Systems,Role-specific,2016-10-10,2016-10-24,90.58,5.32,Completed
LRN02352,10152,Information Security Awareness,Compliance,2011-09-27,2011-10-08,98.38,1.76,Completed
LRN02353,10152,Data Privacy and Protection,Compliance,2011-09-28,2011-09-29,83.82,1.24,Completed
LRN02354,10152,Code of Conduct,Compliance,2011-09-26,,,,In Progress
LRN02355,10152,Workplace Safety,Compliance,2011-09-27,,,,Assigned
LRN02356,10152,Company Orientation,Orientation,2011-09-26,2011-09-30,78.71,2.26,Completed
LRN02357,10152,HR Policies and Benefits,Orientation,2011-09-27,2011-09-28,75.43,1.91,Completed
LRN02358,10152,Communication and Collaboration Tools,Orientation,2011-09-28,2011-10-13,83.65,1.87,Completed
LRN02359,10152,Department Process Training,Role-specific,2011-10-01,,73.49,,In Progress
LRN02360,10152,Role Fundamentals,Role-specific,2011-10-03,,,,Assigned
LRN02361,10152,Role Tools and Systems,Role-specific,2011-10-04,,,,In Progress
LRN02362,10140,Information Security Awareness,Compliance,2014-05-13,2014-05-24,80.24,3.18,Completed
LRN02363,10140,Data Privacy and Protection,Compliance,2014-05-14,,,,In Progress
LRN02364,10140,Code of Conduct,Compliance,2014-05-12,2014-05-21,68.51,1.82,Completed
LRN02365,10140,Workplace Safety,Compliance,2014-05-13,2014-05-27,95.39,1.66,Completed
LRN02366,10140,Company Orientation,Orientation,2014-05-12,,,,Assigned
LRN02367,10140,HR Policies and Benefits,Orientation,2014-05-13,2014-05-19,77.09,1.96,Completed
LRN02368,10140,Communication and Collaboration Tools,Orientation,2014-05-14,,,,In Progress
LRN02369,10140,Department Process Training,Role-specific,2014-05-17,2014-05-24,86.06,2.13,Completed
LRN02370,10140,Role Fundamentals,Role-specific,2014-05-19,,,,Overdue
LRN02371,10140,Role Tools and Systems,Role-specific,2014-05-20,2014-05-23,73.6,4.21,Completed
LRN02372,10058,Information Security Awareness,Compliance,2011-05-17,2011-05-26,85.58,2.68,Completed
LRN02373,10058,Data Privacy and Protection,Compliance,2011-05-18,2011-05-29,94.39,1.68,Completed
LRN02374,10058,Code of Conduct,Compliance,2011-05-16,,72.45,,In Progress
LRN02375,10058,Workplace Safety,Compliance,2011-05-17,2011-05-24,87.19,2.32,Completed
LRN02376,10058,Company Orientation,Orientation,2011-05-16,,61.68,,In Progress
LRN02377,10058,HR Policies and Benefits,Orientation,2011-05-17,2011-05-20,95.8,2.25,Completed
LRN02378,10058,Communication and Collaboration Tools,Orientation,2011-05-18,,,,Overdue
LRN02379,10058,Department Process Training,Role-specific,2011-05-21,2011-06-01,81.41,4.77,Completed
LRN02380,10058,Role Fundamentals,Role-specific,2011-05-23,2011-06-02,86.94,2.38,Completed
LRN02381,10058,Role Tools and Systems,Role-specific,2011-05-24,2011-06-09,89.72,5.37,Completed
LRN02382,10011,Information Security Awareness,Compliance,2011-11-29,,,,Overdue
LRN02383,10011,Data Privacy and Protection,Compliance,2011-11-30,,,,Assigned
LRN02384,10011,Code of Conduct,Compliance,2011-11-28,,,,Overdue
LRN02385,10011,Workplace Safety,Compliance,2011-11-29,,,,Overdue
LRN02386,10011,Company Orientation,Orientation,2011-11-28,2011-12-08,98.07,2.36,Completed
LRN02387,10011,HR Policies and Benefits,Orientation,2011-11-29,2011-12-08,71.68,2.37,Completed
LRN02388,10011,Communication and Collaboration Tools,Orientation,2011-11-30,2011-12-13,81.56,2.47,Completed
LRN02389,10011,Department Process Training,Role-specific,2011-12-03,2011-12-21,71.3,3.36,Completed
LRN02390,10011,Role Fundamentals,Role-specific,2011-12-05,2011-12-10,79.82,7.16,Completed
LRN02391,10011,Role Tools and Systems,Role-specific,2011-12-06,2011-12-26,87.27,5.36,Completed
LRN02392,10230,Information Security Awareness,Compliance,2011-09-27,2011-09-29,89.48,1.75,Completed
LRN02393,10230,Data Privacy and Protection,Compliance,2011-09-28,2011-10-04,89.45,2.19,Completed
LRN02394,10230,Code of Conduct,Compliance,2011-09-26,2011-10-03,97.92,1.36,Completed
LRN02395,10230,Workplace Safety,Compliance,2011-09-27,2011-09-28,99.75,1.87,Completed
LRN02396,10230,Company Orientation,Orientation,2011-09-26,2011-10-02,74.01,3.28,Completed
LRN02397,10230,HR Policies and Benefits,Orientation,2011-09-27,2011-10-04,100.0,2.13,Completed
LRN02398,10230,Communication and Collaboration Tools,Orientation,2011-09-28,2011-10-04,84.43,2.01,Completed
LRN02399,10230,Department Process Training,Role-specific,2011-10-01,2011-10-16,81.3,2.89,Completed
LRN02400,10230,Role Fundamentals,Role-specific,2011-10-03,2011-10-17,88.39,5.73,Completed
LRN02401,10230,Role Tools and Systems,Role-specific,2011-10-04,,,,In Progress
LRN02402,10224,Information Security Awareness,Compliance,2011-07-06,2011-07-16,92.02,2.58,Completed
LRN02403,10224,Data Privacy and Protection,Compliance,2011-07-07,,,,In Progress
LRN02404,10224,Code of Conduct,Compliance,2011-07-05,2011-07-10,89.13,1.62,Completed
LRN02405,10224,Workplace Safety,Compliance,2011-07-06,,,,In Progress
LRN02406,10224,Company Orientation,Orientation,2011-07-05,2011-07-07,74.33,2.17,Completed
LRN02407,10224,HR Policies and Benefits,Orientation,2011-07-06,,,,Assigned
LRN02408,10224,Communication and Collaboration Tools,Orientation,2011-07-07,2011-07-21,90.44,1.2,Completed
LRN02409,10224,Department Process Training,Role-specific,2011-07-10,2011-07-26,89.62,3.99,Completed
LRN02410,10224,Role Fundamentals,Role-specific,2011-07-12,2011-07-20,85.18,5.97,Completed
LRN02411,10224,Role Tools and Systems,Role-specific,2011-07-13,,,,In Progress
LRN02412,10224,Professional Development,Optional,2011-07-20,,,,Overdue
LRN02413,10047,Data Privacy and Protection,Compliance,2011-01-12,2011-01-19,78.34,2.46,Completed
LRN02414,10047,Code of Conduct,Compliance,2011-01-10,,,,In Progress
LRN02415,10047,Workplace Safety,Compliance,2011-01-11,2011-01-24,75.59,1.99,Completed
LRN02416,10047,Company Orientation,Orientation,2011-01-10,,,,Overdue
LRN02417,10047,HR Policies and Benefits,Orientation,2011-01-11,,,,In Progress
LRN02418,10047,Communication and Collaboration Tools,Orientation,2011-01-12,2011-01-27,92.81,2.5,Completed
LRN02419,10047,Department Process Training,Role-specific,2011-01-15,2011-01-20,91.97,3.87,Completed
LRN02420,10047,Role Fundamentals,Role-specific,2011-01-17,,67.83,,In Progress
LRN02421,10047,Role Tools and Systems,Role-specific,2011-01-18,2011-01-20,95.44,4.03,Completed
LRN02422,10285,Information Security Awareness,Compliance,2011-01-11,2011-01-15,92.66,2.37,Completed
LRN02423,10285,Data Privacy and Protection,Compliance,2011-01-12,2011-01-17,83.87,1.93,Completed
LRN02424,10285,Code of Conduct,Compliance,2011-01-10,2011-01-20,79.34,1.5,Completed
LRN02425,10285,Workplace Safety,Compliance,2011-01-11,2011-01-19,84.49,1.88,Completed
LRN02426,10285,Company Orientation,Orientation,2011-01-10,,,,Overdue
LRN02427,10285,HR Policies and Benefits,Orientation,2011-01-11,2011-01-15,82.95,1.81,Completed
LRN02428,10285,Communication and Collaboration Tools,Orientation,2011-01-12,2011-01-19,100.0,2.83,Completed
LRN02429,10285,Department Process Training,Role-specific,2011-01-15,,64.46,,In Progress
LRN02430,10285,Role Fundamentals,Role-specific,2011-01-17,2011-01-23,75.34,5.01,Completed
LRN02431,10285,Role Tools and Systems,Role-specific,2011-01-18,2011-01-27,68.38,5.74,Completed
LRN02432,10285,Professional Development,Optional,2011-01-25,2011-02-10,70.93,2.0,Completed
LRN02433,10020,Information Security Awareness,Compliance,2013-07-09,2013-07-18,81.6,1.95,Completed
LRN02434,10020,Data Privacy and Protection,Compliance,2013-07-10,2013-07-12,86.27,2.09,Completed
LRN02435,10020,Code of Conduct,Compliance,2013-07-08,2013-07-09,81.03,1.24,Completed
LRN02436,10020,Workplace Safety,Compliance,2013-07-09,2013-07-19,94.6,1.95,Completed
LRN02437,10020,Company Orientation,Orientation,2013-07-08,,89.43,,In Progress
LRN02438,10020,HR Policies and Benefits,Orientation,2013-07-09,,,,Assigned
LRN02439,10020,Communication and Collaboration Tools,Orientation,2013-07-10,,,,In Progress
LRN02440,10020,Department Process Training,Role-specific,2013-07-13,2013-07-26,75.74,3.84,Completed
LRN02441,10020,Role Fundamentals,Role-specific,2013-07-15,2013-07-18,82.78,5.1,Completed
LRN02442,10020,Role Tools and Systems,Role-specific,2013-07-16,2013-08-05,85.04,2.82,Completed
LRN02443,10020,Professional Development,Optional,2013-07-23,,70.44,,In Progress
LRN02444,10162,Information Security Awareness,Compliance,2015-02-17,,,,Overdue
LRN02445,10162,Data Privacy and Protection,Compliance,2015-02-18,2015-02-19,82.24,1.54,Completed
LRN02446,10162,Code of Conduct,Compliance,2015-02-16,2015-02-17,93.59,1.32,Completed
LRN02447,10162,Workplace Safety,Compliance,2015-02-17,2015-02-18,82.05,2.26,Completed
LRN02448,10162,Company Orientation,Orientation,2015-02-16,2015-02-21,66.63,2.35,Completed
LRN02449,10162,HR Policies and Benefits,Orientation,2015-02-17,2015-02-28,82.72,2.7,Completed
LRN02450,10162,Communication and Collaboration Tools,Orientation,2015-02-18,2015-03-02,78.76,2.22,Completed
LRN02451,10162,Department Process Training,Role-specific,2015-02-21,2015-03-11,97.82,3.44,Completed
LRN02452,10162,Role Fundamentals,Role-specific,2015-02-23,,,,Overdue
LRN02453,10162,Role Tools and Systems,Role-specific,2015-02-24,2015-03-04,94.97,4.4,Completed
LRN02454,10149,Information Security Awareness,Compliance,2015-01-06,2015-01-14,90.39,1.47,Completed
LRN02455,10149,Data Privacy and Protection,Compliance,2015-01-07,,,,Assigned
LRN02456,10149,Code of Conduct,Compliance,2015-01-05,,,,Overdue
LRN02457,10149,Workplace Safety,Compliance,2015-01-06,,,,Assigned
LRN02458,10149,Company Orientation,Orientation,2015-01-05,2015-01-14,77.33,2.35,Completed
LRN02459,10149,HR Policies and Benefits,Orientation,2015-01-06,2015-01-18,78.38,1.61,Completed
LRN02460,10149,Communication and Collaboration Tools,Orientation,2015-01-07,,,,Assigned
LRN02461,10149,Department Process Training,Role-specific,2015-01-10,2015-01-16,82.51,3.98,Completed
LRN02462,10149,Role Fundamentals,Role-specific,2015-01-12,,,,In Progress
LRN02463,10149,Role Tools and Systems,Role-specific,2015-01-13,2015-01-17,69.63,4.9,Completed
LRN02464,10149,Professional Development,Optional,2015-01-20,,,,In Progress
LRN02465,10086,Information Security Awareness,Compliance,2017-01-08,2017-01-10,80.49,2.59,Completed
LRN02466,10086,Data Privacy and Protection,Compliance,2017-01-09,2017-01-19,85.89,2.12,Completed
LRN02467,10086,Code of Conduct,Compliance,2017-01-07,2017-01-16,87.79,1.34,Completed
LRN02468,10086,Workplace Safety,Compliance,2017-01-08,2017-01-13,87.07,1.62,Completed
LRN02469,10086,Company Orientation,Orientation,2017-01-07,,,,Assigned
LRN02470,10086,HR Policies and Benefits,Orientation,2017-01-08,2017-01-13,85.7,2.22,Completed
LRN02471,10086,Communication and Collaboration Tools,Orientation,2017-01-09,,,,Overdue
LRN02472,10086,Department Process Training,Role-specific,2017-01-12,2017-01-19,85.52,4.98,Completed
LRN02473,10086,Role Fundamentals,Role-specific,2017-01-14,,78.59,,In Progress
LRN02474,10086,Role Tools and Systems,Role-specific,2017-01-15,2017-01-27,100.0,3.53,Completed
LRN02475,10086,Professional Development,Optional,2017-01-22,,70.68,,In Progress
LRN02476,10054,Information Security Awareness,Compliance,2014-01-07,,,,Assigned
LRN02477,10054,Data Privacy and Protection,Compliance,2014-01-08,,,,In Progress
LRN02478,10054,Code of Conduct,Compliance,2014-01-06,,,,Assigned
LRN02479,10054,Workplace Safety,Compliance,2014-01-07,2014-01-19,83.32,1.86,Completed
LRN02480,10054,Company Orientation,Orientation,2014-01-06,,,,Assigned
LRN02481,10054,HR Policies and Benefits,Orientation,2014-01-07,,,,Overdue
LRN02482,10054,Communication and Collaboration Tools,Orientation,2014-01-08,,79.72,,In Progress
LRN02483,10054,Department Process Training,Role-specific,2014-01-11,,,,Overdue
LRN02484,10054,Role Fundamentals,Role-specific,2014-01-13,2014-01-24,90.98,4.92,Completed
LRN02485,10054,Role Tools and Systems,Role-specific,2014-01-14,2014-02-01,79.04,5.01,Completed
LRN02486,10054,Professional Development,Optional,2014-01-21,2014-01-29,74.99,3.64,Completed
LRN02487,10065,Information Security Awareness,Compliance,2011-04-05,,,,Assigned
LRN02488,10065,Data Privacy and Protection,Compliance,2011-04-06,2011-04-09,89.02,2.19,Completed
LRN02489,10065,Code of Conduct,Compliance,2011-04-04,2011-04-09,91.72,1.31,Completed
LRN02490,10065,Workplace Safety,Compliance,2011-04-05,2011-04-13,91.19,1.59,Completed
LRN02491,10065,Company Orientation,Orientation,2011-04-04,2011-04-06,86.13,3.0,Completed
LRN02492,10065,HR Policies and Benefits,Orientation,2011-04-05,,,,In Progress
LRN02493,10065,Communication and Collaboration Tools,Orientation,2011-04-06,2011-04-12,85.93,2.84,Completed
LRN02494,10065,Department Process Training,Role-specific,2011-04-09,2011-04-14,82.54,5.66,Completed
LRN02495,10065,Role Fundamentals,Role-specific,2011-04-11,2011-05-01,88.26,6.66,Completed
LRN02496,10065,Role Tools and Systems,Role-specific,2011-04-12,,,,Overdue
LRN02497,10198,Information Security Awareness,Compliance,2013-01-21,2013-01-23,84.19,2.51,Completed
LRN02498,10198,Data Privacy and Protection,Compliance,2013-01-22,,,,Assigned
LRN02499,10198,Code of Conduct,Compliance,2013-01-20,2013-01-26,79.98,1.78,Completed
LRN02500,10198,Workplace Safety,Compliance,2013-01-21,,71.95,,In Progress
LRN02501,10198,Company Orientation,Orientation,2013-01-20,,,,Assigned
LRN02502,10198,HR Policies and Benefits,Orientation,2013-01-21,2013-01-27,95.96,2.85,Completed
LRN02503,10198,Communication and Collaboration Tools,Orientation,2013-01-22,,,,Overdue
LRN02504,10198,Department Process Training,Role-specific,2013-01-25,2013-02-11,80.06,4.14,Completed
LRN02505,10198,Role Fundamentals,Role-specific,2013-01-27,,,,In Progress
LRN02506,10198,Role Tools and Systems,Role-specific,2013-01-28,,,,In Progress
LRN02507,10222,Information Security Awareness,Compliance,2012-01-10,2012-01-21,85.61,2.42,Completed
LRN02508,10222,Data Privacy and Protection,Compliance,2012-01-11,2012-01-22,92.99,1.98,Completed
LRN02509,10222,Code of Conduct,Compliance,2012-01-09,,,,Overdue
LRN02510,10222,Workplace Safety,Compliance,2012-01-10,2012-01-11,81.5,2.0,Completed
LRN02511,10222,Company Orientation,Orientation,2012-01-09,,,,Overdue
LRN02512,10222,HR Policies and Benefits,Orientation,2012-01-10,2012-01-12,90.15,1.67,Completed
LRN02513,10222,Communication and Collaboration Tools,Orientation,2012-01-11,2012-01-23,92.81,2.53,Completed
LRN02514,10222,Department Process Training,Role-specific,2012-01-14,2012-02-01,76.77,2.82,Completed
LRN02515,10222,Role Fundamentals,Role-specific,2012-01-16,2012-01-31,74.94,6.75,Completed
LRN02516,10222,Role Tools and Systems,Role-specific,2012-01-17,2012-01-30,82.16,4.15,Completed
LRN02517,10126,Information Security Awareness,Compliance,2012-11-06,2012-11-08,92.37,2.39,Completed
LRN02518,10126,Data Privacy and Protection,Compliance,2012-11-07,,,,Overdue
LRN02519,10126,Code of Conduct,Compliance,2012-11-05,2012-11-09,92.77,1.82,Completed
LRN02520,10126,Workplace Safety,Compliance,2012-11-06,2012-11-11,91.93,2.23,Completed
LRN02521,10126,Company Orientation,Orientation,2012-11-05,2012-11-10,76.97,1.23,Completed
LRN02522,10126,HR Policies and Benefits,Orientation,2012-11-06,,66.38,,In Progress
LRN02523,10126,Communication and Collaboration Tools,Orientation,2012-11-07,,,,Assigned
LRN02524,10126,Department Process Training,Role-specific,2012-11-10,2012-11-17,80.62,4.09,Completed
LRN02525,10126,Role Fundamentals,Role-specific,2012-11-12,,,,Overdue
LRN02526,10126,Role Tools and Systems,Role-specific,2012-11-13,,79.15,,In Progress
LRN02527,10126,Professional Development,Optional,2012-11-20,,,,In Progress
LRN02528,10295,Information Security Awareness,Compliance,2016-07-05,2016-07-13,79.76,1.52,Completed
LRN02529,10295,Data Privacy and Protection,Compliance,2016-07-06,2016-07-21,72.9,2.36,Completed
LRN02530,10295,Code of Conduct,Compliance,2016-07-04,2016-07-14,94.72,1.28,Completed
LRN02531,10295,Workplace Safety,Compliance,2016-07-05,2016-07-18,90.75,2.31,Completed
LRN02532,10295,Company Orientation,Orientation,2016-07-04,2016-07-14,90.23,2.87,Completed
LRN02533,10295,HR Policies and Benefits,Orientation,2016-07-05,2016-07-11,74.44,2.24,Completed
LRN02534,10295,Communication and Collaboration Tools,Orientation,2016-07-06,2016-07-18,82.69,3.14,Completed
LRN02535,10295,Department Process Training,Role-specific,2016-07-09,2016-07-21,85.82,4.25,Completed
LRN02536,10295,Role Fundamentals,Role-specific,2016-07-11,,66.6,,In Progress
LRN02537,10295,Role Tools and Systems,Role-specific,2016-07-12,2016-07-24,91.41,4.32,Completed
LRN02538,10295,Professional Development,Optional,2016-07-19,,,,In Progress
LRN02539,10260,Information Security Awareness,Compliance,2009-01-06,2009-01-10,84.54,2.81,Completed
LRN02540,10260,Data Privacy and Protection,Compliance,2009-01-07,2009-01-13,98.74,2.03,Completed
LRN02541,10260,Code of Conduct,Compliance,2009-01-05,2009-01-13,91.27,1.97,Completed
LRN02542,10260,Workplace Safety,Compliance,2009-01-06,2009-01-16,99.84,1.76,Completed
LRN02543,10260,Company Orientation,Orientation,2009-01-05,2009-01-07,77.45,2.61,Completed
LRN02544,10260,HR Policies and Benefits,Orientation,2009-01-06,2009-01-13,79.17,2.14,Completed
LRN02545,10260,Communication and Collaboration Tools,Orientation,2009-01-07,2009-01-20,85.45,2.45,Completed
LRN02546,10260,Department Process Training,Role-specific,2009-01-10,2009-01-15,87.12,3.48,Completed
LRN02547,10260,Role Fundamentals,Role-specific,2009-01-12,2009-01-27,74.73,5.3,Completed
LRN02548,10260,Role Tools and Systems,Role-specific,2009-01-13,2009-01-22,100.0,3.31,Completed
LRN02549,10233,Information Security Awareness,Compliance,2010-08-31,2010-09-09,84.11,3.11,Completed
LRN02550,10233,Data Privacy and Protection,Compliance,2010-09-01,2010-09-11,87.55,1.25,Completed
LRN02551,10233,Code of Conduct,Compliance,2010-08-30,2010-09-07,84.51,0.99,Completed
LRN02552,10233,Workplace Safety,Compliance,2010-08-31,2010-09-09,72.43,2.06,Completed
LRN02553,10233,Company Orientation,Orientation,2010-08-30,,,,Overdue
LRN02554,10233,HR Policies and Benefits,Orientation,2010-08-31,2010-09-02,90.7,2.46,Completed
LRN02555,10233,Communication and Collaboration Tools,Orientation,2010-09-01,2010-09-16,79.82,3.25,Completed
LRN02556,10233,Department Process Training,Role-specific,2010-09-04,2010-09-07,82.05,3.26,Completed
LRN02557,10233,Role Fundamentals,Role-specific,2010-09-06,,,,In Progress
LRN02558,10233,Role Tools and Systems,Role-specific,2010-09-07,,,,Assigned
LRN02559,10229,Information Security Awareness,Compliance,2015-01-06,2015-01-11,88.43,2.77,Completed
LRN02560,10229,Data Privacy and Protection,Compliance,2015-01-07,2015-01-10,72.98,1.95,Completed
LRN02561,10229,Code of Conduct,Compliance,2015-01-05,2015-01-08,88.21,1.99,Completed
LRN02562,10229,Workplace Safety,Compliance,2015-01-06,,,,Overdue
LRN02563,10229,Company Orientation,Orientation,2015-01-05,2015-01-11,69.46,2.24,Completed
LRN02564,10229,HR Policies and Benefits,Orientation,2015-01-06,,,,Overdue
LRN02565,10229,Communication and Collaboration Tools,Orientation,2015-01-07,,,,Overdue
LRN02566,10229,Department Process Training,Role-specific,2015-01-10,2015-01-23,94.81,4.8,Completed
LRN02567,10229,Role Fundamentals,Role-specific,2015-01-12,2015-01-29,87.72,6.67,Completed
LRN02568,10229,Role Tools and Systems,Role-specific,2015-01-13,2015-01-15,86.93,3.93,Completed
LRN02569,10229,Professional Development,Optional,2015-01-20,,,,Assigned
LRN02570,10169,Information Security Awareness,Compliance,2014-09-30,,69.94,,In Progress
LRN02571,10169,Data Privacy and Protection,Compliance,2014-10-01,2014-10-09,90.35,2.13,Completed
LRN02572,10169,Code of Conduct,Compliance,2014-09-29,,,,Overdue
LRN02573,10169,Workplace Safety,Compliance,2014-09-30,2014-10-06,77.32,2.25,Completed
LRN02574,10169,Company Orientation,Orientation,2014-09-29,2014-10-06,91.67,1.81,Completed
LRN02575,10169,HR Policies and Benefits,Orientation,2014-09-30,2014-10-09,100.0,1.65,Completed
LRN02576,10169,Communication and Collaboration Tools,Orientation,2014-10-01,2014-10-11,90.94,3.74,Completed
LRN02577,10169,Department Process Training,Role-specific,2014-10-04,,,,Assigned
LRN02578,10169,Role Fundamentals,Role-specific,2014-10-06,2014-10-14,95.79,4.56,Completed
LRN02579,10169,Role Tools and Systems,Role-specific,2014-10-07,2014-10-10,94.29,5.05,Completed
LRN02580,10071,Information Security Awareness,Compliance,2013-10-01,2013-10-08,100.0,2.85,Completed
LRN02581,10071,Data Privacy and Protection,Compliance,2013-10-02,2013-10-09,80.9,1.91,Completed
LRN02582,10071,Code of Conduct,Compliance,2013-09-30,2013-10-07,85.87,2.03,Completed
LRN02583,10071,Workplace Safety,Compliance,2013-10-01,2013-10-04,76.33,2.53,Completed
LRN02584,10071,Company Orientation,Orientation,2013-09-30,,75.12,,In Progress
LRN02585,10071,HR Policies and Benefits,Orientation,2013-10-01,2013-10-06,66.59,1.67,Completed
LRN02586,10071,Communication and Collaboration Tools,Orientation,2013-10-02,,,,Assigned
LRN02587,10071,Department Process Training,Role-specific,2013-10-05,2013-10-11,79.34,4.58,Completed
LRN02588,10071,Role Fundamentals,Role-specific,2013-10-07,2013-10-08,90.34,4.67,Completed
LRN02589,10071,Role Tools and Systems,Role-specific,2013-10-08,2013-10-24,88.02,5.33,Completed
LRN02590,10071,Professional Development,Optional,2013-10-15,2013-10-25,79.64,6.36,Completed
LRN02591,10179,Information Security Awareness,Compliance,2014-10-01,2014-10-09,80.5,2.09,Completed
LRN02592,10179,Data Privacy and Protection,Compliance,2014-10-02,2014-10-15,75.64,1.62,Completed
LRN02593,10179,Code of Conduct,Compliance,2014-09-30,2014-10-03,77.6,1.7,Completed
LRN02594,10179,Workplace Safety,Compliance,2014-10-01,2014-10-11,98.08,2.23,Completed
LRN02595,10179,Company Orientation,Orientation,2014-09-30,2014-10-04,93.84,1.86,Completed
LRN02596,10179,HR Policies and Benefits,Orientation,2014-10-01,2014-10-10,85.69,1.9,Completed
LRN02597,10179,Communication and Collaboration Tools,Orientation,2014-10-02,2014-10-03,89.14,2.41,Completed
LRN02598,10179,Department Process Training,Role-specific,2014-10-05,,71.5,,In Progress
LRN02599,10179,Role Fundamentals,Role-specific,2014-10-07,,,,In Progress
LRN02600,10179,Role Tools and Systems,Role-specific,2014-10-08,2014-10-10,86.28,4.32,Completed
LRN02601,10179,Professional Development,Optional,2014-10-15,,,,Assigned
LRN02602,10091,Information Security Awareness,Compliance,2013-08-20,2013-08-31,94.62,2.48,Completed
LRN02603,10091,Data Privacy and Protection,Compliance,2013-08-21,2013-09-05,75.1,1.84,Completed
LRN02604,10091,Code of Conduct,Compliance,2013-08-19,2013-08-22,83.39,1.47,Completed
LRN02605,10091,Workplace Safety,Compliance,2013-08-20,2013-08-23,76.1,1.73,Completed
LRN02606,10091,Company Orientation,Orientation,2013-08-19,2013-08-23,100.0,2.62,Completed
LRN02607,10091,HR Policies and Benefits,Orientation,2013-08-20,2013-08-26,89.35,2.22,Completed
LRN02608,10091,Communication and Collaboration Tools,Orientation,2013-08-21,2013-08-24,100.0,1.97,Completed
LRN02609,10091,Department Process Training,Role-specific,2013-08-24,2013-09-11,87.6,4.48,Completed
LRN02610,10091,Role Fundamentals,Role-specific,2013-08-26,2013-08-28,81.53,7.33,Completed
LRN02611,10091,Role Tools and Systems,Role-specific,2013-08-27,2013-09-11,87.31,3.34,Completed
LRN02612,10178,Information Security Awareness,Compliance,2015-01-06,2015-01-15,89.98,2.09,Completed
LRN02613,10178,Data Privacy and Protection,Compliance,2015-01-07,,56.76,,In Progress
LRN02614,10178,Code of Conduct,Compliance,2015-01-05,,,,Assigned
LRN02615,10178,Workplace Safety,Compliance,2015-01-06,2015-01-15,96.15,2.0,Completed
LRN02616,10178,Company Orientation,Orientation,2015-01-05,2015-01-12,77.96,1.86,Completed
LRN02617,10178,HR Policies and Benefits,Orientation,2015-01-06,,,,Overdue
LRN02618,10178,Communication and Collaboration Tools,Orientation,2015-01-07,,,,Assigned
LRN02619,10178,Department Process Training,Role-specific,2015-01-10,2015-01-16,92.69,4.42,Completed
LRN02620,10178,Role Fundamentals,Role-specific,2015-01-12,,,,Assigned
LRN02621,10178,Role Tools and Systems,Role-specific,2015-01-13,2015-01-27,100.0,5.32,Completed
LRN02622,10039,Information Security Awareness,Compliance,2015-05-02,,,,Overdue
LRN02623,10039,Data Privacy and Protection,Compliance,2015-05-03,2015-05-18,86.84,2.18,Completed
LRN02624,10039,Code of Conduct,Compliance,2015-05-01,,,,Assigned
LRN02625,10039,Workplace Safety,Compliance,2015-05-02,2015-05-14,84.69,1.88,Completed
LRN02626,10039,Company Orientation,Orientation,2015-05-01,,,,In Progress
LRN02627,10039,HR Policies and Benefits,Orientation,2015-05-02,2015-05-12,87.59,1.53,Completed
LRN02628,10039,Communication and Collaboration Tools,Orientation,2015-05-03,2015-05-10,97.77,2.58,Completed
LRN02629,10039,Department Process Training,Role-specific,2015-05-06,2015-05-14,87.79,3.09,Completed
LRN02630,10039,Role Fundamentals,Role-specific,2015-05-08,2015-05-29,80.64,5.8,Completed
LRN02631,10039,Role Tools and Systems,Role-specific,2015-05-09,2015-05-13,96.49,4.32,Completed
LRN02632,10095,Information Security Awareness,Compliance,2009-10-27,,,,Assigned
LRN02633,10095,Data Privacy and Protection,Compliance,2009-10-28,2009-11-06,73.57,2.1,Completed
LRN02634,10095,Code of Conduct,Compliance,2009-10-26,2009-11-02,87.04,1.51,Completed
LRN02635,10095,Workplace Safety,Compliance,2009-10-27,2009-11-07,76.56,1.86,Completed
LRN02636,10095,Company Orientation,Orientation,2009-10-26,2009-10-30,89.85,2.73,Completed
LRN02637,10095,HR Policies and Benefits,Orientation,2009-10-27,2009-11-03,95.05,1.88,Completed
LRN02638,10095,Communication and Collaboration Tools,Orientation,2009-10-28,,75.12,,In Progress
LRN02639,10095,Department Process Training,Role-specific,2009-10-31,,,,In Progress
LRN02640,10095,Role Fundamentals,Role-specific,2009-11-02,,,,In Progress
LRN02641,10095,Role Tools and Systems,Role-specific,2009-11-03,,,,Overdue
LRN02642,10027,Information Security Awareness,Compliance,2014-09-30,2014-10-10,92.1,2.17,Completed
LRN02643,10027,Data Privacy and Protection,Compliance,2014-10-01,2014-10-02,98.53,1.83,Completed
LRN02644,10027,Code of Conduct,Compliance,2014-09-29,2014-10-08,90.85,1.24,Completed
LRN02645,10027,Workplace Safety,Compliance,2014-09-30,2014-10-13,81.89,1.82,Completed
LRN02646,10027,Company Orientation,Orientation,2014-09-29,2014-09-30,81.21,2.78,Completed
LRN02647,10027,HR Policies and Benefits,Orientation,2014-09-30,2014-10-08,90.15,1.43,Completed
LRN02648,10027,Communication and Collaboration Tools,Orientation,2014-10-01,2014-10-05,81.94,2.5,Completed
LRN02649,10027,Department Process Training,Role-specific,2014-10-04,,,,Overdue
LRN02650,10027,Role Fundamentals,Role-specific,2014-10-06,2014-10-07,79.54,5.27,Completed
LRN02651,10027,Role Tools and Systems,Role-specific,2014-10-07,2014-10-19,89.84,2.31,Completed
LRN02652,10027,Professional Development,Optional,2014-10-14,2014-10-31,91.58,4.86,Completed
LRN02653,10291,Information Security Awareness,Compliance,2014-05-19,2014-05-31,90.35,2.39,Completed
LRN02654,10291,Data Privacy and Protection,Compliance,2014-05-20,2014-06-03,92.92,1.52,Completed
LRN02655,10291,Code of Conduct,Compliance,2014-05-18,2014-05-20,100.0,1.99,Completed
LRN02656,10291,Workplace Safety,Compliance,2014-05-19,2014-05-22,95.33,1.96,Completed
LRN02657,10291,Company Orientation,Orientation,2014-05-18,2014-05-21,98.03,3.06,Completed
LRN02658,10291,HR Policies and Benefits,Orientation,2014-05-19,2014-05-30,81.31,1.27,Completed
LRN02659,10291,Communication and Collaboration Tools,Orientation,2014-05-20,2014-06-01,73.17,2.64,Completed
LRN02660,10291,Department Process Training,Role-specific,2014-05-23,,,,In Progress
LRN02661,10291,Role Fundamentals,Role-specific,2014-05-25,,76.38,,In Progress
LRN02662,10291,Role Tools and Systems,Role-specific,2014-05-26,,,,In Progress
LRN02663,10153,Information Security Awareness,Compliance,2011-09-27,2011-10-09,100.0,2.55,Completed
LRN02664,10153,Data Privacy and Protection,Compliance,2011-09-28,2011-10-12,83.61,2.35,Completed
LRN02665,10153,Code of Conduct,Compliance,2011-09-26,2011-09-28,85.9,1.33,Completed
LRN02666,10153,Workplace Safety,Compliance,2011-09-27,,,,In Progress
LRN02667,10153,Company Orientation,Orientation,2011-09-26,,,,Overdue
LRN02668,10153,HR Policies and Benefits,Orientation,2011-09-27,2011-10-07,82.23,2.05,Completed
LRN02669,10153,Communication and Collaboration Tools,Orientation,2011-09-28,2011-09-29,93.36,1.6,Completed
LRN02670,10153,Department Process Training,Role-specific,2011-10-01,2011-10-04,86.22,5.54,Completed
LRN02671,10153,Role Fundamentals,Role-specific,2011-10-03,2011-10-14,97.65,5.06,Completed
LRN02672,10153,Role Tools and Systems,Role-specific,2011-10-04,2011-10-07,88.65,4.67,Completed
LRN02673,10157,Information Security Awareness,Compliance,2013-11-12,2013-11-16,80.08,2.39,Completed
LRN02674,10157,Data Privacy and Protection,Compliance,2013-11-13,2013-11-25,89.87,1.85,Completed
LRN02675,10157,Code of Conduct,Compliance,2013-11-11,2013-11-14,76.85,1.73,Completed
LRN02676,10157,Workplace Safety,Compliance,2013-11-12,2013-11-17,95.27,1.84,Completed
LRN02677,10157,Company Orientation,Orientation,2013-11-11,2013-11-14,91.95,2.55,Completed
LRN02678,10157,HR Policies and Benefits,Orientation,2013-11-12,2013-11-14,94.07,1.96,Completed
LRN02679,10157,Communication and Collaboration Tools,Orientation,2013-11-13,2013-11-19,79.81,2.04,Completed
LRN02680,10157,Department Process Training,Role-specific,2013-11-16,,,,Overdue
LRN02681,10157,Role Fundamentals,Role-specific,2013-11-18,2013-12-03,93.49,5.79,Completed
LRN02682,10157,Role Tools and Systems,Role-specific,2013-11-19,2013-12-06,88.3,4.16,Completed
LRN02683,10119,Information Security Awareness,Compliance,2011-06-11,2011-06-12,90.25,2.52,Completed
LRN02684,10119,Data Privacy and Protection,Compliance,2011-06-12,2011-06-19,95.61,2.03,Completed
LRN02685,10119,Code of Conduct,Compliance,2011-06-10,2011-06-12,80.39,1.45,Completed
LRN02686,10119,Workplace Safety,Compliance,2011-06-11,2011-06-19,91.99,1.56,Completed
LRN02687,10119,Company Orientation,Orientation,2011-06-10,2011-06-20,85.29,2.01,Completed
LRN02688,10119,HR Policies and Benefits,Orientation,2011-06-11,2011-06-16,88.11,2.28,Completed
LRN02689,10119,Communication and Collaboration Tools,Orientation,2011-06-12,,,,Overdue
LRN02690,10119,Department Process Training,Role-specific,2011-06-15,,,,Overdue
LRN02691,10119,Role Fundamentals,Role-specific,2011-06-17,2011-06-27,75.38,8.41,Completed
LRN02692,10119,Role Tools and Systems,Role-specific,2011-06-18,2011-07-02,77.76,4.95,Completed
LRN02693,10119,Professional Development,Optional,2011-06-25,2011-07-07,88.64,5.74,Completed
LRN02694,10180,Information Security Awareness,Compliance,2016-07-01,2016-07-02,79.69,1.92,Completed
LRN02695,10180,Data Privacy and Protection,Compliance,2016-07-02,2016-07-08,90.49,2.16,Completed
LRN02696,10180,Code of Conduct,Compliance,2016-06-30,2016-07-09,98.02,1.56,Completed
LRN02697,10180,Workplace Safety,Compliance,2016-07-01,2016-07-12,87.63,2.82,Completed
LRN02698,10180,Company Orientation,Orientation,2016-06-30,2016-07-08,84.19,2.55,Completed
LRN02699,10180,HR Policies and Benefits,Orientation,2016-07-01,2016-07-03,95.12,2.03,Completed
LRN02700,10180,Communication and Collaboration Tools,Orientation,2016-07-02,2016-07-05,83.2,2.17,Completed
LRN02701,10180,Department Process Training,Role-specific,2016-07-05,2016-07-06,88.21,5.64,Completed
LRN02702,10180,Role Fundamentals,Role-specific,2016-07-07,2016-07-12,82.7,5.71,Completed
LRN02703,10180,Role Tools and Systems,Role-specific,2016-07-08,2016-07-11,100.0,5.84,Completed
LRN02704,10302,Information Security Awareness,Compliance,2012-02-21,2012-02-29,74.41,1.94,Completed
LRN02705,10302,Data Privacy and Protection,Compliance,2012-02-22,2012-02-23,83.66,1.41,Completed
LRN02706,10302,Code of Conduct,Compliance,2012-02-20,2012-02-27,76.62,1.39,Completed
LRN02707,10302,Workplace Safety,Compliance,2012-02-21,2012-02-22,81.07,2.37,Completed
LRN02708,10302,Company Orientation,Orientation,2012-02-20,2012-02-29,86.03,2.55,Completed
LRN02709,10302,HR Policies and Benefits,Orientation,2012-02-21,,,,Assigned
LRN02710,10302,Communication and Collaboration Tools,Orientation,2012-02-22,,,,Overdue
LRN02711,10302,Department Process Training,Role-specific,2012-02-25,2012-03-10,85.94,3.65,Completed
LRN02712,10302,Role Fundamentals,Role-specific,2012-02-27,2012-02-28,85.57,8.97,Completed
LRN02713,10302,Role Tools and Systems,Role-specific,2012-02-28,,,,In Progress
LRN02714,10302,Professional Development,Optional,2012-03-06,,,,In Progress
LRN02715,10090,Information Security Awareness,Compliance,2012-10-03,2012-10-10,81.39,2.66,Completed
LRN02716,10090,Data Privacy and Protection,Compliance,2012-10-04,,,,In Progress
LRN02717,10090,Code of Conduct,Compliance,2012-10-02,2012-10-09,79.05,1.42,Completed
LRN02718,10090,Workplace Safety,Compliance,2012-10-03,2012-10-13,97.9,1.69,Completed
LRN02719,10090,Company Orientation,Orientation,2012-10-02,,,,In Progress
LRN02720,10090,HR Policies and Benefits,Orientation,2012-10-03,2012-10-14,87.65,2.1,Completed
LRN02721,10090,Communication and Collaboration Tools,Orientation,2012-10-04,2012-10-08,93.54,3.18,Completed
LRN02722,10090,Department Process Training,Role-specific,2012-10-07,2012-10-22,93.32,3.9,Completed
LRN02723,10090,Role Fundamentals,Role-specific,2012-10-09,2012-10-15,94.08,7.32,Completed
LRN02724,10090,Role Tools and Systems,Role-specific,2012-10-10,2012-10-23,76.33,3.69,Completed
LRN02725,10030,Information Security Awareness,Compliance,2013-05-14,2013-05-15,80.27,1.97,Completed
LRN02726,10030,Data Privacy and Protection,Compliance,2013-05-15,,,,In Progress
LRN02727,10030,Code of Conduct,Compliance,2013-05-13,2013-05-16,89.35,0.96,Completed
LRN02728,10030,Workplace Safety,Compliance,2013-05-14,2013-05-23,99.12,2.67,Completed
LRN02729,10030,Company Orientation,Orientation,2013-05-13,2013-05-14,78.09,1.9,Completed
LRN02730,10030,HR Policies and Benefits,Orientation,2013-05-14,,,,Assigned
LRN02731,10030,Communication and Collaboration Tools,Orientation,2013-05-15,,,,Assigned
LRN02732,10030,Department Process Training,Role-specific,2013-05-18,2013-05-30,80.28,4.56,Completed
LRN02733,10030,Role Fundamentals,Role-specific,2013-05-20,2013-05-30,79.41,6.09,Completed
LRN02734,10030,Role Tools and Systems,Role-specific,2013-05-21,2013-05-31,84.87,4.34,Completed
LRN02735,10278,Information Security Awareness,Compliance,2011-01-11,,,,In Progress
LRN02736,10278,Data Privacy and Protection,Compliance,2011-01-12,2011-01-13,81.55,1.98,Completed
LRN02737,10278,Code of Conduct,Compliance,2011-01-10,,,,In Progress
LRN02738,10278,Workplace Safety,Compliance,2011-01-11,2011-01-23,75.29,1.86,Completed
LRN02739,10278,Company Orientation,Orientation,2011-01-10,2011-01-16,81.97,2.25,Completed
LRN02740,10278,HR Policies and Benefits,Orientation,2011-01-11,,,,Assigned
LRN02741,10278,Communication and Collaboration Tools,Orientation,2011-01-12,2011-01-25,83.37,2.43,Completed
LRN02742,10278,Department Process Training,Role-specific,2011-01-15,,,,In Progress
LRN02743,10278,Role Fundamentals,Role-specific,2011-01-17,,,,Assigned
LRN02744,10278,Role Tools and Systems,Role-specific,2011-01-18,,,,In Progress
LRN02745,10278,Professional Development,Optional,2011-01-25,2011-02-11,77.19,5.77,Completed
LRN02746,10307,Information Security Awareness,Compliance,2014-05-13,2014-05-25,97.2,2.59,Completed
LRN02747,10307,Data Privacy and Protection,Compliance,2014-05-14,,78.48,,In Progress
LRN02748,10307,Code of Conduct,Compliance,2014-05-12,2014-05-16,87.73,1.7,Completed
LRN02749,10307,Workplace Safety,Compliance,2014-05-13,,,,In Progress
LRN02750,10307,Company Orientation,Orientation,2014-05-12,,,,In Progress
LRN02751,10307,HR Policies and Benefits,Orientation,2014-05-13,,,,In Progress
LRN02752,10307,Communication and Collaboration Tools,Orientation,2014-05-14,2014-05-17,83.35,2.43,Completed
LRN02753,10307,Department Process Training,Role-specific,2014-05-17,2014-05-25,83.85,3.92,Completed
LRN02754,10307,Role Fundamentals,Role-specific,2014-05-19,,,,Overdue
LRN02755,10307,Role Tools and Systems,Role-specific,2014-05-20,2014-05-31,76.11,3.42,Completed
LRN02756,10307,Professional Development,Optional,2014-05-27,2014-06-19,73.5,5.64,Completed
LRN02757,10147,Information Security Awareness,Compliance,2014-09-30,2014-10-11,84.08,2.76,Completed
LRN02758,10147,Data Privacy and Protection,Compliance,2014-10-01,2014-10-16,92.01,2.03,Completed
LRN02759,10147,Code of Conduct,Compliance,2014-09-29,,,,In Progress
LRN02760,10147,Workplace Safety,Compliance,2014-09-30,2014-10-13,84.42,0.86,Completed
LRN02761,10147,Company Orientation,Orientation,2014-09-29,2014-10-02,87.77,2.58,Completed
LRN02762,10147,HR Policies and Benefits,Orientation,2014-09-30,,,,In Progress
LRN02763,10147,Communication and Collaboration Tools,Orientation,2014-10-01,,70.32,,In Progress
LRN02764,10147,Department Process Training,Role-specific,2014-10-04,2014-10-15,81.5,3.7,Completed
LRN02765,10147,Role Fundamentals,Role-specific,2014-10-06,2014-10-25,83.62,5.81,Completed
LRN02766,10147,Role Tools and Systems,Role-specific,2014-10-07,,,,In Progress
LRN02767,10266,Information Security Awareness,Compliance,2014-02-18,2014-02-21,95.62,1.82,Completed
LRN02768,10266,Data Privacy and Protection,Compliance,2014-02-19,2014-03-04,86.07,2.48,Completed
LRN02769,10266,Code of Conduct,Compliance,2014-02-17,2014-02-21,82.19,1.44,Completed
LRN02770,10266,Workplace Safety,Compliance,2014-02-18,2014-03-04,81.73,1.46,Completed
LRN02771,10266,Company Orientation,Orientation,2014-02-17,2014-02-20,95.42,2.55,Completed
LRN02772,10266,HR Policies and Benefits,Orientation,2014-02-18,2014-02-27,81.32,2.57,Completed
LRN02773,10266,Communication and Collaboration Tools,Orientation,2014-02-19,,,,Overdue
LRN02774,10266,Department Process Training,Role-specific,2014-02-22,2014-03-02,74.01,5.83,Completed
LRN02775,10266,Role Fundamentals,Role-specific,2014-02-24,2014-02-25,93.65,6.84,Completed
LRN02776,10266,Role Tools and Systems,Role-specific,2014-02-25,,,,Overdue
LRN02777,10241,Data Privacy and Protection,Compliance,2010-09-29,,,,In Progress
LRN02778,10241,Code of Conduct,Compliance,2010-09-27,2010-10-07,97.92,1.33,Completed
LRN02779,10241,Workplace Safety,Compliance,2010-09-28,2010-09-29,89.46,2.0,Completed
LRN02780,10241,Company Orientation,Orientation,2010-09-27,2010-09-29,79.75,1.43,Completed
LRN02781,10241,HR Policies and Benefits,Orientation,2010-09-28,2010-10-10,88.94,1.99,Completed
LRN02782,10241,Communication and Collaboration Tools,Orientation,2010-09-29,2010-10-06,85.98,3.49,Completed
LRN02783,10241,Department Process Training,Role-specific,2010-10-02,2010-10-07,92.91,3.62,Completed
LRN02784,10241,Role Fundamentals,Role-specific,2010-10-04,2010-10-13,83.23,5.17,Completed
LRN02785,10241,Role Tools and Systems,Role-specific,2010-10-05,,,,Assigned
LRN02786,10241,Professional Development,Optional,2010-10-12,2010-10-20,94.73,4.31,Completed
LRN02787,10158,Data Privacy and Protection,Compliance,2009-01-10,2009-01-19,74.03,1.33,Completed
LRN02788,10158,Code of Conduct,Compliance,2009-01-08,,,,In Progress
LRN02789,10158,Company Orientation,Orientation,2009-01-08,,,,Overdue
LRN02790,10158,HR Policies and Benefits,Orientation,2009-01-09,2009-01-11,85.48,2.18,Completed
LRN02791,10158,Communication and Collaboration Tools,Orientation,2009-01-10,2009-01-16,64.32,2.34,Completed
LRN02792,10158,Department Process Training,Role-specific,2009-01-13,,,,Overdue
LRN02793,10158,Role Fundamentals,Role-specific,2009-01-15,,,,Assigned
LRN02794,10158,Role Tools and Systems,Role-specific,2009-01-16,2009-01-19,83.2,3.09,Completed
LRN02795,10158,Professional Development,Optional,2009-01-23,2009-02-15,94.1,5.35,Completed
LRN02796,10117,Information Security Awareness,Compliance,2015-01-06,2015-01-17,89.65,2.33,Completed
LRN02797,10117,Data Privacy and Protection,Compliance,2015-01-07,2015-01-16,92.53,1.92,Completed
LRN02798,10117,Code of Conduct,Compliance,2015-01-05,2015-01-08,99.31,1.28,Completed
LRN02799,10117,Workplace Safety,Compliance,2015-01-06,2015-01-20,88.81,2.19,Completed
LRN02800,10117,Company Orientation,Orientation,2015-01-05,2015-01-08,89.38,2.77,Completed
LRN02801,10117,HR Policies and Benefits,Orientation,2015-01-06,,,,In Progress
LRN02802,10117,Communication and Collaboration Tools,Orientation,2015-01-07,,,,In Progress
LRN02803,10117,Department Process Training,Role-specific,2015-01-10,2015-01-28,74.09,4.6,Completed
LRN02804,10117,Role Fundamentals,Role-specific,2015-01-12,,,,Assigned
LRN02805,10117,Role Tools and Systems,Role-specific,2015-01-13,2015-01-15,92.09,3.48,Completed
LRN02806,10117,Professional Development,Optional,2015-01-20,,,,Assigned
LRN02807,10209,Information Security Awareness,Compliance,2012-05-15,2012-05-26,72.61,2.44,Completed
LRN02808,10209,Data Privacy and Protection,Compliance,2012-05-16,2012-05-27,76.74,1.34,Completed
LRN02809,10209,Code of Conduct,Compliance,2012-05-14,2012-05-21,82.69,1.05,Completed
LRN02810,10209,Workplace Safety,Compliance,2012-05-15,2012-05-22,77.71,1.77,Completed
LRN02811,10209,Company Orientation,Orientation,2012-05-14,,,,In Progress
LRN02812,10209,HR Policies and Benefits,Orientation,2012-05-15,,,,Assigned
LRN02813,10209,Communication and Collaboration Tools,Orientation,2012-05-16,2012-05-18,66.58,2.7,Completed
LRN02814,10209,Department Process Training,Role-specific,2012-05-19,,,,Assigned
LRN02815,10209,Role Fundamentals,Role-specific,2012-05-21,,,,Assigned
LRN02816,10209,Role Tools and Systems,Role-specific,2012-05-22,,,,Assigned
LRN02817,10024,Information Security Awareness,Compliance,2014-07-08,2014-07-13,76.82,2.97,Completed
LRN02818,10024,Data Privacy and Protection,Compliance,2014-07-09,2014-07-19,76.55,2.61,Completed
LRN02819,10024,Code of Conduct,Compliance,2014-07-07,2014-07-14,76.83,2.11,Completed
LRN02820,10024,Workplace Safety,Compliance,2014-07-08,2014-07-18,97.18,2.36,Completed
LRN02821,10024,Company Orientation,Orientation,2014-07-07,2014-07-17,97.57,3.23,Completed
LRN02822,10024,HR Policies and Benefits,Orientation,2014-07-08,2014-07-13,90.4,1.95,Completed
LRN02823,10024,Communication and Collaboration Tools,Orientation,2014-07-09,2014-07-18,75.2,2.27,Completed
LRN02824,10024,Department Process Training,Role-specific,2014-07-12,2014-07-17,82.0,3.94,Completed
LRN02825,10024,Role Fundamentals,Role-specific,2014-07-14,2014-07-16,89.95,8.15,Completed
LRN02826,10024,Role Tools and Systems,Role-specific,2014-07-15,2014-07-20,81.61,6.08,Completed
LRN02827,10173,Information Security Awareness,Compliance,2017-04-21,2017-04-25,91.69,2.79,Completed
LRN02828,10173,Data Privacy and Protection,Compliance,2017-04-22,2017-05-03,93.12,2.52,Completed
LRN02829,10173,Code of Conduct,Compliance,2017-04-20,2017-04-27,100.0,1.04,Completed
LRN02830,10173,Workplace Safety,Compliance,2017-04-21,2017-05-05,90.52,2.65,Completed
LRN02831,10173,Company Orientation,Orientation,2017-04-20,2017-04-22,70.03,2.25,Completed
LRN02832,10173,HR Policies and Benefits,Orientation,2017-04-21,2017-04-28,92.24,1.38,Completed
LRN02833,10173,Communication and Collaboration Tools,Orientation,2017-04-22,2017-04-25,94.49,2.42,Completed
LRN02834,10173,Department Process Training,Role-specific,2017-04-25,2017-05-11,90.3,3.83,Completed
LRN02835,10173,Role Fundamentals,Role-specific,2017-04-27,2017-04-28,90.9,7.07,Completed
LRN02836,10173,Role Tools and Systems,Role-specific,2017-04-28,2017-05-13,76.65,5.12,Completed
LRN02837,10173,Professional Development,Optional,2017-05-05,,,,In Progress
LRN02838,10221,Information Security Awareness,Compliance,2009-04-28,,,,Overdue
LRN02839,10221,Data Privacy and Protection,Compliance,2009-04-29,2009-04-30,83.37,2.65,Completed
LRN02840,10221,Code of Conduct,Compliance,2009-04-27,2009-05-04,72.87,1.91,Completed
LRN02841,10221,Workplace Safety,Compliance,2009-04-28,2009-04-30,65.83,1.97,Completed
LRN02842,10221,Company Orientation,Orientation,2009-04-27,,,,Overdue
LRN02843,10221,HR Policies and Benefits,Orientation,2009-04-28,2009-05-03,79.03,2.7,Completed
LRN02844,10221,Communication and Collaboration Tools,Orientation,2009-04-29,2009-05-04,82.66,3.08,Completed
LRN02845,10221,Department Process Training,Role-specific,2009-05-02,,,,Assigned
LRN02846,10221,Role Fundamentals,Role-specific,2009-05-04,2009-05-09,75.2,7.04,Completed
LRN02847,10221,Role Tools and Systems,Role-specific,2009-05-05,2009-05-24,69.46,5.43,Completed
LRN02848,10221,Professional Development,Optional,2009-05-12,2009-05-27,75.72,4.79,Completed
LRN02849,10146,Information Security Awareness,Compliance,2011-05-17,,,,Overdue
LRN02850,10146,Data Privacy and Protection,Compliance,2011-05-18,2011-05-19,83.32,1.88,Completed
LRN02851,10146,Code of Conduct,Compliance,2011-05-16,2011-05-21,76.96,1.6,Completed
LRN02852,10146,Workplace Safety,Compliance,2011-05-17,,,,Overdue
LRN02853,10146,Company Orientation,Orientation,2011-05-16,,,,In Progress
LRN02854,10146,HR Policies and Benefits,Orientation,2011-05-17,,,,In Progress
LRN02855,10146,Communication and Collaboration Tools,Orientation,2011-05-18,,,,In Progress
LRN02856,10146,Department Process Training,Role-specific,2011-05-21,2011-05-24,89.69,4.16,Completed
LRN02857,10146,Role Fundamentals,Role-specific,2011-05-23,2011-05-30,87.66,6.44,Completed
LRN02858,10146,Role Tools and Systems,Role-specific,2011-05-24,2011-05-30,68.06,3.6,Completed
LRN02859,10146,Professional Development,Optional,2011-05-31,,,,Overdue
LRN02860,10161,Information Security Awareness,Compliance,2014-09-30,2014-10-04,97.41,2.5,Completed
LRN02861,10161,Data Privacy and Protection,Compliance,2014-10-01,2014-10-05,73.18,2.57,Completed
LRN02862,10161,Code of Conduct,Compliance,2014-09-29,2014-10-02,86.83,1.16,Completed
LRN02863,10161,Workplace Safety,Compliance,2014-09-30,2014-10-12,95.49,3.09,Completed
LRN02864,10161,Company Orientation,Orientation,2014-09-29,,42.66,,In Progress
LRN02865,10161,HR Policies and Benefits,Orientation,2014-09-30,2014-10-09,98.44,1.59,Completed
LRN02866,10161,Communication and Collaboration Tools,Orientation,2014-10-01,2014-10-16,97.86,2.4,Completed
LRN02867,10161,Department Process Training,Role-specific,2014-10-04,,,,In Progress
LRN02868,10161,Role Fundamentals,Role-specific,2014-10-06,2014-10-24,81.41,6.49,Completed
LRN02869,10161,Role Tools and Systems,Role-specific,2014-10-07,,,,Assigned
LRN02870,10161,Professional Development,Optional,2014-10-14,2014-10-20,95.21,3.93,Completed
LRN02871,10141,Information Security Awareness,Compliance,2011-07-06,2011-07-10,91.51,2.52,Completed
LRN02872,10141,Data Privacy and Protection,Compliance,2011-07-07,2011-07-10,95.42,2.31,Completed
LRN02873,10141,Code of Conduct,Compliance,2011-07-05,2011-07-11,74.5,1.91,Completed
LRN02874,10141,Workplace Safety,Compliance,2011-07-06,2011-07-15,90.49,2.49,Completed
LRN02875,10141,Company Orientation,Orientation,2011-07-05,2011-07-13,81.9,2.55,Completed
LRN02876,10141,HR Policies and Benefits,Orientation,2011-07-06,2011-07-14,100.0,2.17,Completed
LRN02877,10141,Communication and Collaboration Tools,Orientation,2011-07-07,,,,In Progress
LRN02878,10141,Department Process Training,Role-specific,2011-07-10,2011-07-18,78.48,4.37,Completed
LRN02879,10141,Role Fundamentals,Role-specific,2011-07-12,,,,Assigned
LRN02880,10141,Role Tools and Systems,Role-specific,2011-07-13,,,,Assigned
LRN02881,10268,Information Security Awareness,Compliance,2007-06-26,,,,Assigned
LRN02882,10268,Data Privacy and Protection,Compliance,2007-06-27,2007-07-04,93.24,2.61,Completed
LRN02883,10268,Code of Conduct,Compliance,2007-06-25,,,,Overdue
LRN02884,10268,Company Orientation,Orientation,2007-06-25,2007-06-29,92.59,1.17,Completed
LRN02885,10268,HR Policies and Benefits,Orientation,2007-06-26,2007-07-04,81.39,1.83,Completed
LRN02886,10268,Communication and Collaboration Tools,Orientation,2007-06-27,2007-07-11,81.83,2.25,Completed
LRN02887,10268,Department Process Training,Role-specific,2007-06-30,,65.29,,In Progress
LRN02888,10268,Role Fundamentals,Role-specific,2007-07-02,2007-07-19,82.85,6.41,Completed
LRN02889,10268,Role Tools and Systems,Role-specific,2007-07-03,2007-07-06,81.28,2.97,Completed
LRN02890,10123,Information Security Awareness,Compliance,2013-02-19,2013-03-01,71.71,2.23,Completed
LRN02891,10123,Data Privacy and Protection,Compliance,2013-02-20,2013-02-27,83.89,2.43,Completed
LRN02892,10123,Code of Conduct,Compliance,2013-02-18,2013-02-20,97.64,1.64,Completed
LRN02893,10123,Workplace Safety,Compliance,2013-02-19,,,,Overdue
LRN02894,10123,Company Orientation,Orientation,2013-02-18,,,,Assigned
LRN02895,10123,HR Policies and Benefits,Orientation,2013-02-19,2013-02-23,89.36,2.21,Completed
LRN02896,10123,Communication and Collaboration Tools,Orientation,2013-02-20,,,,In Progress
LRN02897,10123,Department Process Training,Role-specific,2013-02-23,2013-03-01,92.65,4.38,Completed
LRN02898,10123,Role Fundamentals,Role-specific,2013-02-25,2013-03-12,93.47,4.95,Completed
LRN02899,10123,Role Tools and Systems,Role-specific,2013-02-26,2013-02-27,89.31,4.44,Completed
LRN02900,10123,Professional Development,Optional,2013-03-05,,,,In Progress
LRN02901,10013,Information Security Awareness,Compliance,2006-01-10,2006-01-18,77.76,2.7,Completed
LRN02902,10013,Data Privacy and Protection,Compliance,2006-01-11,2006-01-24,90.76,2.38,Completed
LRN02903,10013,Code of Conduct,Compliance,2006-01-09,2006-01-10,79.49,1.36,Completed
LRN02904,10013,Workplace Safety,Compliance,2006-01-10,,,,In Progress
LRN02905,10013,Company Orientation,Orientation,2006-01-09,2006-01-10,85.17,2.0,Completed
LRN02906,10013,HR Policies and Benefits,Orientation,2006-01-10,,,,In Progress
LRN02907,10013,Communication and Collaboration Tools,Orientation,2006-01-11,2006-01-23,71.66,2.68,Completed
LRN02908,10013,Department Process Training,Role-specific,2006-01-14,2006-01-29,82.67,3.25,Completed
LRN02909,10013,Role Fundamentals,Role-specific,2006-01-16,2006-01-18,87.98,6.11,Completed
LRN02910,10013,Role Tools and Systems,Role-specific,2006-01-17,2006-01-25,89.38,4.92,Completed
LRN02911,10287,Information Security Awareness,Compliance,2014-02-18,2014-02-27,81.0,3.14,Completed
LRN02912,10287,Data Privacy and Protection,Compliance,2014-02-19,2014-03-04,95.87,1.88,Completed
LRN02913,10287,Code of Conduct,Compliance,2014-02-17,2014-02-20,89.75,1.24,Completed
LRN02914,10287,Workplace Safety,Compliance,2014-02-18,2014-03-04,93.38,1.58,Completed
LRN02915,10287,Company Orientation,Orientation,2014-02-17,2014-02-22,87.63,2.25,Completed
LRN02916,10287,HR Policies and Benefits,Orientation,2014-02-18,2014-03-02,85.51,2.48,Completed
LRN02917,10287,Communication and Collaboration Tools,Orientation,2014-02-19,2014-02-20,94.06,1.67,Completed
LRN02918,10287,Department Process Training,Role-specific,2014-02-22,2014-03-01,98.56,3.38,Completed
LRN02919,10287,Role Fundamentals,Role-specific,2014-02-24,2014-03-08,90.54,5.25,Completed
LRN02920,10287,Role Tools and Systems,Role-specific,2014-02-25,2014-03-11,81.65,2.73,Completed
LRN02921,10044,Information Security Awareness,Compliance,2015-01-06,2015-01-12,83.62,1.8,Completed
LRN02922,10044,Data Privacy and Protection,Compliance,2015-01-07,2015-01-08,77.53,2.1,Completed
LRN02923,10044,Code of Conduct,Compliance,2015-01-05,,,,In Progress
LRN02924,10044,Workplace Safety,Compliance,2015-01-06,,,,Overdue
LRN02925,10044,Company Orientation,Orientation,2015-01-05,2015-01-08,83.71,2.03,Completed
LRN02926,10044,HR Policies and Benefits,Orientation,2015-01-06,2015-01-10,82.46,1.98,Completed
LRN02927,10044,Communication and Collaboration Tools,Orientation,2015-01-07,2015-01-17,92.91,3.1,Completed
LRN02928,10044,Department Process Training,Role-specific,2015-01-10,2015-01-23,74.61,5.03,Completed
LRN02929,10044,Role Fundamentals,Role-specific,2015-01-12,,,,In Progress
LRN02930,10044,Role Tools and Systems,Role-specific,2015-01-13,2015-01-18,85.73,4.69,Completed
LRN02931,10102,Information Security Awareness,Compliance,2013-02-19,,,,Overdue
LRN02932,10102,Data Privacy and Protection,Compliance,2013-02-20,2013-02-26,76.8,1.83,Completed
LRN02933,10102,Code of Conduct,Compliance,2013-02-18,2013-02-21,86.97,2.09,Completed
LRN02934,10102,Workplace Safety,Compliance,2013-02-19,2013-02-22,86.05,2.33,Completed
LRN02935,10102,Company Orientation,Orientation,2013-02-18,2013-02-28,84.68,2.59,Completed
LRN02936,10102,HR Policies and Benefits,Orientation,2013-02-19,2013-02-20,70.97,2.31,Completed
LRN02937,10102,Communication and Collaboration Tools,Orientation,2013-02-20,,,,Assigned
LRN02938,10102,Department Process Training,Role-specific,2013-02-23,2013-02-27,84.14,3.87,Completed
LRN02939,10102,Role Fundamentals,Role-specific,2013-02-25,,,,Overdue
LRN02940,10102,Role Tools and Systems,Role-specific,2013-02-26,2013-03-18,81.48,5.07,Completed
LRN02941,10102,Professional Development,Optional,2013-03-05,2013-03-10,78.6,3.74,Completed
LRN02942,10270,Information Security Awareness,Compliance,2011-01-11,,,,Overdue
LRN02943,10270,Code of Conduct,Compliance,2011-01-10,2011-01-18,69.77,1.48,Completed
LRN02944,10270,Company Orientation,Orientation,2011-01-10,,,,In Progress
LRN02945,10270,HR Policies and Benefits,Orientation,2011-01-11,2011-01-12,79.26,2.17,Completed
LRN02946,10270,Communication and Collaboration Tools,Orientation,2011-01-12,2011-01-20,94.83,2.41,Completed
LRN02947,10270,Department Process Training,Role-specific,2011-01-15,2011-01-28,84.62,2.98,Completed
LRN02948,10270,Role Fundamentals,Role-specific,2011-01-17,2011-01-19,90.22,3.87,Completed
LRN02949,10270,Role Tools and Systems,Role-specific,2011-01-18,,,,In Progress
LRN02950,10270,Professional Development,Optional,2011-01-25,,75.64,,In Progress
LRN02951,10045,Information Security Awareness,Compliance,2015-03-31,2015-04-06,72.92,1.94,Completed
LRN02952,10045,Data Privacy and Protection,Compliance,2015-04-01,2015-04-12,85.97,2.42,Completed
LRN02953,10045,Code of Conduct,Compliance,2015-03-30,2015-04-05,85.09,1.22,Completed
LRN02954,10045,Workplace Safety,Compliance,2015-03-31,2015-04-14,85.47,1.75,Completed
LRN02955,10045,Company Orientation,Orientation,2015-03-30,2015-04-08,84.77,2.29,Completed
LRN02956,10045,HR Policies and Benefits,Orientation,2015-03-31,2015-04-01,86.6,1.68,Completed
LRN02957,10045,Communication and Collaboration Tools,Orientation,2015-04-01,,,,In Progress
LRN02958,10045,Department Process Training,Role-specific,2015-04-04,2015-04-05,81.75,3.54,Completed
LRN02959,10045,Role Fundamentals,Role-specific,2015-04-06,,,,Assigned
LRN02960,10045,Role Tools and Systems,Role-specific,2015-04-07,2015-04-20,92.38,2.81,Completed
LRN02961,10205,Data Privacy and Protection,Compliance,2011-07-07,2011-07-12,79.47,2.06,Completed
LRN02962,10205,Code of Conduct,Compliance,2011-07-05,2011-07-12,92.95,0.92,Completed
LRN02963,10205,Company Orientation,Orientation,2011-07-05,2011-07-06,82.72,2.65,Completed
LRN02964,10205,HR Policies and Benefits,Orientation,2011-07-06,2011-07-08,87.31,1.92,Completed
LRN02965,10205,Communication and Collaboration Tools,Orientation,2011-07-07,2011-07-17,84.76,2.12,Completed
LRN02966,10205,Department Process Training,Role-specific,2011-07-10,2011-07-23,83.77,3.51,Completed
LRN02967,10205,Role Fundamentals,Role-specific,2011-07-12,2011-07-27,82.94,6.18,Completed
LRN02968,10205,Role Tools and Systems,Role-specific,2011-07-13,2011-07-30,82.51,4.21,Completed
LRN02969,10014,Data Privacy and Protection,Compliance,2012-08-15,2012-08-19,92.07,2.53,Completed
LRN02970,10014,Workplace Safety,Compliance,2012-08-14,,,,In Progress
LRN02971,10014,Company Orientation,Orientation,2012-08-13,2012-08-14,84.48,2.37,Completed
LRN02972,10014,HR Policies and Benefits,Orientation,2012-08-14,2012-08-24,89.18,1.73,Completed
LRN02973,10014,Communication and Collaboration Tools,Orientation,2012-08-15,2012-08-26,100.0,2.63,Completed
LRN02974,10014,Department Process Training,Role-specific,2012-08-18,2012-08-31,88.19,4.09,Completed
LRN02975,10014,Role Fundamentals,Role-specific,2012-08-20,2012-09-05,91.75,6.32,Completed
LRN02976,10014,Role Tools and Systems,Role-specific,2012-08-21,2012-09-02,85.46,4.22,Completed
LRN02977,10144,Information Security Awareness,Compliance,2011-08-02,,,,Overdue
LRN02978,10144,Data Privacy and Protection,Compliance,2011-08-03,2011-08-18,87.05,3.03,Completed
LRN02979,10144,Code of Conduct,Compliance,2011-08-01,2011-08-03,85.86,1.25,Completed
LRN02980,10144,Workplace Safety,Compliance,2011-08-02,,74.54,,In Progress
LRN02981,10144,Company Orientation,Orientation,2011-08-01,,,,Overdue
LRN02982,10144,HR Policies and Benefits,Orientation,2011-08-02,,,,In Progress
LRN02983,10144,Communication and Collaboration Tools,Orientation,2011-08-03,,52.7,,In Progress
LRN02984,10144,Department Process Training,Role-specific,2011-08-06,,,,Overdue
LRN02985,10144,Role Fundamentals,Role-specific,2011-08-08,2011-08-18,81.31,4.18,Completed
LRN02986,10144,Role Tools and Systems,Role-specific,2011-08-09,2011-08-24,84.43,4.31,Completed
LRN02987,10253,Information Security Awareness,Compliance,2012-03-06,2012-03-10,89.7,2.09,Completed
LRN02988,10253,Data Privacy and Protection,Compliance,2012-03-07,2012-03-21,91.99,1.53,Completed
LRN02989,10253,Code of Conduct,Compliance,2012-03-05,2012-03-14,79.93,1.5,Completed
LRN02990,10253,Workplace Safety,Compliance,2012-03-06,2012-03-07,79.0,1.61,Completed
LRN02991,10253,Company Orientation,Orientation,2012-03-05,2012-03-10,78.17,2.85,Completed
LRN02992,10253,HR Policies and Benefits,Orientation,2012-03-06,2012-03-15,82.86,2.4,Completed
LRN02993,10253,Communication and Collaboration Tools,Orientation,2012-03-07,,,,In Progress
LRN02994,10253,Department Process Training,Role-specific,2012-03-10,,,,Assigned
LRN02995,10253,Role Fundamentals,Role-specific,2012-03-12,2012-04-01,75.77,7.57,Completed
LRN02996,10253,Role Tools and Systems,Role-specific,2012-03-13,,,,Overdue
LRN02997,10118,Information Security Awareness,Compliance,2015-02-17,2015-02-20,78.91,2.73,Completed
LRN02998,10118,Data Privacy and Protection,Compliance,2015-02-18,2015-03-05,100.0,2.5,Completed
LRN02999,10118,Code of Conduct,Compliance,2015-02-16,2015-02-21,82.62,1.68,Completed
LRN03000,10118,Workplace Safety,Compliance,2015-02-17,2015-02-23,99.04,2.16,Completed
LRN03001,10118,Company Orientation,Orientation,2015-02-16,2015-02-26,99.92,1.78,Completed
LRN03002,10118,HR Policies and Benefits,Orientation,2015-02-17,2015-02-18,84.51,1.44,Completed
LRN03003,10118,Communication and Collaboration Tools,Orientation,2015-02-18,2015-02-25,91.23,1.98,Completed
LRN03004,10118,Department Process Training,Role-specific,2015-02-21,2015-03-07,95.07,3.46,Completed
LRN03005,10118,Role Fundamentals,Role-specific,2015-02-23,2015-03-02,82.89,9.09,Completed
LRN03006,10118,Role Tools and Systems,Role-specific,2015-02-24,,,,Overdue
LRN03007,10022,Information Security Awareness,Compliance,2011-09-27,2011-09-30,87.04,2.29,Completed
LRN03008,10022,Data Privacy and Protection,Compliance,2011-09-28,,,,In Progress
LRN03009,10022,Code of Conduct,Compliance,2011-09-26,,,,In Progress
LRN03010,10022,Workplace Safety,Compliance,2011-09-27,,,,Assigned
LRN03011,10022,Company Orientation,Orientation,2011-09-26,,49.72,,In Progress
LRN03012,10022,HR Policies and Benefits,Orientation,2011-09-27,2011-10-05,91.55,1.9,Completed
LRN03013,10022,Communication and Collaboration Tools,Orientation,2011-09-28,,,,In Progress
LRN03014,10022,Department Process Training,Role-specific,2011-10-01,2011-10-03,69.83,3.4,Completed
LRN03015,10022,Role Fundamentals,Role-specific,2011-10-03,,67.9,,In Progress
LRN03016,10022,Role Tools and Systems,Role-specific,2011-10-04,2011-10-19,84.56,4.47,Completed
LRN03017,10022,Professional Development,Optional,2011-10-11,,,,Overdue
LRN03018,10183,Information Security Awareness,Compliance,2015-07-06,2015-07-12,82.78,2.21,Completed
LRN03019,10183,Data Privacy and Protection,Compliance,2015-07-07,,,,In Progress
LRN03020,10183,Workplace Safety,Compliance,2015-07-06,2015-07-12,84.15,2.38,Completed
LRN03021,10183,Company Orientation,Orientation,2015-07-05,2015-07-08,87.59,1.82,Completed
LRN03022,10183,HR Policies and Benefits,Orientation,2015-07-06,2015-07-18,73.66,1.59,Completed
LRN03023,10183,Communication and Collaboration Tools,Orientation,2015-07-07,,,,In Progress
LRN03024,10183,Department Process Training,Role-specific,2015-07-10,2015-07-24,85.06,4.51,Completed
LRN03025,10183,Role Fundamentals,Role-specific,2015-07-12,,,,In Progress
LRN03026,10183,Role Tools and Systems,Role-specific,2015-07-13,2015-07-18,80.98,4.5,Completed
LRN03027,10183,Professional Development,Optional,2015-07-20,,,,In Progress
LRN03028,10190,Information Security Awareness,Compliance,2014-08-19,,,,In Progress
LRN03029,10190,Data Privacy and Protection,Compliance,2014-08-20,2014-08-27,95.14,3.08,Completed
LRN03030,10190,Code of Conduct,Compliance,2014-08-18,2014-08-26,82.67,1.68,Completed
LRN03031,10190,Workplace Safety,Compliance,2014-08-19,2014-08-30,82.68,0.95,Completed
LRN03032,10190,Company Orientation,Orientation,2014-08-18,2014-08-24,84.54,3.14,Completed
LRN03033,10190,HR Policies and Benefits,Orientation,2014-08-19,2014-08-24,83.94,1.16,Completed
LRN03034,10190,Communication and Collaboration Tools,Orientation,2014-08-20,2014-08-24,91.08,2.38,Completed
LRN03035,10190,Department Process Training,Role-specific,2014-08-23,2014-08-27,84.06,3.62,Completed
LRN03036,10190,Role Fundamentals,Role-specific,2014-08-25,2014-09-07,91.38,6.77,Completed
LRN03037,10190,Role Tools and Systems,Role-specific,2014-08-26,2014-08-30,96.68,3.56,Completed
LRN03038,10190,Professional Development,Optional,2014-09-02,,,,Assigned
LRN03039,10274,Information Security Awareness,Compliance,2011-09-27,2011-10-05,80.7,2.15,Completed
LRN03040,10274,Data Privacy and Protection,Compliance,2011-09-28,2011-10-10,82.74,1.97,Completed
LRN03041,10274,Code of Conduct,Compliance,2011-09-26,,,,In Progress
LRN03042,10274,Workplace Safety,Compliance,2011-09-27,2011-09-28,72.34,1.98,Completed
LRN03043,10274,Company Orientation,Orientation,2011-09-26,2011-10-05,86.87,2.98,Completed
LRN03044,10274,HR Policies and Benefits,Orientation,2011-09-27,2011-10-08,94.9,2.39,Completed
LRN03045,10274,Communication and Collaboration Tools,Orientation,2011-09-28,,,,Assigned
LRN03046,10274,Department Process Training,Role-specific,2011-10-01,2011-10-12,91.31,4.62,Completed
LRN03047,10274,Role Fundamentals,Role-specific,2011-10-03,,,,Overdue
LRN03048,10274,Role Tools and Systems,Role-specific,2011-10-04,2011-10-08,100.0,5.06,Completed
LRN03049,10293,Information Security Awareness,Compliance,2012-08-14,2012-08-26,87.69,2.53,Completed
LRN03050,10293,Data Privacy and Protection,Compliance,2012-08-15,2012-08-28,85.22,2.37,Completed
LRN03051,10293,Code of Conduct,Compliance,2012-08-13,2012-08-21,95.62,2.06,Completed
LRN03052,10293,Workplace Safety,Compliance,2012-08-14,2012-08-17,99.48,2.07,Completed
LRN03053,10293,Company Orientation,Orientation,2012-08-13,2012-08-15,85.97,2.11,Completed
LRN03054,10293,HR Policies and Benefits,Orientation,2012-08-14,,,,Assigned
LRN03055,10293,Communication and Collaboration Tools,Orientation,2012-08-15,2012-08-18,90.23,2.51,Completed
LRN03056,10293,Department Process Training,Role-specific,2012-08-18,,62.41,,In Progress
LRN03057,10293,Role Fundamentals,Role-specific,2012-08-20,2012-09-09,92.24,4.64,Completed
LRN03058,10293,Role Tools and Systems,Role-specific,2012-08-21,2012-09-07,93.64,3.26,Completed
LRN03059,10172,Information Security Awareness,Compliance,2017-02-16,2017-02-25,87.98,2.87,Completed
LRN03060,10172,Data Privacy and Protection,Compliance,2017-02-17,2017-02-19,100.0,1.07,Completed
LRN03061,10172,Code of Conduct,Compliance,2017-02-15,,64.63,,In Progress
LRN03062,10172,Workplace Safety,Compliance,2017-02-16,2017-02-27,87.05,1.89,Completed
LRN03063,10172,Company Orientation,Orientation,2017-02-15,2017-02-21,81.62,2.64,Completed
LRN03064,10172,HR Policies and Benefits,Orientation,2017-02-16,,,,In Progress
LRN03065,10172,Communication and Collaboration Tools,Orientation,2017-02-17,,,,Assigned
LRN03066,10172,Department Process Training,Role-specific,2017-02-20,2017-02-27,72.4,4.0,Completed
LRN03067,10172,Role Fundamentals,Role-specific,2017-02-22,2017-02-27,96.13,5.33,Completed
LRN03068,10172,Role Tools and Systems,Role-specific,2017-02-23,,,,In Progress
LRN03069,10172,Professional Development,Optional,2017-03-02,,,,Assigned
LRN03070,10127,Information Security Awareness,Compliance,2015-03-31,,,,Assigned
LRN03071,10127,Data Privacy and Protection,Compliance,2015-04-01,2015-04-16,79.96,1.32,Completed
LRN03072,10127,Code of Conduct,Compliance,2015-03-30,2015-04-03,69.65,1.41,Completed
LRN03073,10127,Workplace Safety,Compliance,2015-03-31,2015-04-10,94.34,2.25,Completed
LRN03074,10127,Company Orientation,Orientation,2015-03-30,2015-04-05,81.29,2.7,Completed
LRN03075,10127,HR Policies and Benefits,Orientation,2015-03-31,2015-04-03,85.51,2.69,Completed
LRN03076,10127,Communication and Collaboration Tools,Orientation,2015-04-01,,,,In Progress
LRN03077,10127,Department Process Training,Role-specific,2015-04-04,2015-04-19,85.74,4.43,Completed
LRN03078,10127,Role Fundamentals,Role-specific,2015-04-06,2015-04-07,84.35,5.16,Completed
LRN03079,10127,Role Tools and Systems,Role-specific,2015-04-07,,,,Assigned
LRN03080,10127,Professional Development,Optional,2015-04-14,2015-04-21,92.74,3.76,Completed
LRN03081,10072,Information Security Awareness,Compliance,2011-01-11,,,,In Progress
LRN03082,10072,Data Privacy and Protection,Compliance,2011-01-12,2011-01-27,81.7,1.3,Completed
LRN03083,10072,Workplace Safety,Compliance,2011-01-11,2011-01-12,75.89,2.93,Completed
LRN03084,10072,Company Orientation,Orientation,2011-01-10,2011-01-15,86.7,1.89,Completed
LRN03085,10072,HR Policies and Benefits,Orientation,2011-01-11,2011-01-18,74.08,3.13,Completed
LRN03086,10072,Communication and Collaboration Tools,Orientation,2011-01-12,2011-01-13,82.04,2.98,Completed
LRN03087,10072,Department Process Training,Role-specific,2011-01-15,2011-01-31,76.39,4.17,Completed
LRN03088,10072,Role Fundamentals,Role-specific,2011-01-17,2011-02-07,93.21,4.04,Completed
LRN03089,10072,Role Tools and Systems,Role-specific,2011-01-18,2011-02-03,89.56,4.27,Completed
LRN03090,10072,Professional Development,Optional,2011-01-25,,,,Overdue
LRN03091,10048,Information Security Awareness,Compliance,2011-05-17,,,,Overdue
LRN03092,10048,Data Privacy and Protection,Compliance,2011-05-18,,,,In Progress
LRN03093,10048,Code of Conduct,Compliance,2011-05-16,2011-05-18,100.0,1.65,Completed
LRN03094,10048,Workplace Safety,Compliance,2011-05-17,2011-05-26,84.44,2.44,Completed
LRN03095,10048,Company Orientation,Orientation,2011-05-16,2011-05-20,76.24,2.35,Completed
LRN03096,10048,HR Policies and Benefits,Orientation,2011-05-17,2011-05-22,70.93,2.45,Completed
LRN03097,10048,Communication and Collaboration Tools,Orientation,2011-05-18,2011-05-26,82.21,2.76,Completed
LRN03098,10048,Department Process Training,Role-specific,2011-05-21,2011-05-28,76.82,4.5,Completed
LRN03099,10048,Role Fundamentals,Role-specific,2011-05-23,2011-06-01,71.36,5.85,Completed
LRN03100,10048,Role Tools and Systems,Role-specific,2011-05-24,2011-05-26,80.8,6.2,Completed
LRN03101,10204,Information Security Awareness,Compliance,2011-01-11,2011-01-13,94.02,2.79,Completed
LRN03102,10204,Data Privacy and Protection,Compliance,2011-01-12,2011-01-25,71.4,1.29,Completed
LRN03103,10204,Code of Conduct,Compliance,2011-01-10,2011-01-14,84.42,1.67,Completed
LRN03104,10204,Workplace Safety,Compliance,2011-01-11,,,,Assigned
LRN03105,10204,Company Orientation,Orientation,2011-01-10,2011-01-16,85.91,1.83,Completed
LRN03106,10204,HR Policies and Benefits,Orientation,2011-01-11,2011-01-18,70.97,2.14,Completed
LRN03107,10204,Communication and Collaboration Tools,Orientation,2011-01-12,2011-01-23,93.16,2.61,Completed
LRN03108,10204,Department Process Training,Role-specific,2011-01-15,2011-01-25,73.99,2.64,Completed
LRN03109,10204,Role Fundamentals,Role-specific,2011-01-17,2011-01-24,89.52,6.72,Completed
LRN03110,10204,Role Tools and Systems,Role-specific,2011-01-18,2011-01-27,83.81,3.53,Completed
LRN03111,10264,Information Security Awareness,Compliance,2012-01-10,2012-01-18,85.06,4.03,Completed
LRN03112,10264,Data Privacy and Protection,Compliance,2012-01-11,,,,Overdue
LRN03113,10264,Code of Conduct,Compliance,2012-01-09,,,,Assigned
LRN03114,10264,Workplace Safety,Compliance,2012-01-10,2012-01-11,82.9,1.86,Completed
LRN03115,10264,Company Orientation,Orientation,2012-01-09,2012-01-16,84.47,2.28,Completed
LRN03116,10264,HR Policies and Benefits,Orientation,2012-01-10,2012-01-22,80.78,1.85,Completed
LRN03117,10264,Communication and Collaboration Tools,Orientation,2012-01-11,,,,Assigned
LRN03118,10264,Department Process Training,Role-specific,2012-01-14,2012-01-21,83.98,2.62,Completed
LRN03119,10264,Role Fundamentals,Role-specific,2012-01-16,2012-02-02,80.43,6.9,Completed
LRN03120,10264,Role Tools and Systems,Role-specific,2012-01-17,,,,In Progress
LRN03121,10264,Professional Development,Optional,2012-01-24,2012-02-09,88.79,4.68,Completed
LRN03122,10033,Information Security Awareness,Compliance,2013-01-08,,51.46,,In Progress
LRN03123,10033,Data Privacy and Protection,Compliance,2013-01-09,2013-01-11,79.86,2.09,Completed
LRN03124,10033,Code of Conduct,Compliance,2013-01-07,2013-01-09,86.65,1.65,Completed
LRN03125,10033,Workplace Safety,Compliance,2013-01-08,,,,Overdue
LRN03126,10033,Company Orientation,Orientation,2013-01-07,2013-01-16,70.18,3.14,Completed
LRN03127,10033,HR Policies and Benefits,Orientation,2013-01-08,,,,In Progress
LRN03128,10033,Communication and Collaboration Tools,Orientation,2013-01-09,,,,In Progress
LRN03129,10033,Department Process Training,Role-specific,2013-01-12,2013-01-26,92.6,2.57,Completed
LRN03130,10033,Role Fundamentals,Role-specific,2013-01-14,2013-01-21,69.49,4.92,Completed
LRN03131,10033,Role Tools and Systems,Role-specific,2013-01-15,2013-01-24,87.88,3.93,Completed
LRN03132,10174,Information Security Awareness,Compliance,2014-09-30,2014-10-11,81.42,3.22,Completed
LRN03133,10174,Data Privacy and Protection,Compliance,2014-10-01,2014-10-06,86.11,2.11,Completed
LRN03134,10174,Code of Conduct,Compliance,2014-09-29,2014-09-30,86.62,1.68,Completed
LRN03135,10174,Workplace Safety,Compliance,2014-09-30,2014-10-04,85.67,2.61,Completed
LRN03136,10174,Company Orientation,Orientation,2014-09-29,2014-10-03,75.41,2.63,Completed
LRN03137,10174,HR Policies and Benefits,Orientation,2014-09-30,2014-10-04,85.22,1.42,Completed
LRN03138,10174,Communication and Collaboration Tools,Orientation,2014-10-01,2014-10-13,95.87,1.88,Completed
LRN03139,10174,Department Process Training,Role-specific,2014-10-04,2014-10-17,80.42,4.2,Completed
LRN03140,10174,Role Fundamentals,Role-specific,2014-10-06,2014-10-17,89.46,4.83,Completed
LRN03141,10174,Role Tools and Systems,Role-specific,2014-10-07,2014-10-23,81.95,6.15,Completed
LRN03142,10135,Information Security Awareness,Compliance,2014-07-08,2014-07-19,90.55,2.94,Completed
LRN03143,10135,Data Privacy and Protection,Compliance,2014-07-09,,80.79,,In Progress
LRN03144,10135,Code of Conduct,Compliance,2014-07-07,2014-07-13,73.7,1.69,Completed
LRN03145,10135,Workplace Safety,Compliance,2014-07-08,,,,Assigned
LRN03146,10135,Company Orientation,Orientation,2014-07-07,,,,In Progress
LRN03147,10135,HR Policies and Benefits,Orientation,2014-07-08,2014-07-15,85.63,2.31,Completed
LRN03148,10135,Communication and Collaboration Tools,Orientation,2014-07-09,,,,Assigned
LRN03149,10135,Department Process Training,Role-specific,2014-07-12,2014-07-17,79.53,2.94,Completed
LRN03150,10135,Role Fundamentals,Role-specific,2014-07-14,,,,In Progress
LRN03151,10135,Role Tools and Systems,Role-specific,2014-07-15,2014-07-20,68.94,4.15,Completed
LRN03152,10135,Professional Development,Optional,2014-07-22,2014-07-29,84.68,6.04,Completed
LRN03153,10301,Information Security Awareness,Compliance,2008-09-03,2008-09-04,99.87,2.82,Completed
LRN03154,10301,Data Privacy and Protection,Compliance,2008-09-04,2008-09-14,71.89,2.0,Completed
LRN03155,10301,Code of Conduct,Compliance,2008-09-02,,,,Overdue
LRN03156,10301,Workplace Safety,Compliance,2008-09-03,2008-09-08,94.6,1.97,Completed
LRN03157,10301,Company Orientation,Orientation,2008-09-02,,,,In Progress
LRN03158,10301,HR Policies and Benefits,Orientation,2008-09-03,,,,In Progress
LRN03159,10301,Communication and Collaboration Tools,Orientation,2008-09-04,2008-09-14,94.67,2.42,Completed
LRN03160,10301,Department Process Training,Role-specific,2008-09-07,2008-09-20,84.81,3.39,Completed
LRN03161,10301,Role Fundamentals,Role-specific,2008-09-09,2008-09-20,85.83,4.75,Completed
LRN03162,10301,Role Tools and Systems,Role-specific,2008-09-10,,,,In Progress
LRN03163,10010,Information Security Awareness,Compliance,2010-04-11,2010-04-19,89.4,1.58,Completed
LRN03164,10010,Code of Conduct,Compliance,2010-04-10,,61.73,,In Progress
LRN03165,10010,Workplace Safety,Compliance,2010-04-11,2010-04-18,86.68,2.45,Completed
LRN03166,10010,Company Orientation,Orientation,2010-04-10,2010-04-16,87.41,2.95,Completed
LRN03167,10010,HR Policies and Benefits,Orientation,2010-04-11,2010-04-20,92.63,2.03,Completed
LRN03168,10010,Communication and Collaboration Tools,Orientation,2010-04-12,2010-04-19,73.39,1.65,Completed
LRN03169,10010,Department Process Training,Role-specific,2010-04-15,,66.07,,In Progress
LRN03170,10010,Role Fundamentals,Role-specific,2010-04-17,2010-05-01,79.49,5.15,Completed
LRN03171,10010,Role Tools and Systems,Role-specific,2010-04-18,,,,Assigned
LRN03172,10043,Information Security Awareness,Compliance,2015-03-31,2015-04-12,84.05,2.71,Completed
LRN03173,10043,Data Privacy and Protection,Compliance,2015-04-01,2015-04-13,95.99,1.78,Completed
LRN03174,10043,Code of Conduct,Compliance,2015-03-30,2015-04-09,73.27,1.29,Completed
LRN03175,10043,Workplace Safety,Compliance,2015-03-31,2015-04-02,90.8,2.22,Completed
LRN03176,10043,Company Orientation,Orientation,2015-03-30,2015-04-04,80.02,1.69,Completed
LRN03177,10043,HR Policies and Benefits,Orientation,2015-03-31,2015-04-04,78.21,2.04,Completed
LRN03178,10043,Communication and Collaboration Tools,Orientation,2015-04-01,,,,In Progress
LRN03179,10043,Department Process Training,Role-specific,2015-04-04,2015-04-11,100.0,3.71,Completed
LRN03180,10043,Role Fundamentals,Role-specific,2015-04-06,,,,Assigned
LRN03181,10043,Role Tools and Systems,Role-specific,2015-04-07,2015-04-22,79.96,4.97,Completed
LRN03182,10043,Professional Development,Optional,2015-04-14,,,,Assigned
LRN03183,10271,Information Security Awareness,Compliance,2014-09-30,2014-10-12,94.03,2.51,Completed
LRN03184,10271,Data Privacy and Protection,Compliance,2014-10-01,,,,Assigned
LRN03185,10271,Code of Conduct,Compliance,2014-09-29,2014-10-08,89.14,1.6,Completed
LRN03186,10271,Workplace Safety,Compliance,2014-09-30,2014-10-01,68.31,2.17,Completed
LRN03187,10271,Company Orientation,Orientation,2014-09-29,2014-10-09,79.95,2.01,Completed
LRN03188,10271,HR Policies and Benefits,Orientation,2014-09-30,2014-10-07,100.0,2.3,Completed
LRN03189,10271,Communication and Collaboration Tools,Orientation,2014-10-01,2014-10-02,71.99,1.94,Completed
LRN03190,10271,Department Process Training,Role-specific,2014-10-04,,,,Overdue
LRN03191,10271,Role Fundamentals,Role-specific,2014-10-06,,,,In Progress
LRN03192,10271,Role Tools and Systems,Role-specific,2014-10-07,2014-10-08,87.08,3.1,Completed
