onboarding_task_id,employee_id,task_name,task_category,current_stage,task_status,due_date,completed_date,completion_percentage
ONB00001,10026,Complete HR Documentation,HR,Preboarding,Complete,2011-07-08,2011-07-08,100.0
ONB00002,10026,Submit Required Identification,HR,Preboarding,Complete,2011-07-07,2011-07-10,100.0
ONB00003,10026,Complete New Hire Orientation,HR,Orientation,Complete,2011-07-12,2011-07-11,100.0
ONB00004,10026,Manager Introduction,Manager,Orientation,In Progress,2011-07-10,,94.0
ONB00005,10026,Laptop Provisioning,IT,Setup,In Progress,2011-07-12,,56.0
ONB00006,10026,Network Account Setup,IT,Setup,Complete,2011-07-10,2011-07-07,100.0
ONB00007,10026,Email and Collaboration Access,IT,Setup,Complete,2011-07-10,2011-07-07,100.0
ONB00008,10026,Security Awareness Training,Compliance,Enablement,Complete,2011-07-17,2011-07-20,100.0
ONB00009,10026,Company Policy Training,Compliance,Enablement,In Progress,2011-07-15,,59.0
ONB00010,10026,Role-Specific Training,Role-specific,Enablement,Complete,2011-07-25,2011-07-18,100.0
ONB00011,10026,Department Process Training,Role-specific,Enablement,Complete,2011-07-20,2011-07-22,100.0
ONB00012,10026,Tool Access Verification,IT,Enablement,In Progress,2011-07-15,,20.0
ONB00013,10026,First Week Check-in,Manager,Enablement,Complete,2011-07-15,2011-07-11,100.0
ONB00014,10026,30-Day Onboarding Review,Manager,Productive,Complete,2011-08-04,2011-08-04,100.0
ONB00015,10084,Complete HR Documentation,HR,Preboarding,Blocked,2015-04-02,,51.0
ONB00016,10084,Submit Required Identification,HR,Preboarding,Complete,2015-04-01,2015-04-03,100.0
ONB00017,10084,Complete New Hire Orientation,HR,Orientation,Complete,2015-04-06,2015-04-04,100.0
ONB00018,10084,Manager Introduction,Manager,Orientation,Complete,2015-04-04,2015-03-31,100.0
ONB00019,10084,Laptop Provisioning,IT,Setup,Complete,2015-04-06,2015-04-09,100.0
ONB00020,10084,Network Account Setup,IT,Setup,Not Started,2015-04-04,,0.0
ONB00021,10084,Email and Collaboration Access,IT,Setup,Complete,2015-04-04,2015-04-05,100.0
ONB00022,10084,Security Awareness Training,Compliance,Enablement,Complete,2015-04-11,2015-04-02,100.0
ONB00023,10084,Company Policy Training,Compliance,Enablement,Complete,2015-04-09,2015-04-06,100.0
ONB00024,10084,Role-Specific Training,Role-specific,Enablement,Complete,2015-04-19,2015-04-17,100.0
ONB00025,10084,Department Process Training,Role-specific,Enablement,Complete,2015-04-14,2015-04-10,100.0
ONB00026,10084,Tool Access Verification,IT,Enablement,Complete,2015-04-09,2015-04-12,100.0
ONB00027,10084,First Week Check-in,Manager,Enablement,In Progress,2015-04-09,,50.0
ONB00028,10084,30-Day Onboarding Review,Manager,Productive,Complete,2015-04-29,2015-04-20,100.0
ONB00029,10196,Complete HR Documentation,HR,Preboarding,In Progress,2011-07-08,,40.0
ONB00030,10196,Submit Required Identification,HR,Preboarding,Complete,2011-07-07,2011-07-10,100.0
ONB00031,10196,Complete New Hire Orientation,HR,Orientation,Complete,2011-07-12,2011-07-08,100.0
ONB00032,10196,Manager Introduction,Manager,Orientation,Complete,2011-07-10,2011-07-12,100.0
ONB00033,10196,Laptop Provisioning,IT,Setup,Complete,2011-07-12,2011-07-07,100.0
ONB00034,10196,Network Account Setup,IT,Setup,In Progress,2011-07-10,,78.0
ONB00035,10196,Email and Collaboration Access,IT,Setup,Complete,2011-07-10,2011-07-11,100.0
ONB00036,10196,Security Awareness Training,Compliance,Enablement,In Progress,2011-07-17,,60.0
ONB00037,10196,Company Policy Training,Compliance,Enablement,Complete,2011-07-15,2011-07-12,100.0
ONB00038,10196,Role-Specific Training,Role-specific,Enablement,Complete,2011-07-25,2011-07-14,100.0
ONB00039,10196,Department Process Training,Role-specific,Enablement,Complete,2011-07-20,2011-07-11,100.0
ONB00040,10196,Tool Access Verification,IT,Enablement,Complete,2011-07-15,2011-07-17,100.0
ONB00041,10196,First Week Check-in,Manager,Enablement,In Progress,2011-07-15,,60.0
ONB00042,10196,30-Day Onboarding Review,Manager,Productive,Complete,2011-08-04,2011-08-01,100.0
ONB00043,10088,Complete HR Documentation,HR,Preboarding,Complete,2008-01-10,2008-01-10,100.0
ONB00044,10088,Submit Required Identification,HR,Preboarding,Complete,2008-01-09,2008-01-09,100.0
ONB00045,10088,Complete New Hire Orientation,HR,Orientation,Complete,2008-01-14,2008-01-12,100.0
ONB00046,10088,Manager Introduction,Manager,Orientation,Complete,2008-01-12,2008-01-15,100.0
ONB00047,10088,Laptop Provisioning,IT,Setup,Complete,2008-01-14,2008-01-16,100.0
ONB00048,10088,Network Account Setup,IT,Setup,Complete,2008-01-12,2008-01-14,100.0
ONB00049,10088,Email and Collaboration Access,IT,Setup,Complete,2008-01-12,2008-01-10,100.0
ONB00050,10088,Security Awareness Training,Compliance,Enablement,Complete,2008-01-19,2008-01-11,100.0
ONB00051,10088,Company Policy Training,Compliance,Enablement,In Progress,2008-01-17,,60.0
ONB00052,10088,Role-Specific Training,Role-specific,Enablement,Complete,2008-01-27,2008-01-19,100.0
ONB00053,10088,Department Process Training,Role-specific,Enablement,In Progress,2008-01-22,,47.0
ONB00054,10088,Tool Access Verification,IT,Enablement,Complete,2008-01-17,2008-01-13,100.0
ONB00055,10088,First Week Check-in,Manager,Enablement,Complete,2008-01-17,2008-01-12,100.0
ONB00056,10088,30-Day Onboarding Review,Manager,Productive,In Progress,2008-02-06,,71.0
ONB00057,10069,Complete HR Documentation,HR,Preboarding,Complete,2011-07-14,2011-07-17,100.0
ONB00058,10069,Submit Required Identification,HR,Preboarding,Complete,2011-07-13,2011-07-15,100.0
ONB00059,10069,Complete New Hire Orientation,HR,Orientation,Complete,2011-07-18,2011-07-15,100.0
ONB00060,10069,Manager Introduction,Manager,Orientation,Complete,2011-07-16,2011-07-15,100.0
ONB00061,10069,Laptop Provisioning,IT,Setup,In Progress,2011-07-18,,84.0
ONB00062,10069,Email and Collaboration Access,IT,Setup,Complete,2011-07-16,2011-07-17,100.0
ONB00063,10069,Security Awareness Training,Compliance,Enablement,Complete,2011-07-23,2011-07-19,100.0
ONB00064,10069,Company Policy Training,Compliance,Enablement,Complete,2011-07-21,2011-07-14,100.0
ONB00065,10069,Role-Specific Training,Role-specific,Enablement,Complete,2011-07-31,2011-07-28,100.0
ONB00066,10069,Department Process Training,Role-specific,Enablement,Complete,2011-07-26,2011-07-27,100.0
ONB00067,10069,Tool Access Verification,IT,Enablement,Complete,2011-07-21,2011-07-14,100.0
ONB00068,10069,First Week Check-in,Manager,Enablement,Complete,2011-07-21,2011-07-21,100.0
ONB00069,10002,Complete HR Documentation,HR,Preboarding,In Progress,2012-01-12,,16.0
ONB00070,10002,Submit Required Identification,HR,Preboarding,Blocked,2012-01-11,,41.0
ONB00071,10002,Complete New Hire Orientation,HR,Orientation,Complete,2012-01-16,2012-01-11,100.0
ONB00072,10002,Manager Introduction,Manager,Orientation,Complete,2012-01-14,2012-01-15,100.0
ONB00073,10002,Network Account Setup,IT,Setup,Complete,2012-01-14,2012-01-15,100.0
ONB00074,10002,Security Awareness Training,Compliance,Enablement,Complete,2012-01-21,2012-01-21,100.0
ONB00075,10002,Company Policy Training,Compliance,Enablement,In Progress,2012-01-19,,73.0
ONB00076,10002,Role-Specific Training,Role-specific,Enablement,Complete,2012-01-29,2012-01-25,100.0
ONB00077,10002,Department Process Training,Role-specific,Enablement,Complete,2012-01-24,2012-01-26,100.0
ONB00078,10002,Tool Access Verification,IT,Enablement,Complete,2012-01-19,2012-01-13,100.0
ONB00079,10002,First Week Check-in,Manager,Enablement,Complete,2012-01-19,2012-01-18,100.0
ONB00080,10002,30-Day Onboarding Review,Manager,Productive,In Progress,2012-02-08,,52.0
ONB00081,10194,Complete HR Documentation,HR,Preboarding,Overdue,2014-11-13,,73.0
ONB00082,10194,Submit Required Identification,HR,Preboarding,Complete,2014-11-12,2014-11-13,100.0
ONB00083,10194,Complete New Hire Orientation,HR,Orientation,Complete,2014-11-17,2014-11-16,100.0
ONB00084,10194,Manager Introduction,Manager,Orientation,Overdue,2014-11-15,,16.0
ONB00085,10194,Laptop Provisioning,IT,Setup,Complete,2014-11-17,2014-11-12,100.0
ONB00086,10194,Network Account Setup,IT,Setup,Complete,2014-11-15,2014-11-18,100.0
ONB00087,10194,Email and Collaboration Access,IT,Setup,Blocked,2014-11-15,,75.0
ONB00088,10194,Security Awareness Training,Compliance,Enablement,In Progress,2014-11-22,,83.0
ONB00089,10194,Company Policy Training,Compliance,Enablement,Blocked,2014-11-20,,67.0
ONB00090,10194,Role-Specific Training,Role-specific,Enablement,Complete,2014-11-30,2014-11-23,100.0
ONB00091,10194,Department Process Training,Role-specific,Enablement,In Progress,2014-11-25,,40.0
ONB00092,10194,Tool Access Verification,IT,Enablement,Complete,2014-11-20,2014-11-17,100.0
ONB00093,10194,First Week Check-in,Manager,Enablement,Complete,2014-11-20,2014-11-18,100.0
ONB00094,10194,30-Day Onboarding Review,Manager,Productive,In Progress,2014-12-10,,45.0
ONB00095,10062,Complete HR Documentation,HR,Preboarding,Complete,2013-10-03,2013-10-01,100.0
ONB00096,10062,Submit Required Identification,HR,Preboarding,Complete,2013-10-02,2013-09-30,100.0
ONB00097,10062,Complete New Hire Orientation,HR,Orientation,Complete,2013-10-07,2013-10-09,100.0
ONB00098,10062,Manager Introduction,Manager,Orientation,Complete,2013-10-05,2013-10-03,100.0
ONB00099,10062,Laptop Provisioning,IT,Setup,Blocked,2013-10-07,,45.0
ONB00100,10062,Network Account Setup,IT,Setup,Complete,2013-10-05,2013-10-03,100.0
ONB00101,10062,Email and Collaboration Access,IT,Setup,In Progress,2013-10-05,,40.0
ONB00102,10062,Security Awareness Training,Compliance,Enablement,Not Started,2013-10-12,,0.0
ONB00103,10062,Company Policy Training,Compliance,Enablement,Complete,2013-10-10,2013-10-07,100.0
ONB00104,10062,Role-Specific Training,Role-specific,Enablement,Complete,2013-10-20,2013-10-07,100.0
ONB00105,10062,Department Process Training,Role-specific,Enablement,Complete,2013-10-15,2013-10-08,100.0
ONB00106,10062,Tool Access Verification,IT,Enablement,Complete,2013-10-10,2013-10-04,100.0
ONB00107,10062,First Week Check-in,Manager,Enablement,Complete,2013-10-10,2013-10-07,100.0
ONB00108,10062,30-Day Onboarding Review,Manager,Productive,Complete,2013-10-30,2013-10-27,100.0
ONB00109,10114,Complete HR Documentation,HR,Preboarding,Complete,2009-07-09,2009-07-12,100.0
ONB00110,10114,Submit Required Identification,HR,Preboarding,Complete,2009-07-08,2009-07-10,100.0
ONB00111,10114,Complete New Hire Orientation,HR,Orientation,In Progress,2009-07-13,,81.0
ONB00112,10114,Manager Introduction,Manager,Orientation,Complete,2009-07-11,2009-07-08,100.0
ONB00113,10114,Laptop Provisioning,IT,Setup,Overdue,2009-07-13,,7.0
ONB00114,10114,Network Account Setup,IT,Setup,Complete,2009-07-11,2009-07-10,100.0
ONB00115,10114,Email and Collaboration Access,IT,Setup,Complete,2009-07-11,2009-07-11,100.0
ONB00116,10114,Security Awareness Training,Compliance,Enablement,Overdue,2009-07-18,,60.0
ONB00117,10114,Company Policy Training,Compliance,Enablement,Complete,2009-07-16,2009-07-19,100.0
ONB00118,10114,Role-Specific Training,Role-specific,Enablement,Complete,2009-07-26,2009-07-28,100.0
ONB00119,10114,Department Process Training,Role-specific,Enablement,Complete,2009-07-21,2009-07-13,100.0
ONB00120,10114,Tool Access Verification,IT,Enablement,Complete,2009-07-16,2009-07-15,100.0
ONB00121,10114,First Week Check-in,Manager,Enablement,Complete,2009-07-16,2009-07-17,100.0
ONB00122,10114,30-Day Onboarding Review,Manager,Productive,Not Started,2009-08-05,,0.0
ONB00123,10250,Complete HR Documentation,HR,Preboarding,Overdue,2015-01-08,,38.0
ONB00124,10250,Submit Required Identification,HR,Preboarding,In Progress,2015-01-07,,49.0
ONB00125,10250,Complete New Hire Orientation,HR,Orientation,In Progress,2015-01-12,,52.0
ONB00126,10250,Manager Introduction,Manager,Orientation,Complete,2015-01-10,2015-01-11,100.0
ONB00127,10250,Laptop Provisioning,IT,Setup,In Progress,2015-01-12,,23.0
ONB00128,10250,Network Account Setup,IT,Setup,In Progress,2015-01-10,,52.0
ONB00129,10250,Email and Collaboration Access,IT,Setup,Complete,2015-01-10,2015-01-07,100.0
ONB00130,10250,Security Awareness Training,Compliance,Enablement,Complete,2015-01-17,2015-01-20,100.0
ONB00131,10250,Company Policy Training,Compliance,Enablement,Complete,2015-01-15,2015-01-17,100.0
ONB00132,10250,Role-Specific Training,Role-specific,Enablement,Complete,2015-01-25,2015-01-12,100.0
ONB00133,10250,Department Process Training,Role-specific,Enablement,Complete,2015-01-20,2015-01-15,100.0
ONB00134,10250,Tool Access Verification,IT,Enablement,Complete,2015-01-15,2015-01-18,100.0
ONB00135,10250,First Week Check-in,Manager,Enablement,Complete,2015-01-15,2015-01-17,100.0
ONB00136,10250,30-Day Onboarding Review,Manager,Productive,Complete,2015-02-04,2015-01-28,100.0
ONB00137,10252,Complete HR Documentation,HR,Preboarding,In Progress,2011-01-13,,34.0
ONB00138,10252,Submit Required Identification,HR,Preboarding,Complete,2011-01-12,2011-01-15,100.0
ONB00139,10252,Complete New Hire Orientation,HR,Orientation,Complete,2011-01-17,2011-01-11,100.0
ONB00140,10252,Manager Introduction,Manager,Orientation,Complete,2011-01-15,2011-01-12,100.0
ONB00141,10252,Laptop Provisioning,IT,Setup,Complete,2011-01-17,2011-01-19,100.0
ONB00142,10252,Network Account Setup,IT,Setup,Complete,2011-01-15,2011-01-18,100.0
ONB00143,10252,Email and Collaboration Access,IT,Setup,Complete,2011-01-15,2011-01-18,100.0
ONB00144,10252,Security Awareness Training,Compliance,Enablement,Complete,2011-01-22,2011-01-20,100.0
ONB00145,10252,Company Policy Training,Compliance,Enablement,Complete,2011-01-20,2011-01-13,100.0
ONB00146,10252,Role-Specific Training,Role-specific,Enablement,Complete,2011-01-30,2011-01-28,100.0
ONB00147,10252,Department Process Training,Role-specific,Enablement,Complete,2011-01-25,2011-01-15,100.0
ONB00148,10252,Tool Access Verification,IT,Enablement,Complete,2011-01-20,2011-01-17,100.0
ONB00149,10252,First Week Check-in,Manager,Enablement,Complete,2011-01-20,2011-01-20,100.0
ONB00150,10252,30-Day Onboarding Review,Manager,Productive,Complete,2011-02-09,2011-02-10,100.0
ONB00151,10242,Complete HR Documentation,HR,Preboarding,Blocked,2012-04-05,,24.0
ONB00152,10242,Submit Required Identification,HR,Preboarding,Blocked,2012-04-04,,40.0
ONB00153,10242,Complete New Hire Orientation,HR,Orientation,Complete,2012-04-09,2012-04-03,100.0
ONB00154,10242,Manager Introduction,Manager,Orientation,Complete,2012-04-07,2012-04-04,100.0
ONB00155,10242,Laptop Provisioning,IT,Setup,Complete,2012-04-09,2012-04-05,100.0
ONB00156,10242,Network Account Setup,IT,Setup,Complete,2012-04-07,2012-04-05,100.0
ONB00157,10242,Email and Collaboration Access,IT,Setup,Complete,2012-04-07,2012-04-03,100.0
ONB00158,10242,Security Awareness Training,Compliance,Enablement,Complete,2012-04-14,2012-04-16,100.0
ONB00159,10242,Company Policy Training,Compliance,Enablement,In Progress,2012-04-12,,23.0
ONB00160,10242,Role-Specific Training,Role-specific,Enablement,Complete,2012-04-22,2012-04-14,100.0
ONB00161,10242,Department Process Training,Role-specific,Enablement,Complete,2012-04-17,2012-04-19,100.0
ONB00162,10242,Tool Access Verification,IT,Enablement,Blocked,2012-04-12,,60.0
ONB00163,10242,First Week Check-in,Manager,Enablement,Not Started,2012-04-12,,0.0
ONB00164,10242,30-Day Onboarding Review,Manager,Productive,In Progress,2012-05-02,,88.0
ONB00165,10012,Complete HR Documentation,HR,Preboarding,Complete,2014-11-13,2014-11-14,100.0
ONB00166,10012,Submit Required Identification,HR,Preboarding,Complete,2014-11-12,2014-11-14,100.0
ONB00167,10012,Complete New Hire Orientation,HR,Orientation,Complete,2014-11-17,2014-11-14,100.0
ONB00168,10012,Manager Introduction,Manager,Orientation,Blocked,2014-11-15,,39.0
ONB00169,10012,Laptop Provisioning,IT,Setup,Complete,2014-11-17,2014-11-18,100.0
ONB00170,10012,Network Account Setup,IT,Setup,Complete,2014-11-15,2014-11-14,100.0
ONB00171,10012,Email and Collaboration Access,IT,Setup,Complete,2014-11-15,2014-11-11,100.0
ONB00172,10012,Security Awareness Training,Compliance,Enablement,Complete,2014-11-22,2014-11-14,100.0
ONB00173,10012,Company Policy Training,Compliance,Enablement,Complete,2014-11-20,2014-11-19,100.0
ONB00174,10012,Role-Specific Training,Role-specific,Enablement,Complete,2014-11-30,2014-11-19,100.0
ONB00175,10012,Department Process Training,Role-specific,Enablement,Complete,2014-11-25,2014-11-25,100.0
ONB00176,10012,Tool Access Verification,IT,Enablement,Complete,2014-11-20,2014-11-16,100.0
ONB00177,10012,First Week Check-in,Manager,Enablement,Complete,2014-11-20,2014-11-17,100.0
ONB00178,10012,30-Day Onboarding Review,Manager,Productive,Overdue,2014-12-10,,27.0
ONB00179,10265,Complete HR Documentation,HR,Preboarding,Complete,2012-02-23,2012-02-25,100.0
ONB00180,10265,Submit Required Identification,HR,Preboarding,Complete,2012-02-22,2012-02-21,100.0
ONB00181,10265,Complete New Hire Orientation,HR,Orientation,Blocked,2012-02-27,,37.0
ONB00182,10265,Manager Introduction,Manager,Orientation,In Progress,2012-02-25,,67.0
ONB00183,10265,Laptop Provisioning,IT,Setup,Complete,2012-02-27,2012-02-28,100.0
ONB00184,10265,Network Account Setup,IT,Setup,Complete,2012-02-25,2012-02-26,100.0
ONB00185,10265,Email and Collaboration Access,IT,Setup,In Progress,2012-02-25,,17.0
ONB00186,10265,Security Awareness Training,Compliance,Enablement,Complete,2012-03-03,2012-02-25,100.0
ONB00187,10265,Company Policy Training,Compliance,Enablement,Blocked,2012-03-01,,69.0
ONB00188,10265,Role-Specific Training,Role-specific,Enablement,Complete,2012-03-11,2012-02-27,100.0
ONB00189,10265,Department Process Training,Role-specific,Enablement,Complete,2012-03-06,2012-03-04,100.0
ONB00190,10265,Tool Access Verification,IT,Enablement,Complete,2012-03-01,2012-03-01,100.0
ONB00191,10265,First Week Check-in,Manager,Enablement,Overdue,2012-03-01,,65.0
ONB00192,10265,30-Day Onboarding Review,Manager,Productive,Overdue,2012-03-21,,12.0
ONB00193,10066,Complete HR Documentation,HR,Preboarding,Complete,2012-09-27,2012-09-27,100.0
ONB00194,10066,Submit Required Identification,HR,Preboarding,In Progress,2012-09-26,,78.0
ONB00195,10066,Complete New Hire Orientation,HR,Orientation,Overdue,2012-10-01,,8.0
ONB00196,10066,Manager Introduction,Manager,Orientation,Complete,2012-09-29,2012-09-27,100.0
ONB00197,10066,Laptop Provisioning,IT,Setup,Complete,2012-10-01,2012-09-30,100.0
ONB00198,10066,Network Account Setup,IT,Setup,Complete,2012-09-29,2012-09-29,100.0
ONB00199,10066,Email and Collaboration Access,IT,Setup,Complete,2012-09-29,2012-09-25,100.0
ONB00200,10066,Security Awareness Training,Compliance,Enablement,Complete,2012-10-06,2012-10-04,100.0
ONB00201,10066,Company Policy Training,Compliance,Enablement,Complete,2012-10-04,2012-10-04,100.0
ONB00202,10066,Role-Specific Training,Role-specific,Enablement,In Progress,2012-10-14,,76.0
ONB00203,10066,Department Process Training,Role-specific,Enablement,Complete,2012-10-09,2012-10-02,100.0
ONB00204,10066,Tool Access Verification,IT,Enablement,Overdue,2012-10-04,,54.0
ONB00205,10066,First Week Check-in,Manager,Enablement,Complete,2012-10-04,2012-10-06,100.0
ONB00206,10066,30-Day Onboarding Review,Manager,Productive,Complete,2012-10-24,2012-10-15,100.0
ONB00207,10061,Complete HR Documentation,HR,Preboarding,Complete,2011-02-24,2011-02-27,100.0
ONB00208,10061,Submit Required Identification,HR,Preboarding,Complete,2011-02-23,2011-02-25,100.0
ONB00209,10061,Complete New Hire Orientation,HR,Orientation,Complete,2011-02-28,2011-03-01,100.0
ONB00210,10061,Manager Introduction,Manager,Orientation,In Progress,2011-02-26,,87.0
ONB00211,10061,Laptop Provisioning,IT,Setup,Complete,2011-02-28,2011-03-01,100.0
ONB00212,10061,Network Account Setup,IT,Setup,Complete,2011-02-26,2011-02-24,100.0
ONB00213,10061,Email and Collaboration Access,IT,Setup,Complete,2011-02-26,2011-03-01,100.0
ONB00214,10061,Security Awareness Training,Compliance,Enablement,Overdue,2011-03-05,,13.0
ONB00215,10061,Company Policy Training,Compliance,Enablement,Complete,2011-03-03,2011-03-03,100.0
ONB00216,10061,Role-Specific Training,Role-specific,Enablement,In Progress,2011-03-13,,46.0
ONB00217,10061,Department Process Training,Role-specific,Enablement,Complete,2011-03-08,2011-03-11,100.0
ONB00218,10061,Tool Access Verification,IT,Enablement,In Progress,2011-03-03,,90.0
ONB00219,10061,First Week Check-in,Manager,Enablement,Complete,2011-03-03,2011-02-27,100.0
ONB00220,10061,30-Day Onboarding Review,Manager,Productive,Not Started,2011-03-23,,0.0
ONB00221,10023,Complete HR Documentation,HR,Preboarding,Overdue,2016-07-24,,34.0
ONB00222,10023,Submit Required Identification,HR,Preboarding,Complete,2016-07-23,2016-07-22,100.0
ONB00223,10023,Complete New Hire Orientation,HR,Orientation,Complete,2016-07-28,2016-07-30,100.0
ONB00224,10023,Manager Introduction,Manager,Orientation,Complete,2016-07-26,2016-07-25,100.0
ONB00225,10023,Laptop Provisioning,IT,Setup,Complete,2016-07-28,2016-07-27,100.0
ONB00226,10023,Network Account Setup,IT,Setup,Complete,2016-07-26,2016-07-22,100.0
ONB00227,10023,Email and Collaboration Access,IT,Setup,In Progress,2016-07-26,,51.0
ONB00228,10023,Security Awareness Training,Compliance,Enablement,Complete,2016-08-02,2016-08-05,100.0
ONB00229,10023,Company Policy Training,Compliance,Enablement,Complete,2016-07-31,2016-07-28,100.0
ONB00230,10023,Role-Specific Training,Role-specific,Enablement,Complete,2016-08-10,2016-08-04,100.0
ONB00231,10023,Department Process Training,Role-specific,Enablement,In Progress,2016-08-05,,89.0
ONB00232,10023,Tool Access Verification,IT,Enablement,Complete,2016-07-31,2016-07-28,100.0
ONB00233,10023,First Week Check-in,Manager,Enablement,Blocked,2016-07-31,,75.0
ONB00234,10023,30-Day Onboarding Review,Manager,Productive,Complete,2016-08-20,2016-08-20,100.0
ONB00235,10055,Complete HR Documentation,HR,Preboarding,Overdue,2011-04-07,,72.0
ONB00236,10055,Submit Required Identification,HR,Preboarding,In Progress,2011-04-06,,83.0
ONB00237,10055,Complete New Hire Orientation,HR,Orientation,In Progress,2011-04-11,,71.0
ONB00238,10055,Manager Introduction,Manager,Orientation,Complete,2011-04-09,2011-04-08,100.0
ONB00239,10055,Laptop Provisioning,IT,Setup,Complete,2011-04-11,2011-04-07,100.0
ONB00240,10055,Email and Collaboration Access,IT,Setup,Complete,2011-04-09,2011-04-09,100.0
ONB00241,10055,Security Awareness Training,Compliance,Enablement,Complete,2011-04-16,2011-04-16,100.0
ONB00242,10055,Role-Specific Training,Role-specific,Enablement,Blocked,2011-04-24,,34.0
ONB00243,10055,Department Process Training,Role-specific,Enablement,In Progress,2011-04-19,,27.0
ONB00244,10055,First Week Check-in,Manager,Enablement,Complete,2011-04-14,2011-04-09,100.0
ONB00245,10055,30-Day Onboarding Review,Manager,Productive,Complete,2011-05-04,2011-04-27,100.0
ONB00246,10245,Complete HR Documentation,HR,Preboarding,Complete,2014-07-10,2014-07-10,100.0
ONB00247,10245,Submit Required Identification,HR,Preboarding,Complete,2014-07-09,2014-07-07,100.0
ONB00248,10245,Complete New Hire Orientation,HR,Orientation,Complete,2014-07-14,2014-07-10,100.0
ONB00249,10245,Manager Introduction,Manager,Orientation,Complete,2014-07-12,2014-07-15,100.0
ONB00250,10245,Laptop Provisioning,IT,Setup,Complete,2014-07-14,2014-07-11,100.0
ONB00251,10245,Network Account Setup,IT,Setup,Complete,2014-07-12,2014-07-08,100.0
ONB00252,10245,Email and Collaboration Access,IT,Setup,Not Started,2014-07-12,,0.0
ONB00253,10245,Security Awareness Training,Compliance,Enablement,Complete,2014-07-19,2014-07-17,100.0
ONB00254,10245,Company Policy Training,Compliance,Enablement,Complete,2014-07-17,2014-07-18,100.0
ONB00255,10245,Role-Specific Training,Role-specific,Enablement,Complete,2014-07-27,2014-07-20,100.0
ONB00256,10245,Department Process Training,Role-specific,Enablement,Overdue,2014-07-22,,13.0
ONB00257,10245,Tool Access Verification,IT,Enablement,Complete,2014-07-17,2014-07-14,100.0
ONB00258,10245,First Week Check-in,Manager,Enablement,Complete,2014-07-17,2014-07-17,100.0
ONB00259,10245,30-Day Onboarding Review,Manager,Productive,Complete,2014-08-06,2014-08-02,100.0
ONB00260,10277,Complete HR Documentation,HR,Preboarding,Complete,2013-07-11,2013-07-11,100.0
ONB00261,10277,Submit Required Identification,HR,Preboarding,Complete,2013-07-10,2013-07-11,100.0
ONB00262,10277,Complete New Hire Orientation,HR,Orientation,Complete,2013-07-15,2013-07-15,100.0
ONB00263,10277,Manager Introduction,Manager,Orientation,In Progress,2013-07-13,,42.0
ONB00264,10277,Laptop Provisioning,IT,Setup,Complete,2013-07-15,2013-07-14,100.0
ONB00265,10277,Email and Collaboration Access,IT,Setup,Complete,2013-07-13,2013-07-13,100.0
ONB00266,10277,Security Awareness Training,Compliance,Enablement,Complete,2013-07-20,2013-07-15,100.0
ONB00267,10277,Company Policy Training,Compliance,Enablement,In Progress,2013-07-18,,60.0
ONB00268,10277,Role-Specific Training,Role-specific,Enablement,Overdue,2013-07-28,,80.0
ONB00269,10277,Department Process Training,Role-specific,Enablement,Complete,2013-07-23,2013-07-23,100.0
ONB00270,10277,Tool Access Verification,IT,Enablement,In Progress,2013-07-18,,57.0
ONB00271,10277,First Week Check-in,Manager,Enablement,Complete,2013-07-18,2013-07-17,100.0
ONB00272,10277,30-Day Onboarding Review,Manager,Productive,Complete,2013-08-07,2013-08-08,100.0
ONB00273,10046,Submit Required Identification,HR,Preboarding,Complete,2012-04-04,2012-04-06,100.0
ONB00274,10046,Complete New Hire Orientation,HR,Orientation,Complete,2012-04-09,2012-04-06,100.0
ONB00275,10046,Manager Introduction,Manager,Orientation,Complete,2012-04-07,2012-04-08,100.0
ONB00276,10046,Network Account Setup,IT,Setup,Complete,2012-04-07,2012-04-04,100.0
ONB00277,10046,Email and Collaboration Access,IT,Setup,Complete,2012-04-07,2012-04-08,100.0
ONB00278,10046,Security Awareness Training,Compliance,Enablement,In Progress,2012-04-14,,28.0
ONB00279,10046,Company Policy Training,Compliance,Enablement,Not Started,2012-04-12,,0.0
ONB00280,10046,Department Process Training,Role-specific,Enablement,Complete,2012-04-17,2012-04-09,100.0
ONB00281,10046,Tool Access Verification,IT,Enablement,Not Started,2012-04-12,,0.0
ONB00282,10046,First Week Check-in,Manager,Enablement,Complete,2012-04-12,2012-04-14,100.0
ONB00283,10046,30-Day Onboarding Review,Manager,Productive,Complete,2012-05-02,2012-05-03,100.0
ONB00284,10226,Complete HR Documentation,HR,Preboarding,Complete,2013-08-22,2013-08-21,100.0
ONB00285,10226,Submit Required Identification,HR,Preboarding,Complete,2013-08-21,2013-08-24,100.0
ONB00286,10226,Complete New Hire Orientation,HR,Orientation,Complete,2013-08-26,2013-08-28,100.0
ONB00287,10226,Laptop Provisioning,IT,Setup,In Progress,2013-08-26,,70.0
ONB00288,10226,Network Account Setup,IT,Setup,Complete,2013-08-24,2013-08-26,100.0
ONB00289,10226,Email and Collaboration Access,IT,Setup,Blocked,2013-08-24,,23.0
ONB00290,10226,Security Awareness Training,Compliance,Enablement,Blocked,2013-08-31,,44.0
ONB00291,10226,Company Policy Training,Compliance,Enablement,Complete,2013-08-29,2013-08-27,100.0
ONB00292,10226,Role-Specific Training,Role-specific,Enablement,Complete,2013-09-08,2013-09-02,100.0
ONB00293,10226,Tool Access Verification,IT,Enablement,Complete,2013-08-29,2013-08-22,100.0
ONB00294,10226,First Week Check-in,Manager,Enablement,Overdue,2013-08-29,,36.0
ONB00295,10226,30-Day Onboarding Review,Manager,Productive,Complete,2013-09-18,2013-09-13,100.0
ONB00296,10003,Complete HR Documentation,HR,Preboarding,Complete,2014-07-10,2014-07-08,100.0
ONB00297,10003,Submit Required Identification,HR,Preboarding,Complete,2014-07-09,2014-07-10,100.0
ONB00298,10003,Complete New Hire Orientation,HR,Orientation,Complete,2014-07-14,2014-07-17,100.0
ONB00299,10003,Manager Introduction,Manager,Orientation,Complete,2014-07-12,2014-07-09,100.0
ONB00300,10003,Laptop Provisioning,IT,Setup,Complete,2014-07-14,2014-07-13,100.0
ONB00301,10003,Network Account Setup,IT,Setup,Complete,2014-07-12,2014-07-09,100.0
ONB00302,10003,Email and Collaboration Access,IT,Setup,Complete,2014-07-12,2014-07-13,100.0
ONB00303,10003,Security Awareness Training,Compliance,Enablement,Not Started,2014-07-19,,0.0
ONB00304,10003,Company Policy Training,Compliance,Enablement,Complete,2014-07-17,2014-07-19,100.0
ONB00305,10003,Role-Specific Training,Role-specific,Enablement,In Progress,2014-07-27,,53.0
ONB00306,10003,Department Process Training,Role-specific,Enablement,Blocked,2014-07-22,,39.0
ONB00307,10003,Tool Access Verification,IT,Enablement,Not Started,2014-07-17,,0.0
ONB00308,10003,First Week Check-in,Manager,Enablement,In Progress,2014-07-17,,73.0
ONB00309,10003,30-Day Onboarding Review,Manager,Productive,Blocked,2014-08-06,,5.0
ONB00310,10294,Complete HR Documentation,HR,Preboarding,Complete,2011-04-07,2011-04-04,100.0
ONB00311,10294,Submit Required Identification,HR,Preboarding,Complete,2011-04-06,2011-04-09,100.0
ONB00312,10294,Complete New Hire Orientation,HR,Orientation,Not Started,2011-04-11,,0.0
ONB00313,10294,Manager Introduction,Manager,Orientation,Not Started,2011-04-09,,0.0
ONB00314,10294,Laptop Provisioning,IT,Setup,Complete,2011-04-11,2011-04-11,100.0
ONB00315,10294,Network Account Setup,IT,Setup,In Progress,2011-04-09,,93.0
ONB00316,10294,Email and Collaboration Access,IT,Setup,Complete,2011-04-09,2011-04-10,100.0
ONB00317,10294,Security Awareness Training,Compliance,Enablement,Complete,2011-04-16,2011-04-10,100.0
ONB00318,10294,Company Policy Training,Compliance,Enablement,In Progress,2011-04-14,,18.0
ONB00319,10294,Role-Specific Training,Role-specific,Enablement,Complete,2011-04-24,2011-04-25,100.0
ONB00320,10294,Department Process Training,Role-specific,Enablement,Complete,2011-04-19,2011-04-22,100.0
ONB00321,10294,Tool Access Verification,IT,Enablement,Not Started,2011-04-14,,0.0
ONB00322,10294,First Week Check-in,Manager,Enablement,Complete,2011-04-14,2011-04-09,100.0
ONB00323,10294,30-Day Onboarding Review,Manager,Productive,Complete,2011-05-04,2011-05-05,100.0
ONB00324,10267,Complete HR Documentation,HR,Preboarding,In Progress,2011-01-13,,36.0
ONB00325,10267,Submit Required Identification,HR,Preboarding,In Progress,2011-01-12,,89.0
ONB00326,10267,Complete New Hire Orientation,HR,Orientation,Complete,2011-01-17,2011-01-11,100.0
ONB00327,10267,Manager Introduction,Manager,Orientation,Complete,2011-01-15,2011-01-13,100.0
ONB00328,10267,Laptop Provisioning,IT,Setup,Complete,2011-01-17,2011-01-20,100.0
ONB00329,10267,Network Account Setup,IT,Setup,Complete,2011-01-15,2011-01-16,100.0
ONB00330,10267,Email and Collaboration Access,IT,Setup,In Progress,2011-01-15,,15.0
ONB00331,10267,Security Awareness Training,Compliance,Enablement,In Progress,2011-01-22,,85.0
ONB00332,10267,Company Policy Training,Compliance,Enablement,In Progress,2011-01-20,,45.0
ONB00333,10267,Role-Specific Training,Role-specific,Enablement,Complete,2011-01-30,2011-01-15,100.0
ONB00334,10267,Department Process Training,Role-specific,Enablement,Complete,2011-01-25,2011-01-18,100.0
ONB00335,10267,Tool Access Verification,IT,Enablement,Complete,2011-01-20,2011-01-22,100.0
ONB00336,10267,First Week Check-in,Manager,Enablement,Complete,2011-01-20,2011-01-17,100.0
ONB00337,10267,30-Day Onboarding Review,Manager,Productive,Complete,2011-02-09,2011-02-08,100.0
ONB00338,10199,Complete HR Documentation,HR,Preboarding,Blocked,2014-02-20,,46.0
ONB00339,10199,Submit Required Identification,HR,Preboarding,Complete,2014-02-19,2014-02-21,100.0
ONB00340,10199,Complete New Hire Orientation,HR,Orientation,Blocked,2014-02-24,,39.0
ONB00341,10199,Manager Introduction,Manager,Orientation,Blocked,2014-02-22,,26.0
ONB00342,10199,Laptop Provisioning,IT,Setup,Complete,2014-02-24,2014-02-25,100.0
ONB00343,10199,Network Account Setup,IT,Setup,Complete,2014-02-22,2014-02-22,100.0
ONB00344,10199,Email and Collaboration Access,IT,Setup,Complete,2014-02-22,2014-02-22,100.0
ONB00345,10199,Security Awareness Training,Compliance,Enablement,Complete,2014-03-01,2014-03-03,100.0
ONB00346,10199,Company Policy Training,Compliance,Enablement,Complete,2014-02-27,2014-02-27,100.0
ONB00347,10199,Role-Specific Training,Role-specific,Enablement,Complete,2014-03-09,2014-02-28,100.0
ONB00348,10199,Department Process Training,Role-specific,Enablement,In Progress,2014-03-04,,58.0
ONB00349,10199,Tool Access Verification,IT,Enablement,Complete,2014-02-27,2014-03-02,100.0
ONB00350,10199,First Week Check-in,Manager,Enablement,Complete,2014-02-27,2014-02-26,100.0
ONB00351,10199,30-Day Onboarding Review,Manager,Productive,Complete,2014-03-19,2014-03-10,100.0
ONB00352,10081,Complete HR Documentation,HR,Preboarding,Complete,2015-02-19,2015-02-21,100.0
ONB00353,10081,Submit Required Identification,HR,Preboarding,Complete,2015-02-18,2015-02-19,100.0
ONB00354,10081,Complete New Hire Orientation,HR,Orientation,Overdue,2015-02-23,,19.0
ONB00355,10081,Manager Introduction,Manager,Orientation,Complete,2015-02-21,2015-02-20,100.0
ONB00356,10081,Laptop Provisioning,IT,Setup,Complete,2015-02-23,2015-02-17,100.0
ONB00357,10081,Network Account Setup,IT,Setup,Complete,2015-02-21,2015-02-17,100.0
ONB00358,10081,Email and Collaboration Access,IT,Setup,Complete,2015-02-21,2015-02-19,100.0
ONB00359,10081,Security Awareness Training,Compliance,Enablement,Complete,2015-02-28,2015-02-24,100.0
ONB00360,10081,Company Policy Training,Compliance,Enablement,Complete,2015-02-26,2015-02-23,100.0
ONB00361,10081,Role-Specific Training,Role-specific,Enablement,Overdue,2015-03-08,,38.0
ONB00362,10081,Department Process Training,Role-specific,Enablement,In Progress,2015-03-03,,55.0
ONB00363,10081,Tool Access Verification,IT,Enablement,Complete,2015-02-26,2015-02-24,100.0
ONB00364,10081,First Week Check-in,Manager,Enablement,Blocked,2015-02-26,,29.0
ONB00365,10081,30-Day Onboarding Review,Manager,Productive,Complete,2015-03-18,2015-03-11,100.0
ONB00366,10175,Complete HR Documentation,HR,Preboarding,Complete,2013-10-03,2013-10-06,100.0
ONB00367,10175,Submit Required Identification,HR,Preboarding,Complete,2013-10-02,2013-10-04,100.0
ONB00368,10175,Complete New Hire Orientation,HR,Orientation,Complete,2013-10-07,2013-10-01,100.0
ONB00369,10175,Manager Introduction,Manager,Orientation,Complete,2013-10-05,2013-10-03,100.0
ONB00370,10175,Laptop Provisioning,IT,Setup,Complete,2013-10-07,2013-10-02,100.0
ONB00371,10175,Network Account Setup,IT,Setup,Blocked,2013-10-05,,11.0
ONB00372,10175,Email and Collaboration Access,IT,Setup,Complete,2013-10-05,2013-10-01,100.0
ONB00373,10175,Security Awareness Training,Compliance,Enablement,In Progress,2013-10-12,,60.0
ONB00374,10175,Company Policy Training,Compliance,Enablement,In Progress,2013-10-10,,66.0
ONB00375,10175,Role-Specific Training,Role-specific,Enablement,Complete,2013-10-20,2013-10-13,100.0
ONB00376,10175,Department Process Training,Role-specific,Enablement,Not Started,2013-10-15,,0.0
ONB00377,10175,Tool Access Verification,IT,Enablement,Complete,2013-10-10,2013-10-05,100.0
ONB00378,10175,First Week Check-in,Manager,Enablement,Blocked,2013-10-10,,61.0
ONB00379,10175,30-Day Onboarding Review,Manager,Productive,In Progress,2013-10-30,,53.0
ONB00380,10177,Complete HR Documentation,HR,Preboarding,Complete,2012-04-05,2012-04-03,100.0
ONB00381,10177,Submit Required Identification,HR,Preboarding,Complete,2012-04-04,2012-04-03,100.0
ONB00382,10177,Complete New Hire Orientation,HR,Orientation,Complete,2012-04-09,2012-04-12,100.0
ONB00383,10177,Manager Introduction,Manager,Orientation,Complete,2012-04-07,2012-04-04,100.0
ONB00384,10177,Laptop Provisioning,IT,Setup,Overdue,2012-04-09,,3.0
ONB00385,10177,Network Account Setup,IT,Setup,Complete,2012-04-07,2012-04-05,100.0
ONB00386,10177,Email and Collaboration Access,IT,Setup,Complete,2012-04-07,2012-04-03,100.0
ONB00387,10177,Security Awareness Training,Compliance,Enablement,Complete,2012-04-14,2012-04-17,100.0
ONB00388,10177,Company Policy Training,Compliance,Enablement,Complete,2012-04-12,2012-04-09,100.0
ONB00389,10177,Role-Specific Training,Role-specific,Enablement,Complete,2012-04-22,2012-04-07,100.0
ONB00390,10177,Department Process Training,Role-specific,Enablement,Complete,2012-04-17,2012-04-07,100.0
ONB00391,10177,Tool Access Verification,IT,Enablement,Complete,2012-04-12,2012-04-13,100.0
ONB00392,10177,First Week Check-in,Manager,Enablement,Complete,2012-04-12,2012-04-07,100.0
ONB00393,10177,30-Day Onboarding Review,Manager,Productive,Complete,2012-05-02,2012-05-05,100.0
ONB00394,10238,Complete HR Documentation,HR,Preboarding,Complete,2008-10-30,2008-10-29,100.0
ONB00395,10238,Submit Required Identification,HR,Preboarding,Complete,2008-10-29,2008-10-28,100.0
ONB00396,10238,Complete New Hire Orientation,HR,Orientation,Blocked,2008-11-03,,8.0
ONB00397,10238,Manager Introduction,Manager,Orientation,Complete,2008-11-01,2008-10-28,100.0
ONB00398,10238,Laptop Provisioning,IT,Setup,Complete,2008-11-03,2008-11-02,100.0
ONB00399,10238,Network Account Setup,IT,Setup,Complete,2008-11-01,2008-10-31,100.0
ONB00400,10238,Email and Collaboration Access,IT,Setup,In Progress,2008-11-01,,49.0
ONB00401,10238,Security Awareness Training,Compliance,Enablement,Blocked,2008-11-08,,40.0
ONB00402,10238,Company Policy Training,Compliance,Enablement,Complete,2008-11-06,2008-11-01,100.0
ONB00403,10238,Role-Specific Training,Role-specific,Enablement,Complete,2008-11-16,2008-11-18,100.0
ONB00404,10238,Department Process Training,Role-specific,Enablement,Complete,2008-11-11,2008-11-07,100.0
ONB00405,10238,Tool Access Verification,IT,Enablement,Complete,2008-11-06,2008-11-07,100.0
ONB00406,10238,First Week Check-in,Manager,Enablement,Overdue,2008-11-06,,30.0
ONB00407,10238,30-Day Onboarding Review,Manager,Productive,Complete,2008-11-26,2008-11-22,100.0
ONB00408,10184,Complete HR Documentation,HR,Preboarding,Complete,2014-10-02,2014-10-02,100.0
ONB00409,10184,Submit Required Identification,HR,Preboarding,Complete,2014-10-01,2014-09-30,100.0
ONB00410,10184,Complete New Hire Orientation,HR,Orientation,Overdue,2014-10-06,,12.0
ONB00411,10184,Manager Introduction,Manager,Orientation,Complete,2014-10-04,2014-10-07,100.0
ONB00412,10184,Laptop Provisioning,IT,Setup,Complete,2014-10-06,2014-10-01,100.0
ONB00413,10184,Network Account Setup,IT,Setup,Complete,2014-10-04,2014-10-05,100.0
ONB00414,10184,Email and Collaboration Access,IT,Setup,Complete,2014-10-04,2014-10-04,100.0
ONB00415,10184,Security Awareness Training,Compliance,Enablement,Complete,2014-10-11,2014-10-04,100.0
ONB00416,10184,Company Policy Training,Compliance,Enablement,Blocked,2014-10-09,,44.0
ONB00417,10184,Role-Specific Training,Role-specific,Enablement,Complete,2014-10-19,2014-10-09,100.0
ONB00418,10184,Department Process Training,Role-specific,Enablement,Complete,2014-10-14,2014-10-15,100.0
ONB00419,10184,Tool Access Verification,IT,Enablement,Complete,2014-10-09,2014-10-11,100.0
ONB00420,10184,First Week Check-in,Manager,Enablement,Blocked,2014-10-09,,58.0
ONB00421,10184,30-Day Onboarding Review,Manager,Productive,Complete,2014-10-29,2014-10-22,100.0
ONB00422,10203,Complete HR Documentation,HR,Preboarding,Complete,2013-11-14,2013-11-17,100.0
ONB00423,10203,Submit Required Identification,HR,Preboarding,Not Started,2013-11-13,,0.0
ONB00424,10203,Complete New Hire Orientation,HR,Orientation,Complete,2013-11-18,2013-11-19,100.0
ONB00425,10203,Manager Introduction,Manager,Orientation,Complete,2013-11-16,2013-11-18,100.0
ONB00426,10203,Laptop Provisioning,IT,Setup,In Progress,2013-11-18,,24.0
ONB00427,10203,Network Account Setup,IT,Setup,Complete,2013-11-16,2013-11-16,100.0
ONB00428,10203,Email and Collaboration Access,IT,Setup,Complete,2013-11-16,2013-11-17,100.0
ONB00429,10203,Security Awareness Training,Compliance,Enablement,Complete,2013-11-23,2013-11-18,100.0
ONB00430,10203,Company Policy Training,Compliance,Enablement,Complete,2013-11-21,2013-11-21,100.0
ONB00431,10203,Role-Specific Training,Role-specific,Enablement,Complete,2013-12-01,2013-11-22,100.0
ONB00432,10203,Department Process Training,Role-specific,Enablement,Complete,2013-11-26,2013-11-25,100.0
ONB00433,10203,Tool Access Verification,IT,Enablement,Complete,2013-11-21,2013-11-21,100.0
ONB00434,10203,First Week Check-in,Manager,Enablement,In Progress,2013-11-21,,81.0
ONB00435,10203,30-Day Onboarding Review,Manager,Productive,Blocked,2013-12-11,,24.0
ONB00436,10188,Complete HR Documentation,HR,Preboarding,Complete,2011-08-18,2011-08-20,100.0
ONB00437,10188,Submit Required Identification,HR,Preboarding,Complete,2011-08-17,2011-08-15,100.0
ONB00438,10188,Complete New Hire Orientation,HR,Orientation,Complete,2011-08-22,2011-08-23,100.0
ONB00439,10188,Manager Introduction,Manager,Orientation,Not Started,2011-08-20,,0.0
ONB00440,10188,Laptop Provisioning,IT,Setup,Complete,2011-08-22,2011-08-21,100.0
ONB00441,10188,Network Account Setup,IT,Setup,Complete,2011-08-20,2011-08-20,100.0
ONB00442,10188,Email and Collaboration Access,IT,Setup,Complete,2011-08-20,2011-08-23,100.0
ONB00443,10188,Security Awareness Training,Compliance,Enablement,Complete,2011-08-27,2011-08-25,100.0
ONB00444,10188,Company Policy Training,Compliance,Enablement,Blocked,2011-08-25,,68.0
ONB00445,10188,Role-Specific Training,Role-specific,Enablement,Complete,2011-09-04,2011-08-23,100.0
ONB00446,10188,Department Process Training,Role-specific,Enablement,Complete,2011-08-30,2011-08-28,100.0
ONB00447,10188,Tool Access Verification,IT,Enablement,Complete,2011-08-25,2011-08-22,100.0
ONB00448,10188,First Week Check-in,Manager,Enablement,Complete,2011-08-25,2011-08-25,100.0
ONB00449,10188,30-Day Onboarding Review,Manager,Productive,Complete,2011-09-14,2011-09-17,100.0
ONB00450,10107,Submit Required Identification,HR,Preboarding,Complete,2012-03-07,2012-03-07,100.0
ONB00451,10107,Complete New Hire Orientation,HR,Orientation,Complete,2012-03-12,2012-03-09,100.0
ONB00452,10107,Manager Introduction,Manager,Orientation,Complete,2012-03-10,2012-03-13,100.0
ONB00453,10107,Laptop Provisioning,IT,Setup,Complete,2012-03-12,2012-03-15,100.0
ONB00454,10107,Network Account Setup,IT,Setup,Overdue,2012-03-10,,78.0
ONB00455,10107,Email and Collaboration Access,IT,Setup,Complete,2012-03-10,2012-03-08,100.0
ONB00456,10107,Security Awareness Training,Compliance,Enablement,In Progress,2012-03-17,,53.0
ONB00457,10107,Company Policy Training,Compliance,Enablement,Blocked,2012-03-15,,49.0
ONB00458,10107,Role-Specific Training,Role-specific,Enablement,Complete,2012-03-25,2012-03-17,100.0
ONB00459,10107,Department Process Training,Role-specific,Enablement,In Progress,2012-03-20,,67.0
ONB00460,10107,Tool Access Verification,IT,Enablement,In Progress,2012-03-15,,74.0
ONB00461,10107,First Week Check-in,Manager,Enablement,Complete,2012-03-15,2012-03-13,100.0
ONB00462,10107,30-Day Onboarding Review,Manager,Productive,Blocked,2012-04-04,,7.0
ONB00463,10181,Complete HR Documentation,HR,Preboarding,In Progress,2011-04-07,,55.0
ONB00464,10181,Submit Required Identification,HR,Preboarding,Complete,2011-04-06,2011-04-04,100.0
ONB00465,10181,Complete New Hire Orientation,HR,Orientation,In Progress,2011-04-11,,51.0
ONB00466,10181,Manager Introduction,Manager,Orientation,Not Started,2011-04-09,,0.0
ONB00467,10181,Laptop Provisioning,IT,Setup,Complete,2011-04-11,2011-04-05,100.0
ONB00468,10181,Network Account Setup,IT,Setup,Complete,2011-04-09,2011-04-12,100.0
ONB00469,10181,Email and Collaboration Access,IT,Setup,Complete,2011-04-09,2011-04-12,100.0
ONB00470,10181,Security Awareness Training,Compliance,Enablement,Complete,2011-04-16,2011-04-11,100.0
ONB00471,10181,Company Policy Training,Compliance,Enablement,Complete,2011-04-14,2011-04-13,100.0
ONB00472,10181,Role-Specific Training,Role-specific,Enablement,Complete,2011-04-24,2011-04-09,100.0
ONB00473,10181,Department Process Training,Role-specific,Enablement,Overdue,2011-04-19,,54.0
ONB00474,10181,Tool Access Verification,IT,Enablement,Complete,2011-04-14,2011-04-07,100.0
ONB00475,10181,First Week Check-in,Manager,Enablement,Complete,2011-04-14,2011-04-10,100.0
ONB00476,10181,30-Day Onboarding Review,Manager,Productive,Complete,2011-05-04,2011-05-04,100.0
ONB00477,10150,Complete HR Documentation,HR,Preboarding,In Progress,2011-08-18,,38.0
ONB00478,10150,Submit Required Identification,HR,Preboarding,Blocked,2011-08-17,,58.0
ONB00479,10150,Complete New Hire Orientation,HR,Orientation,Not Started,2011-08-22,,0.0
ONB00480,10150,Manager Introduction,Manager,Orientation,Not Started,2011-08-20,,0.0
ONB00481,10150,Laptop Provisioning,IT,Setup,Overdue,2011-08-22,,82.0
ONB00482,10150,Network Account Setup,IT,Setup,Complete,2011-08-20,2011-08-19,100.0
ONB00483,10150,Email and Collaboration Access,IT,Setup,Complete,2011-08-20,2011-08-17,100.0
ONB00484,10150,Company Policy Training,Compliance,Enablement,Complete,2011-08-25,2011-08-22,100.0
ONB00485,10150,Role-Specific Training,Role-specific,Enablement,Blocked,2011-09-04,,7.0
ONB00486,10150,Department Process Training,Role-specific,Enablement,Complete,2011-08-30,2011-08-25,100.0
ONB00487,10150,Tool Access Verification,IT,Enablement,Complete,2011-08-25,2011-08-23,100.0
ONB00488,10001,Complete HR Documentation,HR,Preboarding,Complete,2016-01-31,2016-01-28,100.0
ONB00489,10001,Submit Required Identification,HR,Preboarding,Complete,2016-01-30,2016-02-02,100.0
ONB00490,10001,Complete New Hire Orientation,HR,Orientation,In Progress,2016-02-04,,74.0
ONB00491,10001,Manager Introduction,Manager,Orientation,Complete,2016-02-02,2016-01-31,100.0
ONB00492,10001,Laptop Provisioning,IT,Setup,Complete,2016-02-04,2016-01-30,100.0
ONB00493,10001,Network Account Setup,IT,Setup,In Progress,2016-02-02,,76.0
ONB00494,10001,Email and Collaboration Access,IT,Setup,Complete,2016-02-02,2016-02-02,100.0
ONB00495,10001,Security Awareness Training,Compliance,Enablement,Complete,2016-02-09,2016-02-12,100.0
ONB00496,10001,Company Policy Training,Compliance,Enablement,Blocked,2016-02-07,,55.0
ONB00497,10001,Role-Specific Training,Role-specific,Enablement,Complete,2016-02-17,2016-02-03,100.0
ONB00498,10001,Department Process Training,Role-specific,Enablement,Blocked,2016-02-12,,46.0
ONB00499,10001,Tool Access Verification,IT,Enablement,Complete,2016-02-07,2016-02-01,100.0
ONB00500,10001,First Week Check-in,Manager,Enablement,Complete,2016-02-07,2016-02-03,100.0
ONB00501,10001,30-Day Onboarding Review,Manager,Productive,Complete,2016-02-27,2016-02-20,100.0
ONB00502,10085,Complete HR Documentation,HR,Preboarding,Blocked,2013-11-14,,56.0
ONB00503,10085,Submit Required Identification,HR,Preboarding,Complete,2013-11-13,2013-11-13,100.0
ONB00504,10085,Complete New Hire Orientation,HR,Orientation,Complete,2013-11-18,2013-11-15,100.0
ONB00505,10085,Manager Introduction,Manager,Orientation,Complete,2013-11-16,2013-11-13,100.0
ONB00506,10085,Laptop Provisioning,IT,Setup,Overdue,2013-11-18,,6.0
ONB00507,10085,Network Account Setup,IT,Setup,In Progress,2013-11-16,,86.0
ONB00508,10085,Email and Collaboration Access,IT,Setup,Complete,2013-11-16,2013-11-14,100.0
ONB00509,10085,Security Awareness Training,Compliance,Enablement,Complete,2013-11-23,2013-11-20,100.0
ONB00510,10085,Company Policy Training,Compliance,Enablement,Complete,2013-11-21,2013-11-22,100.0
ONB00511,10085,Role-Specific Training,Role-specific,Enablement,Complete,2013-12-01,2013-11-24,100.0
ONB00512,10085,Department Process Training,Role-specific,Enablement,Complete,2013-11-26,2013-11-18,100.0
ONB00513,10085,Tool Access Verification,IT,Enablement,Complete,2013-11-21,2013-11-24,100.0
ONB00514,10085,First Week Check-in,Manager,Enablement,Overdue,2013-11-21,,13.0
ONB00515,10085,30-Day Onboarding Review,Manager,Productive,Complete,2013-12-11,2013-12-03,100.0
ONB00516,10115,Complete HR Documentation,HR,Preboarding,Complete,2014-04-03,2014-04-06,100.0
ONB00517,10115,Submit Required Identification,HR,Preboarding,Complete,2014-04-02,2014-03-31,100.0
ONB00518,10115,Complete New Hire Orientation,HR,Orientation,Overdue,2014-04-07,,0.0
ONB00519,10115,Manager Introduction,Manager,Orientation,Complete,2014-04-05,2014-04-03,100.0
ONB00520,10115,Laptop Provisioning,IT,Setup,Complete,2014-04-07,2014-04-10,100.0
ONB00521,10115,Network Account Setup,IT,Setup,Complete,2014-04-05,2014-04-04,100.0
ONB00522,10115,Email and Collaboration Access,IT,Setup,Complete,2014-04-05,2014-04-07,100.0
ONB00523,10115,Security Awareness Training,Compliance,Enablement,In Progress,2014-04-12,,95.0
ONB00524,10115,Company Policy Training,Compliance,Enablement,In Progress,2014-04-10,,45.0
ONB00525,10115,Role-Specific Training,Role-specific,Enablement,Complete,2014-04-20,2014-04-13,100.0
ONB00526,10115,Department Process Training,Role-specific,Enablement,Overdue,2014-04-15,,62.0
ONB00527,10115,Tool Access Verification,IT,Enablement,Complete,2014-04-10,2014-04-06,100.0
ONB00528,10115,First Week Check-in,Manager,Enablement,Complete,2014-04-10,2014-04-05,100.0
ONB00529,10115,30-Day Onboarding Review,Manager,Productive,Complete,2014-04-30,2014-05-01,100.0
ONB00530,10082,Complete HR Documentation,HR,Preboarding,In Progress,2016-07-03,,82.0
ONB00531,10082,Submit Required Identification,HR,Preboarding,Overdue,2016-07-02,,19.0
ONB00532,10082,Complete New Hire Orientation,HR,Orientation,Complete,2016-07-07,2016-07-03,100.0
ONB00533,10082,Manager Introduction,Manager,Orientation,Complete,2016-07-05,2016-07-06,100.0
ONB00534,10082,Laptop Provisioning,IT,Setup,Not Started,2016-07-07,,0.0
ONB00535,10082,Network Account Setup,IT,Setup,Complete,2016-07-05,2016-07-08,100.0
ONB00536,10082,Email and Collaboration Access,IT,Setup,Complete,2016-07-05,2016-07-01,100.0
ONB00537,10082,Security Awareness Training,Compliance,Enablement,Complete,2016-07-12,2016-07-08,100.0
ONB00538,10082,Company Policy Training,Compliance,Enablement,Complete,2016-07-10,2016-07-03,100.0
ONB00539,10082,Role-Specific Training,Role-specific,Enablement,Complete,2016-07-20,2016-07-07,100.0
ONB00540,10082,Department Process Training,Role-specific,Enablement,Complete,2016-07-15,2016-07-17,100.0
ONB00541,10082,Tool Access Verification,IT,Enablement,In Progress,2016-07-10,,73.0
ONB00542,10082,First Week Check-in,Manager,Enablement,Complete,2016-07-10,2016-07-09,100.0
ONB00543,10082,30-Day Onboarding Review,Manager,Productive,Complete,2016-07-30,2016-07-21,100.0
ONB00544,10040,Complete HR Documentation,HR,Preboarding,Complete,2014-08-21,2014-08-21,100.0
ONB00545,10040,Submit Required Identification,HR,Preboarding,Complete,2014-08-20,2014-08-18,100.0
ONB00546,10040,Complete New Hire Orientation,HR,Orientation,Blocked,2014-08-25,,51.0
ONB00547,10040,Manager Introduction,Manager,Orientation,Complete,2014-08-23,2014-08-26,100.0
ONB00548,10040,Laptop Provisioning,IT,Setup,Blocked,2014-08-25,,34.0
ONB00549,10040,Network Account Setup,IT,Setup,In Progress,2014-08-23,,37.0
ONB00550,10040,Email and Collaboration Access,IT,Setup,Complete,2014-08-23,2014-08-26,100.0
ONB00551,10040,Security Awareness Training,Compliance,Enablement,Complete,2014-08-30,2014-08-23,100.0
ONB00552,10040,Company Policy Training,Compliance,Enablement,Overdue,2014-08-28,,27.0
ONB00553,10040,Role-Specific Training,Role-specific,Enablement,Complete,2014-09-07,2014-09-05,100.0
ONB00554,10040,Department Process Training,Role-specific,Enablement,Complete,2014-09-02,2014-09-02,100.0
ONB00555,10040,Tool Access Verification,IT,Enablement,Complete,2014-08-28,2014-08-22,100.0
ONB00556,10040,First Week Check-in,Manager,Enablement,Complete,2014-08-28,2014-08-29,100.0
ONB00557,10040,30-Day Onboarding Review,Manager,Productive,Blocked,2014-09-17,,25.0
ONB00558,10067,Complete HR Documentation,HR,Preboarding,Complete,2014-10-02,2014-10-01,100.0
ONB00559,10067,Submit Required Identification,HR,Preboarding,Complete,2014-10-01,2014-10-01,100.0
ONB00560,10067,Complete New Hire Orientation,HR,Orientation,Complete,2014-10-06,2014-10-04,100.0
ONB00561,10067,Manager Introduction,Manager,Orientation,Complete,2014-10-04,2014-10-02,100.0
ONB00562,10067,Laptop Provisioning,IT,Setup,Complete,2014-10-06,2014-10-06,100.0
ONB00563,10067,Network Account Setup,IT,Setup,Complete,2014-10-04,2014-10-02,100.0
ONB00564,10067,Email and Collaboration Access,IT,Setup,Complete,2014-10-04,2014-09-30,100.0
ONB00565,10067,Security Awareness Training,Compliance,Enablement,Complete,2014-10-11,2014-10-04,100.0
ONB00566,10067,Company Policy Training,Compliance,Enablement,Blocked,2014-10-09,,59.0
ONB00567,10067,Role-Specific Training,Role-specific,Enablement,Complete,2014-10-19,2014-10-21,100.0
ONB00568,10067,Department Process Training,Role-specific,Enablement,Complete,2014-10-14,2014-10-13,100.0
ONB00569,10067,Tool Access Verification,IT,Enablement,Complete,2014-10-09,2014-10-10,100.0
ONB00570,10067,First Week Check-in,Manager,Enablement,Complete,2014-10-09,2014-10-05,100.0
ONB00571,10067,30-Day Onboarding Review,Manager,Productive,Complete,2014-10-29,2014-10-31,100.0
ONB00572,10108,Complete HR Documentation,HR,Preboarding,Complete,2016-09-09,2016-09-12,100.0
ONB00573,10108,Submit Required Identification,HR,Preboarding,Complete,2016-09-08,2016-09-10,100.0
ONB00574,10108,Complete New Hire Orientation,HR,Orientation,Complete,2016-09-13,2016-09-16,100.0
ONB00575,10108,Manager Introduction,Manager,Orientation,Complete,2016-09-11,2016-09-09,100.0
ONB00576,10108,Laptop Provisioning,IT,Setup,Complete,2016-09-13,2016-09-13,100.0
ONB00577,10108,Network Account Setup,IT,Setup,Not Started,2016-09-11,,0.0
ONB00578,10108,Email and Collaboration Access,IT,Setup,Complete,2016-09-11,2016-09-10,100.0
ONB00579,10108,Security Awareness Training,Compliance,Enablement,Complete,2016-09-18,2016-09-17,100.0
ONB00580,10108,Company Policy Training,Compliance,Enablement,Complete,2016-09-16,2016-09-16,100.0
ONB00581,10108,Role-Specific Training,Role-specific,Enablement,Complete,2016-09-26,2016-09-27,100.0
ONB00582,10108,Department Process Training,Role-specific,Enablement,Complete,2016-09-21,2016-09-13,100.0
ONB00583,10108,Tool Access Verification,IT,Enablement,Blocked,2016-09-16,,71.0
ONB00584,10108,First Week Check-in,Manager,Enablement,Complete,2016-09-16,2016-09-18,100.0
ONB00585,10108,30-Day Onboarding Review,Manager,Productive,Complete,2016-10-06,2016-10-03,100.0
ONB00586,10210,Complete HR Documentation,HR,Preboarding,Complete,2014-05-15,2014-05-17,100.0
ONB00587,10210,Submit Required Identification,HR,Preboarding,Overdue,2014-05-14,,22.0
ONB00588,10210,Complete New Hire Orientation,HR,Orientation,Overdue,2014-05-19,,28.0
ONB00589,10210,Manager Introduction,Manager,Orientation,Not Started,2014-05-17,,0.0
ONB00590,10210,Laptop Provisioning,IT,Setup,In Progress,2014-05-19,,83.0
ONB00591,10210,Network Account Setup,IT,Setup,In Progress,2014-05-17,,33.0
ONB00592,10210,Email and Collaboration Access,IT,Setup,Complete,2014-05-17,2014-05-19,100.0
ONB00593,10210,Security Awareness Training,Compliance,Enablement,Complete,2014-05-24,2014-05-24,100.0
ONB00594,10210,Company Policy Training,Compliance,Enablement,Complete,2014-05-22,2014-05-16,100.0
ONB00595,10210,Role-Specific Training,Role-specific,Enablement,Complete,2014-06-01,2014-05-22,100.0
ONB00596,10210,Department Process Training,Role-specific,Enablement,Complete,2014-05-27,2014-05-20,100.0
ONB00597,10210,Tool Access Verification,IT,Enablement,Complete,2014-05-22,2014-05-18,100.0
ONB00598,10210,First Week Check-in,Manager,Enablement,In Progress,2014-05-22,,32.0
ONB00599,10210,30-Day Onboarding Review,Manager,Productive,Blocked,2014-06-11,,43.0
ONB00600,10154,Submit Required Identification,HR,Preboarding,In Progress,2013-07-10,,24.0
ONB00601,10154,Complete New Hire Orientation,HR,Orientation,Complete,2013-07-15,2013-07-10,100.0
ONB00602,10154,Manager Introduction,Manager,Orientation,Complete,2013-07-13,2013-07-12,100.0
ONB00603,10154,Laptop Provisioning,IT,Setup,Complete,2013-07-15,2013-07-11,100.0
ONB00604,10154,Email and Collaboration Access,IT,Setup,Complete,2013-07-13,2013-07-14,100.0
ONB00605,10154,Security Awareness Training,Compliance,Enablement,Not Started,2013-07-20,,0.0
ONB00606,10154,Role-Specific Training,Role-specific,Enablement,Not Started,2013-07-28,,0.0
ONB00607,10154,Department Process Training,Role-specific,Enablement,Complete,2013-07-23,2013-07-14,100.0
ONB00608,10154,First Week Check-in,Manager,Enablement,In Progress,2013-07-18,,22.0
ONB00609,10154,30-Day Onboarding Review,Manager,Productive,Not Started,2013-08-07,,0.0
ONB00610,10200,Complete HR Documentation,HR,Preboarding,Complete,2012-05-17,2012-05-15,100.0
ONB00611,10200,Submit Required Identification,HR,Preboarding,Complete,2012-05-16,2012-05-16,100.0
ONB00612,10200,Complete New Hire Orientation,HR,Orientation,Complete,2012-05-21,2012-05-22,100.0
ONB00613,10200,Manager Introduction,Manager,Orientation,In Progress,2012-05-19,,43.0
ONB00614,10200,Laptop Provisioning,IT,Setup,In Progress,2012-05-21,,88.0
ONB00615,10200,Network Account Setup,IT,Setup,Complete,2012-05-19,2012-05-21,100.0
ONB00616,10200,Email and Collaboration Access,IT,Setup,Complete,2012-05-19,2012-05-16,100.0
ONB00617,10200,Security Awareness Training,Compliance,Enablement,In Progress,2012-05-26,,75.0
ONB00618,10200,Company Policy Training,Compliance,Enablement,Complete,2012-05-24,2012-05-18,100.0
ONB00619,10200,Role-Specific Training,Role-specific,Enablement,Complete,2012-06-03,2012-06-04,100.0
ONB00620,10200,Department Process Training,Role-specific,Enablement,Blocked,2012-05-29,,69.0
ONB00621,10200,Tool Access Verification,IT,Enablement,Complete,2012-05-24,2012-05-18,100.0
ONB00622,10200,First Week Check-in,Manager,Enablement,Complete,2012-05-24,2012-05-21,100.0
ONB00623,10200,30-Day Onboarding Review,Manager,Productive,Complete,2012-06-13,2012-06-03,100.0
ONB00624,10240,Complete HR Documentation,HR,Preboarding,Complete,2011-06-30,2011-07-01,100.0
ONB00625,10240,Complete New Hire Orientation,HR,Orientation,Complete,2011-07-04,2011-07-05,100.0
ONB00626,10240,Manager Introduction,Manager,Orientation,Complete,2011-07-02,2011-06-30,100.0
ONB00627,10240,Laptop Provisioning,IT,Setup,Complete,2011-07-04,2011-06-29,100.0
ONB00628,10240,Network Account Setup,IT,Setup,In Progress,2011-07-02,,19.0
ONB00629,10240,Email and Collaboration Access,IT,Setup,Not Started,2011-07-02,,0.0
ONB00630,10240,Security Awareness Training,Compliance,Enablement,Complete,2011-07-09,2011-07-05,100.0
ONB00631,10240,Company Policy Training,Compliance,Enablement,Complete,2011-07-07,2011-07-01,100.0
ONB00632,10240,Tool Access Verification,IT,Enablement,Complete,2011-07-07,2011-07-04,100.0
ONB00633,10240,First Week Check-in,Manager,Enablement,Blocked,2011-07-07,,72.0
ONB00634,10240,30-Day Onboarding Review,Manager,Productive,Blocked,2011-07-27,,74.0
ONB00635,10168,Complete HR Documentation,HR,Preboarding,Complete,2011-10-06,2011-10-07,100.0
ONB00636,10168,Submit Required Identification,HR,Preboarding,Complete,2011-10-05,2011-10-07,100.0
ONB00637,10168,Complete New Hire Orientation,HR,Orientation,Complete,2011-10-10,2011-10-04,100.0
ONB00638,10168,Manager Introduction,Manager,Orientation,Blocked,2011-10-08,,16.0
ONB00639,10168,Network Account Setup,IT,Setup,Complete,2011-10-08,2011-10-10,100.0
ONB00640,10168,Role-Specific Training,Role-specific,Enablement,Blocked,2011-10-23,,13.0
ONB00641,10168,Department Process Training,Role-specific,Enablement,Complete,2011-10-18,2011-10-19,100.0
ONB00642,10168,Tool Access Verification,IT,Enablement,Overdue,2011-10-13,,43.0
ONB00643,10168,First Week Check-in,Manager,Enablement,Complete,2011-10-13,2011-10-11,100.0
ONB00644,10168,30-Day Onboarding Review,Manager,Productive,Complete,2011-11-02,2011-10-26,100.0
ONB00645,10220,Complete HR Documentation,HR,Preboarding,Complete,2012-09-08,2012-09-06,100.0
ONB00646,10220,Submit Required Identification,HR,Preboarding,In Progress,2012-09-07,,84.0
ONB00647,10220,Manager Introduction,Manager,Orientation,In Progress,2012-09-10,,71.0
ONB00648,10220,Laptop Provisioning,IT,Setup,Not Started,2012-09-12,,0.0
ONB00649,10220,Network Account Setup,IT,Setup,Complete,2012-09-10,2012-09-10,100.0
ONB00650,10220,Email and Collaboration Access,IT,Setup,Complete,2012-09-10,2012-09-06,100.0
ONB00651,10220,Company Policy Training,Compliance,Enablement,Overdue,2012-09-15,,29.0
ONB00652,10220,Role-Specific Training,Role-specific,Enablement,Complete,2012-09-25,2012-09-27,100.0
ONB00653,10220,Tool Access Verification,IT,Enablement,Complete,2012-09-15,2012-09-16,100.0
ONB00654,10220,First Week Check-in,Manager,Enablement,Not Started,2012-09-15,,0.0
ONB00655,10220,30-Day Onboarding Review,Manager,Productive,Complete,2012-10-05,2012-10-02,100.0
ONB00656,10275,Complete HR Documentation,HR,Preboarding,Complete,2011-05-19,2011-05-19,100.0
ONB00657,10275,Submit Required Identification,HR,Preboarding,Complete,2011-05-18,2011-05-20,100.0
ONB00658,10275,Complete New Hire Orientation,HR,Orientation,Complete,2011-05-23,2011-05-22,100.0
ONB00659,10275,Manager Introduction,Manager,Orientation,Complete,2011-05-21,2011-05-18,100.0
ONB00660,10275,Laptop Provisioning,IT,Setup,Complete,2011-05-23,2011-05-18,100.0
ONB00661,10275,Network Account Setup,IT,Setup,Blocked,2011-05-21,,2.0
ONB00662,10275,Email and Collaboration Access,IT,Setup,Complete,2011-05-21,2011-05-21,100.0
ONB00663,10275,Security Awareness Training,Compliance,Enablement,Complete,2011-05-28,2011-05-24,100.0
ONB00664,10275,Company Policy Training,Compliance,Enablement,Complete,2011-05-26,2011-05-23,100.0
ONB00665,10275,Role-Specific Training,Role-specific,Enablement,Overdue,2011-06-05,,72.0
ONB00666,10275,Department Process Training,Role-specific,Enablement,Complete,2011-05-31,2011-06-03,100.0
ONB00667,10275,Tool Access Verification,IT,Enablement,Complete,2011-05-26,2011-05-21,100.0
ONB00668,10275,First Week Check-in,Manager,Enablement,Complete,2011-05-26,2011-05-25,100.0
ONB00669,10275,30-Day Onboarding Review,Manager,Productive,Complete,2011-06-15,2011-06-09,100.0
ONB00670,10269,Complete HR Documentation,HR,Preboarding,Complete,2010-09-02,2010-09-03,100.0
ONB00671,10269,Submit Required Identification,HR,Preboarding,Complete,2010-09-01,2010-08-30,100.0
ONB00672,10269,Complete New Hire Orientation,HR,Orientation,Complete,2010-09-06,2010-09-03,100.0
ONB00673,10269,Manager Introduction,Manager,Orientation,Complete,2010-09-04,2010-09-04,100.0
ONB00674,10269,Laptop Provisioning,IT,Setup,Complete,2010-09-06,2010-09-07,100.0
ONB00675,10269,Network Account Setup,IT,Setup,Complete,2010-09-04,2010-09-06,100.0
ONB00676,10269,Email and Collaboration Access,IT,Setup,In Progress,2010-09-04,,60.0
ONB00677,10269,Security Awareness Training,Compliance,Enablement,Complete,2010-09-11,2010-09-08,100.0
ONB00678,10269,Company Policy Training,Compliance,Enablement,Overdue,2010-09-09,,75.0
ONB00679,10269,Role-Specific Training,Role-specific,Enablement,Complete,2010-09-19,2010-09-05,100.0
ONB00680,10269,Department Process Training,Role-specific,Enablement,Complete,2010-09-14,2010-09-13,100.0
ONB00681,10269,Tool Access Verification,IT,Enablement,Overdue,2010-09-09,,77.0
ONB00682,10269,First Week Check-in,Manager,Enablement,Overdue,2010-09-09,,35.0
ONB00683,10269,30-Day Onboarding Review,Manager,Productive,Complete,2010-09-29,2010-10-02,100.0
ONB00684,10029,Submit Required Identification,HR,Preboarding,Complete,2016-07-08,2016-07-11,100.0
ONB00685,10029,Complete New Hire Orientation,HR,Orientation,Complete,2016-07-13,2016-07-16,100.0
ONB00686,10029,Manager Introduction,Manager,Orientation,Complete,2016-07-11,2016-07-14,100.0
ONB00687,10029,Laptop Provisioning,IT,Setup,Complete,2016-07-13,2016-07-10,100.0
ONB00688,10029,Email and Collaboration Access,IT,Setup,Complete,2016-07-11,2016-07-13,100.0
ONB00689,10029,Security Awareness Training,Compliance,Enablement,Complete,2016-07-18,2016-07-17,100.0
ONB00690,10029,Company Policy Training,Compliance,Enablement,Complete,2016-07-16,2016-07-19,100.0
ONB00691,10029,Role-Specific Training,Role-specific,Enablement,Complete,2016-07-26,2016-07-28,100.0
ONB00692,10029,Department Process Training,Role-specific,Enablement,Complete,2016-07-21,2016-07-16,100.0
ONB00693,10029,Tool Access Verification,IT,Enablement,Complete,2016-07-16,2016-07-18,100.0
ONB00694,10029,First Week Check-in,Manager,Enablement,In Progress,2016-07-16,,79.0
ONB00695,10261,Complete HR Documentation,HR,Preboarding,Complete,2013-07-11,2013-07-13,100.0
ONB00696,10261,Submit Required Identification,HR,Preboarding,Complete,2013-07-10,2013-07-13,100.0
ONB00697,10261,Complete New Hire Orientation,HR,Orientation,Complete,2013-07-15,2013-07-14,100.0
ONB00698,10261,Manager Introduction,Manager,Orientation,Complete,2013-07-13,2013-07-12,100.0
ONB00699,10261,Laptop Provisioning,IT,Setup,Complete,2013-07-15,2013-07-15,100.0
ONB00700,10261,Network Account Setup,IT,Setup,Complete,2013-07-13,2013-07-14,100.0
ONB00701,10261,Email and Collaboration Access,IT,Setup,Complete,2013-07-13,2013-07-10,100.0
ONB00702,10261,Security Awareness Training,Compliance,Enablement,Complete,2013-07-20,2013-07-11,100.0
ONB00703,10261,Company Policy Training,Compliance,Enablement,Complete,2013-07-18,2013-07-21,100.0
ONB00704,10261,Role-Specific Training,Role-specific,Enablement,Complete,2013-07-28,2013-07-17,100.0
ONB00705,10261,Department Process Training,Role-specific,Enablement,Complete,2013-07-23,2013-07-19,100.0
ONB00706,10261,Tool Access Verification,IT,Enablement,Complete,2013-07-18,2013-07-14,100.0
ONB00707,10261,First Week Check-in,Manager,Enablement,Overdue,2013-07-18,,18.0
ONB00708,10261,30-Day Onboarding Review,Manager,Productive,In Progress,2013-08-07,,47.0
ONB00709,10292,Complete HR Documentation,HR,Preboarding,Complete,2011-07-14,2011-07-15,100.0
ONB00710,10292,Submit Required Identification,HR,Preboarding,Blocked,2011-07-13,,49.0
ONB00711,10292,Complete New Hire Orientation,HR,Orientation,Complete,2011-07-18,2011-07-15,100.0
ONB00712,10292,Manager Introduction,Manager,Orientation,Complete,2011-07-16,2011-07-15,100.0
ONB00713,10292,Laptop Provisioning,IT,Setup,Complete,2011-07-18,2011-07-14,100.0
ONB00714,10292,Network Account Setup,IT,Setup,Not Started,2011-07-16,,0.0
ONB00715,10292,Email and Collaboration Access,IT,Setup,Overdue,2011-07-16,,48.0
ONB00716,10292,Security Awareness Training,Compliance,Enablement,Complete,2011-07-23,2011-07-16,100.0
ONB00717,10292,Company Policy Training,Compliance,Enablement,Complete,2011-07-21,2011-07-21,100.0
ONB00718,10292,Role-Specific Training,Role-specific,Enablement,Blocked,2011-07-31,,29.0
ONB00719,10292,Department Process Training,Role-specific,Enablement,Overdue,2011-07-26,,4.0
ONB00720,10292,Tool Access Verification,IT,Enablement,In Progress,2011-07-21,,88.0
ONB00721,10292,First Week Check-in,Manager,Enablement,Complete,2011-07-21,2011-07-17,100.0
ONB00722,10292,30-Day Onboarding Review,Manager,Productive,In Progress,2011-08-10,,90.0
ONB00723,10282,Complete HR Documentation,HR,Preboarding,Overdue,2010-07-23,,14.0
ONB00724,10282,Submit Required Identification,HR,Preboarding,Complete,2010-07-22,2010-07-24,100.0
ONB00725,10282,Complete New Hire Orientation,HR,Orientation,Complete,2010-07-27,2010-07-24,100.0
ONB00726,10282,Manager Introduction,Manager,Orientation,Complete,2010-07-25,2010-07-22,100.0
ONB00727,10282,Laptop Provisioning,IT,Setup,Complete,2010-07-27,2010-07-30,100.0
ONB00728,10282,Network Account Setup,IT,Setup,Complete,2010-07-25,2010-07-25,100.0
ONB00729,10282,Email and Collaboration Access,IT,Setup,Not Started,2010-07-25,,0.0
ONB00730,10282,Security Awareness Training,Compliance,Enablement,Complete,2010-08-01,2010-07-26,100.0
ONB00731,10282,Company Policy Training,Compliance,Enablement,Blocked,2010-07-30,,9.0
ONB00732,10282,Role-Specific Training,Role-specific,Enablement,In Progress,2010-08-09,,72.0
ONB00733,10282,Department Process Training,Role-specific,Enablement,Not Started,2010-08-04,,0.0
ONB00734,10282,Tool Access Verification,IT,Enablement,Blocked,2010-07-30,,27.0
ONB00735,10282,First Week Check-in,Manager,Enablement,Complete,2010-07-30,2010-08-02,100.0
ONB00736,10282,30-Day Onboarding Review,Manager,Productive,In Progress,2010-08-19,,39.0
ONB00737,10019,Complete HR Documentation,HR,Preboarding,Blocked,2009-01-08,,41.0
ONB00738,10019,Submit Required Identification,HR,Preboarding,Not Started,2009-01-07,,0.0
ONB00739,10019,Complete New Hire Orientation,HR,Orientation,Complete,2009-01-12,2009-01-13,100.0
ONB00740,10019,Manager Introduction,Manager,Orientation,Complete,2009-01-10,2009-01-09,100.0
ONB00741,10019,Laptop Provisioning,IT,Setup,Complete,2009-01-12,2009-01-08,100.0
ONB00742,10019,Network Account Setup,IT,Setup,Complete,2009-01-10,2009-01-08,100.0
ONB00743,10019,Email and Collaboration Access,IT,Setup,Complete,2009-01-10,2009-01-11,100.0
ONB00744,10019,Security Awareness Training,Compliance,Enablement,In Progress,2009-01-17,,21.0
ONB00745,10019,Company Policy Training,Compliance,Enablement,Complete,2009-01-15,2009-01-09,100.0
ONB00746,10019,Role-Specific Training,Role-specific,Enablement,Complete,2009-01-25,2009-01-27,100.0
ONB00747,10019,Department Process Training,Role-specific,Enablement,Complete,2009-01-20,2009-01-14,100.0
ONB00748,10019,Tool Access Verification,IT,Enablement,Complete,2009-01-15,2009-01-09,100.0
ONB00749,10019,First Week Check-in,Manager,Enablement,Not Started,2009-01-15,,0.0
ONB00750,10019,30-Day Onboarding Review,Manager,Productive,Complete,2009-02-04,2009-01-30,100.0
ONB00751,10094,Complete HR Documentation,HR,Preboarding,Not Started,2015-01-08,,0.0
ONB00752,10094,Submit Required Identification,HR,Preboarding,Complete,2015-01-07,2015-01-08,100.0
ONB00753,10094,Complete New Hire Orientation,HR,Orientation,Complete,2015-01-12,2015-01-09,100.0
ONB00754,10094,Manager Introduction,Manager,Orientation,Complete,2015-01-10,2015-01-07,100.0
ONB00755,10094,Laptop Provisioning,IT,Setup,Complete,2015-01-12,2015-01-07,100.0
ONB00756,10094,Network Account Setup,IT,Setup,Overdue,2015-01-10,,51.0
ONB00757,10094,Email and Collaboration Access,IT,Setup,Complete,2015-01-10,2015-01-11,100.0
ONB00758,10094,Security Awareness Training,Compliance,Enablement,Complete,2015-01-17,2015-01-16,100.0
ONB00759,10094,Company Policy Training,Compliance,Enablement,In Progress,2015-01-15,,84.0
ONB00760,10094,Role-Specific Training,Role-specific,Enablement,Blocked,2015-01-25,,46.0
ONB00761,10094,Department Process Training,Role-specific,Enablement,Overdue,2015-01-20,,11.0
ONB00762,10094,Tool Access Verification,IT,Enablement,Complete,2015-01-15,2015-01-11,100.0
ONB00763,10094,First Week Check-in,Manager,Enablement,Complete,2015-01-15,2015-01-13,100.0
ONB00764,10094,30-Day Onboarding Review,Manager,Productive,Overdue,2015-02-04,,39.0
ONB00765,10193,Complete HR Documentation,HR,Preboarding,In Progress,2015-04-02,,25.0
ONB00766,10193,Submit Required Identification,HR,Preboarding,Complete,2015-04-01,2015-04-02,100.0
ONB00767,10193,Complete New Hire Orientation,HR,Orientation,Complete,2015-04-06,2015-04-01,100.0
ONB00768,10193,Manager Introduction,Manager,Orientation,Complete,2015-04-04,2015-04-05,100.0
ONB00769,10193,Laptop Provisioning,IT,Setup,Complete,2015-04-06,2015-04-08,100.0
ONB00770,10193,Network Account Setup,IT,Setup,In Progress,2015-04-04,,33.0
ONB00771,10193,Email and Collaboration Access,IT,Setup,Complete,2015-04-04,2015-04-05,100.0
ONB00772,10193,Security Awareness Training,Compliance,Enablement,Complete,2015-04-11,2015-04-14,100.0
ONB00773,10193,Company Policy Training,Compliance,Enablement,Complete,2015-04-09,2015-04-08,100.0
ONB00774,10193,Role-Specific Training,Role-specific,Enablement,Complete,2015-04-19,2015-04-13,100.0
ONB00775,10193,Department Process Training,Role-specific,Enablement,Complete,2015-04-14,2015-04-17,100.0
ONB00776,10193,Tool Access Verification,IT,Enablement,Not Started,2015-04-09,,0.0
ONB00777,10193,First Week Check-in,Manager,Enablement,Complete,2015-04-09,2015-04-07,100.0
ONB00778,10193,30-Day Onboarding Review,Manager,Productive,Complete,2015-04-29,2015-05-01,100.0
ONB00779,10132,Complete HR Documentation,HR,Preboarding,Complete,2016-07-09,2016-07-08,100.0
ONB00780,10132,Submit Required Identification,HR,Preboarding,In Progress,2016-07-08,,44.0
ONB00781,10132,Complete New Hire Orientation,HR,Orientation,In Progress,2016-07-13,,55.0
ONB00782,10132,Manager Introduction,Manager,Orientation,Complete,2016-07-11,2016-07-11,100.0
ONB00783,10132,Laptop Provisioning,IT,Setup,In Progress,2016-07-13,,32.0
ONB00784,10132,Network Account Setup,IT,Setup,Complete,2016-07-11,2016-07-10,100.0
ONB00785,10132,Email and Collaboration Access,IT,Setup,Complete,2016-07-11,2016-07-08,100.0
ONB00786,10132,Security Awareness Training,Compliance,Enablement,In Progress,2016-07-18,,33.0
ONB00787,10132,Company Policy Training,Compliance,Enablement,Complete,2016-07-16,2016-07-18,100.0
ONB00788,10132,Role-Specific Training,Role-specific,Enablement,Complete,2016-07-26,2016-07-12,100.0
ONB00789,10132,Tool Access Verification,IT,Enablement,Complete,2016-07-16,2016-07-19,100.0
ONB00790,10132,First Week Check-in,Manager,Enablement,Complete,2016-07-16,2016-07-14,100.0
ONB00791,10083,Complete HR Documentation,HR,Preboarding,Blocked,2014-11-13,,22.0
ONB00792,10083,Submit Required Identification,HR,Preboarding,In Progress,2014-11-12,,28.0
ONB00793,10083,Complete New Hire Orientation,HR,Orientation,Complete,2014-11-17,2014-11-18,100.0
ONB00794,10083,Manager Introduction,Manager,Orientation,Complete,2014-11-15,2014-11-17,100.0
ONB00795,10083,Laptop Provisioning,IT,Setup,Complete,2014-11-17,2014-11-15,100.0
ONB00796,10083,Network Account Setup,IT,Setup,Complete,2014-11-15,2014-11-12,100.0
ONB00797,10083,Email and Collaboration Access,IT,Setup,Complete,2014-11-15,2014-11-13,100.0
ONB00798,10083,Security Awareness Training,Compliance,Enablement,Complete,2014-11-22,2014-11-23,100.0
ONB00799,10083,Company Policy Training,Compliance,Enablement,Complete,2014-11-20,2014-11-20,100.0
ONB00800,10083,Role-Specific Training,Role-specific,Enablement,Complete,2014-11-30,2014-11-19,100.0
ONB00801,10083,Department Process Training,Role-specific,Enablement,In Progress,2014-11-25,,78.0
ONB00802,10083,Tool Access Verification,IT,Enablement,In Progress,2014-11-20,,31.0
ONB00803,10083,First Week Check-in,Manager,Enablement,In Progress,2014-11-20,,51.0
ONB00804,10083,30-Day Onboarding Review,Manager,Productive,Complete,2014-12-10,2014-12-04,100.0
ONB00805,10099,Complete HR Documentation,HR,Preboarding,Complete,2014-05-08,2014-05-10,100.0
ONB00806,10099,Submit Required Identification,HR,Preboarding,Complete,2014-05-07,2014-05-09,100.0
ONB00807,10099,Complete New Hire Orientation,HR,Orientation,Complete,2014-05-12,2014-05-06,100.0
ONB00808,10099,Manager Introduction,Manager,Orientation,Complete,2014-05-10,2014-05-09,100.0
ONB00809,10099,Laptop Provisioning,IT,Setup,Complete,2014-05-12,2014-05-10,100.0
ONB00810,10099,Network Account Setup,IT,Setup,Complete,2014-05-10,2014-05-11,100.0
ONB00811,10099,Email and Collaboration Access,IT,Setup,Complete,2014-05-10,2014-05-12,100.0
ONB00812,10099,Security Awareness Training,Compliance,Enablement,Complete,2014-05-17,2014-05-10,100.0
ONB00813,10099,Company Policy Training,Compliance,Enablement,Blocked,2014-05-15,,60.0
ONB00814,10099,Role-Specific Training,Role-specific,Enablement,Not Started,2014-05-25,,0.0
ONB00815,10099,Department Process Training,Role-specific,Enablement,Blocked,2014-05-20,,9.0
ONB00816,10099,Tool Access Verification,IT,Enablement,Complete,2014-05-15,2014-05-17,100.0
ONB00817,10099,First Week Check-in,Manager,Enablement,Complete,2014-05-15,2014-05-16,100.0
ONB00818,10099,30-Day Onboarding Review,Manager,Productive,Complete,2014-06-04,2014-05-28,100.0
ONB00819,10212,Complete HR Documentation,HR,Preboarding,Complete,2014-11-13,2014-11-16,100.0
ONB00820,10212,Submit Required Identification,HR,Preboarding,Complete,2014-11-12,2014-11-13,100.0
ONB00821,10212,Complete New Hire Orientation,HR,Orientation,Complete,2014-11-17,2014-11-13,100.0
ONB00822,10212,Manager Introduction,Manager,Orientation,Complete,2014-11-15,2014-11-12,100.0
ONB00823,10212,Laptop Provisioning,IT,Setup,Overdue,2014-11-17,,69.0
ONB00824,10212,Network Account Setup,IT,Setup,In Progress,2014-11-15,,47.0
ONB00825,10212,Email and Collaboration Access,IT,Setup,Complete,2014-11-15,2014-11-16,100.0
ONB00826,10212,Security Awareness Training,Compliance,Enablement,Complete,2014-11-22,2014-11-15,100.0
ONB00827,10212,Company Policy Training,Compliance,Enablement,In Progress,2014-11-20,,94.0
ONB00828,10212,Role-Specific Training,Role-specific,Enablement,Overdue,2014-11-30,,24.0
ONB00829,10212,Department Process Training,Role-specific,Enablement,Complete,2014-11-25,2014-11-19,100.0
ONB00830,10212,Tool Access Verification,IT,Enablement,In Progress,2014-11-20,,69.0
ONB00831,10212,First Week Check-in,Manager,Enablement,Complete,2014-11-20,2014-11-23,100.0
ONB00832,10212,30-Day Onboarding Review,Manager,Productive,Not Started,2014-12-10,,0.0
ONB00833,10056,Complete HR Documentation,HR,Preboarding,Complete,2012-07-05,2012-07-03,100.0
ONB00834,10056,Submit Required Identification,HR,Preboarding,Complete,2012-07-04,2012-07-06,100.0
ONB00835,10056,Complete New Hire Orientation,HR,Orientation,In Progress,2012-07-09,,35.0
ONB00836,10056,Manager Introduction,Manager,Orientation,In Progress,2012-07-07,,61.0
ONB00837,10056,Laptop Provisioning,IT,Setup,In Progress,2012-07-09,,45.0
ONB00838,10056,Network Account Setup,IT,Setup,Complete,2012-07-07,2012-07-08,100.0
ONB00839,10056,Email and Collaboration Access,IT,Setup,Complete,2012-07-07,2012-07-03,100.0
ONB00840,10056,Security Awareness Training,Compliance,Enablement,Not Started,2012-07-14,,0.0
ONB00841,10056,Company Policy Training,Compliance,Enablement,Complete,2012-07-12,2012-07-06,100.0
ONB00842,10056,Role-Specific Training,Role-specific,Enablement,Complete,2012-07-22,2012-07-10,100.0
ONB00843,10056,Department Process Training,Role-specific,Enablement,In Progress,2012-07-17,,77.0
ONB00844,10056,Tool Access Verification,IT,Enablement,Complete,2012-07-12,2012-07-05,100.0
ONB00845,10056,First Week Check-in,Manager,Enablement,In Progress,2012-07-12,,27.0
ONB00846,10056,30-Day Onboarding Review,Manager,Productive,Complete,2012-08-01,2012-07-27,100.0
ONB00847,10143,Complete HR Documentation,HR,Preboarding,Complete,2011-11-10,2011-11-11,100.0
ONB00848,10143,Submit Required Identification,HR,Preboarding,Complete,2011-11-09,2011-11-08,100.0
ONB00849,10143,Complete New Hire Orientation,HR,Orientation,Complete,2011-11-14,2011-11-08,100.0
ONB00850,10143,Manager Introduction,Manager,Orientation,Complete,2011-11-12,2011-11-15,100.0
ONB00851,10143,Laptop Provisioning,IT,Setup,Complete,2011-11-14,2011-11-12,100.0
ONB00852,10143,Email and Collaboration Access,IT,Setup,Complete,2011-11-12,2011-11-14,100.0
ONB00853,10143,Security Awareness Training,Compliance,Enablement,Complete,2011-11-19,2011-11-11,100.0
ONB00854,10143,Company Policy Training,Compliance,Enablement,Complete,2011-11-17,2011-11-10,100.0
ONB00855,10143,Role-Specific Training,Role-specific,Enablement,In Progress,2011-11-27,,28.0
ONB00856,10143,Department Process Training,Role-specific,Enablement,Overdue,2011-11-22,,19.0
ONB00857,10143,Tool Access Verification,IT,Enablement,Blocked,2011-11-17,,18.0
ONB00858,10143,First Week Check-in,Manager,Enablement,Complete,2011-11-17,2011-11-19,100.0
ONB00859,10143,30-Day Onboarding Review,Manager,Productive,Complete,2011-12-07,2011-12-09,100.0
ONB00860,10311,Complete HR Documentation,HR,Preboarding,Complete,2018-07-12,2018-07-15,100.0
ONB00861,10311,Submit Required Identification,HR,Preboarding,In Progress,2018-07-11,,63.0
ONB00862,10311,Complete New Hire Orientation,HR,Orientation,In Progress,2018-07-16,,25.0
ONB00863,10311,Manager Introduction,Manager,Orientation,Overdue,2018-07-14,,9.0
ONB00864,10311,Laptop Provisioning,IT,Setup,Complete,2018-07-16,2018-07-17,100.0
ONB00865,10311,Network Account Setup,IT,Setup,Blocked,2018-07-14,,14.0
ONB00866,10311,Email and Collaboration Access,IT,Setup,In Progress,2018-07-14,,57.0
ONB00867,10311,Security Awareness Training,Compliance,Enablement,In Progress,2018-07-21,,28.0
ONB00868,10311,Company Policy Training,Compliance,Enablement,Complete,2018-07-19,2018-07-19,100.0
ONB00869,10311,Role-Specific Training,Role-specific,Enablement,Complete,2018-07-29,2018-08-01,100.0
ONB00870,10311,Department Process Training,Role-specific,Enablement,Complete,2018-07-24,2018-07-17,100.0
ONB00871,10311,Tool Access Verification,IT,Enablement,Complete,2018-07-19,2018-07-17,100.0
ONB00872,10311,First Week Check-in,Manager,Enablement,Complete,2018-07-19,2018-07-19,100.0
ONB00873,10311,30-Day Onboarding Review,Manager,Productive,In Progress,2018-08-08,,92.0
ONB00874,10070,Complete HR Documentation,HR,Preboarding,In Progress,2011-05-19,,88.0
ONB00875,10070,Submit Required Identification,HR,Preboarding,Complete,2011-05-18,2011-05-17,100.0
ONB00876,10070,Complete New Hire Orientation,HR,Orientation,Complete,2011-05-23,2011-05-22,100.0
ONB00877,10070,Manager Introduction,Manager,Orientation,In Progress,2011-05-21,,51.0
ONB00878,10070,Laptop Provisioning,IT,Setup,In Progress,2011-05-23,,92.0
ONB00879,10070,Network Account Setup,IT,Setup,Overdue,2011-05-21,,14.0
ONB00880,10070,Email and Collaboration Access,IT,Setup,Complete,2011-05-21,2011-05-24,100.0
ONB00881,10070,Security Awareness Training,Compliance,Enablement,Complete,2011-05-28,2011-05-27,100.0
ONB00882,10070,Company Policy Training,Compliance,Enablement,Not Started,2011-05-26,,0.0
ONB00883,10070,Role-Specific Training,Role-specific,Enablement,Complete,2011-06-05,2011-05-30,100.0
ONB00884,10070,Department Process Training,Role-specific,Enablement,Complete,2011-05-31,2011-05-29,100.0
ONB00885,10070,Tool Access Verification,IT,Enablement,Complete,2011-05-26,2011-05-28,100.0
ONB00886,10070,First Week Check-in,Manager,Enablement,In Progress,2011-05-26,,63.0
ONB00887,10070,30-Day Onboarding Review,Manager,Productive,Not Started,2011-06-15,,0.0
ONB00888,10155,Complete HR Documentation,HR,Preboarding,Complete,2012-01-12,2012-01-11,100.0
ONB00889,10155,Submit Required Identification,HR,Preboarding,In Progress,2012-01-11,,31.0
ONB00890,10155,Complete New Hire Orientation,HR,Orientation,Complete,2012-01-16,2012-01-13,100.0
ONB00891,10155,Manager Introduction,Manager,Orientation,Complete,2012-01-14,2012-01-17,100.0
ONB00892,10155,Laptop Provisioning,IT,Setup,Complete,2012-01-16,2012-01-18,100.0
ONB00893,10155,Network Account Setup,IT,Setup,Complete,2012-01-14,2012-01-17,100.0
ONB00894,10155,Email and Collaboration Access,IT,Setup,Complete,2012-01-14,2012-01-15,100.0
ONB00895,10155,Security Awareness Training,Compliance,Enablement,Complete,2012-01-21,2012-01-18,100.0
ONB00896,10155,Company Policy Training,Compliance,Enablement,Complete,2012-01-19,2012-01-11,100.0
ONB00897,10155,Role-Specific Training,Role-specific,Enablement,Blocked,2012-01-29,,57.0
ONB00898,10155,Department Process Training,Role-specific,Enablement,Complete,2012-01-24,2012-01-14,100.0
ONB00899,10155,Tool Access Verification,IT,Enablement,Overdue,2012-01-19,,78.0
ONB00900,10155,First Week Check-in,Manager,Enablement,In Progress,2012-01-19,,19.0
ONB00901,10155,30-Day Onboarding Review,Manager,Productive,Complete,2012-02-08,2012-02-05,100.0
ONB00902,10306,Complete HR Documentation,HR,Preboarding,Blocked,2014-10-02,,65.0
ONB00903,10306,Submit Required Identification,HR,Preboarding,Complete,2014-10-01,2014-10-02,100.0
ONB00904,10306,Complete New Hire Orientation,HR,Orientation,In Progress,2014-10-06,,58.0
ONB00905,10306,Manager Introduction,Manager,Orientation,Complete,2014-10-04,2014-10-06,100.0
ONB00906,10306,Laptop Provisioning,IT,Setup,Complete,2014-10-06,2014-10-02,100.0
ONB00907,10306,Network Account Setup,IT,Setup,Overdue,2014-10-04,,40.0
ONB00908,10306,Email and Collaboration Access,IT,Setup,Complete,2014-10-04,2014-10-05,100.0
ONB00909,10306,Security Awareness Training,Compliance,Enablement,In Progress,2014-10-11,,90.0
ONB00910,10306,Company Policy Training,Compliance,Enablement,Complete,2014-10-09,2014-10-07,100.0
ONB00911,10306,Role-Specific Training,Role-specific,Enablement,Complete,2014-10-19,2014-10-05,100.0
ONB00912,10306,Department Process Training,Role-specific,Enablement,Complete,2014-10-14,2014-10-12,100.0
ONB00913,10306,Tool Access Verification,IT,Enablement,Blocked,2014-10-09,,63.0
ONB00914,10306,First Week Check-in,Manager,Enablement,Complete,2014-10-09,2014-10-11,100.0
ONB00915,10306,30-Day Onboarding Review,Manager,Productive,Complete,2014-10-29,2014-10-20,100.0
ONB00916,10100,Complete HR Documentation,HR,Preboarding,Blocked,2011-04-07,,10.0
ONB00917,10100,Submit Required Identification,HR,Preboarding,Overdue,2011-04-06,,75.0
ONB00918,10100,Complete New Hire Orientation,HR,Orientation,Complete,2011-04-11,2011-04-08,100.0
ONB00919,10100,Manager Introduction,Manager,Orientation,Complete,2011-04-09,2011-04-06,100.0
ONB00920,10100,Laptop Provisioning,IT,Setup,Complete,2011-04-11,2011-04-05,100.0
ONB00921,10100,Network Account Setup,IT,Setup,Complete,2011-04-09,2011-04-05,100.0
ONB00922,10100,Email and Collaboration Access,IT,Setup,Complete,2011-04-09,2011-04-12,100.0
ONB00923,10100,Security Awareness Training,Compliance,Enablement,Complete,2011-04-16,2011-04-13,100.0
ONB00924,10100,Company Policy Training,Compliance,Enablement,Complete,2011-04-14,2011-04-15,100.0
ONB00925,10100,Role-Specific Training,Role-specific,Enablement,In Progress,2011-04-24,,18.0
ONB00926,10100,Department Process Training,Role-specific,Enablement,Blocked,2011-04-19,,47.0
ONB00927,10100,Tool Access Verification,IT,Enablement,Complete,2011-04-14,2011-04-11,100.0
ONB00928,10100,First Week Check-in,Manager,Enablement,Complete,2011-04-14,2011-04-13,100.0
ONB00929,10100,30-Day Onboarding Review,Manager,Productive,Complete,2011-05-04,2011-05-03,100.0
ONB00930,10310,Complete HR Documentation,HR,Preboarding,Complete,2014-07-10,2014-07-09,100.0
ONB00931,10310,Submit Required Identification,HR,Preboarding,In Progress,2014-07-09,,78.0
ONB00932,10310,Complete New Hire Orientation,HR,Orientation,Complete,2014-07-14,2014-07-10,100.0
ONB00933,10310,Manager Introduction,Manager,Orientation,Complete,2014-07-12,2014-07-14,100.0
ONB00934,10310,Laptop Provisioning,IT,Setup,Complete,2014-07-14,2014-07-16,100.0
ONB00935,10310,Network Account Setup,IT,Setup,Complete,2014-07-12,2014-07-13,100.0
ONB00936,10310,Email and Collaboration Access,IT,Setup,Complete,2014-07-12,2014-07-14,100.0
ONB00937,10310,Security Awareness Training,Compliance,Enablement,In Progress,2014-07-19,,31.0
ONB00938,10310,Company Policy Training,Compliance,Enablement,Complete,2014-07-17,2014-07-12,100.0
ONB00939,10310,Role-Specific Training,Role-specific,Enablement,Complete,2014-07-27,2014-07-24,100.0
ONB00940,10310,Department Process Training,Role-specific,Enablement,Complete,2014-07-22,2014-07-24,100.0
ONB00941,10310,Tool Access Verification,IT,Enablement,Complete,2014-07-17,2014-07-12,100.0
ONB00942,10310,First Week Check-in,Manager,Enablement,Complete,2014-07-17,2014-07-14,100.0
ONB00943,10310,30-Day Onboarding Review,Manager,Productive,Complete,2014-08-06,2014-08-02,100.0
ONB00944,10197,Complete HR Documentation,HR,Preboarding,Complete,2017-02-18,2017-02-19,100.0
ONB00945,10197,Submit Required Identification,HR,Preboarding,Complete,2017-02-17,2017-02-18,100.0
ONB00946,10197,Complete New Hire Orientation,HR,Orientation,Complete,2017-02-22,2017-02-22,100.0
ONB00947,10197,Manager Introduction,Manager,Orientation,Complete,2017-02-20,2017-02-22,100.0
ONB00948,10197,Laptop Provisioning,IT,Setup,Complete,2017-02-22,2017-02-20,100.0
ONB00949,10197,Network Account Setup,IT,Setup,Complete,2017-02-20,2017-02-23,100.0
ONB00950,10197,Email and Collaboration Access,IT,Setup,Complete,2017-02-20,2017-02-17,100.0
ONB00951,10197,Security Awareness Training,Compliance,Enablement,In Progress,2017-02-27,,77.0
ONB00952,10197,Company Policy Training,Compliance,Enablement,In Progress,2017-02-25,,34.0
ONB00953,10197,Role-Specific Training,Role-specific,Enablement,Complete,2017-03-07,2017-02-20,100.0
ONB00954,10197,Department Process Training,Role-specific,Enablement,Complete,2017-03-02,2017-03-02,100.0
ONB00955,10197,Tool Access Verification,IT,Enablement,Complete,2017-02-25,2017-02-18,100.0
ONB00956,10197,First Week Check-in,Manager,Enablement,Overdue,2017-02-25,,56.0
ONB00957,10197,30-Day Onboarding Review,Manager,Productive,Complete,2017-03-17,2017-03-20,100.0
ONB00958,10276,Complete HR Documentation,HR,Preboarding,In Progress,2014-05-15,,57.0
ONB00959,10276,Submit Required Identification,HR,Preboarding,Complete,2014-05-14,2014-05-14,100.0
ONB00960,10276,Complete New Hire Orientation,HR,Orientation,Complete,2014-05-19,2014-05-18,100.0
ONB00961,10276,Manager Introduction,Manager,Orientation,Overdue,2014-05-17,,30.0
ONB00962,10276,Laptop Provisioning,IT,Setup,Complete,2014-05-19,2014-05-17,100.0
ONB00963,10276,Network Account Setup,IT,Setup,Not Started,2014-05-17,,0.0
ONB00964,10276,Email and Collaboration Access,IT,Setup,Complete,2014-05-17,2014-05-17,100.0
ONB00965,10276,Security Awareness Training,Compliance,Enablement,Complete,2014-05-24,2014-05-17,100.0
ONB00966,10276,Company Policy Training,Compliance,Enablement,Complete,2014-05-22,2014-05-21,100.0
ONB00967,10276,Role-Specific Training,Role-specific,Enablement,Complete,2014-06-01,2014-05-17,100.0
ONB00968,10276,Department Process Training,Role-specific,Enablement,In Progress,2014-05-27,,58.0
ONB00969,10276,Tool Access Verification,IT,Enablement,Complete,2014-05-22,2014-05-23,100.0
ONB00970,10276,First Week Check-in,Manager,Enablement,Complete,2014-05-22,2014-05-25,100.0
ONB00971,10276,30-Day Onboarding Review,Manager,Productive,Overdue,2014-06-11,,14.0
ONB00972,10304,Complete HR Documentation,HR,Preboarding,Overdue,2012-02-23,,29.0
ONB00973,10304,Submit Required Identification,HR,Preboarding,Complete,2012-02-22,2012-02-21,100.0
ONB00974,10304,Complete New Hire Orientation,HR,Orientation,In Progress,2012-02-27,,33.0
ONB00975,10304,Manager Introduction,Manager,Orientation,Complete,2012-02-25,2012-02-23,100.0
ONB00976,10304,Laptop Provisioning,IT,Setup,Not Started,2012-02-27,,0.0
ONB00977,10304,Network Account Setup,IT,Setup,Not Started,2012-02-25,,0.0
ONB00978,10304,Security Awareness Training,Compliance,Enablement,Blocked,2012-03-03,,44.0
ONB00979,10304,Company Policy Training,Compliance,Enablement,Complete,2012-03-01,2012-03-02,100.0
ONB00980,10304,Department Process Training,Role-specific,Enablement,Complete,2012-03-06,2012-03-04,100.0
ONB00981,10304,Tool Access Verification,IT,Enablement,Complete,2012-03-01,2012-02-29,100.0
ONB00982,10304,First Week Check-in,Manager,Enablement,Complete,2012-03-01,2012-03-01,100.0
ONB00983,10304,30-Day Onboarding Review,Manager,Productive,Complete,2012-03-21,2012-03-19,100.0
ONB00984,10284,Complete HR Documentation,HR,Preboarding,Complete,2013-01-10,2013-01-09,100.0
ONB00985,10284,Submit Required Identification,HR,Preboarding,Complete,2013-01-09,2013-01-08,100.0
ONB00986,10284,Complete New Hire Orientation,HR,Orientation,Complete,2013-01-14,2013-01-13,100.0
ONB00987,10284,Manager Introduction,Manager,Orientation,Complete,2013-01-12,2013-01-14,100.0
ONB00988,10284,Laptop Provisioning,IT,Setup,Complete,2013-01-14,2013-01-09,100.0
ONB00989,10284,Network Account Setup,IT,Setup,Complete,2013-01-12,2013-01-14,100.0
ONB00990,10284,Email and Collaboration Access,IT,Setup,Complete,2013-01-12,2013-01-15,100.0
ONB00991,10284,Security Awareness Training,Compliance,Enablement,Complete,2013-01-19,2013-01-14,100.0
ONB00992,10284,Company Policy Training,Compliance,Enablement,Complete,2013-01-17,2013-01-19,100.0
ONB00993,10284,Role-Specific Training,Role-specific,Enablement,Complete,2013-01-27,2013-01-17,100.0
ONB00994,10284,Department Process Training,Role-specific,Enablement,Complete,2013-01-22,2013-01-24,100.0
ONB00995,10284,Tool Access Verification,IT,Enablement,Complete,2013-01-17,2013-01-16,100.0
ONB00996,10284,First Week Check-in,Manager,Enablement,Blocked,2013-01-17,,7.0
ONB00997,10284,30-Day Onboarding Review,Manager,Productive,Complete,2013-02-06,2013-01-29,100.0
ONB00998,10207,Complete HR Documentation,HR,Preboarding,Complete,2012-04-05,2012-04-04,100.0
ONB00999,10207,Submit Required Identification,HR,Preboarding,In Progress,2012-04-04,,20.0
ONB01000,10207,Complete New Hire Orientation,HR,Orientation,Blocked,2012-04-09,,9.0
ONB01001,10207,Manager Introduction,Manager,Orientation,Complete,2012-04-07,2012-04-03,100.0
ONB01002,10207,Laptop Provisioning,IT,Setup,Blocked,2012-04-09,,25.0
ONB01003,10207,Network Account Setup,IT,Setup,Complete,2012-04-07,2012-04-07,100.0
ONB01004,10207,Email and Collaboration Access,IT,Setup,Complete,2012-04-07,2012-04-09,100.0
ONB01005,10207,Security Awareness Training,Compliance,Enablement,In Progress,2012-04-14,,68.0
ONB01006,10207,Company Policy Training,Compliance,Enablement,Complete,2012-04-12,2012-04-15,100.0
ONB01007,10207,Role-Specific Training,Role-specific,Enablement,Complete,2012-04-22,2012-04-25,100.0
ONB01008,10207,Department Process Training,Role-specific,Enablement,Complete,2012-04-17,2012-04-19,100.0
ONB01009,10207,Tool Access Verification,IT,Enablement,Complete,2012-04-12,2012-04-10,100.0
ONB01010,10207,First Week Check-in,Manager,Enablement,Complete,2012-04-12,2012-04-13,100.0
ONB01011,10207,30-Day Onboarding Review,Manager,Productive,Complete,2012-05-02,2012-04-22,100.0
ONB01012,10133,Complete HR Documentation,HR,Preboarding,Complete,2015-01-08,2015-01-07,100.0
ONB01013,10133,Submit Required Identification,HR,Preboarding,Complete,2015-01-07,2015-01-07,100.0
ONB01014,10133,Complete New Hire Orientation,HR,Orientation,Complete,2015-01-12,2015-01-12,100.0
ONB01015,10133,Manager Introduction,Manager,Orientation,In Progress,2015-01-10,,77.0
ONB01016,10133,Laptop Provisioning,IT,Setup,Complete,2015-01-12,2015-01-06,100.0
ONB01017,10133,Network Account Setup,IT,Setup,Complete,2015-01-10,2015-01-06,100.0
ONB01018,10133,Email and Collaboration Access,IT,Setup,Complete,2015-01-10,2015-01-11,100.0
ONB01019,10133,Security Awareness Training,Compliance,Enablement,Complete,2015-01-17,2015-01-11,100.0
ONB01020,10133,Company Policy Training,Compliance,Enablement,Complete,2015-01-15,2015-01-13,100.0
ONB01021,10133,Role-Specific Training,Role-specific,Enablement,Complete,2015-01-25,2015-01-18,100.0
ONB01022,10133,Department Process Training,Role-specific,Enablement,Complete,2015-01-20,2015-01-11,100.0
ONB01023,10133,Tool Access Verification,IT,Enablement,Overdue,2015-01-15,,75.0
ONB01024,10133,First Week Check-in,Manager,Enablement,Complete,2015-01-15,2015-01-15,100.0
ONB01025,10133,30-Day Onboarding Review,Manager,Productive,Complete,2015-02-04,2015-02-07,100.0
ONB01026,10028,Complete HR Documentation,HR,Preboarding,Overdue,2014-01-08,,46.0
ONB01027,10028,Submit Required Identification,HR,Preboarding,In Progress,2014-01-07,,15.0
ONB01028,10028,Complete New Hire Orientation,HR,Orientation,Not Started,2014-01-12,,0.0
ONB01029,10028,Manager Introduction,Manager,Orientation,Blocked,2014-01-10,,17.0
ONB01030,10028,Laptop Provisioning,IT,Setup,Complete,2014-01-12,2014-01-15,100.0
ONB01031,10028,Network Account Setup,IT,Setup,Complete,2014-01-10,2014-01-06,100.0
ONB01032,10028,Email and Collaboration Access,IT,Setup,Complete,2014-01-10,2014-01-12,100.0
ONB01033,10028,Security Awareness Training,Compliance,Enablement,Complete,2014-01-17,2014-01-14,100.0
ONB01034,10028,Company Policy Training,Compliance,Enablement,Complete,2014-01-15,2014-01-12,100.0
ONB01035,10028,Role-Specific Training,Role-specific,Enablement,Complete,2014-01-25,2014-01-22,100.0
ONB01036,10028,Department Process Training,Role-specific,Enablement,Complete,2014-01-20,2014-01-20,100.0
ONB01037,10028,Tool Access Verification,IT,Enablement,In Progress,2014-01-15,,29.0
ONB01038,10028,First Week Check-in,Manager,Enablement,Complete,2014-01-15,2014-01-17,100.0
ONB01039,10028,30-Day Onboarding Review,Manager,Productive,Complete,2014-02-04,2014-02-01,100.0
ONB01040,10006,Complete HR Documentation,HR,Preboarding,In Progress,2011-01-13,,40.0
ONB01041,10006,Submit Required Identification,HR,Preboarding,Complete,2011-01-12,2011-01-15,100.0
ONB01042,10006,Complete New Hire Orientation,HR,Orientation,Complete,2011-01-17,2011-01-12,100.0
ONB01043,10006,Manager Introduction,Manager,Orientation,Complete,2011-01-15,2011-01-15,100.0
ONB01044,10006,Laptop Provisioning,IT,Setup,In Progress,2011-01-17,,91.0
ONB01045,10006,Network Account Setup,IT,Setup,Complete,2011-01-15,2011-01-18,100.0
ONB01046,10006,Email and Collaboration Access,IT,Setup,Complete,2011-01-15,2011-01-17,100.0
ONB01047,10006,Security Awareness Training,Compliance,Enablement,Blocked,2011-01-22,,59.0
ONB01048,10006,Company Policy Training,Compliance,Enablement,Complete,2011-01-20,2011-01-14,100.0
ONB01049,10006,Role-Specific Training,Role-specific,Enablement,Overdue,2011-01-30,,11.0
ONB01050,10006,Department Process Training,Role-specific,Enablement,Complete,2011-01-25,2011-01-18,100.0
ONB01051,10006,Tool Access Verification,IT,Enablement,Not Started,2011-01-20,,0.0
ONB01052,10006,First Week Check-in,Manager,Enablement,Complete,2011-01-20,2011-01-19,100.0
ONB01053,10006,30-Day Onboarding Review,Manager,Productive,Complete,2011-02-09,2011-01-31,100.0
ONB01054,10105,Complete HR Documentation,HR,Preboarding,Complete,2014-09-21,2014-09-20,100.0
ONB01055,10105,Submit Required Identification,HR,Preboarding,In Progress,2014-09-20,,53.0
ONB01056,10105,Complete New Hire Orientation,HR,Orientation,Complete,2014-09-25,2014-09-24,100.0
ONB01057,10105,Manager Introduction,Manager,Orientation,Blocked,2014-09-23,,25.0
ONB01058,10105,Laptop Provisioning,IT,Setup,Complete,2014-09-25,2014-09-22,100.0
ONB01059,10105,Network Account Setup,IT,Setup,Complete,2014-09-23,2014-09-25,100.0
ONB01060,10105,Email and Collaboration Access,IT,Setup,Overdue,2014-09-23,,22.0
ONB01061,10105,Security Awareness Training,Compliance,Enablement,Complete,2014-09-30,2014-09-29,100.0
ONB01062,10105,Company Policy Training,Compliance,Enablement,Blocked,2014-09-28,,52.0
ONB01063,10105,Role-Specific Training,Role-specific,Enablement,Complete,2014-10-08,2014-10-02,100.0
ONB01064,10105,Department Process Training,Role-specific,Enablement,Complete,2014-10-03,2014-09-25,100.0
ONB01065,10105,Tool Access Verification,IT,Enablement,Complete,2014-09-28,2014-09-28,100.0
ONB01066,10105,First Week Check-in,Manager,Enablement,Complete,2014-09-28,2014-09-27,100.0
ONB01067,10105,30-Day Onboarding Review,Manager,Productive,Complete,2014-10-18,2014-10-09,100.0
ONB01068,10211,Complete HR Documentation,HR,Preboarding,Complete,2010-04-29,2010-04-27,100.0
ONB01069,10211,Submit Required Identification,HR,Preboarding,Complete,2010-04-28,2010-04-27,100.0
ONB01070,10211,Complete New Hire Orientation,HR,Orientation,Complete,2010-05-03,2010-04-30,100.0
ONB01071,10211,Manager Introduction,Manager,Orientation,Complete,2010-05-01,2010-04-29,100.0
ONB01072,10211,Laptop Provisioning,IT,Setup,Complete,2010-05-03,2010-05-01,100.0
ONB01073,10211,Network Account Setup,IT,Setup,Complete,2010-05-01,2010-04-27,100.0
ONB01074,10211,Email and Collaboration Access,IT,Setup,Complete,2010-05-01,2010-04-29,100.0
ONB01075,10211,Security Awareness Training,Compliance,Enablement,In Progress,2010-05-08,,46.0
ONB01076,10211,Company Policy Training,Compliance,Enablement,Complete,2010-05-06,2010-05-08,100.0
ONB01077,10211,Role-Specific Training,Role-specific,Enablement,Complete,2010-05-16,2010-05-11,100.0
ONB01078,10211,Department Process Training,Role-specific,Enablement,Complete,2010-05-11,2010-05-09,100.0
ONB01079,10211,Tool Access Verification,IT,Enablement,Complete,2010-05-06,2010-05-04,100.0
ONB01080,10211,First Week Check-in,Manager,Enablement,Complete,2010-05-06,2010-05-07,100.0
ONB01081,10211,30-Day Onboarding Review,Manager,Productive,In Progress,2010-05-26,,23.0
ONB01082,10064,Complete HR Documentation,HR,Preboarding,Complete,2011-04-07,2011-04-10,100.0
ONB01083,10064,Submit Required Identification,HR,Preboarding,In Progress,2011-04-06,,63.0
ONB01084,10064,Complete New Hire Orientation,HR,Orientation,Complete,2011-04-11,2011-04-12,100.0
ONB01085,10064,Manager Introduction,Manager,Orientation,Complete,2011-04-09,2011-04-11,100.0
ONB01086,10064,Laptop Provisioning,IT,Setup,Overdue,2011-04-11,,89.0
ONB01087,10064,Network Account Setup,IT,Setup,Complete,2011-04-09,2011-04-12,100.0
ONB01088,10064,Email and Collaboration Access,IT,Setup,Complete,2011-04-09,2011-04-12,100.0
ONB01089,10064,Security Awareness Training,Compliance,Enablement,Complete,2011-04-16,2011-04-14,100.0
ONB01090,10064,Company Policy Training,Compliance,Enablement,Complete,2011-04-14,2011-04-07,100.0
ONB01091,10064,Role-Specific Training,Role-specific,Enablement,Complete,2011-04-24,2011-04-27,100.0
ONB01092,10064,Department Process Training,Role-specific,Enablement,Complete,2011-04-19,2011-04-10,100.0
ONB01093,10064,Tool Access Verification,IT,Enablement,Complete,2011-04-14,2011-04-16,100.0
ONB01094,10064,First Week Check-in,Manager,Enablement,Complete,2011-04-14,2011-04-10,100.0
ONB01095,10064,30-Day Onboarding Review,Manager,Productive,Complete,2011-05-04,2011-05-07,100.0
ONB01096,10247,Submit Required Identification,HR,Preboarding,Complete,2014-11-12,2014-11-13,100.0
ONB01097,10247,Complete New Hire Orientation,HR,Orientation,Complete,2014-11-17,2014-11-13,100.0
ONB01098,10247,Manager Introduction,Manager,Orientation,Complete,2014-11-15,2014-11-15,100.0
ONB01099,10247,Laptop Provisioning,IT,Setup,Complete,2014-11-17,2014-11-17,100.0
ONB01100,10247,Network Account Setup,IT,Setup,Complete,2014-11-15,2014-11-14,100.0
ONB01101,10247,Email and Collaboration Access,IT,Setup,Complete,2014-11-15,2014-11-13,100.0
ONB01102,10247,Security Awareness Training,Compliance,Enablement,Complete,2014-11-22,2014-11-21,100.0
ONB01103,10247,Company Policy Training,Compliance,Enablement,Blocked,2014-11-20,,27.0
ONB01104,10247,Role-Specific Training,Role-specific,Enablement,Complete,2014-11-30,2014-11-20,100.0
ONB01105,10247,Department Process Training,Role-specific,Enablement,Blocked,2014-11-25,,16.0
ONB01106,10247,Tool Access Verification,IT,Enablement,Complete,2014-11-20,2014-11-21,100.0
ONB01107,10247,First Week Check-in,Manager,Enablement,Complete,2014-11-20,2014-11-15,100.0
ONB01108,10247,30-Day Onboarding Review,Manager,Productive,Complete,2014-12-10,2014-12-13,100.0
ONB01109,10235,Complete HR Documentation,HR,Preboarding,Complete,2014-04-03,2014-04-01,100.0
ONB01110,10235,Submit Required Identification,HR,Preboarding,In Progress,2014-04-02,,88.0
ONB01111,10235,Complete New Hire Orientation,HR,Orientation,Complete,2014-04-07,2014-04-10,100.0
ONB01112,10235,Manager Introduction,Manager,Orientation,Complete,2014-04-05,2014-04-04,100.0
ONB01113,10235,Laptop Provisioning,IT,Setup,Not Started,2014-04-07,,0.0
ONB01114,10235,Network Account Setup,IT,Setup,Complete,2014-04-05,2014-04-06,100.0
ONB01115,10235,Email and Collaboration Access,IT,Setup,Complete,2014-04-05,2014-04-01,100.0
ONB01116,10235,Security Awareness Training,Compliance,Enablement,Complete,2014-04-12,2014-04-09,100.0
ONB01117,10235,Company Policy Training,Compliance,Enablement,Complete,2014-04-10,2014-04-07,100.0
ONB01118,10235,Role-Specific Training,Role-specific,Enablement,Complete,2014-04-20,2014-04-16,100.0
ONB01119,10235,Department Process Training,Role-specific,Enablement,Overdue,2014-04-15,,55.0
ONB01120,10235,Tool Access Verification,IT,Enablement,Complete,2014-04-10,2014-04-05,100.0
ONB01121,10235,First Week Check-in,Manager,Enablement,Complete,2014-04-10,2014-04-11,100.0
ONB01122,10235,30-Day Onboarding Review,Manager,Productive,Complete,2014-04-30,2014-04-23,100.0
ONB01123,10299,Complete HR Documentation,HR,Preboarding,In Progress,2014-07-10,,76.0
ONB01124,10299,Submit Required Identification,HR,Preboarding,Overdue,2014-07-09,,28.0
ONB01125,10299,Complete New Hire Orientation,HR,Orientation,Complete,2014-07-14,2014-07-17,100.0
ONB01126,10299,Manager Introduction,Manager,Orientation,In Progress,2014-07-12,,95.0
ONB01127,10299,Network Account Setup,IT,Setup,Complete,2014-07-12,2014-07-10,100.0
ONB01128,10299,Email and Collaboration Access,IT,Setup,Complete,2014-07-12,2014-07-13,100.0
ONB01129,10299,Security Awareness Training,Compliance,Enablement,In Progress,2014-07-19,,74.0
ONB01130,10299,Company Policy Training,Compliance,Enablement,Complete,2014-07-17,2014-07-18,100.0
ONB01131,10299,Role-Specific Training,Role-specific,Enablement,Blocked,2014-07-27,,26.0
ONB01132,10299,Tool Access Verification,IT,Enablement,Complete,2014-07-17,2014-07-11,100.0
ONB01133,10299,30-Day Onboarding Review,Manager,Productive,Complete,2014-08-06,2014-08-07,100.0
ONB01134,10280,Complete HR Documentation,HR,Preboarding,Complete,2012-04-05,2012-04-02,100.0
ONB01135,10280,Submit Required Identification,HR,Preboarding,Complete,2012-04-04,2012-04-07,100.0
ONB01136,10280,Complete New Hire Orientation,HR,Orientation,Blocked,2012-04-09,,32.0
ONB01137,10280,Manager Introduction,Manager,Orientation,Complete,2012-04-07,2012-04-09,100.0
ONB01138,10280,Laptop Provisioning,IT,Setup,Complete,2012-04-09,2012-04-11,100.0
ONB01139,10280,Network Account Setup,IT,Setup,Complete,2012-04-07,2012-04-08,100.0
ONB01140,10280,Email and Collaboration Access,IT,Setup,Complete,2012-04-07,2012-04-07,100.0
ONB01141,10280,Security Awareness Training,Compliance,Enablement,Complete,2012-04-14,2012-04-09,100.0
ONB01142,10280,Company Policy Training,Compliance,Enablement,Complete,2012-04-12,2012-04-10,100.0
ONB01143,10280,Role-Specific Training,Role-specific,Enablement,Complete,2012-04-22,2012-04-18,100.0
ONB01144,10280,Department Process Training,Role-specific,Enablement,Complete,2012-04-17,2012-04-14,100.0
ONB01145,10280,Tool Access Verification,IT,Enablement,In Progress,2012-04-12,,93.0
ONB01146,10280,First Week Check-in,Manager,Enablement,Not Started,2012-04-12,,0.0
ONB01147,10280,30-Day Onboarding Review,Manager,Productive,In Progress,2012-05-02,,35.0
ONB01148,10296,Complete HR Documentation,HR,Preboarding,In Progress,2014-02-20,,28.0
ONB01149,10296,Submit Required Identification,HR,Preboarding,Complete,2014-02-19,2014-02-17,100.0
ONB01150,10296,Complete New Hire Orientation,HR,Orientation,Complete,2014-02-24,2014-02-20,100.0
ONB01151,10296,Manager Introduction,Manager,Orientation,Complete,2014-02-22,2014-02-24,100.0
ONB01152,10296,Laptop Provisioning,IT,Setup,Complete,2014-02-24,2014-02-19,100.0
ONB01153,10296,Network Account Setup,IT,Setup,Complete,2014-02-22,2014-02-25,100.0
ONB01154,10296,Email and Collaboration Access,IT,Setup,Complete,2014-02-22,2014-02-21,100.0
ONB01155,10296,Security Awareness Training,Compliance,Enablement,Complete,2014-03-01,2014-03-01,100.0
ONB01156,10296,Company Policy Training,Compliance,Enablement,Complete,2014-02-27,2014-02-21,100.0
ONB01157,10296,Role-Specific Training,Role-specific,Enablement,Complete,2014-03-09,2014-03-09,100.0
ONB01158,10296,Department Process Training,Role-specific,Enablement,Complete,2014-03-04,2014-02-26,100.0
ONB01159,10296,Tool Access Verification,IT,Enablement,Complete,2014-02-27,2014-02-22,100.0
ONB01160,10296,First Week Check-in,Manager,Enablement,Complete,2014-02-27,2014-02-25,100.0
ONB01161,10296,30-Day Onboarding Review,Manager,Productive,Blocked,2014-03-19,,71.0
ONB01162,10290,Complete HR Documentation,HR,Preboarding,Complete,2011-05-05,2011-05-05,100.0
ONB01163,10290,Submit Required Identification,HR,Preboarding,Complete,2011-05-04,2011-05-06,100.0
ONB01164,10290,Complete New Hire Orientation,HR,Orientation,Complete,2011-05-09,2011-05-04,100.0
ONB01165,10290,Manager Introduction,Manager,Orientation,Complete,2011-05-07,2011-05-08,100.0
ONB01166,10290,Laptop Provisioning,IT,Setup,Complete,2011-05-09,2011-05-07,100.0
ONB01167,10290,Security Awareness Training,Compliance,Enablement,Overdue,2011-05-14,,8.0
ONB01168,10290,Company Policy Training,Compliance,Enablement,In Progress,2011-05-12,,47.0
ONB01169,10290,Department Process Training,Role-specific,Enablement,Complete,2011-05-17,2011-05-19,100.0
ONB01170,10290,Tool Access Verification,IT,Enablement,Complete,2011-05-12,2011-05-15,100.0
ONB01171,10290,First Week Check-in,Manager,Enablement,Complete,2011-05-12,2011-05-10,100.0
ONB01172,10290,30-Day Onboarding Review,Manager,Productive,Complete,2011-06-01,2011-06-02,100.0
ONB01173,10263,Complete HR Documentation,HR,Preboarding,Complete,2014-07-10,2014-07-07,100.0
ONB01174,10263,Submit Required Identification,HR,Preboarding,Complete,2014-07-09,2014-07-08,100.0
ONB01175,10263,Complete New Hire Orientation,HR,Orientation,Complete,2014-07-14,2014-07-09,100.0
ONB01176,10263,Manager Introduction,Manager,Orientation,Complete,2014-07-12,2014-07-10,100.0
ONB01177,10263,Laptop Provisioning,IT,Setup,Complete,2014-07-14,2014-07-11,100.0
ONB01178,10263,Network Account Setup,IT,Setup,Complete,2014-07-12,2014-07-15,100.0
ONB01179,10263,Email and Collaboration Access,IT,Setup,Complete,2014-07-12,2014-07-14,100.0
ONB01180,10263,Security Awareness Training,Compliance,Enablement,Complete,2014-07-19,2014-07-13,100.0
ONB01181,10263,Company Policy Training,Compliance,Enablement,Complete,2014-07-17,2014-07-20,100.0
ONB01182,10263,Role-Specific Training,Role-specific,Enablement,Blocked,2014-07-27,,69.0
ONB01183,10263,Department Process Training,Role-specific,Enablement,Complete,2014-07-22,2014-07-23,100.0
ONB01184,10263,Tool Access Verification,IT,Enablement,Complete,2014-07-17,2014-07-20,100.0
ONB01185,10263,First Week Check-in,Manager,Enablement,Not Started,2014-07-17,,0.0
ONB01186,10263,30-Day Onboarding Review,Manager,Productive,Complete,2014-08-06,2014-08-05,100.0
ONB01187,10136,Complete HR Documentation,HR,Preboarding,Complete,2014-02-20,2014-02-20,100.0
ONB01188,10136,Complete New Hire Orientation,HR,Orientation,In Progress,2014-02-24,,86.0
ONB01189,10136,Manager Introduction,Manager,Orientation,Complete,2014-02-22,2014-02-20,100.0
ONB01190,10136,Laptop Provisioning,IT,Setup,Not Started,2014-02-24,,0.0
ONB01191,10136,Network Account Setup,IT,Setup,Complete,2014-02-22,2014-02-20,100.0
ONB01192,10136,Email and Collaboration Access,IT,Setup,Complete,2014-02-22,2014-02-19,100.0
ONB01193,10136,Security Awareness Training,Compliance,Enablement,Complete,2014-03-01,2014-02-23,100.0
ONB01194,10136,Company Policy Training,Compliance,Enablement,Complete,2014-02-27,2014-02-19,100.0
ONB01195,10136,Role-Specific Training,Role-specific,Enablement,Complete,2014-03-09,2014-03-07,100.0
ONB01196,10136,Department Process Training,Role-specific,Enablement,Complete,2014-03-04,2014-03-07,100.0
ONB01197,10136,Tool Access Verification,IT,Enablement,Overdue,2014-02-27,,66.0
ONB01198,10136,First Week Check-in,Manager,Enablement,In Progress,2014-02-27,,32.0
ONB01199,10136,30-Day Onboarding Review,Manager,Productive,Complete,2014-03-19,2014-03-15,100.0
ONB01200,10189,Complete HR Documentation,HR,Preboarding,Complete,2011-11-10,2011-11-12,100.0
ONB01201,10189,Submit Required Identification,HR,Preboarding,Complete,2011-11-09,2011-11-10,100.0
ONB01202,10189,Complete New Hire Orientation,HR,Orientation,Complete,2011-11-14,2011-11-14,100.0
ONB01203,10189,Manager Introduction,Manager,Orientation,Not Started,2011-11-12,,0.0
ONB01204,10189,Laptop Provisioning,IT,Setup,Complete,2011-11-14,2011-11-16,100.0
ONB01205,10189,Network Account Setup,IT,Setup,Complete,2011-11-12,2011-11-08,100.0
ONB01206,10189,Email and Collaboration Access,IT,Setup,Complete,2011-11-12,2011-11-09,100.0
ONB01207,10189,Security Awareness Training,Compliance,Enablement,Complete,2011-11-19,2011-11-13,100.0
ONB01208,10189,Company Policy Training,Compliance,Enablement,In Progress,2011-11-17,,29.0
ONB01209,10189,Role-Specific Training,Role-specific,Enablement,Complete,2011-11-27,2011-11-23,100.0
ONB01210,10189,Department Process Training,Role-specific,Enablement,Complete,2011-11-22,2011-11-24,100.0
ONB01211,10189,Tool Access Verification,IT,Enablement,Complete,2011-11-17,2011-11-10,100.0
ONB01212,10189,First Week Check-in,Manager,Enablement,Complete,2011-11-17,2011-11-15,100.0
ONB01213,10189,30-Day Onboarding Review,Manager,Productive,Complete,2011-12-07,2011-12-02,100.0
ONB01214,10308,Complete HR Documentation,HR,Preboarding,Complete,2015-05-14,2015-05-17,100.0
ONB01215,10308,Submit Required Identification,HR,Preboarding,Complete,2015-05-13,2015-05-13,100.0
ONB01216,10308,Complete New Hire Orientation,HR,Orientation,Complete,2015-05-18,2015-05-16,100.0
ONB01217,10308,Manager Introduction,Manager,Orientation,Complete,2015-05-16,2015-05-14,100.0
ONB01218,10308,Laptop Provisioning,IT,Setup,Complete,2015-05-18,2015-05-20,100.0
ONB01219,10308,Network Account Setup,IT,Setup,Complete,2015-05-16,2015-05-12,100.0
ONB01220,10308,Email and Collaboration Access,IT,Setup,Blocked,2015-05-16,,52.0
ONB01221,10308,Security Awareness Training,Compliance,Enablement,Complete,2015-05-23,2015-05-21,100.0
ONB01222,10308,Company Policy Training,Compliance,Enablement,Complete,2015-05-21,2015-05-19,100.0
ONB01223,10308,Role-Specific Training,Role-specific,Enablement,Complete,2015-05-31,2015-05-29,100.0
ONB01224,10308,Department Process Training,Role-specific,Enablement,In Progress,2015-05-26,,20.0
ONB01225,10308,Tool Access Verification,IT,Enablement,Complete,2015-05-21,2015-05-14,100.0
ONB01226,10308,First Week Check-in,Manager,Enablement,Complete,2015-05-21,2015-05-22,100.0
ONB01227,10308,30-Day Onboarding Review,Manager,Productive,Blocked,2015-06-10,,53.0
ONB01228,10309,Complete HR Documentation,HR,Preboarding,Complete,2015-04-02,2015-04-02,100.0
ONB01229,10309,Submit Required Identification,HR,Preboarding,Complete,2015-04-01,2015-04-03,100.0
ONB01230,10309,Complete New Hire Orientation,HR,Orientation,Complete,2015-04-06,2015-04-03,100.0
ONB01231,10309,Manager Introduction,Manager,Orientation,Complete,2015-04-04,2015-03-31,100.0
ONB01232,10309,Laptop Provisioning,IT,Setup,Blocked,2015-04-06,,11.0
ONB01233,10309,Network Account Setup,IT,Setup,Complete,2015-04-04,2015-04-04,100.0
ONB01234,10309,Security Awareness Training,Compliance,Enablement,Complete,2015-04-11,2015-04-03,100.0
ONB01235,10309,Company Policy Training,Compliance,Enablement,Blocked,2015-04-09,,7.0
ONB01236,10309,Role-Specific Training,Role-specific,Enablement,Complete,2015-04-19,2015-04-08,100.0
ONB01237,10309,Department Process Training,Role-specific,Enablement,Complete,2015-04-14,2015-04-05,100.0
ONB01238,10309,First Week Check-in,Manager,Enablement,In Progress,2015-04-09,,18.0
ONB01239,10309,30-Day Onboarding Review,Manager,Productive,Not Started,2015-04-29,,0.0
ONB01240,10049,Complete HR Documentation,HR,Preboarding,Overdue,2012-01-12,,49.0
ONB01241,10049,Submit Required Identification,HR,Preboarding,Not Started,2012-01-11,,0.0
ONB01242,10049,Complete New Hire Orientation,HR,Orientation,Complete,2012-01-16,2012-01-16,100.0
ONB01243,10049,Manager Introduction,Manager,Orientation,Complete,2012-01-14,2012-01-17,100.0
ONB01244,10049,Laptop Provisioning,IT,Setup,Complete,2012-01-16,2012-01-14,100.0
ONB01245,10049,Network Account Setup,IT,Setup,Complete,2012-01-14,2012-01-17,100.0
ONB01246,10049,Email and Collaboration Access,IT,Setup,Complete,2012-01-14,2012-01-14,100.0
ONB01247,10049,Security Awareness Training,Compliance,Enablement,Overdue,2012-01-21,,69.0
ONB01248,10049,Department Process Training,Role-specific,Enablement,Complete,2012-01-24,2012-01-15,100.0
ONB01249,10049,Tool Access Verification,IT,Enablement,In Progress,2012-01-19,,82.0
ONB01250,10049,First Week Check-in,Manager,Enablement,Blocked,2012-01-19,,7.0
ONB01251,10049,30-Day Onboarding Review,Manager,Productive,In Progress,2012-02-08,,23.0
ONB01252,10093,Complete HR Documentation,HR,Preboarding,Complete,2011-05-19,2011-05-16,100.0
ONB01253,10093,Submit Required Identification,HR,Preboarding,In Progress,2011-05-18,,19.0
ONB01254,10093,Complete New Hire Orientation,HR,Orientation,Complete,2011-05-23,2011-05-25,100.0
ONB01255,10093,Manager Introduction,Manager,Orientation,Complete,2011-05-21,2011-05-20,100.0
ONB01256,10093,Laptop Provisioning,IT,Setup,Complete,2011-05-23,2011-05-20,100.0
ONB01257,10093,Network Account Setup,IT,Setup,Overdue,2011-05-21,,5.0
ONB01258,10093,Email and Collaboration Access,IT,Setup,Complete,2011-05-21,2011-05-21,100.0
ONB01259,10093,Security Awareness Training,Compliance,Enablement,Complete,2011-05-28,2011-05-27,100.0
ONB01260,10093,Company Policy Training,Compliance,Enablement,Not Started,2011-05-26,,0.0
ONB01261,10093,Role-Specific Training,Role-specific,Enablement,Complete,2011-06-05,2011-06-04,100.0
ONB01262,10093,Department Process Training,Role-specific,Enablement,Complete,2011-05-31,2011-05-30,100.0
ONB01263,10093,Tool Access Verification,IT,Enablement,Complete,2011-05-26,2011-05-24,100.0
ONB01264,10093,First Week Check-in,Manager,Enablement,Complete,2011-05-26,2011-05-21,100.0
ONB01265,10093,30-Day Onboarding Review,Manager,Productive,Complete,2011-06-15,2011-06-05,100.0
ONB01266,10163,Complete HR Documentation,HR,Preboarding,Complete,2011-04-07,2011-04-06,100.0
ONB01267,10163,Submit Required Identification,HR,Preboarding,In Progress,2011-04-06,,68.0
ONB01268,10163,Complete New Hire Orientation,HR,Orientation,Complete,2011-04-11,2011-04-07,100.0
ONB01269,10163,Manager Introduction,Manager,Orientation,Complete,2011-04-09,2011-04-11,100.0
ONB01270,10163,Laptop Provisioning,IT,Setup,Complete,2011-04-11,2011-04-05,100.0
ONB01271,10163,Network Account Setup,IT,Setup,Complete,2011-04-09,2011-04-09,100.0
ONB01272,10163,Email and Collaboration Access,IT,Setup,Complete,2011-04-09,2011-04-11,100.0
ONB01273,10163,Security Awareness Training,Compliance,Enablement,Blocked,2011-04-16,,40.0
ONB01274,10163,Company Policy Training,Compliance,Enablement,Complete,2011-04-14,2011-04-09,100.0
ONB01275,10163,Role-Specific Training,Role-specific,Enablement,Complete,2011-04-24,2011-04-10,100.0
ONB01276,10163,Department Process Training,Role-specific,Enablement,Complete,2011-04-19,2011-04-09,100.0
ONB01277,10163,Tool Access Verification,IT,Enablement,In Progress,2011-04-14,,74.0
ONB01278,10163,First Week Check-in,Manager,Enablement,Complete,2011-04-14,2011-04-17,100.0
ONB01279,10163,30-Day Onboarding Review,Manager,Productive,Complete,2011-05-04,2011-05-02,100.0
ONB01280,10305,Complete HR Documentation,HR,Preboarding,Blocked,2014-10-02,,2.0
ONB01281,10305,Submit Required Identification,HR,Preboarding,Complete,2014-10-01,2014-10-03,100.0
ONB01282,10305,Complete New Hire Orientation,HR,Orientation,Complete,2014-10-06,2014-10-03,100.0
ONB01283,10305,Manager Introduction,Manager,Orientation,Complete,2014-10-04,2014-09-30,100.0
ONB01284,10305,Laptop Provisioning,IT,Setup,Complete,2014-10-06,2014-10-01,100.0
ONB01285,10305,Network Account Setup,IT,Setup,Overdue,2014-10-04,,33.0
ONB01286,10305,Email and Collaboration Access,IT,Setup,Complete,2014-10-04,2014-10-07,100.0
ONB01287,10305,Security Awareness Training,Compliance,Enablement,Complete,2014-10-11,2014-10-05,100.0
ONB01288,10305,Company Policy Training,Compliance,Enablement,Complete,2014-10-09,2014-10-01,100.0
ONB01289,10305,Role-Specific Training,Role-specific,Enablement,Complete,2014-10-19,2014-10-19,100.0
ONB01290,10305,Department Process Training,Role-specific,Enablement,In Progress,2014-10-14,,79.0
ONB01291,10305,Tool Access Verification,IT,Enablement,Complete,2014-10-09,2014-10-10,100.0
ONB01292,10305,First Week Check-in,Manager,Enablement,Complete,2014-10-09,2014-10-12,100.0
ONB01293,10305,30-Day Onboarding Review,Manager,Productive,Complete,2014-10-29,2014-11-01,100.0
ONB01294,10015,Complete HR Documentation,HR,Preboarding,Complete,2011-04-18,2011-04-17,100.0
ONB01295,10015,Submit Required Identification,HR,Preboarding,Complete,2011-04-17,2011-04-20,100.0
ONB01296,10015,Complete New Hire Orientation,HR,Orientation,Complete,2011-04-22,2011-04-25,100.0
ONB01297,10015,Manager Introduction,Manager,Orientation,Complete,2011-04-20,2011-04-20,100.0
ONB01298,10015,Laptop Provisioning,IT,Setup,Complete,2011-04-22,2011-04-19,100.0
ONB01299,10015,Network Account Setup,IT,Setup,Complete,2011-04-20,2011-04-20,100.0
ONB01300,10015,Email and Collaboration Access,IT,Setup,Complete,2011-04-20,2011-04-18,100.0
ONB01301,10015,Security Awareness Training,Compliance,Enablement,Complete,2011-04-27,2011-04-29,100.0
ONB01302,10015,Company Policy Training,Compliance,Enablement,Overdue,2011-04-25,,4.0
ONB01303,10015,Department Process Training,Role-specific,Enablement,In Progress,2011-04-30,,88.0
ONB01304,10015,Tool Access Verification,IT,Enablement,Complete,2011-04-25,2011-04-23,100.0
ONB01305,10015,First Week Check-in,Manager,Enablement,Complete,2011-04-25,2011-04-25,100.0
ONB01306,10015,30-Day Onboarding Review,Manager,Productive,Complete,2011-05-15,2011-05-12,100.0
ONB01307,10080,Complete HR Documentation,HR,Preboarding,Complete,2009-01-08,2009-01-05,100.0
ONB01308,10080,Submit Required Identification,HR,Preboarding,In Progress,2009-01-07,,26.0
ONB01309,10080,Complete New Hire Orientation,HR,Orientation,Complete,2009-01-12,2009-01-09,100.0
ONB01310,10080,Manager Introduction,Manager,Orientation,Complete,2009-01-10,2009-01-08,100.0
ONB01311,10080,Laptop Provisioning,IT,Setup,Complete,2009-01-12,2009-01-11,100.0
ONB01312,10080,Network Account Setup,IT,Setup,Complete,2009-01-10,2009-01-12,100.0
ONB01313,10080,Email and Collaboration Access,IT,Setup,Complete,2009-01-10,2009-01-07,100.0
ONB01314,10080,Security Awareness Training,Compliance,Enablement,Complete,2009-01-17,2009-01-08,100.0
ONB01315,10080,Company Policy Training,Compliance,Enablement,Complete,2009-01-15,2009-01-18,100.0
ONB01316,10080,Role-Specific Training,Role-specific,Enablement,Complete,2009-01-25,2009-01-27,100.0
ONB01317,10080,Department Process Training,Role-specific,Enablement,Complete,2009-01-20,2009-01-14,100.0
ONB01318,10080,Tool Access Verification,IT,Enablement,Complete,2009-01-15,2009-01-09,100.0
ONB01319,10080,First Week Check-in,Manager,Enablement,Overdue,2009-01-15,,58.0
ONB01320,10080,30-Day Onboarding Review,Manager,Productive,Complete,2009-02-04,2009-02-01,100.0
ONB01321,10258,Complete HR Documentation,HR,Preboarding,Complete,2011-09-09,2011-09-12,100.0
ONB01322,10258,Submit Required Identification,HR,Preboarding,Overdue,2011-09-08,,34.0
ONB01323,10258,Complete New Hire Orientation,HR,Orientation,In Progress,2011-09-13,,17.0
ONB01324,10258,Manager Introduction,Manager,Orientation,Complete,2011-09-11,2011-09-12,100.0
ONB01325,10258,Laptop Provisioning,IT,Setup,Complete,2011-09-13,2011-09-08,100.0
ONB01326,10258,Network Account Setup,IT,Setup,Complete,2011-09-11,2011-09-13,100.0
ONB01327,10258,Security Awareness Training,Compliance,Enablement,Complete,2011-09-18,2011-09-13,100.0
ONB01328,10258,Role-Specific Training,Role-specific,Enablement,Complete,2011-09-26,2011-09-12,100.0
ONB01329,10258,Department Process Training,Role-specific,Enablement,In Progress,2011-09-21,,47.0
ONB01330,10258,First Week Check-in,Manager,Enablement,Blocked,2011-09-16,,59.0
ONB01331,10258,30-Day Onboarding Review,Manager,Productive,Complete,2011-10-06,2011-10-05,100.0
ONB01332,10273,Complete HR Documentation,HR,Preboarding,Overdue,2010-05-04,,45.0
ONB01333,10273,Submit Required Identification,HR,Preboarding,Complete,2010-05-03,2010-05-01,100.0
ONB01334,10273,Complete New Hire Orientation,HR,Orientation,Overdue,2010-05-08,,51.0
ONB01335,10273,Manager Introduction,Manager,Orientation,Complete,2010-05-06,2010-05-09,100.0
ONB01336,10273,Laptop Provisioning,IT,Setup,Complete,2010-05-08,2010-05-07,100.0
ONB01337,10273,Network Account Setup,IT,Setup,In Progress,2010-05-06,,51.0
ONB01338,10273,Email and Collaboration Access,IT,Setup,Complete,2010-05-06,2010-05-02,100.0
ONB01339,10273,Security Awareness Training,Compliance,Enablement,Complete,2010-05-13,2010-05-05,100.0
ONB01340,10273,Company Policy Training,Compliance,Enablement,Complete,2010-05-11,2010-05-12,100.0
ONB01341,10273,Role-Specific Training,Role-specific,Enablement,Complete,2010-05-21,2010-05-18,100.0
ONB01342,10273,Department Process Training,Role-specific,Enablement,Blocked,2010-05-16,,70.0
ONB01343,10273,Tool Access Verification,IT,Enablement,Complete,2010-05-11,2010-05-13,100.0
ONB01344,10273,First Week Check-in,Manager,Enablement,In Progress,2010-05-11,,21.0
ONB01345,10273,30-Day Onboarding Review,Manager,Productive,Complete,2010-05-31,2010-05-24,100.0
ONB01346,10111,Complete HR Documentation,HR,Preboarding,In Progress,2015-04-02,,45.0
ONB01347,10111,Submit Required Identification,HR,Preboarding,Complete,2015-04-01,2015-03-31,100.0
ONB01348,10111,Complete New Hire Orientation,HR,Orientation,In Progress,2015-04-06,,95.0
ONB01349,10111,Manager Introduction,Manager,Orientation,Blocked,2015-04-04,,43.0
ONB01350,10111,Laptop Provisioning,IT,Setup,Complete,2015-04-06,2015-04-08,100.0
ONB01351,10111,Network Account Setup,IT,Setup,In Progress,2015-04-04,,86.0
ONB01352,10111,Email and Collaboration Access,IT,Setup,In Progress,2015-04-04,,15.0
ONB01353,10111,Security Awareness Training,Compliance,Enablement,Blocked,2015-04-11,,50.0
ONB01354,10111,Role-Specific Training,Role-specific,Enablement,Not Started,2015-04-19,,0.0
ONB01355,10111,Tool Access Verification,IT,Enablement,Complete,2015-04-09,2015-04-04,100.0
ONB01356,10111,First Week Check-in,Manager,Enablement,In Progress,2015-04-09,,80.0
ONB01357,10111,30-Day Onboarding Review,Manager,Productive,Complete,2015-04-29,2015-05-01,100.0
ONB01358,10257,Complete HR Documentation,HR,Preboarding,Complete,2011-05-19,2011-05-22,100.0
ONB01359,10257,Submit Required Identification,HR,Preboarding,Complete,2011-05-18,2011-05-20,100.0
ONB01360,10257,Complete New Hire Orientation,HR,Orientation,Blocked,2011-05-23,,17.0
ONB01361,10257,Manager Introduction,Manager,Orientation,Complete,2011-05-21,2011-05-24,100.0
ONB01362,10257,Laptop Provisioning,IT,Setup,Complete,2011-05-23,2011-05-20,100.0
ONB01363,10257,Network Account Setup,IT,Setup,Complete,2011-05-21,2011-05-21,100.0
ONB01364,10257,Email and Collaboration Access,IT,Setup,Blocked,2011-05-21,,61.0
ONB01365,10257,Security Awareness Training,Compliance,Enablement,Complete,2011-05-28,2011-05-28,100.0
ONB01366,10257,Company Policy Training,Compliance,Enablement,Complete,2011-05-26,2011-05-24,100.0
ONB01367,10257,Role-Specific Training,Role-specific,Enablement,Complete,2011-06-05,2011-05-31,100.0
ONB01368,10257,Department Process Training,Role-specific,Enablement,Complete,2011-05-31,2011-05-27,100.0
ONB01369,10257,Tool Access Verification,IT,Enablement,Complete,2011-05-26,2011-05-22,100.0
ONB01370,10257,First Week Check-in,Manager,Enablement,Complete,2011-05-26,2011-05-26,100.0
ONB01371,10257,30-Day Onboarding Review,Manager,Productive,Complete,2011-06-15,2011-06-15,100.0
ONB01372,10159,Complete HR Documentation,HR,Preboarding,Complete,2015-04-02,2015-04-04,100.0
ONB01373,10159,Submit Required Identification,HR,Preboarding,In Progress,2015-04-01,,62.0
ONB01374,10159,Complete New Hire Orientation,HR,Orientation,Complete,2015-04-06,2015-04-08,100.0
ONB01375,10159,Manager Introduction,Manager,Orientation,Complete,2015-04-04,2015-04-05,100.0
ONB01376,10159,Laptop Provisioning,IT,Setup,In Progress,2015-04-06,,38.0
ONB01377,10159,Network Account Setup,IT,Setup,Complete,2015-04-04,2015-04-05,100.0
ONB01378,10159,Email and Collaboration Access,IT,Setup,Complete,2015-04-04,2015-04-05,100.0
ONB01379,10159,Security Awareness Training,Compliance,Enablement,Complete,2015-04-11,2015-04-04,100.0
ONB01380,10159,Company Policy Training,Compliance,Enablement,Complete,2015-04-09,2015-04-12,100.0
ONB01381,10159,Role-Specific Training,Role-specific,Enablement,Blocked,2015-04-19,,17.0
ONB01382,10159,Department Process Training,Role-specific,Enablement,Blocked,2015-04-14,,75.0
ONB01383,10159,Tool Access Verification,IT,Enablement,Complete,2015-04-09,2015-04-10,100.0
ONB01384,10159,First Week Check-in,Manager,Enablement,Complete,2015-04-09,2015-04-11,100.0
ONB01385,10159,30-Day Onboarding Review,Manager,Productive,Complete,2015-04-29,2015-05-02,100.0
ONB01386,10122,Complete HR Documentation,HR,Preboarding,Complete,2011-11-10,2011-11-13,100.0
ONB01387,10122,Submit Required Identification,HR,Preboarding,Complete,2011-11-09,2011-11-11,100.0
ONB01388,10122,Complete New Hire Orientation,HR,Orientation,Complete,2011-11-14,2011-11-16,100.0
ONB01389,10122,Manager Introduction,Manager,Orientation,Complete,2011-11-12,2011-11-12,100.0
ONB01390,10122,Laptop Provisioning,IT,Setup,Complete,2011-11-14,2011-11-16,100.0
ONB01391,10122,Network Account Setup,IT,Setup,Complete,2011-11-12,2011-11-12,100.0
ONB01392,10122,Email and Collaboration Access,IT,Setup,Not Started,2011-11-12,,0.0
ONB01393,10122,Security Awareness Training,Compliance,Enablement,Complete,2011-11-19,2011-11-18,100.0
ONB01394,10122,Company Policy Training,Compliance,Enablement,Complete,2011-11-17,2011-11-18,100.0
ONB01395,10122,Role-Specific Training,Role-specific,Enablement,Blocked,2011-11-27,,10.0
ONB01396,10122,Department Process Training,Role-specific,Enablement,Complete,2011-11-22,2011-11-16,100.0
ONB01397,10122,Tool Access Verification,IT,Enablement,Not Started,2011-11-17,,0.0
ONB01398,10122,First Week Check-in,Manager,Enablement,Complete,2011-11-17,2011-11-16,100.0
ONB01399,10122,30-Day Onboarding Review,Manager,Productive,Complete,2011-12-07,2011-12-04,100.0
ONB01400,10142,Complete HR Documentation,HR,Preboarding,Complete,2014-07-10,2014-07-10,100.0
ONB01401,10142,Submit Required Identification,HR,Preboarding,Complete,2014-07-09,2014-07-09,100.0
ONB01402,10142,Complete New Hire Orientation,HR,Orientation,In Progress,2014-07-14,,28.0
ONB01403,10142,Manager Introduction,Manager,Orientation,In Progress,2014-07-12,,39.0
ONB01404,10142,Laptop Provisioning,IT,Setup,Complete,2014-07-14,2014-07-09,100.0
ONB01405,10142,Network Account Setup,IT,Setup,Blocked,2014-07-12,,68.0
ONB01406,10142,Email and Collaboration Access,IT,Setup,Complete,2014-07-12,2014-07-08,100.0
ONB01407,10142,Security Awareness Training,Compliance,Enablement,Complete,2014-07-19,2014-07-10,100.0
ONB01408,10142,Company Policy Training,Compliance,Enablement,Complete,2014-07-17,2014-07-13,100.0
ONB01409,10142,Role-Specific Training,Role-specific,Enablement,Complete,2014-07-27,2014-07-27,100.0
ONB01410,10142,Department Process Training,Role-specific,Enablement,Complete,2014-07-22,2014-07-14,100.0
ONB01411,10142,Tool Access Verification,IT,Enablement,Complete,2014-07-17,2014-07-11,100.0
ONB01412,10142,First Week Check-in,Manager,Enablement,Complete,2014-07-17,2014-07-17,100.0
ONB01413,10142,30-Day Onboarding Review,Manager,Productive,Blocked,2014-08-06,,40.0
ONB01414,10283,Complete HR Documentation,HR,Preboarding,Complete,2012-04-05,2012-04-03,100.0
ONB01415,10283,Submit Required Identification,HR,Preboarding,In Progress,2012-04-04,,29.0
ONB01416,10283,Complete New Hire Orientation,HR,Orientation,Complete,2012-04-09,2012-04-05,100.0
ONB01417,10283,Manager Introduction,Manager,Orientation,Complete,2012-04-07,2012-04-10,100.0
ONB01418,10283,Laptop Provisioning,IT,Setup,Complete,2012-04-09,2012-04-03,100.0
ONB01419,10283,Network Account Setup,IT,Setup,In Progress,2012-04-07,,58.0
ONB01420,10283,Email and Collaboration Access,IT,Setup,Complete,2012-04-07,2012-04-09,100.0
ONB01421,10283,Security Awareness Training,Compliance,Enablement,Blocked,2012-04-14,,30.0
ONB01422,10283,Company Policy Training,Compliance,Enablement,Blocked,2012-04-12,,60.0
ONB01423,10283,Role-Specific Training,Role-specific,Enablement,Complete,2012-04-22,2012-04-16,100.0
ONB01424,10283,Department Process Training,Role-specific,Enablement,Complete,2012-04-17,2012-04-16,100.0
ONB01425,10283,Tool Access Verification,IT,Enablement,Complete,2012-04-12,2012-04-13,100.0
ONB01426,10283,First Week Check-in,Manager,Enablement,Complete,2012-04-12,2012-04-15,100.0
ONB01427,10283,30-Day Onboarding Review,Manager,Productive,Complete,2012-05-02,2012-04-22,100.0
ONB01428,10018,Complete HR Documentation,HR,Preboarding,Complete,2014-10-02,2014-09-29,100.0
ONB01429,10018,Submit Required Identification,HR,Preboarding,Complete,2014-10-01,2014-09-29,100.0
ONB01430,10018,Complete New Hire Orientation,HR,Orientation,Not Started,2014-10-06,,0.0
ONB01431,10018,Manager Introduction,Manager,Orientation,Complete,2014-10-04,2014-10-06,100.0
ONB01432,10018,Laptop Provisioning,IT,Setup,In Progress,2014-10-06,,32.0
ONB01433,10018,Network Account Setup,IT,Setup,Complete,2014-10-04,2014-10-07,100.0
ONB01434,10018,Email and Collaboration Access,IT,Setup,In Progress,2014-10-04,,63.0
ONB01435,10018,Security Awareness Training,Compliance,Enablement,Complete,2014-10-11,2014-10-06,100.0
ONB01436,10018,Company Policy Training,Compliance,Enablement,Complete,2014-10-09,2014-10-02,100.0
ONB01437,10018,Role-Specific Training,Role-specific,Enablement,Complete,2014-10-19,2014-10-08,100.0
ONB01438,10018,Department Process Training,Role-specific,Enablement,Complete,2014-10-14,2014-10-15,100.0
ONB01439,10018,Tool Access Verification,IT,Enablement,Complete,2014-10-09,2014-10-03,100.0
ONB01440,10018,First Week Check-in,Manager,Enablement,Complete,2014-10-09,2014-10-06,100.0
ONB01441,10018,30-Day Onboarding Review,Manager,Productive,Complete,2014-10-29,2014-10-22,100.0
ONB01442,10255,Complete HR Documentation,HR,Preboarding,Complete,2015-02-19,2015-02-20,100.0
ONB01443,10255,Submit Required Identification,HR,Preboarding,Complete,2015-02-18,2015-02-21,100.0
ONB01444,10255,Complete New Hire Orientation,HR,Orientation,In Progress,2015-02-23,,72.0
ONB01445,10255,Manager Introduction,Manager,Orientation,In Progress,2015-02-21,,21.0
ONB01446,10255,Laptop Provisioning,IT,Setup,Not Started,2015-02-23,,0.0
ONB01447,10255,Network Account Setup,IT,Setup,Blocked,2015-02-21,,6.0
ONB01448,10255,Email and Collaboration Access,IT,Setup,Complete,2015-02-21,2015-02-21,100.0
ONB01449,10255,Security Awareness Training,Compliance,Enablement,Complete,2015-02-28,2015-02-25,100.0
ONB01450,10255,Company Policy Training,Compliance,Enablement,In Progress,2015-02-26,,70.0
ONB01451,10255,Role-Specific Training,Role-specific,Enablement,Not Started,2015-03-08,,0.0
ONB01452,10255,Department Process Training,Role-specific,Enablement,Complete,2015-03-03,2015-03-01,100.0
ONB01453,10255,Tool Access Verification,IT,Enablement,Complete,2015-02-26,2015-02-19,100.0
ONB01454,10255,First Week Check-in,Manager,Enablement,Complete,2015-02-26,2015-02-23,100.0
ONB01455,10255,30-Day Onboarding Review,Manager,Productive,Complete,2015-03-18,2015-03-11,100.0
ONB01456,10246,Complete HR Documentation,HR,Preboarding,Complete,2015-02-19,2015-02-22,100.0
ONB01457,10246,Submit Required Identification,HR,Preboarding,Complete,2015-02-18,2015-02-16,100.0
ONB01458,10246,Complete New Hire Orientation,HR,Orientation,Blocked,2015-02-23,,15.0
ONB01459,10246,Manager Introduction,Manager,Orientation,Complete,2015-02-21,2015-02-22,100.0
ONB01460,10246,Laptop Provisioning,IT,Setup,Complete,2015-02-23,2015-02-21,100.0
ONB01461,10246,Network Account Setup,IT,Setup,Complete,2015-02-21,2015-02-21,100.0
ONB01462,10246,Email and Collaboration Access,IT,Setup,Complete,2015-02-21,2015-02-19,100.0
ONB01463,10246,Security Awareness Training,Compliance,Enablement,Overdue,2015-02-28,,39.0
ONB01464,10246,Company Policy Training,Compliance,Enablement,Complete,2015-02-26,2015-02-26,100.0
ONB01465,10246,Role-Specific Training,Role-specific,Enablement,Complete,2015-03-08,2015-03-05,100.0
ONB01466,10246,Department Process Training,Role-specific,Enablement,Overdue,2015-03-03,,88.0
ONB01467,10246,Tool Access Verification,IT,Enablement,In Progress,2015-02-26,,94.0
ONB01468,10246,First Week Check-in,Manager,Enablement,Complete,2015-02-26,2015-02-23,100.0
ONB01469,10246,30-Day Onboarding Review,Manager,Productive,In Progress,2015-03-18,,32.0
ONB01470,10228,Complete HR Documentation,HR,Preboarding,Complete,2015-04-02,2015-04-05,100.0
ONB01471,10228,Submit Required Identification,HR,Preboarding,Complete,2015-04-01,2015-04-01,100.0
ONB01472,10228,Complete New Hire Orientation,HR,Orientation,In Progress,2015-04-06,,76.0
ONB01473,10228,Manager Introduction,Manager,Orientation,Complete,2015-04-04,2015-04-05,100.0
ONB01474,10228,Laptop Provisioning,IT,Setup,Complete,2015-04-06,2015-04-04,100.0
ONB01475,10228,Network Account Setup,IT,Setup,Complete,2015-04-04,2015-04-02,100.0
ONB01476,10228,Email and Collaboration Access,IT,Setup,Complete,2015-04-04,2015-04-01,100.0
ONB01477,10228,Security Awareness Training,Compliance,Enablement,Complete,2015-04-11,2015-04-12,100.0
ONB01478,10228,Company Policy Training,Compliance,Enablement,Complete,2015-04-09,2015-04-10,100.0
ONB01479,10228,Role-Specific Training,Role-specific,Enablement,Complete,2015-04-19,2015-04-08,100.0
ONB01480,10228,Department Process Training,Role-specific,Enablement,Complete,2015-04-14,2015-04-16,100.0
ONB01481,10228,Tool Access Verification,IT,Enablement,Complete,2015-04-09,2015-04-04,100.0
ONB01482,10228,First Week Check-in,Manager,Enablement,In Progress,2015-04-09,,73.0
ONB01483,10228,30-Day Onboarding Review,Manager,Productive,Complete,2015-04-29,2015-04-24,100.0
ONB01484,10243,Complete HR Documentation,HR,Preboarding,In Progress,2013-11-14,,48.0
ONB01485,10243,Submit Required Identification,HR,Preboarding,In Progress,2013-11-13,,40.0
ONB01486,10243,Complete New Hire Orientation,HR,Orientation,Overdue,2013-11-18,,42.0
ONB01487,10243,Manager Introduction,Manager,Orientation,Complete,2013-11-16,2013-11-17,100.0
ONB01488,10243,Laptop Provisioning,IT,Setup,In Progress,2013-11-18,,15.0
ONB01489,10243,Network Account Setup,IT,Setup,Complete,2013-11-16,2013-11-15,100.0
ONB01490,10243,Email and Collaboration Access,IT,Setup,Complete,2013-11-16,2013-11-13,100.0
ONB01491,10243,Security Awareness Training,Compliance,Enablement,Complete,2013-11-23,2013-11-18,100.0
ONB01492,10243,Company Policy Training,Compliance,Enablement,Complete,2013-11-21,2013-11-23,100.0
ONB01493,10243,Role-Specific Training,Role-specific,Enablement,Complete,2013-12-01,2013-11-18,100.0
ONB01494,10243,Department Process Training,Role-specific,Enablement,Complete,2013-11-26,2013-11-20,100.0
ONB01495,10243,Tool Access Verification,IT,Enablement,Complete,2013-11-21,2013-11-24,100.0
ONB01496,10243,First Week Check-in,Manager,Enablement,Complete,2013-11-21,2013-11-24,100.0
ONB01497,10243,30-Day Onboarding Review,Manager,Productive,Complete,2013-12-11,2013-12-07,100.0
ONB01498,10031,Complete HR Documentation,HR,Preboarding,Complete,2011-07-14,2011-07-17,100.0
ONB01499,10031,Submit Required Identification,HR,Preboarding,Complete,2011-07-13,2011-07-12,100.0
ONB01500,10031,Complete New Hire Orientation,HR,Orientation,Complete,2011-07-18,2011-07-15,100.0
ONB01501,10031,Manager Introduction,Manager,Orientation,Complete,2011-07-16,2011-07-16,100.0
ONB01502,10031,Laptop Provisioning,IT,Setup,Complete,2011-07-18,2011-07-13,100.0
ONB01503,10031,Network Account Setup,IT,Setup,Complete,2011-07-16,2011-07-12,100.0
ONB01504,10031,Email and Collaboration Access,IT,Setup,Complete,2011-07-16,2011-07-15,100.0
ONB01505,10031,Security Awareness Training,Compliance,Enablement,Complete,2011-07-23,2011-07-21,100.0
ONB01506,10031,Company Policy Training,Compliance,Enablement,Complete,2011-07-21,2011-07-18,100.0
ONB01507,10031,Role-Specific Training,Role-specific,Enablement,Complete,2011-07-31,2011-08-02,100.0
ONB01508,10031,Department Process Training,Role-specific,Enablement,Complete,2011-07-26,2011-07-18,100.0
ONB01509,10031,Tool Access Verification,IT,Enablement,Not Started,2011-07-21,,0.0
ONB01510,10031,First Week Check-in,Manager,Enablement,Complete,2011-07-21,2011-07-17,100.0
ONB01511,10031,30-Day Onboarding Review,Manager,Productive,Complete,2011-08-10,2011-08-07,100.0
ONB01512,10300,Complete HR Documentation,HR,Preboarding,Blocked,2010-04-29,,18.0
ONB01513,10300,Submit Required Identification,HR,Preboarding,Complete,2010-04-28,2010-04-27,100.0
ONB01514,10300,Complete New Hire Orientation,HR,Orientation,Not Started,2010-05-03,,0.0
ONB01515,10300,Manager Introduction,Manager,Orientation,Complete,2010-05-01,2010-05-02,100.0
ONB01516,10300,Email and Collaboration Access,IT,Setup,Complete,2010-05-01,2010-04-27,100.0
ONB01517,10300,Security Awareness Training,Compliance,Enablement,Complete,2010-05-08,2010-05-07,100.0
ONB01518,10300,Company Policy Training,Compliance,Enablement,Complete,2010-05-06,2010-05-01,100.0
ONB01519,10300,Role-Specific Training,Role-specific,Enablement,Complete,2010-05-16,2010-05-13,100.0
ONB01520,10300,Department Process Training,Role-specific,Enablement,Complete,2010-05-11,2010-05-05,100.0
ONB01521,10300,Tool Access Verification,IT,Enablement,Complete,2010-05-06,2010-05-06,100.0
ONB01522,10300,First Week Check-in,Manager,Enablement,Complete,2010-05-06,2010-05-09,100.0
ONB01523,10300,30-Day Onboarding Review,Manager,Productive,Blocked,2010-05-26,,42.0
ONB01524,10101,Complete HR Documentation,HR,Preboarding,Complete,2015-01-08,2015-01-10,100.0
ONB01525,10101,Submit Required Identification,HR,Preboarding,Complete,2015-01-07,2015-01-06,100.0
ONB01526,10101,Complete New Hire Orientation,HR,Orientation,Complete,2015-01-12,2015-01-12,100.0
ONB01527,10101,Manager Introduction,Manager,Orientation,Not Started,2015-01-10,,0.0
ONB01528,10101,Laptop Provisioning,IT,Setup,Complete,2015-01-12,2015-01-06,100.0
ONB01529,10101,Network Account Setup,IT,Setup,In Progress,2015-01-10,,95.0
ONB01530,10101,Email and Collaboration Access,IT,Setup,Complete,2015-01-10,2015-01-07,100.0
ONB01531,10101,Security Awareness Training,Compliance,Enablement,Complete,2015-01-17,2015-01-09,100.0
ONB01532,10101,Company Policy Training,Compliance,Enablement,In Progress,2015-01-15,,41.0
ONB01533,10101,Role-Specific Training,Role-specific,Enablement,Overdue,2015-01-25,,59.0
ONB01534,10101,Department Process Training,Role-specific,Enablement,Complete,2015-01-20,2015-01-22,100.0
ONB01535,10101,Tool Access Verification,IT,Enablement,In Progress,2015-01-15,,30.0
ONB01536,10101,First Week Check-in,Manager,Enablement,Overdue,2015-01-15,,13.0
ONB01537,10101,30-Day Onboarding Review,Manager,Productive,Complete,2015-02-04,2015-01-27,100.0
ONB01538,10237,Complete HR Documentation,HR,Preboarding,Complete,2014-05-15,2014-05-16,100.0
ONB01539,10237,Submit Required Identification,HR,Preboarding,Blocked,2014-05-14,,13.0
ONB01540,10237,Manager Introduction,Manager,Orientation,Complete,2014-05-17,2014-05-17,100.0
ONB01541,10237,Laptop Provisioning,IT,Setup,Complete,2014-05-19,2014-05-20,100.0
ONB01542,10237,Network Account Setup,IT,Setup,Complete,2014-05-17,2014-05-17,100.0
ONB01543,10237,Email and Collaboration Access,IT,Setup,Complete,2014-05-17,2014-05-16,100.0
ONB01544,10237,Security Awareness Training,Compliance,Enablement,Complete,2014-05-24,2014-05-15,100.0
ONB01545,10237,Company Policy Training,Compliance,Enablement,Complete,2014-05-22,2014-05-16,100.0
ONB01546,10237,Role-Specific Training,Role-specific,Enablement,In Progress,2014-06-01,,64.0
ONB01547,10237,Department Process Training,Role-specific,Enablement,In Progress,2014-05-27,,26.0
ONB01548,10237,Tool Access Verification,IT,Enablement,Complete,2014-05-22,2014-05-18,100.0
ONB01549,10237,First Week Check-in,Manager,Enablement,Complete,2014-05-22,2014-05-17,100.0
ONB01550,10237,30-Day Onboarding Review,Manager,Productive,Complete,2014-06-11,2014-06-07,100.0
ONB01551,10051,Complete HR Documentation,HR,Preboarding,Not Started,2012-07-05,,0.0
ONB01552,10051,Submit Required Identification,HR,Preboarding,Complete,2012-07-04,2012-07-05,100.0
ONB01553,10051,Complete New Hire Orientation,HR,Orientation,Complete,2012-07-09,2012-07-11,100.0
ONB01554,10051,Manager Introduction,Manager,Orientation,Complete,2012-07-07,2012-07-05,100.0
ONB01555,10051,Laptop Provisioning,IT,Setup,Complete,2012-07-09,2012-07-10,100.0
ONB01556,10051,Network Account Setup,IT,Setup,In Progress,2012-07-07,,68.0
ONB01557,10051,Email and Collaboration Access,IT,Setup,Complete,2012-07-07,2012-07-07,100.0
ONB01558,10051,Security Awareness Training,Compliance,Enablement,Complete,2012-07-14,2012-07-14,100.0
ONB01559,10051,Company Policy Training,Compliance,Enablement,Complete,2012-07-12,2012-07-13,100.0
ONB01560,10051,Role-Specific Training,Role-specific,Enablement,Blocked,2012-07-22,,37.0
ONB01561,10051,Department Process Training,Role-specific,Enablement,Complete,2012-07-17,2012-07-17,100.0
ONB01562,10051,Tool Access Verification,IT,Enablement,Complete,2012-07-12,2012-07-14,100.0
ONB01563,10051,First Week Check-in,Manager,Enablement,Overdue,2012-07-12,,64.0
ONB01564,10051,30-Day Onboarding Review,Manager,Productive,Complete,2012-08-01,2012-07-30,100.0
ONB01565,10218,Complete HR Documentation,HR,Preboarding,Complete,2013-10-03,2013-10-02,100.0
ONB01566,10218,Submit Required Identification,HR,Preboarding,In Progress,2013-10-02,,63.0
ONB01567,10218,Complete New Hire Orientation,HR,Orientation,Complete,2013-10-07,2013-10-05,100.0
ONB01568,10218,Manager Introduction,Manager,Orientation,Complete,2013-10-05,2013-10-04,100.0
ONB01569,10218,Laptop Provisioning,IT,Setup,Complete,2013-10-07,2013-10-02,100.0
ONB01570,10218,Network Account Setup,IT,Setup,Blocked,2013-10-05,,0.0
ONB01571,10218,Email and Collaboration Access,IT,Setup,Complete,2013-10-05,2013-10-05,100.0
ONB01572,10218,Security Awareness Training,Compliance,Enablement,In Progress,2013-10-12,,45.0
ONB01573,10218,Company Policy Training,Compliance,Enablement,Complete,2013-10-10,2013-10-02,100.0
ONB01574,10218,Role-Specific Training,Role-specific,Enablement,Complete,2013-10-20,2013-10-07,100.0
ONB01575,10218,Department Process Training,Role-specific,Enablement,Complete,2013-10-15,2013-10-18,100.0
ONB01576,10218,Tool Access Verification,IT,Enablement,Complete,2013-10-10,2013-10-13,100.0
ONB01577,10218,First Week Check-in,Manager,Enablement,Complete,2013-10-10,2013-10-05,100.0
ONB01578,10218,30-Day Onboarding Review,Manager,Productive,Complete,2013-10-30,2013-11-01,100.0
ONB01579,10256,Complete HR Documentation,HR,Preboarding,In Progress,2013-08-22,,45.0
ONB01580,10256,Submit Required Identification,HR,Preboarding,Complete,2013-08-21,2013-08-21,100.0
ONB01581,10256,Complete New Hire Orientation,HR,Orientation,Not Started,2013-08-26,,0.0
ONB01582,10256,Manager Introduction,Manager,Orientation,Complete,2013-08-24,2013-08-25,100.0
ONB01583,10256,Laptop Provisioning,IT,Setup,Complete,2013-08-26,2013-08-26,100.0
ONB01584,10256,Network Account Setup,IT,Setup,Complete,2013-08-24,2013-08-27,100.0
ONB01585,10256,Email and Collaboration Access,IT,Setup,Blocked,2013-08-24,,37.0
ONB01586,10256,Security Awareness Training,Compliance,Enablement,Complete,2013-08-31,2013-08-23,100.0
ONB01587,10256,Company Policy Training,Compliance,Enablement,In Progress,2013-08-29,,64.0
ONB01588,10256,Role-Specific Training,Role-specific,Enablement,Complete,2013-09-08,2013-09-04,100.0
ONB01589,10256,Department Process Training,Role-specific,Enablement,Complete,2013-09-03,2013-08-26,100.0
ONB01590,10256,Tool Access Verification,IT,Enablement,Complete,2013-08-29,2013-08-23,100.0
ONB01591,10256,First Week Check-in,Manager,Enablement,Complete,2013-08-29,2013-08-26,100.0
ONB01592,10256,30-Day Onboarding Review,Manager,Productive,Complete,2013-09-18,2013-09-16,100.0
ONB01593,10098,Complete HR Documentation,HR,Preboarding,Blocked,2015-06-05,,24.0
ONB01594,10098,Submit Required Identification,HR,Preboarding,Complete,2015-06-04,2015-06-04,100.0
ONB01595,10098,Complete New Hire Orientation,HR,Orientation,Complete,2015-06-09,2015-06-09,100.0
ONB01596,10098,Manager Introduction,Manager,Orientation,In Progress,2015-06-07,,29.0
ONB01597,10098,Laptop Provisioning,IT,Setup,Complete,2015-06-09,2015-06-06,100.0
ONB01598,10098,Network Account Setup,IT,Setup,Not Started,2015-06-07,,0.0
ONB01599,10098,Email and Collaboration Access,IT,Setup,In Progress,2015-06-07,,16.0
ONB01600,10098,Security Awareness Training,Compliance,Enablement,In Progress,2015-06-14,,22.0
ONB01601,10098,Company Policy Training,Compliance,Enablement,Blocked,2015-06-12,,66.0
ONB01602,10098,Role-Specific Training,Role-specific,Enablement,Complete,2015-06-22,2015-06-07,100.0
ONB01603,10098,Department Process Training,Role-specific,Enablement,Complete,2015-06-17,2015-06-15,100.0
ONB01604,10098,Tool Access Verification,IT,Enablement,Complete,2015-06-12,2015-06-07,100.0
ONB01605,10098,First Week Check-in,Manager,Enablement,Complete,2015-06-12,2015-06-08,100.0
ONB01606,10098,30-Day Onboarding Review,Manager,Productive,Complete,2015-07-02,2015-06-26,100.0
ONB01607,10059,Complete HR Documentation,HR,Preboarding,Complete,2011-02-24,2011-02-26,100.0
ONB01608,10059,Submit Required Identification,HR,Preboarding,Complete,2011-02-23,2011-02-23,100.0
ONB01609,10059,Complete New Hire Orientation,HR,Orientation,Complete,2011-02-28,2011-02-26,100.0
ONB01610,10059,Manager Introduction,Manager,Orientation,Overdue,2011-02-26,,35.0
ONB01611,10059,Laptop Provisioning,IT,Setup,Overdue,2011-02-28,,79.0
ONB01612,10059,Network Account Setup,IT,Setup,Blocked,2011-02-26,,29.0
ONB01613,10059,Email and Collaboration Access,IT,Setup,Complete,2011-02-26,2011-03-01,100.0
ONB01614,10059,Security Awareness Training,Compliance,Enablement,Complete,2011-03-05,2011-02-27,100.0
ONB01615,10059,Company Policy Training,Compliance,Enablement,Complete,2011-03-03,2011-02-24,100.0
ONB01616,10059,Role-Specific Training,Role-specific,Enablement,Complete,2011-03-13,2011-03-01,100.0
ONB01617,10059,Department Process Training,Role-specific,Enablement,Overdue,2011-03-08,,15.0
ONB01618,10059,Tool Access Verification,IT,Enablement,Complete,2011-03-03,2011-02-24,100.0
ONB01619,10059,First Week Check-in,Manager,Enablement,In Progress,2011-03-03,,92.0
ONB01620,10059,30-Day Onboarding Review,Manager,Productive,Complete,2011-03-23,2011-03-13,100.0
ONB01621,10234,Complete HR Documentation,HR,Preboarding,Complete,2017-04-23,2017-04-24,100.0
ONB01622,10234,Submit Required Identification,HR,Preboarding,Complete,2017-04-22,2017-04-20,100.0
ONB01623,10234,Complete New Hire Orientation,HR,Orientation,Complete,2017-04-27,2017-04-30,100.0
ONB01624,10234,Manager Introduction,Manager,Orientation,Complete,2017-04-25,2017-04-24,100.0
ONB01625,10234,Laptop Provisioning,IT,Setup,Complete,2017-04-27,2017-04-28,100.0
ONB01626,10234,Network Account Setup,IT,Setup,Complete,2017-04-25,2017-04-24,100.0
ONB01627,10234,Email and Collaboration Access,IT,Setup,Complete,2017-04-25,2017-04-26,100.0
ONB01628,10234,Security Awareness Training,Compliance,Enablement,Complete,2017-05-02,2017-05-03,100.0
ONB01629,10234,Company Policy Training,Compliance,Enablement,Complete,2017-04-30,2017-04-25,100.0
ONB01630,10234,Role-Specific Training,Role-specific,Enablement,Complete,2017-05-10,2017-05-12,100.0
ONB01631,10234,Department Process Training,Role-specific,Enablement,Complete,2017-05-05,2017-04-29,100.0
ONB01632,10234,Tool Access Verification,IT,Enablement,Complete,2017-04-30,2017-04-23,100.0
ONB01633,10234,First Week Check-in,Manager,Enablement,Complete,2017-04-30,2017-04-26,100.0
ONB01634,10234,30-Day Onboarding Review,Manager,Productive,Complete,2017-05-20,2017-05-13,100.0
ONB01635,10109,Complete HR Documentation,HR,Preboarding,Overdue,2012-03-10,,11.0
ONB01636,10109,Submit Required Identification,HR,Preboarding,Complete,2012-03-09,2012-03-08,100.0
ONB01637,10109,Complete New Hire Orientation,HR,Orientation,Complete,2012-03-14,2012-03-17,100.0
ONB01638,10109,Manager Introduction,Manager,Orientation,Complete,2012-03-12,2012-03-10,100.0
ONB01639,10109,Laptop Provisioning,IT,Setup,In Progress,2012-03-14,,73.0
ONB01640,10109,Network Account Setup,IT,Setup,Blocked,2012-03-12,,42.0
ONB01641,10109,Email and Collaboration Access,IT,Setup,In Progress,2012-03-12,,19.0
ONB01642,10109,Security Awareness Training,Compliance,Enablement,Complete,2012-03-19,2012-03-10,100.0
ONB01643,10109,Company Policy Training,Compliance,Enablement,Complete,2012-03-17,2012-03-12,100.0
ONB01644,10109,Role-Specific Training,Role-specific,Enablement,Not Started,2012-03-27,,0.0
ONB01645,10109,Department Process Training,Role-specific,Enablement,Complete,2012-03-22,2012-03-15,100.0
ONB01646,10109,Tool Access Verification,IT,Enablement,Complete,2012-03-17,2012-03-19,100.0
ONB01647,10109,First Week Check-in,Manager,Enablement,In Progress,2012-03-17,,20.0
ONB01648,10109,30-Day Onboarding Review,Manager,Productive,Blocked,2012-04-06,,54.0
ONB01649,10125,Submit Required Identification,HR,Preboarding,Complete,2011-11-30,2011-11-29,100.0
ONB01650,10125,Complete New Hire Orientation,HR,Orientation,Not Started,2011-12-05,,0.0
ONB01651,10125,Manager Introduction,Manager,Orientation,Complete,2011-12-03,2011-12-04,100.0
ONB01652,10125,Laptop Provisioning,IT,Setup,Complete,2011-12-05,2011-11-30,100.0
ONB01653,10125,Network Account Setup,IT,Setup,Complete,2011-12-03,2011-12-05,100.0
ONB01654,10125,Security Awareness Training,Compliance,Enablement,Complete,2011-12-10,2011-12-01,100.0
ONB01655,10125,Company Policy Training,Compliance,Enablement,Overdue,2011-12-08,,46.0
ONB01656,10125,Department Process Training,Role-specific,Enablement,Complete,2011-12-13,2011-12-14,100.0
ONB01657,10125,Tool Access Verification,IT,Enablement,Complete,2011-12-08,2011-12-06,100.0
ONB01658,10125,First Week Check-in,Manager,Enablement,Complete,2011-12-08,2011-12-11,100.0
ONB01659,10125,30-Day Onboarding Review,Manager,Productive,In Progress,2011-12-28,,21.0
ONB01660,10074,Complete HR Documentation,HR,Preboarding,Complete,2013-11-14,2013-11-15,100.0
ONB01661,10074,Submit Required Identification,HR,Preboarding,Complete,2013-11-13,2013-11-12,100.0
ONB01662,10074,Complete New Hire Orientation,HR,Orientation,Complete,2013-11-18,2013-11-14,100.0
ONB01663,10074,Manager Introduction,Manager,Orientation,Complete,2013-11-16,2013-11-16,100.0
ONB01664,10074,Laptop Provisioning,IT,Setup,Complete,2013-11-18,2013-11-19,100.0
ONB01665,10074,Network Account Setup,IT,Setup,Complete,2013-11-16,2013-11-15,100.0
ONB01666,10074,Email and Collaboration Access,IT,Setup,Complete,2013-11-16,2013-11-16,100.0
ONB01667,10074,Security Awareness Training,Compliance,Enablement,Overdue,2013-11-23,,14.0
ONB01668,10074,Company Policy Training,Compliance,Enablement,In Progress,2013-11-21,,40.0
ONB01669,10074,Role-Specific Training,Role-specific,Enablement,Overdue,2013-12-01,,83.0
ONB01670,10074,Department Process Training,Role-specific,Enablement,Complete,2013-11-26,2013-11-23,100.0
ONB01671,10074,Tool Access Verification,IT,Enablement,Complete,2013-11-21,2013-11-24,100.0
ONB01672,10074,First Week Check-in,Manager,Enablement,Complete,2013-11-21,2013-11-18,100.0
ONB01673,10074,30-Day Onboarding Review,Manager,Productive,Complete,2013-12-11,2013-12-01,100.0
ONB01674,10097,Complete HR Documentation,HR,Preboarding,Complete,2012-01-12,2012-01-09,100.0
ONB01675,10097,Submit Required Identification,HR,Preboarding,Complete,2012-01-11,2012-01-12,100.0
ONB01676,10097,Complete New Hire Orientation,HR,Orientation,Complete,2012-01-16,2012-01-10,100.0
ONB01677,10097,Manager Introduction,Manager,Orientation,Overdue,2012-01-14,,12.0
ONB01678,10097,Network Account Setup,IT,Setup,Complete,2012-01-14,2012-01-11,100.0
ONB01679,10097,Email and Collaboration Access,IT,Setup,Complete,2012-01-14,2012-01-12,100.0
ONB01680,10097,Company Policy Training,Compliance,Enablement,Blocked,2012-01-19,,71.0
ONB01681,10097,Tool Access Verification,IT,Enablement,Overdue,2012-01-19,,51.0
ONB01682,10097,First Week Check-in,Manager,Enablement,Complete,2012-01-19,2012-01-15,100.0
ONB01683,10097,30-Day Onboarding Review,Manager,Productive,Complete,2012-02-08,2012-01-30,100.0
ONB01684,10007,Complete HR Documentation,HR,Preboarding,In Progress,2014-05-15,,64.0
ONB01685,10007,Submit Required Identification,HR,Preboarding,Complete,2014-05-14,2014-05-17,100.0
ONB01686,10007,Complete New Hire Orientation,HR,Orientation,Not Started,2014-05-19,,0.0
ONB01687,10007,Manager Introduction,Manager,Orientation,Complete,2014-05-17,2014-05-16,100.0
ONB01688,10007,Laptop Provisioning,IT,Setup,Complete,2014-05-19,2014-05-15,100.0
ONB01689,10007,Network Account Setup,IT,Setup,Complete,2014-05-17,2014-05-15,100.0
ONB01690,10007,Email and Collaboration Access,IT,Setup,Complete,2014-05-17,2014-05-19,100.0
ONB01691,10007,Security Awareness Training,Compliance,Enablement,Complete,2014-05-24,2014-05-18,100.0
ONB01692,10007,Company Policy Training,Compliance,Enablement,Complete,2014-05-22,2014-05-20,100.0
ONB01693,10007,Role-Specific Training,Role-specific,Enablement,Complete,2014-06-01,2014-05-20,100.0
ONB01694,10007,Department Process Training,Role-specific,Enablement,Complete,2014-05-27,2014-05-26,100.0
ONB01695,10007,Tool Access Verification,IT,Enablement,Complete,2014-05-22,2014-05-24,100.0
ONB01696,10007,First Week Check-in,Manager,Enablement,Complete,2014-05-22,2014-05-20,100.0
ONB01697,10007,30-Day Onboarding Review,Manager,Productive,Complete,2014-06-11,2014-06-14,100.0
ONB01698,10129,Complete HR Documentation,HR,Preboarding,Complete,2012-08-16,2012-08-18,100.0
ONB01699,10129,Submit Required Identification,HR,Preboarding,Overdue,2012-08-15,,28.0
ONB01700,10129,Complete New Hire Orientation,HR,Orientation,Complete,2012-08-20,2012-08-19,100.0
ONB01701,10129,Manager Introduction,Manager,Orientation,Complete,2012-08-18,2012-08-18,100.0
ONB01702,10129,Laptop Provisioning,IT,Setup,In Progress,2012-08-20,,72.0
ONB01703,10129,Network Account Setup,IT,Setup,Complete,2012-08-18,2012-08-17,100.0
ONB01704,10129,Email and Collaboration Access,IT,Setup,Complete,2012-08-18,2012-08-18,100.0
ONB01705,10129,Security Awareness Training,Compliance,Enablement,Complete,2012-08-25,2012-08-24,100.0
ONB01706,10129,Company Policy Training,Compliance,Enablement,Complete,2012-08-23,2012-08-22,100.0
ONB01707,10129,Role-Specific Training,Role-specific,Enablement,Complete,2012-09-02,2012-08-19,100.0
ONB01708,10129,Department Process Training,Role-specific,Enablement,Complete,2012-08-28,2012-08-19,100.0
ONB01709,10129,Tool Access Verification,IT,Enablement,Complete,2012-08-23,2012-08-16,100.0
ONB01710,10129,First Week Check-in,Manager,Enablement,Complete,2012-08-23,2012-08-23,100.0
ONB01711,10129,30-Day Onboarding Review,Manager,Productive,Complete,2012-09-12,2012-09-03,100.0
ONB01712,10075,Complete HR Documentation,HR,Preboarding,In Progress,2011-01-13,,50.0
ONB01713,10075,Submit Required Identification,HR,Preboarding,Complete,2011-01-12,2011-01-13,100.0
ONB01714,10075,Complete New Hire Orientation,HR,Orientation,Complete,2011-01-17,2011-01-15,100.0
ONB01715,10075,Manager Introduction,Manager,Orientation,Not Started,2011-01-15,,0.0
ONB01716,10075,Laptop Provisioning,IT,Setup,In Progress,2011-01-17,,92.0
ONB01717,10075,Network Account Setup,IT,Setup,Complete,2011-01-15,2011-01-14,100.0
ONB01718,10075,Email and Collaboration Access,IT,Setup,Complete,2011-01-15,2011-01-12,100.0
ONB01719,10075,Security Awareness Training,Compliance,Enablement,Complete,2011-01-22,2011-01-25,100.0
ONB01720,10075,Company Policy Training,Compliance,Enablement,Complete,2011-01-20,2011-01-22,100.0
ONB01721,10075,Role-Specific Training,Role-specific,Enablement,Complete,2011-01-30,2011-02-02,100.0
ONB01722,10075,Department Process Training,Role-specific,Enablement,Complete,2011-01-25,2011-01-27,100.0
ONB01723,10075,Tool Access Verification,IT,Enablement,Complete,2011-01-20,2011-01-13,100.0
ONB01724,10075,First Week Check-in,Manager,Enablement,Complete,2011-01-20,2011-01-17,100.0
ONB01725,10075,30-Day Onboarding Review,Manager,Productive,Overdue,2011-02-09,,6.0
ONB01726,10167,Complete HR Documentation,HR,Preboarding,Complete,2014-08-21,2014-08-23,100.0
ONB01727,10167,Submit Required Identification,HR,Preboarding,Complete,2014-08-20,2014-08-21,100.0
ONB01728,10167,Complete New Hire Orientation,HR,Orientation,Complete,2014-08-25,2014-08-20,100.0
ONB01729,10167,Manager Introduction,Manager,Orientation,Complete,2014-08-23,2014-08-24,100.0
ONB01730,10167,Laptop Provisioning,IT,Setup,Complete,2014-08-25,2014-08-26,100.0
ONB01731,10167,Network Account Setup,IT,Setup,Complete,2014-08-23,2014-08-21,100.0
ONB01732,10167,Email and Collaboration Access,IT,Setup,Complete,2014-08-23,2014-08-25,100.0
ONB01733,10167,Security Awareness Training,Compliance,Enablement,In Progress,2014-08-30,,72.0
ONB01734,10167,Company Policy Training,Compliance,Enablement,Complete,2014-08-28,2014-08-22,100.0
ONB01735,10167,Role-Specific Training,Role-specific,Enablement,Complete,2014-09-07,2014-09-08,100.0
ONB01736,10167,Department Process Training,Role-specific,Enablement,Blocked,2014-09-02,,67.0
ONB01737,10167,Tool Access Verification,IT,Enablement,Complete,2014-08-28,2014-08-26,100.0
ONB01738,10167,First Week Check-in,Manager,Enablement,Overdue,2014-08-28,,43.0
ONB01739,10167,30-Day Onboarding Review,Manager,Productive,Complete,2014-09-17,2014-09-10,100.0
ONB01740,10195,Complete HR Documentation,HR,Preboarding,Complete,2011-08-18,2011-08-16,100.0
ONB01741,10195,Submit Required Identification,HR,Preboarding,Complete,2011-08-17,2011-08-17,100.0
ONB01742,10195,Complete New Hire Orientation,HR,Orientation,Blocked,2011-08-22,,61.0
ONB01743,10195,Manager Introduction,Manager,Orientation,Complete,2011-08-20,2011-08-18,100.0
ONB01744,10195,Laptop Provisioning,IT,Setup,Complete,2011-08-22,2011-08-23,100.0
ONB01745,10195,Network Account Setup,IT,Setup,Complete,2011-08-20,2011-08-22,100.0
ONB01746,10195,Email and Collaboration Access,IT,Setup,Complete,2011-08-20,2011-08-21,100.0
ONB01747,10195,Security Awareness Training,Compliance,Enablement,Complete,2011-08-27,2011-08-24,100.0
ONB01748,10195,Company Policy Training,Compliance,Enablement,In Progress,2011-08-25,,26.0
ONB01749,10195,Role-Specific Training,Role-specific,Enablement,In Progress,2011-09-04,,62.0
ONB01750,10195,Department Process Training,Role-specific,Enablement,Complete,2011-08-30,2011-09-01,100.0
ONB01751,10195,Tool Access Verification,IT,Enablement,Complete,2011-08-25,2011-08-18,100.0
ONB01752,10195,First Week Check-in,Manager,Enablement,Complete,2011-08-25,2011-08-20,100.0
ONB01753,10195,30-Day Onboarding Review,Manager,Productive,Complete,2011-09-14,2011-09-08,100.0
ONB01754,10112,Complete HR Documentation,HR,Preboarding,Complete,2015-04-02,2015-04-05,100.0
ONB01755,10112,Submit Required Identification,HR,Preboarding,Complete,2015-04-01,2015-04-01,100.0
ONB01756,10112,Complete New Hire Orientation,HR,Orientation,Complete,2015-04-06,2015-04-08,100.0
ONB01757,10112,Manager Introduction,Manager,Orientation,Complete,2015-04-04,2015-04-02,100.0
ONB01758,10112,Laptop Provisioning,IT,Setup,Complete,2015-04-06,2015-04-08,100.0
ONB01759,10112,Network Account Setup,IT,Setup,Complete,2015-04-04,2015-04-04,100.0
ONB01760,10112,Email and Collaboration Access,IT,Setup,Complete,2015-04-04,2015-04-04,100.0
ONB01761,10112,Security Awareness Training,Compliance,Enablement,Complete,2015-04-11,2015-04-11,100.0
ONB01762,10112,Company Policy Training,Compliance,Enablement,Complete,2015-04-09,2015-04-05,100.0
ONB01763,10112,Role-Specific Training,Role-specific,Enablement,Blocked,2015-04-19,,33.0
ONB01764,10112,Department Process Training,Role-specific,Enablement,Complete,2015-04-14,2015-04-16,100.0
ONB01765,10112,Tool Access Verification,IT,Enablement,Complete,2015-04-09,2015-04-11,100.0
ONB01766,10112,First Week Check-in,Manager,Enablement,Complete,2015-04-09,2015-04-10,100.0
ONB01767,10112,30-Day Onboarding Review,Manager,Productive,Complete,2015-04-29,2015-04-24,100.0
ONB01768,10272,Complete HR Documentation,HR,Preboarding,Complete,2014-05-08,2014-05-07,100.0
ONB01769,10272,Submit Required Identification,HR,Preboarding,Complete,2014-05-07,2014-05-10,100.0
ONB01770,10272,Complete New Hire Orientation,HR,Orientation,Blocked,2014-05-12,,36.0
ONB01771,10272,Manager Introduction,Manager,Orientation,Complete,2014-05-10,2014-05-13,100.0
ONB01772,10272,Laptop Provisioning,IT,Setup,Complete,2014-05-12,2014-05-11,100.0
ONB01773,10272,Network Account Setup,IT,Setup,Complete,2014-05-10,2014-05-11,100.0
ONB01774,10272,Email and Collaboration Access,IT,Setup,Overdue,2014-05-10,,47.0
ONB01775,10272,Security Awareness Training,Compliance,Enablement,Complete,2014-05-17,2014-05-13,100.0
ONB01776,10272,Company Policy Training,Compliance,Enablement,Complete,2014-05-15,2014-05-11,100.0
ONB01777,10272,Role-Specific Training,Role-specific,Enablement,Not Started,2014-05-25,,0.0
ONB01778,10272,Department Process Training,Role-specific,Enablement,Complete,2014-05-20,2014-05-19,100.0
ONB01779,10272,Tool Access Verification,IT,Enablement,In Progress,2014-05-15,,84.0
ONB01780,10272,First Week Check-in,Manager,Enablement,Complete,2014-05-15,2014-05-18,100.0
ONB01781,10272,30-Day Onboarding Review,Manager,Productive,Complete,2014-06-04,2014-05-26,100.0
ONB01782,10182,Complete HR Documentation,HR,Preboarding,Complete,2015-02-19,2015-02-20,100.0
ONB01783,10182,Submit Required Identification,HR,Preboarding,In Progress,2015-02-18,,50.0
ONB01784,10182,Complete New Hire Orientation,HR,Orientation,Blocked,2015-02-23,,39.0
ONB01785,10182,Manager Introduction,Manager,Orientation,Blocked,2015-02-21,,62.0
ONB01786,10182,Laptop Provisioning,IT,Setup,Complete,2015-02-23,2015-02-25,100.0
ONB01787,10182,Network Account Setup,IT,Setup,Complete,2015-02-21,2015-02-24,100.0
ONB01788,10182,Email and Collaboration Access,IT,Setup,Complete,2015-02-21,2015-02-21,100.0
ONB01789,10182,Security Awareness Training,Compliance,Enablement,Complete,2015-02-28,2015-03-03,100.0
ONB01790,10182,Company Policy Training,Compliance,Enablement,Complete,2015-02-26,2015-02-19,100.0
ONB01791,10182,Role-Specific Training,Role-specific,Enablement,Complete,2015-03-08,2015-03-01,100.0
ONB01792,10182,Department Process Training,Role-specific,Enablement,Complete,2015-03-03,2015-02-25,100.0
ONB01793,10182,Tool Access Verification,IT,Enablement,Complete,2015-02-26,2015-02-19,100.0
ONB01794,10182,First Week Check-in,Manager,Enablement,Complete,2015-02-26,2015-02-28,100.0
ONB01795,10182,30-Day Onboarding Review,Manager,Productive,Blocked,2015-03-18,,21.0
ONB01796,10248,Complete HR Documentation,HR,Preboarding,Complete,2012-02-23,2012-02-26,100.0
ONB01797,10248,Submit Required Identification,HR,Preboarding,Complete,2012-02-22,2012-02-22,100.0
ONB01798,10248,Complete New Hire Orientation,HR,Orientation,Complete,2012-02-27,2012-02-22,100.0
ONB01799,10248,Manager Introduction,Manager,Orientation,Complete,2012-02-25,2012-02-27,100.0
ONB01800,10248,Laptop Provisioning,IT,Setup,Overdue,2012-02-27,,79.0
ONB01801,10248,Network Account Setup,IT,Setup,In Progress,2012-02-25,,73.0
ONB01802,10248,Email and Collaboration Access,IT,Setup,Complete,2012-02-25,2012-02-25,100.0
ONB01803,10248,Security Awareness Training,Compliance,Enablement,Not Started,2012-03-03,,0.0
ONB01804,10248,Company Policy Training,Compliance,Enablement,Complete,2012-03-01,2012-03-01,100.0
ONB01805,10248,Role-Specific Training,Role-specific,Enablement,Complete,2012-03-11,2012-02-26,100.0
ONB01806,10248,Department Process Training,Role-specific,Enablement,Complete,2012-03-06,2012-03-02,100.0
ONB01807,10248,Tool Access Verification,IT,Enablement,Complete,2012-03-01,2012-02-26,100.0
ONB01808,10248,First Week Check-in,Manager,Enablement,Complete,2012-03-01,2012-02-27,100.0
ONB01809,10248,30-Day Onboarding Review,Manager,Productive,Complete,2012-03-21,2012-03-14,100.0
ONB01810,10201,Complete HR Documentation,HR,Preboarding,In Progress,2016-06-09,,22.0
ONB01811,10201,Submit Required Identification,HR,Preboarding,Complete,2016-06-08,2016-06-10,100.0
ONB01812,10201,Complete New Hire Orientation,HR,Orientation,Complete,2016-06-13,2016-06-11,100.0
ONB01813,10201,Laptop Provisioning,IT,Setup,Not Started,2016-06-13,,0.0
ONB01814,10201,Network Account Setup,IT,Setup,Complete,2016-06-11,2016-06-09,100.0
ONB01815,10201,Email and Collaboration Access,IT,Setup,Complete,2016-06-11,2016-06-13,100.0
ONB01816,10201,Security Awareness Training,Compliance,Enablement,Complete,2016-06-18,2016-06-16,100.0
ONB01817,10201,Role-Specific Training,Role-specific,Enablement,Complete,2016-06-26,2016-06-24,100.0
ONB01818,10201,Department Process Training,Role-specific,Enablement,In Progress,2016-06-21,,50.0
ONB01819,10201,Tool Access Verification,IT,Enablement,Blocked,2016-06-16,,13.0
ONB01820,10201,First Week Check-in,Manager,Enablement,Complete,2016-06-16,2016-06-19,100.0
ONB01821,10201,30-Day Onboarding Review,Manager,Productive,Complete,2016-07-06,2016-06-30,100.0
ONB01822,10214,Complete HR Documentation,HR,Preboarding,Complete,2015-06-08,2015-06-09,100.0
ONB01823,10214,Submit Required Identification,HR,Preboarding,Complete,2015-06-07,2015-06-06,100.0
ONB01824,10214,Complete New Hire Orientation,HR,Orientation,Complete,2015-06-12,2015-06-13,100.0
ONB01825,10214,Manager Introduction,Manager,Orientation,In Progress,2015-06-10,,79.0
ONB01826,10214,Laptop Provisioning,IT,Setup,Complete,2015-06-12,2015-06-08,100.0
ONB01827,10214,Network Account Setup,IT,Setup,Complete,2015-06-10,2015-06-13,100.0
ONB01828,10214,Email and Collaboration Access,IT,Setup,Blocked,2015-06-10,,0.0
ONB01829,10214,Security Awareness Training,Compliance,Enablement,Complete,2015-06-17,2015-06-12,100.0
ONB01830,10214,Company Policy Training,Compliance,Enablement,In Progress,2015-06-15,,25.0
ONB01831,10214,Role-Specific Training,Role-specific,Enablement,Complete,2015-06-25,2015-06-24,100.0
ONB01832,10214,Department Process Training,Role-specific,Enablement,Complete,2015-06-20,2015-06-20,100.0
ONB01833,10214,Tool Access Verification,IT,Enablement,Blocked,2015-06-15,,68.0
ONB01834,10214,First Week Check-in,Manager,Enablement,Complete,2015-06-15,2015-06-13,100.0
ONB01835,10214,30-Day Onboarding Review,Manager,Productive,Complete,2015-07-05,2015-07-03,100.0
ONB01836,10160,Complete HR Documentation,HR,Preboarding,Complete,2011-02-24,2011-02-25,100.0
ONB01837,10160,Submit Required Identification,HR,Preboarding,Complete,2011-02-23,2011-02-23,100.0
ONB01838,10160,Complete New Hire Orientation,HR,Orientation,Complete,2011-02-28,2011-03-02,100.0
ONB01839,10160,Manager Introduction,Manager,Orientation,Complete,2011-02-26,2011-02-26,100.0
ONB01840,10160,Laptop Provisioning,IT,Setup,Complete,2011-02-28,2011-03-03,100.0
ONB01841,10160,Network Account Setup,IT,Setup,Not Started,2011-02-26,,0.0
ONB01842,10160,Email and Collaboration Access,IT,Setup,Not Started,2011-02-26,,0.0
ONB01843,10160,Security Awareness Training,Compliance,Enablement,Overdue,2011-03-05,,81.0
ONB01844,10160,Company Policy Training,Compliance,Enablement,Complete,2011-03-03,2011-03-04,100.0
ONB01845,10160,Role-Specific Training,Role-specific,Enablement,Complete,2011-03-13,2011-02-27,100.0
ONB01846,10160,Department Process Training,Role-specific,Enablement,In Progress,2011-03-08,,59.0
ONB01847,10160,Tool Access Verification,IT,Enablement,Complete,2011-03-03,2011-03-02,100.0
ONB01848,10160,First Week Check-in,Manager,Enablement,Complete,2011-03-03,2011-03-05,100.0
ONB01849,10160,30-Day Onboarding Review,Manager,Productive,Complete,2011-03-23,2011-03-24,100.0
ONB01850,10289,Complete HR Documentation,HR,Preboarding,Complete,2011-02-24,2011-02-24,100.0
ONB01851,10289,Submit Required Identification,HR,Preboarding,Complete,2011-02-23,2011-02-23,100.0
ONB01852,10289,Complete New Hire Orientation,HR,Orientation,Complete,2011-02-28,2011-03-02,100.0
ONB01853,10289,Manager Introduction,Manager,Orientation,Complete,2011-02-26,2011-03-01,100.0
ONB01854,10289,Laptop Provisioning,IT,Setup,Complete,2011-02-28,2011-02-22,100.0
ONB01855,10289,Network Account Setup,IT,Setup,Complete,2011-02-26,2011-02-27,100.0
ONB01856,10289,Email and Collaboration Access,IT,Setup,In Progress,2011-02-26,,72.0
ONB01857,10289,Security Awareness Training,Compliance,Enablement,Complete,2011-03-05,2011-03-05,100.0
ONB01858,10289,Company Policy Training,Compliance,Enablement,Complete,2011-03-03,2011-03-02,100.0
ONB01859,10289,Role-Specific Training,Role-specific,Enablement,Complete,2011-03-13,2011-03-04,100.0
ONB01860,10289,Department Process Training,Role-specific,Enablement,Complete,2011-03-08,2011-03-10,100.0
ONB01861,10289,Tool Access Verification,IT,Enablement,Blocked,2011-03-03,,33.0
ONB01862,10289,First Week Check-in,Manager,Enablement,Complete,2011-03-03,2011-02-28,100.0
ONB01863,10289,30-Day Onboarding Review,Manager,Productive,Complete,2011-03-23,2011-03-18,100.0
ONB01864,10139,Complete HR Documentation,HR,Preboarding,Complete,2013-08-22,2013-08-22,100.0
ONB01865,10139,Submit Required Identification,HR,Preboarding,Blocked,2013-08-21,,34.0
ONB01866,10139,Complete New Hire Orientation,HR,Orientation,Complete,2013-08-26,2013-08-28,100.0
ONB01867,10139,Manager Introduction,Manager,Orientation,Complete,2013-08-24,2013-08-21,100.0
ONB01868,10139,Laptop Provisioning,IT,Setup,Complete,2013-08-26,2013-08-25,100.0
ONB01869,10139,Network Account Setup,IT,Setup,In Progress,2013-08-24,,91.0
ONB01870,10139,Email and Collaboration Access,IT,Setup,Overdue,2013-08-24,,45.0
ONB01871,10139,Security Awareness Training,Compliance,Enablement,Complete,2013-08-31,2013-08-27,100.0
ONB01872,10139,Company Policy Training,Compliance,Enablement,Complete,2013-08-29,2013-08-27,100.0
ONB01873,10139,Role-Specific Training,Role-specific,Enablement,Complete,2013-09-08,2013-08-25,100.0
ONB01874,10139,Department Process Training,Role-specific,Enablement,Complete,2013-09-03,2013-09-05,100.0
ONB01875,10139,Tool Access Verification,IT,Enablement,Not Started,2013-08-29,,0.0
ONB01876,10139,First Week Check-in,Manager,Enablement,In Progress,2013-08-29,,78.0
ONB01877,10139,30-Day Onboarding Review,Manager,Productive,Complete,2013-09-18,2013-09-20,100.0
ONB01878,10227,Complete HR Documentation,HR,Preboarding,Complete,2012-11-08,2012-11-06,100.0
ONB01879,10227,Submit Required Identification,HR,Preboarding,Complete,2012-11-07,2012-11-09,100.0
ONB01880,10227,Complete New Hire Orientation,HR,Orientation,Complete,2012-11-12,2012-11-14,100.0
ONB01881,10227,Manager Introduction,Manager,Orientation,Complete,2012-11-10,2012-11-09,100.0
ONB01882,10227,Laptop Provisioning,IT,Setup,Complete,2012-11-12,2012-11-07,100.0
ONB01883,10227,Network Account Setup,IT,Setup,Complete,2012-11-10,2012-11-12,100.0
ONB01884,10227,Email and Collaboration Access,IT,Setup,In Progress,2012-11-10,,27.0
ONB01885,10227,Security Awareness Training,Compliance,Enablement,In Progress,2012-11-17,,20.0
ONB01886,10227,Company Policy Training,Compliance,Enablement,In Progress,2012-11-15,,65.0
ONB01887,10227,Role-Specific Training,Role-specific,Enablement,In Progress,2012-11-25,,47.0
ONB01888,10227,Department Process Training,Role-specific,Enablement,Overdue,2012-11-20,,81.0
ONB01889,10227,Tool Access Verification,IT,Enablement,Complete,2012-11-15,2012-11-16,100.0
ONB01890,10227,First Week Check-in,Manager,Enablement,Complete,2012-11-15,2012-11-16,100.0
ONB01891,10227,30-Day Onboarding Review,Manager,Productive,Complete,2012-12-05,2012-12-05,100.0
ONB01892,10236,Complete HR Documentation,HR,Preboarding,Complete,2013-10-03,2013-10-01,100.0
ONB01893,10236,Submit Required Identification,HR,Preboarding,Complete,2013-10-02,2013-10-04,100.0
ONB01894,10236,Complete New Hire Orientation,HR,Orientation,Complete,2013-10-07,2013-10-05,100.0
ONB01895,10236,Manager Introduction,Manager,Orientation,Blocked,2013-10-05,,75.0
ONB01896,10236,Laptop Provisioning,IT,Setup,Blocked,2013-10-07,,23.0
ONB01897,10236,Network Account Setup,IT,Setup,Complete,2013-10-05,2013-10-08,100.0
ONB01898,10236,Email and Collaboration Access,IT,Setup,Complete,2013-10-05,2013-10-03,100.0
ONB01899,10236,Security Awareness Training,Compliance,Enablement,Complete,2013-10-12,2013-10-04,100.0
ONB01900,10236,Company Policy Training,Compliance,Enablement,Complete,2013-10-10,2013-10-07,100.0
ONB01901,10236,Role-Specific Training,Role-specific,Enablement,Complete,2013-10-20,2013-10-22,100.0
ONB01902,10236,Department Process Training,Role-specific,Enablement,Complete,2013-10-15,2013-10-08,100.0
ONB01903,10236,Tool Access Verification,IT,Enablement,Complete,2013-10-10,2013-10-05,100.0
ONB01904,10236,First Week Check-in,Manager,Enablement,Complete,2013-10-10,2013-10-08,100.0
ONB01905,10236,30-Day Onboarding Review,Manager,Productive,Complete,2013-10-30,2013-10-29,100.0
ONB01906,10009,Complete HR Documentation,HR,Preboarding,Blocked,2011-07-08,,69.0
ONB01907,10009,Submit Required Identification,HR,Preboarding,Complete,2011-07-07,2011-07-08,100.0
ONB01908,10009,Complete New Hire Orientation,HR,Orientation,Complete,2011-07-12,2011-07-09,100.0
ONB01909,10009,Manager Introduction,Manager,Orientation,Complete,2011-07-10,2011-07-07,100.0
ONB01910,10009,Laptop Provisioning,IT,Setup,Not Started,2011-07-12,,0.0
ONB01911,10009,Network Account Setup,IT,Setup,Complete,2011-07-10,2011-07-07,100.0
ONB01912,10009,Email and Collaboration Access,IT,Setup,Complete,2011-07-10,2011-07-08,100.0
ONB01913,10009,Security Awareness Training,Compliance,Enablement,In Progress,2011-07-17,,47.0
ONB01914,10009,Company Policy Training,Compliance,Enablement,Complete,2011-07-15,2011-07-15,100.0
ONB01915,10009,Role-Specific Training,Role-specific,Enablement,Blocked,2011-07-25,,15.0
ONB01916,10009,Department Process Training,Role-specific,Enablement,Complete,2011-07-20,2011-07-19,100.0
ONB01917,10009,Tool Access Verification,IT,Enablement,Complete,2011-07-15,2011-07-10,100.0
ONB01918,10009,First Week Check-in,Manager,Enablement,Not Started,2011-07-15,,0.0
ONB01919,10009,30-Day Onboarding Review,Manager,Productive,Complete,2011-08-04,2011-07-26,100.0
ONB01920,10060,Complete HR Documentation,HR,Preboarding,Complete,2014-01-09,2014-01-08,100.0
ONB01921,10060,Submit Required Identification,HR,Preboarding,In Progress,2014-01-08,,20.0
ONB01922,10060,Complete New Hire Orientation,HR,Orientation,Complete,2014-01-13,2014-01-09,100.0
ONB01923,10060,Manager Introduction,Manager,Orientation,Complete,2014-01-11,2014-01-13,100.0
ONB01924,10060,Laptop Provisioning,IT,Setup,Complete,2014-01-13,2014-01-14,100.0
ONB01925,10060,Network Account Setup,IT,Setup,In Progress,2014-01-11,,17.0
ONB01926,10060,Email and Collaboration Access,IT,Setup,Complete,2014-01-11,2014-01-10,100.0
ONB01927,10060,Security Awareness Training,Compliance,Enablement,In Progress,2014-01-18,,19.0
ONB01928,10060,Company Policy Training,Compliance,Enablement,Complete,2014-01-16,2014-01-10,100.0
ONB01929,10060,Role-Specific Training,Role-specific,Enablement,Complete,2014-01-26,2014-01-18,100.0
ONB01930,10060,Department Process Training,Role-specific,Enablement,Blocked,2014-01-21,,57.0
ONB01931,10060,Tool Access Verification,IT,Enablement,Complete,2014-01-16,2014-01-12,100.0
ONB01932,10060,First Week Check-in,Manager,Enablement,Complete,2014-01-16,2014-01-15,100.0
ONB01933,10060,30-Day Onboarding Review,Manager,Productive,Complete,2014-02-05,2014-01-28,100.0
ONB01934,10034,Complete HR Documentation,HR,Preboarding,Complete,2011-11-10,2011-11-09,100.0
ONB01935,10034,Submit Required Identification,HR,Preboarding,Complete,2011-11-09,2011-11-08,100.0
ONB01936,10034,Complete New Hire Orientation,HR,Orientation,In Progress,2011-11-14,,15.0
ONB01937,10034,Manager Introduction,Manager,Orientation,Complete,2011-11-12,2011-11-09,100.0
ONB01938,10034,Laptop Provisioning,IT,Setup,Complete,2011-11-14,2011-11-08,100.0
ONB01939,10034,Email and Collaboration Access,IT,Setup,Complete,2011-11-12,2011-11-09,100.0
ONB01940,10034,Security Awareness Training,Compliance,Enablement,Complete,2011-11-19,2011-11-14,100.0
ONB01941,10034,Company Policy Training,Compliance,Enablement,Complete,2011-11-17,2011-11-20,100.0
ONB01942,10034,Role-Specific Training,Role-specific,Enablement,Complete,2011-11-27,2011-11-25,100.0
ONB01943,10034,Tool Access Verification,IT,Enablement,Complete,2011-11-17,2011-11-10,100.0
ONB01944,10034,30-Day Onboarding Review,Manager,Productive,Complete,2011-12-07,2011-12-08,100.0
ONB01945,10156,Complete HR Documentation,HR,Preboarding,Complete,2015-01-08,2015-01-08,100.0
ONB01946,10156,Submit Required Identification,HR,Preboarding,Complete,2015-01-07,2015-01-08,100.0
ONB01947,10156,Complete New Hire Orientation,HR,Orientation,Complete,2015-01-12,2015-01-06,100.0
ONB01948,10156,Manager Introduction,Manager,Orientation,Complete,2015-01-10,2015-01-11,100.0
ONB01949,10156,Laptop Provisioning,IT,Setup,Complete,2015-01-12,2015-01-14,100.0
ONB01950,10156,Network Account Setup,IT,Setup,Complete,2015-01-10,2015-01-13,100.0
ONB01951,10156,Email and Collaboration Access,IT,Setup,Complete,2015-01-10,2015-01-11,100.0
ONB01952,10156,Security Awareness Training,Compliance,Enablement,Complete,2015-01-17,2015-01-16,100.0
ONB01953,10156,Company Policy Training,Compliance,Enablement,Complete,2015-01-15,2015-01-10,100.0
ONB01954,10156,Role-Specific Training,Role-specific,Enablement,Complete,2015-01-25,2015-01-26,100.0
ONB01955,10156,Department Process Training,Role-specific,Enablement,Blocked,2015-01-20,,55.0
ONB01956,10156,Tool Access Verification,IT,Enablement,In Progress,2015-01-15,,92.0
ONB01957,10156,First Week Check-in,Manager,Enablement,In Progress,2015-01-15,,95.0
ONB01958,10156,30-Day Onboarding Review,Manager,Productive,Blocked,2015-02-04,,68.0
ONB01959,10036,Complete HR Documentation,HR,Preboarding,In Progress,2014-07-10,,82.0
ONB01960,10036,Submit Required Identification,HR,Preboarding,Overdue,2014-07-09,,53.0
ONB01961,10036,Complete New Hire Orientation,HR,Orientation,Complete,2014-07-14,2014-07-12,100.0
ONB01962,10036,Manager Introduction,Manager,Orientation,Complete,2014-07-12,2014-07-13,100.0
ONB01963,10036,Laptop Provisioning,IT,Setup,Complete,2014-07-14,2014-07-16,100.0
ONB01964,10036,Network Account Setup,IT,Setup,In Progress,2014-07-12,,78.0
ONB01965,10036,Email and Collaboration Access,IT,Setup,Not Started,2014-07-12,,0.0
ONB01966,10036,Security Awareness Training,Compliance,Enablement,Complete,2014-07-19,2014-07-20,100.0
ONB01967,10036,Company Policy Training,Compliance,Enablement,Complete,2014-07-17,2014-07-10,100.0
ONB01968,10036,Role-Specific Training,Role-specific,Enablement,Overdue,2014-07-27,,68.0
ONB01969,10036,Department Process Training,Role-specific,Enablement,Blocked,2014-07-22,,34.0
ONB01970,10036,Tool Access Verification,IT,Enablement,Complete,2014-07-17,2014-07-16,100.0
ONB01971,10036,First Week Check-in,Manager,Enablement,Complete,2014-07-17,2014-07-18,100.0
ONB01972,10036,30-Day Onboarding Review,Manager,Productive,Complete,2014-08-06,2014-08-09,100.0
ONB01973,10138,Complete HR Documentation,HR,Preboarding,In Progress,2011-01-13,,79.0
ONB01974,10138,Submit Required Identification,HR,Preboarding,Complete,2011-01-12,2011-01-12,100.0
ONB01975,10138,Complete New Hire Orientation,HR,Orientation,Complete,2011-01-17,2011-01-11,100.0
ONB01976,10138,Manager Introduction,Manager,Orientation,Complete,2011-01-15,2011-01-17,100.0
ONB01977,10138,Laptop Provisioning,IT,Setup,Complete,2011-01-17,2011-01-12,100.0
ONB01978,10138,Network Account Setup,IT,Setup,Complete,2011-01-15,2011-01-16,100.0
ONB01979,10138,Email and Collaboration Access,IT,Setup,Blocked,2011-01-15,,57.0
ONB01980,10138,Security Awareness Training,Compliance,Enablement,Complete,2011-01-22,2011-01-17,100.0
ONB01981,10138,Company Policy Training,Compliance,Enablement,Complete,2011-01-20,2011-01-20,100.0
ONB01982,10138,Role-Specific Training,Role-specific,Enablement,Complete,2011-01-30,2011-01-24,100.0
ONB01983,10138,Department Process Training,Role-specific,Enablement,In Progress,2011-01-25,,66.0
ONB01984,10138,Tool Access Verification,IT,Enablement,Complete,2011-01-20,2011-01-18,100.0
ONB01985,10138,First Week Check-in,Manager,Enablement,Complete,2011-01-20,2011-01-17,100.0
ONB01986,10138,30-Day Onboarding Review,Manager,Productive,Overdue,2011-02-09,,25.0
ONB01987,10244,Complete HR Documentation,HR,Preboarding,In Progress,2011-11-10,,37.0
ONB01988,10244,Submit Required Identification,HR,Preboarding,Complete,2011-11-09,2011-11-12,100.0
ONB01989,10244,Complete New Hire Orientation,HR,Orientation,Complete,2011-11-14,2011-11-14,100.0
ONB01990,10244,Manager Introduction,Manager,Orientation,Not Started,2011-11-12,,0.0
ONB01991,10244,Laptop Provisioning,IT,Setup,Complete,2011-11-14,2011-11-17,100.0
ONB01992,10244,Network Account Setup,IT,Setup,Complete,2011-11-12,2011-11-12,100.0
ONB01993,10244,Email and Collaboration Access,IT,Setup,Complete,2011-11-12,2011-11-13,100.0
ONB01994,10244,Security Awareness Training,Compliance,Enablement,Complete,2011-11-19,2011-11-10,100.0
ONB01995,10244,Company Policy Training,Compliance,Enablement,Complete,2011-11-17,2011-11-09,100.0
ONB01996,10244,Role-Specific Training,Role-specific,Enablement,Complete,2011-11-27,2011-11-14,100.0
ONB01997,10244,Department Process Training,Role-specific,Enablement,Complete,2011-11-22,2011-11-21,100.0
ONB01998,10244,Tool Access Verification,IT,Enablement,In Progress,2011-11-17,,67.0
ONB01999,10244,First Week Check-in,Manager,Enablement,Complete,2011-11-17,2011-11-15,100.0
ONB02000,10244,30-Day Onboarding Review,Manager,Productive,Complete,2011-12-07,2011-11-30,100.0
ONB02001,10192,Complete HR Documentation,HR,Preboarding,Complete,2013-10-03,2013-10-01,100.0
ONB02002,10192,Submit Required Identification,HR,Preboarding,Complete,2013-10-02,2013-09-30,100.0
ONB02003,10192,Complete New Hire Orientation,HR,Orientation,Complete,2013-10-07,2013-10-02,100.0
ONB02004,10192,Manager Introduction,Manager,Orientation,Complete,2013-10-05,2013-10-05,100.0
ONB02005,10192,Laptop Provisioning,IT,Setup,In Progress,2013-10-07,,90.0
ONB02006,10192,Network Account Setup,IT,Setup,Complete,2013-10-05,2013-10-07,100.0
ONB02007,10192,Email and Collaboration Access,IT,Setup,Complete,2013-10-05,2013-10-02,100.0
ONB02008,10192,Security Awareness Training,Compliance,Enablement,Complete,2013-10-12,2013-10-12,100.0
ONB02009,10192,Company Policy Training,Compliance,Enablement,Complete,2013-10-10,2013-10-07,100.0
ONB02010,10192,Role-Specific Training,Role-specific,Enablement,Complete,2013-10-20,2013-10-06,100.0
ONB02011,10192,Department Process Training,Role-specific,Enablement,Complete,2013-10-15,2013-10-08,100.0
ONB02012,10192,Tool Access Verification,IT,Enablement,Blocked,2013-10-10,,48.0
ONB02013,10192,First Week Check-in,Manager,Enablement,Complete,2013-10-10,2013-10-11,100.0
ONB02014,10192,30-Day Onboarding Review,Manager,Productive,Complete,2013-10-30,2013-10-27,100.0
ONB02015,10231,Complete HR Documentation,HR,Preboarding,Complete,2013-08-22,2013-08-19,100.0
ONB02016,10231,Submit Required Identification,HR,Preboarding,Complete,2013-08-21,2013-08-19,100.0
ONB02017,10231,Complete New Hire Orientation,HR,Orientation,Overdue,2013-08-26,,29.0
ONB02018,10231,Manager Introduction,Manager,Orientation,Complete,2013-08-24,2013-08-24,100.0
ONB02019,10231,Laptop Provisioning,IT,Setup,Complete,2013-08-26,2013-08-24,100.0
ONB02020,10231,Network Account Setup,IT,Setup,Complete,2013-08-24,2013-08-24,100.0
ONB02021,10231,Email and Collaboration Access,IT,Setup,Complete,2013-08-24,2013-08-23,100.0
ONB02022,10231,Security Awareness Training,Compliance,Enablement,Complete,2013-08-31,2013-08-31,100.0
ONB02023,10231,Company Policy Training,Compliance,Enablement,Complete,2013-08-29,2013-08-29,100.0
ONB02024,10231,Role-Specific Training,Role-specific,Enablement,In Progress,2013-09-08,,50.0
ONB02025,10231,Department Process Training,Role-specific,Enablement,Complete,2013-09-03,2013-08-27,100.0
ONB02026,10231,Tool Access Verification,IT,Enablement,Complete,2013-08-29,2013-08-27,100.0
ONB02027,10231,First Week Check-in,Manager,Enablement,Complete,2013-08-29,2013-08-29,100.0
ONB02028,10231,30-Day Onboarding Review,Manager,Productive,Overdue,2013-09-18,,80.0
ONB02029,10089,Complete HR Documentation,HR,Preboarding,Complete,2012-07-05,2012-07-05,100.0
ONB02030,10089,Submit Required Identification,HR,Preboarding,Complete,2012-07-04,2012-07-02,100.0
ONB02031,10089,Complete New Hire Orientation,HR,Orientation,Complete,2012-07-09,2012-07-05,100.0
ONB02032,10089,Manager Introduction,Manager,Orientation,Complete,2012-07-07,2012-07-10,100.0
ONB02033,10089,Laptop Provisioning,IT,Setup,Complete,2012-07-09,2012-07-06,100.0
ONB02034,10089,Network Account Setup,IT,Setup,Complete,2012-07-07,2012-07-05,100.0
ONB02035,10089,Email and Collaboration Access,IT,Setup,In Progress,2012-07-07,,32.0
ONB02036,10089,Security Awareness Training,Compliance,Enablement,Complete,2012-07-14,2012-07-13,100.0
ONB02037,10089,Company Policy Training,Compliance,Enablement,Complete,2012-07-12,2012-07-12,100.0
ONB02038,10089,Role-Specific Training,Role-specific,Enablement,Complete,2012-07-22,2012-07-22,100.0
ONB02039,10089,Department Process Training,Role-specific,Enablement,Complete,2012-07-17,2012-07-07,100.0
ONB02040,10089,Tool Access Verification,IT,Enablement,Complete,2012-07-12,2012-07-07,100.0
ONB02041,10089,First Week Check-in,Manager,Enablement,Complete,2012-07-12,2012-07-15,100.0
ONB02042,10089,30-Day Onboarding Review,Manager,Productive,Complete,2012-08-01,2012-07-22,100.0
ONB02043,10166,Complete HR Documentation,HR,Preboarding,Complete,2011-09-29,2011-09-27,100.0
ONB02044,10166,Submit Required Identification,HR,Preboarding,Complete,2011-09-28,2011-10-01,100.0
ONB02045,10166,Complete New Hire Orientation,HR,Orientation,Complete,2011-10-03,2011-09-29,100.0
ONB02046,10166,Manager Introduction,Manager,Orientation,Complete,2011-10-01,2011-10-01,100.0
ONB02047,10166,Laptop Provisioning,IT,Setup,Complete,2011-10-03,2011-10-06,100.0
ONB02048,10166,Network Account Setup,IT,Setup,Complete,2011-10-01,2011-09-28,100.0
ONB02049,10166,Email and Collaboration Access,IT,Setup,Complete,2011-10-01,2011-10-04,100.0
ONB02050,10166,Security Awareness Training,Compliance,Enablement,Complete,2011-10-08,2011-10-03,100.0
ONB02051,10166,Company Policy Training,Compliance,Enablement,Overdue,2011-10-06,,65.0
ONB02052,10166,Role-Specific Training,Role-specific,Enablement,Complete,2011-10-16,2011-10-17,100.0
ONB02053,10166,Department Process Training,Role-specific,Enablement,Not Started,2011-10-11,,0.0
ONB02054,10166,Tool Access Verification,IT,Enablement,Complete,2011-10-06,2011-10-04,100.0
ONB02055,10166,First Week Check-in,Manager,Enablement,Not Started,2011-10-06,,0.0
ONB02056,10166,30-Day Onboarding Review,Manager,Productive,Blocked,2011-10-26,,63.0
ONB02057,10170,Complete HR Documentation,HR,Preboarding,Complete,2011-09-29,2011-10-02,100.0
ONB02058,10170,Submit Required Identification,HR,Preboarding,Complete,2011-09-28,2011-09-28,100.0
ONB02059,10170,Complete New Hire Orientation,HR,Orientation,Complete,2011-10-03,2011-10-02,100.0
ONB02060,10170,Manager Introduction,Manager,Orientation,Overdue,2011-10-01,,86.0
ONB02061,10170,Laptop Provisioning,IT,Setup,Complete,2011-10-03,2011-10-03,100.0
ONB02062,10170,Network Account Setup,IT,Setup,Complete,2011-10-01,2011-10-03,100.0
ONB02063,10170,Email and Collaboration Access,IT,Setup,Complete,2011-10-01,2011-09-28,100.0
ONB02064,10170,Security Awareness Training,Compliance,Enablement,Complete,2011-10-08,2011-10-08,100.0
ONB02065,10170,Company Policy Training,Compliance,Enablement,Complete,2011-10-06,2011-10-07,100.0
ONB02066,10170,Role-Specific Training,Role-specific,Enablement,Complete,2011-10-16,2011-10-02,100.0
ONB02067,10170,Department Process Training,Role-specific,Enablement,Complete,2011-10-11,2011-10-06,100.0
ONB02068,10170,Tool Access Verification,IT,Enablement,In Progress,2011-10-06,,52.0
ONB02069,10170,First Week Check-in,Manager,Enablement,Complete,2011-10-06,2011-10-08,100.0
ONB02070,10170,30-Day Onboarding Review,Manager,Productive,In Progress,2011-10-26,,27.0
ONB02071,10208,Complete HR Documentation,HR,Preboarding,Blocked,2014-02-20,,38.0
ONB02072,10208,Submit Required Identification,HR,Preboarding,Complete,2014-02-19,2014-02-20,100.0
ONB02073,10208,Complete New Hire Orientation,HR,Orientation,Complete,2014-02-24,2014-02-21,100.0
ONB02074,10208,Manager Introduction,Manager,Orientation,Complete,2014-02-22,2014-02-25,100.0
ONB02075,10208,Laptop Provisioning,IT,Setup,Complete,2014-02-24,2014-02-23,100.0
ONB02076,10208,Network Account Setup,IT,Setup,Complete,2014-02-22,2014-02-21,100.0
ONB02077,10208,Email and Collaboration Access,IT,Setup,Blocked,2014-02-22,,16.0
ONB02078,10208,Security Awareness Training,Compliance,Enablement,Complete,2014-03-01,2014-02-23,100.0
ONB02079,10208,Company Policy Training,Compliance,Enablement,Complete,2014-02-27,2014-03-02,100.0
ONB02080,10208,Role-Specific Training,Role-specific,Enablement,Complete,2014-03-09,2014-02-26,100.0
ONB02081,10208,Department Process Training,Role-specific,Enablement,In Progress,2014-03-04,,58.0
ONB02082,10208,Tool Access Verification,IT,Enablement,Complete,2014-02-27,2014-02-21,100.0
ONB02083,10208,First Week Check-in,Manager,Enablement,Complete,2014-02-27,2014-03-02,100.0
ONB02084,10208,30-Day Onboarding Review,Manager,Productive,Complete,2014-03-19,2014-03-12,100.0
ONB02085,10176,Complete HR Documentation,HR,Preboarding,Complete,2011-01-13,2011-01-10,100.0
ONB02086,10176,Submit Required Identification,HR,Preboarding,Not Started,2011-01-12,,0.0
ONB02087,10176,Complete New Hire Orientation,HR,Orientation,Overdue,2011-01-17,,60.0
ONB02088,10176,Manager Introduction,Manager,Orientation,Complete,2011-01-15,2011-01-11,100.0
ONB02089,10176,Laptop Provisioning,IT,Setup,Complete,2011-01-17,2011-01-16,100.0
ONB02090,10176,Network Account Setup,IT,Setup,Complete,2011-01-15,2011-01-12,100.0
ONB02091,10176,Email and Collaboration Access,IT,Setup,Complete,2011-01-15,2011-01-18,100.0
ONB02092,10176,Security Awareness Training,Compliance,Enablement,Complete,2011-01-22,2011-01-17,100.0
ONB02093,10176,Company Policy Training,Compliance,Enablement,Complete,2011-01-20,2011-01-19,100.0
ONB02094,10176,Department Process Training,Role-specific,Enablement,Complete,2011-01-25,2011-01-17,100.0
ONB02095,10176,Tool Access Verification,IT,Enablement,Complete,2011-01-20,2011-01-19,100.0
ONB02096,10176,30-Day Onboarding Review,Manager,Productive,Complete,2011-02-09,2011-02-12,100.0
ONB02097,10165,Complete HR Documentation,HR,Preboarding,Complete,2011-03-10,2011-03-11,100.0
ONB02098,10165,Submit Required Identification,HR,Preboarding,Complete,2011-03-09,2011-03-07,100.0
ONB02099,10165,Complete New Hire Orientation,HR,Orientation,Complete,2011-03-14,2011-03-14,100.0
ONB02100,10165,Manager Introduction,Manager,Orientation,Complete,2011-03-12,2011-03-09,100.0
ONB02101,10165,Laptop Provisioning,IT,Setup,Complete,2011-03-14,2011-03-11,100.0
ONB02102,10165,Network Account Setup,IT,Setup,Complete,2011-03-12,2011-03-08,100.0
ONB02103,10165,Email and Collaboration Access,IT,Setup,Complete,2011-03-12,2011-03-09,100.0
ONB02104,10165,Security Awareness Training,Compliance,Enablement,Complete,2011-03-19,2011-03-13,100.0
ONB02105,10165,Company Policy Training,Compliance,Enablement,Complete,2011-03-17,2011-03-14,100.0
ONB02106,10165,Role-Specific Training,Role-specific,Enablement,Complete,2011-03-27,2011-03-16,100.0
ONB02107,10165,Department Process Training,Role-specific,Enablement,Not Started,2011-03-22,,0.0
ONB02108,10165,Tool Access Verification,IT,Enablement,Not Started,2011-03-17,,0.0
ONB02109,10165,First Week Check-in,Manager,Enablement,Not Started,2011-03-17,,0.0
ONB02110,10165,30-Day Onboarding Review,Manager,Productive,Complete,2011-04-06,2011-04-06,100.0
ONB02111,10113,Complete HR Documentation,HR,Preboarding,Complete,2014-11-13,2014-11-10,100.0
ONB02112,10113,Submit Required Identification,HR,Preboarding,Complete,2014-11-12,2014-11-14,100.0
ONB02113,10113,Complete New Hire Orientation,HR,Orientation,Complete,2014-11-17,2014-11-11,100.0
ONB02114,10113,Manager Introduction,Manager,Orientation,Complete,2014-11-15,2014-11-12,100.0
ONB02115,10113,Laptop Provisioning,IT,Setup,Complete,2014-11-17,2014-11-12,100.0
ONB02116,10113,Network Account Setup,IT,Setup,Complete,2014-11-15,2014-11-18,100.0
ONB02117,10113,Email and Collaboration Access,IT,Setup,Complete,2014-11-15,2014-11-17,100.0
ONB02118,10113,Security Awareness Training,Compliance,Enablement,Complete,2014-11-22,2014-11-20,100.0
ONB02119,10113,Company Policy Training,Compliance,Enablement,Complete,2014-11-20,2014-11-14,100.0
ONB02120,10113,Role-Specific Training,Role-specific,Enablement,Complete,2014-11-30,2014-11-22,100.0
ONB02121,10113,Department Process Training,Role-specific,Enablement,Complete,2014-11-25,2014-11-17,100.0
ONB02122,10113,Tool Access Verification,IT,Enablement,Complete,2014-11-20,2014-11-23,100.0
ONB02123,10113,First Week Check-in,Manager,Enablement,Overdue,2014-11-20,,15.0
ONB02124,10113,30-Day Onboarding Review,Manager,Productive,Complete,2014-12-10,2014-12-05,100.0
ONB02125,10092,Complete HR Documentation,HR,Preboarding,Complete,2011-01-13,2011-01-13,100.0
ONB02126,10092,Submit Required Identification,HR,Preboarding,Complete,2011-01-12,2011-01-15,100.0
ONB02127,10092,Complete New Hire Orientation,HR,Orientation,In Progress,2011-01-17,,22.0
ONB02128,10092,Manager Introduction,Manager,Orientation,Complete,2011-01-15,2011-01-18,100.0
ONB02129,10092,Laptop Provisioning,IT,Setup,Complete,2011-01-17,2011-01-12,100.0
ONB02130,10092,Network Account Setup,IT,Setup,Blocked,2011-01-15,,55.0
ONB02131,10092,Email and Collaboration Access,IT,Setup,Overdue,2011-01-15,,72.0
ONB02132,10092,Security Awareness Training,Compliance,Enablement,Complete,2011-01-22,2011-01-22,100.0
ONB02133,10092,Company Policy Training,Compliance,Enablement,Complete,2011-01-20,2011-01-19,100.0
ONB02134,10092,Role-Specific Training,Role-specific,Enablement,Blocked,2011-01-30,,29.0
ONB02135,10092,Department Process Training,Role-specific,Enablement,Complete,2011-01-25,2011-01-22,100.0
ONB02136,10092,Tool Access Verification,IT,Enablement,Complete,2011-01-20,2011-01-15,100.0
ONB02137,10092,First Week Check-in,Manager,Enablement,Complete,2011-01-20,2011-01-19,100.0
ONB02138,10092,30-Day Onboarding Review,Manager,Productive,Complete,2011-02-09,2011-02-08,100.0
ONB02139,10106,Complete HR Documentation,HR,Preboarding,Complete,2013-01-10,2013-01-09,100.0
ONB02140,10106,Submit Required Identification,HR,Preboarding,In Progress,2013-01-09,,87.0
ONB02141,10106,Complete New Hire Orientation,HR,Orientation,In Progress,2013-01-14,,50.0
ONB02142,10106,Manager Introduction,Manager,Orientation,Complete,2013-01-12,2013-01-13,100.0
ONB02143,10106,Laptop Provisioning,IT,Setup,Complete,2013-01-14,2013-01-17,100.0
ONB02144,10106,Network Account Setup,IT,Setup,Complete,2013-01-12,2013-01-13,100.0
ONB02145,10106,Email and Collaboration Access,IT,Setup,Complete,2013-01-12,2013-01-09,100.0
ONB02146,10106,Security Awareness Training,Compliance,Enablement,Complete,2013-01-19,2013-01-11,100.0
ONB02147,10106,Company Policy Training,Compliance,Enablement,Overdue,2013-01-17,,65.0
ONB02148,10106,Role-Specific Training,Role-specific,Enablement,Complete,2013-01-27,2013-01-15,100.0
ONB02149,10106,Department Process Training,Role-specific,Enablement,Complete,2013-01-22,2013-01-19,100.0
ONB02150,10106,Tool Access Verification,IT,Enablement,In Progress,2013-01-17,,40.0
ONB02151,10106,First Week Check-in,Manager,Enablement,Complete,2013-01-17,2013-01-19,100.0
ONB02152,10106,30-Day Onboarding Review,Manager,Productive,Overdue,2013-02-06,,10.0
ONB02153,10052,Complete HR Documentation,HR,Preboarding,Not Started,2012-07-12,,0.0
ONB02154,10052,Submit Required Identification,HR,Preboarding,Complete,2012-07-11,2012-07-11,100.0
ONB02155,10052,Complete New Hire Orientation,HR,Orientation,Complete,2012-07-16,2012-07-14,100.0
ONB02156,10052,Manager Introduction,Manager,Orientation,Complete,2012-07-14,2012-07-14,100.0
ONB02157,10052,Laptop Provisioning,IT,Setup,In Progress,2012-07-16,,68.0
ONB02158,10052,Network Account Setup,IT,Setup,Complete,2012-07-14,2012-07-12,100.0
ONB02159,10052,Email and Collaboration Access,IT,Setup,Overdue,2012-07-14,,80.0
ONB02160,10052,Security Awareness Training,Compliance,Enablement,Complete,2012-07-21,2012-07-14,100.0
ONB02161,10052,Company Policy Training,Compliance,Enablement,Complete,2012-07-19,2012-07-18,100.0
ONB02162,10052,Role-Specific Training,Role-specific,Enablement,Complete,2012-07-29,2012-07-21,100.0
ONB02163,10052,Department Process Training,Role-specific,Enablement,Complete,2012-07-24,2012-07-25,100.0
ONB02164,10052,Tool Access Verification,IT,Enablement,Complete,2012-07-19,2012-07-16,100.0
ONB02165,10052,First Week Check-in,Manager,Enablement,Complete,2012-07-19,2012-07-14,100.0
ONB02166,10052,30-Day Onboarding Review,Manager,Productive,Complete,2012-08-08,2012-07-31,100.0
ONB02167,10038,Complete HR Documentation,HR,Preboarding,Complete,2014-01-09,2014-01-08,100.0
ONB02168,10038,Submit Required Identification,HR,Preboarding,Complete,2014-01-08,2014-01-10,100.0
ONB02169,10038,Complete New Hire Orientation,HR,Orientation,Complete,2014-01-13,2014-01-15,100.0
ONB02170,10038,Manager Introduction,Manager,Orientation,Complete,2014-01-11,2014-01-14,100.0
ONB02171,10038,Laptop Provisioning,IT,Setup,Complete,2014-01-13,2014-01-08,100.0
ONB02172,10038,Network Account Setup,IT,Setup,Complete,2014-01-11,2014-01-07,100.0
ONB02173,10038,Email and Collaboration Access,IT,Setup,Complete,2014-01-11,2014-01-12,100.0
ONB02174,10038,Security Awareness Training,Compliance,Enablement,In Progress,2014-01-18,,76.0
ONB02175,10038,Company Policy Training,Compliance,Enablement,Complete,2014-01-16,2014-01-09,100.0
ONB02176,10038,Role-Specific Training,Role-specific,Enablement,Complete,2014-01-26,2014-01-15,100.0
ONB02177,10038,Department Process Training,Role-specific,Enablement,Complete,2014-01-21,2014-01-13,100.0
ONB02178,10038,Tool Access Verification,IT,Enablement,Complete,2014-01-16,2014-01-15,100.0
ONB02179,10038,First Week Check-in,Manager,Enablement,Blocked,2014-01-16,,33.0
ONB02180,10038,30-Day Onboarding Review,Manager,Productive,Complete,2014-02-05,2014-01-30,100.0
ONB02181,10249,Complete HR Documentation,HR,Preboarding,Complete,2012-04-05,2012-04-04,100.0
ONB02182,10249,Submit Required Identification,HR,Preboarding,Complete,2012-04-04,2012-04-07,100.0
ONB02183,10249,Complete New Hire Orientation,HR,Orientation,Complete,2012-04-09,2012-04-03,100.0
ONB02184,10249,Manager Introduction,Manager,Orientation,Overdue,2012-04-07,,66.0
ONB02185,10249,Laptop Provisioning,IT,Setup,Complete,2012-04-09,2012-04-06,100.0
ONB02186,10249,Network Account Setup,IT,Setup,In Progress,2012-04-07,,41.0
ONB02187,10249,Email and Collaboration Access,IT,Setup,In Progress,2012-04-07,,64.0
ONB02188,10249,Security Awareness Training,Compliance,Enablement,In Progress,2012-04-14,,55.0
ONB02189,10249,Company Policy Training,Compliance,Enablement,Complete,2012-04-12,2012-04-14,100.0
ONB02190,10249,Role-Specific Training,Role-specific,Enablement,Blocked,2012-04-22,,44.0
ONB02191,10249,Department Process Training,Role-specific,Enablement,Complete,2012-04-17,2012-04-14,100.0
ONB02192,10249,Tool Access Verification,IT,Enablement,Overdue,2012-04-12,,44.0
ONB02193,10249,First Week Check-in,Manager,Enablement,In Progress,2012-04-12,,63.0
ONB02194,10249,30-Day Onboarding Review,Manager,Productive,Complete,2012-05-02,2012-05-04,100.0
ONB02195,10232,Complete HR Documentation,HR,Preboarding,Complete,2016-10-05,2016-10-02,100.0
ONB02196,10232,Submit Required Identification,HR,Preboarding,Complete,2016-10-04,2016-10-05,100.0
ONB02197,10232,Complete New Hire Orientation,HR,Orientation,In Progress,2016-10-09,,56.0
ONB02198,10232,Manager Introduction,Manager,Orientation,In Progress,2016-10-07,,88.0
ONB02199,10232,Laptop Provisioning,IT,Setup,Complete,2016-10-09,2016-10-03,100.0
ONB02200,10232,Network Account Setup,IT,Setup,Complete,2016-10-07,2016-10-06,100.0
ONB02201,10232,Email and Collaboration Access,IT,Setup,Complete,2016-10-07,2016-10-05,100.0
ONB02202,10232,Security Awareness Training,Compliance,Enablement,Complete,2016-10-14,2016-10-05,100.0
ONB02203,10232,Company Policy Training,Compliance,Enablement,Blocked,2016-10-12,,57.0
ONB02204,10232,Role-Specific Training,Role-specific,Enablement,In Progress,2016-10-22,,72.0
ONB02205,10232,Department Process Training,Role-specific,Enablement,Complete,2016-10-17,2016-10-07,100.0
ONB02206,10232,Tool Access Verification,IT,Enablement,Complete,2016-10-12,2016-10-10,100.0
ONB02207,10232,First Week Check-in,Manager,Enablement,Complete,2016-10-12,2016-10-11,100.0
ONB02208,10232,30-Day Onboarding Review,Manager,Productive,Complete,2016-11-01,2016-10-28,100.0
ONB02209,10087,Complete HR Documentation,HR,Preboarding,Complete,2011-09-29,2011-09-30,100.0
ONB02210,10087,Complete New Hire Orientation,HR,Orientation,Not Started,2011-10-03,,0.0
ONB02211,10087,Manager Introduction,Manager,Orientation,Complete,2011-10-01,2011-09-30,100.0
ONB02212,10087,Laptop Provisioning,IT,Setup,Not Started,2011-10-03,,0.0
ONB02213,10087,Network Account Setup,IT,Setup,Complete,2011-10-01,2011-10-02,100.0
ONB02214,10087,Email and Collaboration Access,IT,Setup,Complete,2011-10-01,2011-10-03,100.0
ONB02215,10087,Security Awareness Training,Compliance,Enablement,Complete,2011-10-08,2011-10-06,100.0
ONB02216,10087,Company Policy Training,Compliance,Enablement,Complete,2011-10-06,2011-10-09,100.0
ONB02217,10087,Role-Specific Training,Role-specific,Enablement,Blocked,2011-10-16,,13.0
ONB02218,10087,Department Process Training,Role-specific,Enablement,Complete,2011-10-11,2011-10-11,100.0
ONB02219,10087,Tool Access Verification,IT,Enablement,Complete,2011-10-06,2011-10-02,100.0
ONB02220,10087,First Week Check-in,Manager,Enablement,Overdue,2011-10-06,,44.0
ONB02221,10134,Complete HR Documentation,HR,Preboarding,Complete,2016-01-08,2016-01-11,100.0
ONB02222,10134,Submit Required Identification,HR,Preboarding,Complete,2016-01-07,2016-01-05,100.0
ONB02223,10134,Complete New Hire Orientation,HR,Orientation,Complete,2016-01-12,2016-01-08,100.0
ONB02224,10134,Manager Introduction,Manager,Orientation,In Progress,2016-01-10,,21.0
ONB02225,10134,Laptop Provisioning,IT,Setup,Complete,2016-01-12,2016-01-12,100.0
ONB02226,10134,Network Account Setup,IT,Setup,Complete,2016-01-10,2016-01-12,100.0
ONB02227,10134,Email and Collaboration Access,IT,Setup,Complete,2016-01-10,2016-01-13,100.0
ONB02228,10134,Security Awareness Training,Compliance,Enablement,Blocked,2016-01-17,,8.0
ONB02229,10134,Company Policy Training,Compliance,Enablement,Complete,2016-01-15,2016-01-17,100.0
ONB02230,10134,Role-Specific Training,Role-specific,Enablement,Complete,2016-01-25,2016-01-11,100.0
ONB02231,10134,Department Process Training,Role-specific,Enablement,In Progress,2016-01-20,,83.0
ONB02232,10134,Tool Access Verification,IT,Enablement,Complete,2016-01-15,2016-01-09,100.0
ONB02233,10134,First Week Check-in,Manager,Enablement,In Progress,2016-01-15,,89.0
ONB02234,10134,30-Day Onboarding Review,Manager,Productive,Complete,2016-02-04,2016-02-04,100.0
ONB02235,10251,Complete HR Documentation,HR,Preboarding,Complete,2012-05-17,2012-05-19,100.0
ONB02236,10251,Submit Required Identification,HR,Preboarding,Complete,2012-05-16,2012-05-19,100.0
ONB02237,10251,Complete New Hire Orientation,HR,Orientation,In Progress,2012-05-21,,47.0
ONB02238,10251,Laptop Provisioning,IT,Setup,Complete,2012-05-21,2012-05-22,100.0
ONB02239,10251,Network Account Setup,IT,Setup,Complete,2012-05-19,2012-05-18,100.0
ONB02240,10251,Email and Collaboration Access,IT,Setup,Blocked,2012-05-19,,29.0
ONB02241,10251,Security Awareness Training,Compliance,Enablement,Complete,2012-05-26,2012-05-25,100.0
ONB02242,10251,Company Policy Training,Compliance,Enablement,In Progress,2012-05-24,,68.0
ONB02243,10251,Role-Specific Training,Role-specific,Enablement,In Progress,2012-06-03,,25.0
ONB02244,10251,Department Process Training,Role-specific,Enablement,Complete,2012-05-29,2012-05-25,100.0
ONB02245,10251,Tool Access Verification,IT,Enablement,Complete,2012-05-24,2012-05-21,100.0
ONB02246,10251,First Week Check-in,Manager,Enablement,Blocked,2012-05-24,,20.0
ONB02247,10103,Complete HR Documentation,HR,Preboarding,In Progress,2012-05-03,,56.0
ONB02248,10103,Submit Required Identification,HR,Preboarding,Complete,2012-05-02,2012-05-05,100.0
ONB02249,10103,Manager Introduction,Manager,Orientation,In Progress,2012-05-05,,71.0
ONB02250,10103,Laptop Provisioning,IT,Setup,Complete,2012-05-07,2012-05-09,100.0
ONB02251,10103,Network Account Setup,IT,Setup,Complete,2012-05-05,2012-05-05,100.0
ONB02252,10103,Security Awareness Training,Compliance,Enablement,Blocked,2012-05-12,,30.0
ONB02253,10103,Company Policy Training,Compliance,Enablement,Complete,2012-05-10,2012-05-09,100.0
ONB02254,10103,Role-Specific Training,Role-specific,Enablement,Complete,2012-05-20,2012-05-18,100.0
ONB02255,10103,Department Process Training,Role-specific,Enablement,Complete,2012-05-15,2012-05-06,100.0
ONB02256,10103,Tool Access Verification,IT,Enablement,Complete,2012-05-10,2012-05-09,100.0
ONB02257,10103,First Week Check-in,Manager,Enablement,Blocked,2012-05-10,,70.0
ONB02258,10103,30-Day Onboarding Review,Manager,Productive,Blocked,2012-05-30,,11.0
ONB02259,10017,Complete HR Documentation,HR,Preboarding,Not Started,2013-10-03,,0.0
ONB02260,10017,Submit Required Identification,HR,Preboarding,Complete,2013-10-02,2013-10-01,100.0
ONB02261,10017,Complete New Hire Orientation,HR,Orientation,Complete,2013-10-07,2013-10-01,100.0
ONB02262,10017,Manager Introduction,Manager,Orientation,Complete,2013-10-05,2013-10-07,100.0
ONB02263,10017,Laptop Provisioning,IT,Setup,In Progress,2013-10-07,,62.0
ONB02264,10017,Network Account Setup,IT,Setup,Complete,2013-10-05,2013-10-02,100.0
ONB02265,10017,Email and Collaboration Access,IT,Setup,Complete,2013-10-05,2013-10-04,100.0
ONB02266,10017,Security Awareness Training,Compliance,Enablement,Complete,2013-10-12,2013-10-06,100.0
ONB02267,10017,Company Policy Training,Compliance,Enablement,Complete,2013-10-10,2013-10-10,100.0
ONB02268,10017,Role-Specific Training,Role-specific,Enablement,Complete,2013-10-20,2013-10-08,100.0
ONB02269,10017,Department Process Training,Role-specific,Enablement,Complete,2013-10-15,2013-10-18,100.0
ONB02270,10017,Tool Access Verification,IT,Enablement,Complete,2013-10-10,2013-10-05,100.0
ONB02271,10017,First Week Check-in,Manager,Enablement,Complete,2013-10-10,2013-10-06,100.0
ONB02272,10017,30-Day Onboarding Review,Manager,Productive,Complete,2013-10-30,2013-10-30,100.0
ONB02273,10186,Complete HR Documentation,HR,Preboarding,Complete,2011-07-08,2011-07-11,100.0
ONB02274,10186,Submit Required Identification,HR,Preboarding,In Progress,2011-07-07,,33.0
ONB02275,10186,Complete New Hire Orientation,HR,Orientation,In Progress,2011-07-12,,35.0
ONB02276,10186,Manager Introduction,Manager,Orientation,Complete,2011-07-10,2011-07-09,100.0
ONB02277,10186,Laptop Provisioning,IT,Setup,Overdue,2011-07-12,,56.0
ONB02278,10186,Network Account Setup,IT,Setup,In Progress,2011-07-10,,16.0
ONB02279,10186,Email and Collaboration Access,IT,Setup,Complete,2011-07-10,2011-07-12,100.0
ONB02280,10186,Security Awareness Training,Compliance,Enablement,In Progress,2011-07-17,,88.0
ONB02281,10186,Company Policy Training,Compliance,Enablement,Complete,2011-07-15,2011-07-13,100.0
ONB02282,10186,Role-Specific Training,Role-specific,Enablement,Complete,2011-07-25,2011-07-25,100.0
ONB02283,10186,Department Process Training,Role-specific,Enablement,Complete,2011-07-20,2011-07-12,100.0
ONB02284,10186,Tool Access Verification,IT,Enablement,Complete,2011-07-15,2011-07-08,100.0
ONB02285,10186,First Week Check-in,Manager,Enablement,Blocked,2011-07-15,,56.0
ONB02286,10186,30-Day Onboarding Review,Manager,Productive,Overdue,2011-08-04,,85.0
ONB02287,10137,Complete HR Documentation,HR,Preboarding,Complete,2013-07-11,2013-07-08,100.0
ONB02288,10137,Submit Required Identification,HR,Preboarding,Complete,2013-07-10,2013-07-08,100.0
ONB02289,10137,Complete New Hire Orientation,HR,Orientation,Complete,2013-07-15,2013-07-17,100.0
ONB02290,10137,Manager Introduction,Manager,Orientation,Complete,2013-07-13,2013-07-16,100.0
ONB02291,10137,Laptop Provisioning,IT,Setup,Complete,2013-07-15,2013-07-09,100.0
ONB02292,10137,Network Account Setup,IT,Setup,In Progress,2013-07-13,,87.0
ONB02293,10137,Email and Collaboration Access,IT,Setup,Complete,2013-07-13,2013-07-10,100.0
ONB02294,10137,Security Awareness Training,Compliance,Enablement,Complete,2013-07-20,2013-07-12,100.0
ONB02295,10137,Company Policy Training,Compliance,Enablement,In Progress,2013-07-18,,33.0
ONB02296,10137,Role-Specific Training,Role-specific,Enablement,Overdue,2013-07-28,,90.0
ONB02297,10137,Department Process Training,Role-specific,Enablement,Blocked,2013-07-23,,58.0
ONB02298,10137,Tool Access Verification,IT,Enablement,Complete,2013-07-18,2013-07-15,100.0
ONB02299,10137,First Week Check-in,Manager,Enablement,Complete,2013-07-18,2013-07-20,100.0
ONB02300,10137,30-Day Onboarding Review,Manager,Productive,Complete,2013-08-07,2013-08-06,100.0
ONB02301,10008,Complete HR Documentation,HR,Preboarding,Complete,2011-01-24,2011-01-25,100.0
ONB02302,10008,Submit Required Identification,HR,Preboarding,In Progress,2011-01-23,,74.0
ONB02303,10008,Complete New Hire Orientation,HR,Orientation,Blocked,2011-01-28,,14.0
ONB02304,10008,Manager Introduction,Manager,Orientation,Complete,2011-01-26,2011-01-29,100.0
ONB02305,10008,Laptop Provisioning,IT,Setup,Complete,2011-01-28,2011-01-27,100.0
ONB02306,10008,Network Account Setup,IT,Setup,Complete,2011-01-26,2011-01-23,100.0
ONB02307,10008,Email and Collaboration Access,IT,Setup,Blocked,2011-01-26,,35.0
ONB02308,10008,Security Awareness Training,Compliance,Enablement,Overdue,2011-02-02,,45.0
ONB02309,10008,Company Policy Training,Compliance,Enablement,Complete,2011-01-31,2011-01-26,100.0
ONB02310,10008,Role-Specific Training,Role-specific,Enablement,In Progress,2011-02-10,,26.0
ONB02311,10008,Tool Access Verification,IT,Enablement,Complete,2011-01-31,2011-01-30,100.0
ONB02312,10008,First Week Check-in,Manager,Enablement,In Progress,2011-01-31,,36.0
ONB02313,10008,30-Day Onboarding Review,Manager,Productive,Complete,2011-02-20,2011-02-17,100.0
ONB02314,10096,Complete HR Documentation,HR,Preboarding,Complete,2013-07-11,2013-07-12,100.0
ONB02315,10096,Submit Required Identification,HR,Preboarding,In Progress,2013-07-10,,29.0
ONB02316,10096,Complete New Hire Orientation,HR,Orientation,Complete,2013-07-15,2013-07-17,100.0
ONB02317,10096,Manager Introduction,Manager,Orientation,In Progress,2013-07-13,,78.0
ONB02318,10096,Laptop Provisioning,IT,Setup,In Progress,2013-07-15,,56.0
ONB02319,10096,Network Account Setup,IT,Setup,Complete,2013-07-13,2013-07-09,100.0
ONB02320,10096,Email and Collaboration Access,IT,Setup,Complete,2013-07-13,2013-07-16,100.0
ONB02321,10096,Security Awareness Training,Compliance,Enablement,Overdue,2013-07-20,,54.0
ONB02322,10096,Company Policy Training,Compliance,Enablement,Complete,2013-07-18,2013-07-14,100.0
ONB02323,10096,Role-Specific Training,Role-specific,Enablement,Complete,2013-07-28,2013-07-29,100.0
ONB02324,10096,Department Process Training,Role-specific,Enablement,Complete,2013-07-23,2013-07-22,100.0
ONB02325,10096,Tool Access Verification,IT,Enablement,In Progress,2013-07-18,,19.0
ONB02326,10096,First Week Check-in,Manager,Enablement,Complete,2013-07-18,2013-07-18,100.0
ONB02327,10096,30-Day Onboarding Review,Manager,Productive,In Progress,2013-08-07,,35.0
ONB02328,10035,Complete HR Documentation,HR,Preboarding,Complete,2013-08-22,2013-08-21,100.0
ONB02329,10035,Submit Required Identification,HR,Preboarding,Complete,2013-08-21,2013-08-19,100.0
ONB02330,10035,Complete New Hire Orientation,HR,Orientation,Complete,2013-08-26,2013-08-26,100.0
ONB02331,10035,Manager Introduction,Manager,Orientation,Complete,2013-08-24,2013-08-21,100.0
ONB02332,10035,Laptop Provisioning,IT,Setup,Complete,2013-08-26,2013-08-23,100.0
ONB02333,10035,Network Account Setup,IT,Setup,Complete,2013-08-24,2013-08-24,100.0
ONB02334,10035,Email and Collaboration Access,IT,Setup,Complete,2013-08-24,2013-08-24,100.0
ONB02335,10035,Security Awareness Training,Compliance,Enablement,Complete,2013-08-31,2013-08-23,100.0
ONB02336,10035,Company Policy Training,Compliance,Enablement,Complete,2013-08-29,2013-09-01,100.0
ONB02337,10035,Role-Specific Training,Role-specific,Enablement,Blocked,2013-09-08,,23.0
ONB02338,10035,Department Process Training,Role-specific,Enablement,In Progress,2013-09-03,,23.0
ONB02339,10035,Tool Access Verification,IT,Enablement,Complete,2013-08-29,2013-08-26,100.0
ONB02340,10035,First Week Check-in,Manager,Enablement,Complete,2013-08-29,2013-08-31,100.0
ONB02341,10035,30-Day Onboarding Review,Manager,Productive,Complete,2013-09-18,2013-09-19,100.0
ONB02342,10057,Complete HR Documentation,HR,Preboarding,Complete,2015-02-19,2015-02-19,100.0
ONB02343,10057,Submit Required Identification,HR,Preboarding,Complete,2015-02-18,2015-02-16,100.0
ONB02344,10057,Complete New Hire Orientation,HR,Orientation,Blocked,2015-02-23,,51.0
ONB02345,10057,Manager Introduction,Manager,Orientation,Complete,2015-02-21,2015-02-24,100.0
ONB02346,10057,Laptop Provisioning,IT,Setup,Complete,2015-02-23,2015-02-23,100.0
ONB02347,10057,Network Account Setup,IT,Setup,Complete,2015-02-21,2015-02-20,100.0
ONB02348,10057,Email and Collaboration Access,IT,Setup,Complete,2015-02-21,2015-02-22,100.0
ONB02349,10057,Security Awareness Training,Compliance,Enablement,Blocked,2015-02-28,,1.0
ONB02350,10057,Company Policy Training,Compliance,Enablement,Not Started,2015-02-26,,0.0
ONB02351,10057,Role-Specific Training,Role-specific,Enablement,Complete,2015-03-08,2015-03-10,100.0
ONB02352,10057,Department Process Training,Role-specific,Enablement,Complete,2015-03-03,2015-03-02,100.0
ONB02353,10057,Tool Access Verification,IT,Enablement,Complete,2015-02-26,2015-02-26,100.0
ONB02354,10057,First Week Check-in,Manager,Enablement,Complete,2015-02-26,2015-02-22,100.0
ONB02355,10057,30-Day Onboarding Review,Manager,Productive,Complete,2015-03-18,2015-03-17,100.0
ONB02356,10004,Complete HR Documentation,HR,Preboarding,Complete,2011-11-10,2011-11-12,100.0
ONB02357,10004,Submit Required Identification,HR,Preboarding,Complete,2011-11-09,2011-11-08,100.0
ONB02358,10004,Complete New Hire Orientation,HR,Orientation,Complete,2011-11-14,2011-11-17,100.0
ONB02359,10004,Manager Introduction,Manager,Orientation,Complete,2011-11-12,2011-11-12,100.0
ONB02360,10004,Laptop Provisioning,IT,Setup,Complete,2011-11-14,2011-11-09,100.0
ONB02361,10004,Network Account Setup,IT,Setup,Not Started,2011-11-12,,0.0
ONB02362,10004,Email and Collaboration Access,IT,Setup,Complete,2011-11-12,2011-11-08,100.0
ONB02363,10004,Security Awareness Training,Compliance,Enablement,Complete,2011-11-19,2011-11-21,100.0
ONB02364,10004,Company Policy Training,Compliance,Enablement,Complete,2011-11-17,2011-11-09,100.0
ONB02365,10004,Role-Specific Training,Role-specific,Enablement,Complete,2011-11-27,2011-11-12,100.0
ONB02366,10004,Department Process Training,Role-specific,Enablement,Complete,2011-11-22,2011-11-17,100.0
ONB02367,10004,Tool Access Verification,IT,Enablement,Complete,2011-11-17,2011-11-15,100.0
ONB02368,10004,First Week Check-in,Manager,Enablement,In Progress,2011-11-17,,49.0
ONB02369,10004,30-Day Onboarding Review,Manager,Productive,Complete,2011-12-07,2011-12-10,100.0
ONB02370,10191,Complete HR Documentation,HR,Preboarding,In Progress,2012-09-27,,72.0
ONB02371,10191,Submit Required Identification,HR,Preboarding,Blocked,2012-09-26,,18.0
ONB02372,10191,Complete New Hire Orientation,HR,Orientation,Complete,2012-10-01,2012-09-28,100.0
ONB02373,10191,Manager Introduction,Manager,Orientation,Complete,2012-09-29,2012-10-01,100.0
ONB02374,10191,Laptop Provisioning,IT,Setup,Complete,2012-10-01,2012-10-02,100.0
ONB02375,10191,Network Account Setup,IT,Setup,Complete,2012-09-29,2012-09-29,100.0
ONB02376,10191,Email and Collaboration Access,IT,Setup,Blocked,2012-09-29,,16.0
ONB02377,10191,Security Awareness Training,Compliance,Enablement,Complete,2012-10-06,2012-10-09,100.0
ONB02378,10191,Company Policy Training,Compliance,Enablement,Complete,2012-10-04,2012-09-26,100.0
ONB02379,10191,Role-Specific Training,Role-specific,Enablement,Complete,2012-10-14,2012-10-05,100.0
ONB02380,10191,Department Process Training,Role-specific,Enablement,Complete,2012-10-09,2012-10-02,100.0
ONB02381,10191,Tool Access Verification,IT,Enablement,In Progress,2012-10-04,,84.0
ONB02382,10191,First Week Check-in,Manager,Enablement,Complete,2012-10-04,2012-10-05,100.0
ONB02383,10191,30-Day Onboarding Review,Manager,Productive,Complete,2012-10-24,2012-10-20,100.0
ONB02384,10219,Complete HR Documentation,HR,Preboarding,Complete,2014-01-09,2014-01-09,100.0
ONB02385,10219,Submit Required Identification,HR,Preboarding,Complete,2014-01-08,2014-01-08,100.0
ONB02386,10219,Complete New Hire Orientation,HR,Orientation,Complete,2014-01-13,2014-01-10,100.0
ONB02387,10219,Manager Introduction,Manager,Orientation,Complete,2014-01-11,2014-01-13,100.0
ONB02388,10219,Laptop Provisioning,IT,Setup,Complete,2014-01-13,2014-01-14,100.0
ONB02389,10219,Network Account Setup,IT,Setup,Blocked,2014-01-11,,39.0
ONB02390,10219,Email and Collaboration Access,IT,Setup,Complete,2014-01-11,2014-01-11,100.0
ONB02391,10219,Security Awareness Training,Compliance,Enablement,Complete,2014-01-18,2014-01-10,100.0
ONB02392,10219,Company Policy Training,Compliance,Enablement,Complete,2014-01-16,2014-01-18,100.0
ONB02393,10219,Role-Specific Training,Role-specific,Enablement,In Progress,2014-01-26,,39.0
ONB02394,10219,Department Process Training,Role-specific,Enablement,Complete,2014-01-21,2014-01-21,100.0
ONB02395,10219,Tool Access Verification,IT,Enablement,Complete,2014-01-16,2014-01-09,100.0
ONB02396,10219,First Week Check-in,Manager,Enablement,In Progress,2014-01-16,,90.0
ONB02397,10219,30-Day Onboarding Review,Manager,Productive,In Progress,2014-02-05,,83.0
ONB02398,10077,Complete HR Documentation,HR,Preboarding,In Progress,2016-05-14,,93.0
ONB02399,10077,Submit Required Identification,HR,Preboarding,Complete,2016-05-13,2016-05-15,100.0
ONB02400,10077,Complete New Hire Orientation,HR,Orientation,Complete,2016-05-18,2016-05-18,100.0
ONB02401,10077,Manager Introduction,Manager,Orientation,Complete,2016-05-16,2016-05-18,100.0
ONB02402,10077,Laptop Provisioning,IT,Setup,Complete,2016-05-18,2016-05-20,100.0
ONB02403,10077,Network Account Setup,IT,Setup,Complete,2016-05-16,2016-05-15,100.0
ONB02404,10077,Email and Collaboration Access,IT,Setup,Complete,2016-05-16,2016-05-12,100.0
ONB02405,10077,Security Awareness Training,Compliance,Enablement,Blocked,2016-05-23,,50.0
ONB02406,10077,Company Policy Training,Compliance,Enablement,Complete,2016-05-21,2016-05-14,100.0
ONB02407,10077,Role-Specific Training,Role-specific,Enablement,Complete,2016-05-31,2016-05-22,100.0
ONB02408,10077,Department Process Training,Role-specific,Enablement,Complete,2016-05-26,2016-05-21,100.0
ONB02409,10077,Tool Access Verification,IT,Enablement,Complete,2016-05-21,2016-05-24,100.0
ONB02410,10077,First Week Check-in,Manager,Enablement,Complete,2016-05-21,2016-05-20,100.0
ONB02411,10077,30-Day Onboarding Review,Manager,Productive,Not Started,2016-06-10,,0.0
ONB02412,10073,Complete HR Documentation,HR,Preboarding,In Progress,2011-07-08,,37.0
ONB02413,10073,Submit Required Identification,HR,Preboarding,Complete,2011-07-07,2011-07-06,100.0
ONB02414,10073,Complete New Hire Orientation,HR,Orientation,Complete,2011-07-12,2011-07-06,100.0
ONB02415,10073,Manager Introduction,Manager,Orientation,Complete,2011-07-10,2011-07-09,100.0
ONB02416,10073,Laptop Provisioning,IT,Setup,Complete,2011-07-12,2011-07-12,100.0
ONB02417,10073,Network Account Setup,IT,Setup,In Progress,2011-07-10,,84.0
ONB02418,10073,Email and Collaboration Access,IT,Setup,In Progress,2011-07-10,,77.0
ONB02419,10073,Security Awareness Training,Compliance,Enablement,Complete,2011-07-17,2011-07-12,100.0
ONB02420,10073,Company Policy Training,Compliance,Enablement,Not Started,2011-07-15,,0.0
ONB02421,10073,Role-Specific Training,Role-specific,Enablement,Complete,2011-07-25,2011-07-23,100.0
ONB02422,10073,Department Process Training,Role-specific,Enablement,Complete,2011-07-20,2011-07-22,100.0
ONB02423,10073,Tool Access Verification,IT,Enablement,Complete,2011-07-15,2011-07-16,100.0
ONB02424,10073,First Week Check-in,Manager,Enablement,Complete,2011-07-15,2011-07-18,100.0
ONB02425,10073,30-Day Onboarding Review,Manager,Productive,Complete,2011-08-04,2011-08-04,100.0
ONB02426,10279,Complete HR Documentation,HR,Preboarding,Complete,2013-11-14,2013-11-14,100.0
ONB02427,10279,Submit Required Identification,HR,Preboarding,Blocked,2013-11-13,,23.0
ONB02428,10279,Complete New Hire Orientation,HR,Orientation,Complete,2013-11-18,2013-11-19,100.0
ONB02429,10279,Manager Introduction,Manager,Orientation,Blocked,2013-11-16,,27.0
ONB02430,10279,Laptop Provisioning,IT,Setup,Complete,2013-11-18,2013-11-15,100.0
ONB02431,10279,Network Account Setup,IT,Setup,Complete,2013-11-16,2013-11-18,100.0
ONB02432,10279,Email and Collaboration Access,IT,Setup,Complete,2013-11-16,2013-11-16,100.0
ONB02433,10279,Security Awareness Training,Compliance,Enablement,Complete,2013-11-23,2013-11-14,100.0
ONB02434,10279,Company Policy Training,Compliance,Enablement,In Progress,2013-11-21,,91.0
ONB02435,10279,Role-Specific Training,Role-specific,Enablement,Not Started,2013-12-01,,0.0
ONB02436,10279,Department Process Training,Role-specific,Enablement,Complete,2013-11-26,2013-11-27,100.0
ONB02437,10279,Tool Access Verification,IT,Enablement,In Progress,2013-11-21,,20.0
ONB02438,10279,First Week Check-in,Manager,Enablement,Overdue,2013-11-21,,46.0
ONB02439,10279,30-Day Onboarding Review,Manager,Productive,Complete,2013-12-11,2013-12-03,100.0
ONB02440,10110,Complete HR Documentation,HR,Preboarding,Complete,2013-11-14,2013-11-17,100.0
ONB02441,10110,Submit Required Identification,HR,Preboarding,In Progress,2013-11-13,,17.0
ONB02442,10110,Complete New Hire Orientation,HR,Orientation,Complete,2013-11-18,2013-11-14,100.0
ONB02443,10110,Manager Introduction,Manager,Orientation,Not Started,2013-11-16,,0.0
ONB02444,10110,Laptop Provisioning,IT,Setup,Complete,2013-11-18,2013-11-14,100.0
ONB02445,10110,Network Account Setup,IT,Setup,Complete,2013-11-16,2013-11-13,100.0
ONB02446,10110,Email and Collaboration Access,IT,Setup,Complete,2013-11-16,2013-11-15,100.0
ONB02447,10110,Security Awareness Training,Compliance,Enablement,Overdue,2013-11-23,,56.0
ONB02448,10110,Company Policy Training,Compliance,Enablement,Not Started,2013-11-21,,0.0
ONB02449,10110,Role-Specific Training,Role-specific,Enablement,Complete,2013-12-01,2013-11-22,100.0
ONB02450,10110,Department Process Training,Role-specific,Enablement,Complete,2013-11-26,2013-11-25,100.0
ONB02451,10110,Tool Access Verification,IT,Enablement,Blocked,2013-11-21,,67.0
ONB02452,10110,First Week Check-in,Manager,Enablement,Complete,2013-11-21,2013-11-17,100.0
ONB02453,10110,30-Day Onboarding Review,Manager,Productive,Not Started,2013-12-11,,0.0
ONB02454,10053,Complete HR Documentation,HR,Preboarding,Complete,2011-06-03,2011-05-31,100.0
ONB02455,10053,Submit Required Identification,HR,Preboarding,Complete,2011-06-02,2011-06-04,100.0
ONB02456,10053,Complete New Hire Orientation,HR,Orientation,Complete,2011-06-07,2011-06-06,100.0
ONB02457,10053,Manager Introduction,Manager,Orientation,Complete,2011-06-05,2011-06-03,100.0
ONB02458,10053,Laptop Provisioning,IT,Setup,Complete,2011-06-07,2011-06-06,100.0
ONB02459,10053,Network Account Setup,IT,Setup,Complete,2011-06-05,2011-06-04,100.0
ONB02460,10053,Email and Collaboration Access,IT,Setup,Complete,2011-06-05,2011-06-06,100.0
ONB02461,10053,Security Awareness Training,Compliance,Enablement,Complete,2011-06-12,2011-06-15,100.0
ONB02462,10053,Company Policy Training,Compliance,Enablement,Blocked,2011-06-10,,38.0
ONB02463,10053,Role-Specific Training,Role-specific,Enablement,Complete,2011-06-20,2011-06-07,100.0
ONB02464,10053,Department Process Training,Role-specific,Enablement,Blocked,2011-06-15,,66.0
ONB02465,10053,Tool Access Verification,IT,Enablement,Complete,2011-06-10,2011-06-06,100.0
ONB02466,10053,First Week Check-in,Manager,Enablement,Complete,2011-06-10,2011-06-08,100.0
ONB02467,10053,30-Day Onboarding Review,Manager,Productive,Complete,2011-06-30,2011-06-23,100.0
ONB02468,10076,Complete HR Documentation,HR,Preboarding,Complete,2015-04-02,2015-04-03,100.0
ONB02469,10076,Submit Required Identification,HR,Preboarding,Complete,2015-04-01,2015-04-02,100.0
ONB02470,10076,Complete New Hire Orientation,HR,Orientation,Complete,2015-04-06,2015-03-31,100.0
ONB02471,10076,Manager Introduction,Manager,Orientation,Complete,2015-04-04,2015-04-05,100.0
ONB02472,10076,Laptop Provisioning,IT,Setup,Complete,2015-04-06,2015-04-05,100.0
ONB02473,10076,Network Account Setup,IT,Setup,Complete,2015-04-04,2015-04-01,100.0
ONB02474,10076,Email and Collaboration Access,IT,Setup,Complete,2015-04-04,2015-04-03,100.0
ONB02475,10076,Security Awareness Training,Compliance,Enablement,Complete,2015-04-11,2015-04-02,100.0
ONB02476,10076,Company Policy Training,Compliance,Enablement,Not Started,2015-04-09,,0.0
ONB02477,10076,Role-Specific Training,Role-specific,Enablement,Overdue,2015-04-19,,17.0
ONB02478,10076,Department Process Training,Role-specific,Enablement,Complete,2015-04-14,2015-04-07,100.0
ONB02479,10076,Tool Access Verification,IT,Enablement,Complete,2015-04-09,2015-04-04,100.0
ONB02480,10076,First Week Check-in,Manager,Enablement,In Progress,2015-04-09,,83.0
ONB02481,10076,30-Day Onboarding Review,Manager,Productive,Complete,2015-04-29,2015-04-28,100.0
ONB02482,10145,Complete HR Documentation,HR,Preboarding,Blocked,2013-01-10,,9.0
ONB02483,10145,Submit Required Identification,HR,Preboarding,Blocked,2013-01-09,,8.0
ONB02484,10145,Complete New Hire Orientation,HR,Orientation,Complete,2013-01-14,2013-01-09,100.0
ONB02485,10145,Manager Introduction,Manager,Orientation,Complete,2013-01-12,2013-01-10,100.0
ONB02486,10145,Laptop Provisioning,IT,Setup,Overdue,2013-01-14,,62.0
ONB02487,10145,Network Account Setup,IT,Setup,Complete,2013-01-12,2013-01-09,100.0
ONB02488,10145,Email and Collaboration Access,IT,Setup,Complete,2013-01-12,2013-01-08,100.0
ONB02489,10145,Security Awareness Training,Compliance,Enablement,Complete,2013-01-19,2013-01-18,100.0
ONB02490,10145,Company Policy Training,Compliance,Enablement,Complete,2013-01-17,2013-01-18,100.0
ONB02491,10145,Role-Specific Training,Role-specific,Enablement,Blocked,2013-01-27,,52.0
ONB02492,10145,Department Process Training,Role-specific,Enablement,Complete,2013-01-22,2013-01-15,100.0
ONB02493,10145,Tool Access Verification,IT,Enablement,Complete,2013-01-17,2013-01-20,100.0
ONB02494,10145,First Week Check-in,Manager,Enablement,Complete,2013-01-17,2013-01-12,100.0
ONB02495,10145,30-Day Onboarding Review,Manager,Productive,Complete,2013-02-06,2013-02-05,100.0
ONB02496,10202,Complete HR Documentation,HR,Preboarding,Complete,2016-07-09,2016-07-09,100.0
ONB02497,10202,Complete New Hire Orientation,HR,Orientation,In Progress,2016-07-13,,53.0
ONB02498,10202,Manager Introduction,Manager,Orientation,Complete,2016-07-11,2016-07-14,100.0
ONB02499,10202,Network Account Setup,IT,Setup,Complete,2016-07-11,2016-07-14,100.0
ONB02500,10202,Email and Collaboration Access,IT,Setup,Complete,2016-07-11,2016-07-09,100.0
ONB02501,10202,Security Awareness Training,Compliance,Enablement,Complete,2016-07-18,2016-07-19,100.0
ONB02502,10202,Company Policy Training,Compliance,Enablement,Complete,2016-07-16,2016-07-09,100.0
ONB02503,10202,Role-Specific Training,Role-specific,Enablement,Complete,2016-07-26,2016-07-12,100.0
ONB02504,10202,Department Process Training,Role-specific,Enablement,In Progress,2016-07-21,,43.0
ONB02505,10202,First Week Check-in,Manager,Enablement,Complete,2016-07-16,2016-07-13,100.0
ONB02506,10128,Complete HR Documentation,HR,Preboarding,Complete,2012-04-05,2012-04-06,100.0
ONB02507,10128,Submit Required Identification,HR,Preboarding,Complete,2012-04-04,2012-04-07,100.0
ONB02508,10128,Complete New Hire Orientation,HR,Orientation,Complete,2012-04-09,2012-04-06,100.0
ONB02509,10128,Manager Introduction,Manager,Orientation,Complete,2012-04-07,2012-04-05,100.0
ONB02510,10128,Laptop Provisioning,IT,Setup,Complete,2012-04-09,2012-04-04,100.0
ONB02511,10128,Network Account Setup,IT,Setup,Complete,2012-04-07,2012-04-08,100.0
ONB02512,10128,Email and Collaboration Access,IT,Setup,Complete,2012-04-07,2012-04-05,100.0
ONB02513,10128,Security Awareness Training,Compliance,Enablement,Complete,2012-04-14,2012-04-14,100.0
ONB02514,10128,Company Policy Training,Compliance,Enablement,In Progress,2012-04-12,,42.0
ONB02515,10128,Role-Specific Training,Role-specific,Enablement,Complete,2012-04-22,2012-04-08,100.0
ONB02516,10128,Department Process Training,Role-specific,Enablement,Complete,2012-04-17,2012-04-15,100.0
ONB02517,10128,Tool Access Verification,IT,Enablement,Complete,2012-04-12,2012-04-09,100.0
ONB02518,10128,First Week Check-in,Manager,Enablement,Complete,2012-04-12,2012-04-15,100.0
ONB02519,10128,30-Day Onboarding Review,Manager,Productive,Complete,2012-05-02,2012-05-04,100.0
ONB02520,10068,Complete HR Documentation,HR,Preboarding,Complete,2015-04-02,2015-04-05,100.0
ONB02521,10068,Submit Required Identification,HR,Preboarding,Complete,2015-04-01,2015-04-01,100.0
ONB02522,10068,Complete New Hire Orientation,HR,Orientation,Complete,2015-04-06,2015-04-01,100.0
ONB02523,10068,Manager Introduction,Manager,Orientation,Complete,2015-04-04,2015-03-31,100.0
ONB02524,10068,Laptop Provisioning,IT,Setup,In Progress,2015-04-06,,33.0
ONB02525,10068,Network Account Setup,IT,Setup,Complete,2015-04-04,2015-04-04,100.0
ONB02526,10068,Email and Collaboration Access,IT,Setup,Complete,2015-04-04,2015-03-31,100.0
ONB02527,10068,Security Awareness Training,Compliance,Enablement,Complete,2015-04-11,2015-04-09,100.0
ONB02528,10068,Company Policy Training,Compliance,Enablement,Blocked,2015-04-09,,46.0
ONB02529,10068,Role-Specific Training,Role-specific,Enablement,Complete,2015-04-19,2015-04-21,100.0
ONB02530,10068,Department Process Training,Role-specific,Enablement,Complete,2015-04-14,2015-04-06,100.0
ONB02531,10068,Tool Access Verification,IT,Enablement,Complete,2015-04-09,2015-04-04,100.0
ONB02532,10068,First Week Check-in,Manager,Enablement,Overdue,2015-04-09,,43.0
ONB02533,10068,30-Day Onboarding Review,Manager,Productive,Complete,2015-04-29,2015-04-25,100.0
ONB02534,10116,Complete HR Documentation,HR,Preboarding,Complete,2012-08-19,2012-08-18,100.0
ONB02535,10116,Submit Required Identification,HR,Preboarding,Overdue,2012-08-18,,29.0
ONB02536,10116,Complete New Hire Orientation,HR,Orientation,Complete,2012-08-23,2012-08-22,100.0
ONB02537,10116,Manager Introduction,Manager,Orientation,Overdue,2012-08-21,,75.0
ONB02538,10116,Laptop Provisioning,IT,Setup,Complete,2012-08-23,2012-08-22,100.0
ONB02539,10116,Network Account Setup,IT,Setup,Complete,2012-08-21,2012-08-21,100.0
ONB02540,10116,Email and Collaboration Access,IT,Setup,Complete,2012-08-21,2012-08-22,100.0
ONB02541,10116,Security Awareness Training,Compliance,Enablement,Complete,2012-08-28,2012-08-26,100.0
ONB02542,10116,Company Policy Training,Compliance,Enablement,Complete,2012-08-26,2012-08-26,100.0
ONB02543,10116,Role-Specific Training,Role-specific,Enablement,Complete,2012-09-05,2012-09-02,100.0
ONB02544,10116,Department Process Training,Role-specific,Enablement,Complete,2012-08-31,2012-08-21,100.0
ONB02545,10116,Tool Access Verification,IT,Enablement,Complete,2012-08-26,2012-08-27,100.0
ONB02546,10116,First Week Check-in,Manager,Enablement,Complete,2012-08-26,2012-08-21,100.0
ONB02547,10116,30-Day Onboarding Review,Manager,Productive,Complete,2012-09-15,2012-09-15,100.0
ONB02548,10298,Complete HR Documentation,HR,Preboarding,Complete,2011-08-18,2011-08-16,100.0
ONB02549,10298,Submit Required Identification,HR,Preboarding,Not Started,2011-08-17,,0.0
ONB02550,10298,Complete New Hire Orientation,HR,Orientation,Overdue,2011-08-22,,19.0
ONB02551,10298,Manager Introduction,Manager,Orientation,Not Started,2011-08-20,,0.0
ONB02552,10298,Laptop Provisioning,IT,Setup,Blocked,2011-08-22,,44.0
ONB02553,10298,Network Account Setup,IT,Setup,Complete,2011-08-20,2011-08-21,100.0
ONB02554,10298,Email and Collaboration Access,IT,Setup,Complete,2011-08-20,2011-08-21,100.0
ONB02555,10298,Security Awareness Training,Compliance,Enablement,Complete,2011-08-27,2011-08-23,100.0
ONB02556,10298,Company Policy Training,Compliance,Enablement,Complete,2011-08-25,2011-08-22,100.0
ONB02557,10298,Role-Specific Training,Role-specific,Enablement,Complete,2011-09-04,2011-09-06,100.0
ONB02558,10298,Department Process Training,Role-specific,Enablement,Complete,2011-08-30,2011-09-02,100.0
ONB02559,10298,Tool Access Verification,IT,Enablement,Complete,2011-08-25,2011-08-28,100.0
ONB02560,10298,First Week Check-in,Manager,Enablement,Complete,2011-08-25,2011-08-21,100.0
ONB02561,10298,30-Day Onboarding Review,Manager,Productive,Blocked,2011-09-14,,42.0
ONB02562,10213,Complete HR Documentation,HR,Preboarding,Complete,2011-11-10,2011-11-12,100.0
ONB02563,10213,Submit Required Identification,HR,Preboarding,Complete,2011-11-09,2011-11-08,100.0
ONB02564,10213,Complete New Hire Orientation,HR,Orientation,In Progress,2011-11-14,,52.0
ONB02565,10213,Manager Introduction,Manager,Orientation,In Progress,2011-11-12,,21.0
ONB02566,10213,Laptop Provisioning,IT,Setup,Complete,2011-11-14,2011-11-12,100.0
ONB02567,10213,Network Account Setup,IT,Setup,Complete,2011-11-12,2011-11-11,100.0
ONB02568,10213,Email and Collaboration Access,IT,Setup,Complete,2011-11-12,2011-11-12,100.0
ONB02569,10213,Security Awareness Training,Compliance,Enablement,Complete,2011-11-19,2011-11-21,100.0
ONB02570,10213,Company Policy Training,Compliance,Enablement,Overdue,2011-11-17,,46.0
ONB02571,10213,Role-Specific Training,Role-specific,Enablement,Complete,2011-11-27,2011-11-12,100.0
ONB02572,10213,Department Process Training,Role-specific,Enablement,Complete,2011-11-22,2011-11-12,100.0
ONB02573,10213,Tool Access Verification,IT,Enablement,Complete,2011-11-17,2011-11-20,100.0
ONB02574,10213,First Week Check-in,Manager,Enablement,Complete,2011-11-17,2011-11-16,100.0
ONB02575,10213,30-Day Onboarding Review,Manager,Productive,Complete,2011-12-07,2011-12-03,100.0
ONB02576,10288,Complete HR Documentation,HR,Preboarding,Complete,2012-02-18,2012-02-16,100.0
ONB02577,10288,Submit Required Identification,HR,Preboarding,Complete,2012-02-17,2012-02-16,100.0
ONB02578,10288,Complete New Hire Orientation,HR,Orientation,Complete,2012-02-22,2012-02-20,100.0
ONB02579,10288,Manager Introduction,Manager,Orientation,Complete,2012-02-20,2012-02-22,100.0
ONB02580,10288,Laptop Provisioning,IT,Setup,Blocked,2012-02-22,,59.0
ONB02581,10288,Network Account Setup,IT,Setup,Complete,2012-02-20,2012-02-16,100.0
ONB02582,10288,Email and Collaboration Access,IT,Setup,Complete,2012-02-20,2012-02-18,100.0
ONB02583,10288,Security Awareness Training,Compliance,Enablement,In Progress,2012-02-27,,29.0
ONB02584,10288,Company Policy Training,Compliance,Enablement,In Progress,2012-02-25,,41.0
ONB02585,10288,Role-Specific Training,Role-specific,Enablement,Complete,2012-03-06,2012-02-27,100.0
ONB02586,10288,Department Process Training,Role-specific,Enablement,Complete,2012-03-01,2012-02-20,100.0
ONB02587,10288,Tool Access Verification,IT,Enablement,Complete,2012-02-25,2012-02-18,100.0
ONB02588,10288,First Week Check-in,Manager,Enablement,Complete,2012-02-25,2012-02-27,100.0
ONB02589,10288,30-Day Onboarding Review,Manager,Productive,Complete,2012-03-16,2012-03-15,100.0
ONB02590,10025,Complete HR Documentation,HR,Preboarding,Complete,2013-05-16,2013-05-16,100.0
ONB02591,10025,Submit Required Identification,HR,Preboarding,Complete,2013-05-15,2013-05-13,100.0
ONB02592,10025,Complete New Hire Orientation,HR,Orientation,Complete,2013-05-20,2013-05-20,100.0
ONB02593,10025,Manager Introduction,Manager,Orientation,In Progress,2013-05-18,,17.0
ONB02594,10025,Laptop Provisioning,IT,Setup,In Progress,2013-05-20,,31.0
ONB02595,10025,Network Account Setup,IT,Setup,In Progress,2013-05-18,,40.0
ONB02596,10025,Email and Collaboration Access,IT,Setup,Complete,2013-05-18,2013-05-15,100.0
ONB02597,10025,Security Awareness Training,Compliance,Enablement,Overdue,2013-05-25,,47.0
ONB02598,10025,Company Policy Training,Compliance,Enablement,Complete,2013-05-23,2013-05-20,100.0
ONB02599,10025,Role-Specific Training,Role-specific,Enablement,Complete,2013-06-02,2013-05-28,100.0
ONB02600,10025,Department Process Training,Role-specific,Enablement,Complete,2013-05-28,2013-05-21,100.0
ONB02601,10025,Tool Access Verification,IT,Enablement,Blocked,2013-05-23,,21.0
ONB02602,10025,First Week Check-in,Manager,Enablement,In Progress,2013-05-23,,36.0
ONB02603,10025,30-Day Onboarding Review,Manager,Productive,Complete,2013-06-12,2013-06-14,100.0
ONB02604,10223,Complete HR Documentation,HR,Preboarding,Complete,2012-01-12,2012-01-09,100.0
ONB02605,10223,Submit Required Identification,HR,Preboarding,Complete,2012-01-11,2012-01-14,100.0
ONB02606,10223,Complete New Hire Orientation,HR,Orientation,Complete,2012-01-16,2012-01-16,100.0
ONB02607,10223,Manager Introduction,Manager,Orientation,Complete,2012-01-14,2012-01-14,100.0
ONB02608,10223,Laptop Provisioning,IT,Setup,Complete,2012-01-16,2012-01-16,100.0
ONB02609,10223,Network Account Setup,IT,Setup,Complete,2012-01-14,2012-01-12,100.0
ONB02610,10223,Email and Collaboration Access,IT,Setup,Complete,2012-01-14,2012-01-14,100.0
ONB02611,10223,Security Awareness Training,Compliance,Enablement,Complete,2012-01-21,2012-01-16,100.0
ONB02612,10223,Company Policy Training,Compliance,Enablement,Complete,2012-01-19,2012-01-15,100.0
ONB02613,10223,Role-Specific Training,Role-specific,Enablement,Complete,2012-01-29,2012-01-31,100.0
ONB02614,10223,Department Process Training,Role-specific,Enablement,Complete,2012-01-24,2012-01-22,100.0
ONB02615,10223,Tool Access Verification,IT,Enablement,Complete,2012-01-19,2012-01-19,100.0
ONB02616,10223,First Week Check-in,Manager,Enablement,Blocked,2012-01-19,,65.0
ONB02617,10223,30-Day Onboarding Review,Manager,Productive,Complete,2012-02-08,2012-01-30,100.0
ONB02618,10151,Complete HR Documentation,HR,Preboarding,Not Started,2015-02-19,,0.0
ONB02619,10151,Submit Required Identification,HR,Preboarding,Complete,2015-02-18,2015-02-20,100.0
ONB02620,10151,Complete New Hire Orientation,HR,Orientation,Complete,2015-02-23,2015-02-21,100.0
ONB02621,10151,Manager Introduction,Manager,Orientation,Complete,2015-02-21,2015-02-20,100.0
ONB02622,10151,Laptop Provisioning,IT,Setup,Complete,2015-02-23,2015-02-19,100.0
ONB02623,10151,Network Account Setup,IT,Setup,Complete,2015-02-21,2015-02-20,100.0
ONB02624,10151,Email and Collaboration Access,IT,Setup,Complete,2015-02-21,2015-02-21,100.0
ONB02625,10151,Security Awareness Training,Compliance,Enablement,In Progress,2015-02-28,,86.0
ONB02626,10151,Company Policy Training,Compliance,Enablement,Complete,2015-02-26,2015-02-25,100.0
ONB02627,10151,Role-Specific Training,Role-specific,Enablement,Complete,2015-03-08,2015-02-26,100.0
ONB02628,10151,Department Process Training,Role-specific,Enablement,Blocked,2015-03-03,,10.0
ONB02629,10151,Tool Access Verification,IT,Enablement,Complete,2015-02-26,2015-02-26,100.0
ONB02630,10151,First Week Check-in,Manager,Enablement,Blocked,2015-02-26,,38.0
ONB02631,10151,30-Day Onboarding Review,Manager,Productive,Complete,2015-03-18,2015-03-09,100.0
ONB02632,10254,Complete HR Documentation,HR,Preboarding,Complete,2013-04-04,2013-04-02,100.0
ONB02633,10254,Submit Required Identification,HR,Preboarding,Complete,2013-04-03,2013-04-03,100.0
ONB02634,10254,Complete New Hire Orientation,HR,Orientation,Overdue,2013-04-08,,79.0
ONB02635,10254,Manager Introduction,Manager,Orientation,In Progress,2013-04-06,,41.0
ONB02636,10254,Laptop Provisioning,IT,Setup,In Progress,2013-04-08,,24.0
ONB02637,10254,Network Account Setup,IT,Setup,Overdue,2013-04-06,,60.0
ONB02638,10254,Email and Collaboration Access,IT,Setup,Complete,2013-04-06,2013-04-09,100.0
ONB02639,10254,Security Awareness Training,Compliance,Enablement,Complete,2013-04-13,2013-04-09,100.0
ONB02640,10254,Company Policy Training,Compliance,Enablement,Complete,2013-04-11,2013-04-09,100.0
ONB02641,10254,Role-Specific Training,Role-specific,Enablement,Complete,2013-04-21,2013-04-22,100.0
ONB02642,10254,Department Process Training,Role-specific,Enablement,Complete,2013-04-16,2013-04-17,100.0
ONB02643,10254,Tool Access Verification,IT,Enablement,Complete,2013-04-11,2013-04-06,100.0
ONB02644,10254,First Week Check-in,Manager,Enablement,Complete,2013-04-11,2013-04-09,100.0
ONB02645,10254,30-Day Onboarding Review,Manager,Productive,In Progress,2013-05-01,,38.0
ONB02646,10120,Complete HR Documentation,HR,Preboarding,In Progress,2013-05-16,,36.0
ONB02647,10120,Submit Required Identification,HR,Preboarding,Complete,2013-05-15,2013-05-14,100.0
ONB02648,10120,Complete New Hire Orientation,HR,Orientation,Complete,2013-05-20,2013-05-21,100.0
ONB02649,10120,Manager Introduction,Manager,Orientation,In Progress,2013-05-18,,44.0
ONB02650,10120,Laptop Provisioning,IT,Setup,Complete,2013-05-20,2013-05-19,100.0
ONB02651,10120,Network Account Setup,IT,Setup,Blocked,2013-05-18,,14.0
ONB02652,10120,Email and Collaboration Access,IT,Setup,Complete,2013-05-18,2013-05-15,100.0
ONB02653,10120,Security Awareness Training,Compliance,Enablement,Not Started,2013-05-25,,0.0
ONB02654,10120,Company Policy Training,Compliance,Enablement,Complete,2013-05-23,2013-05-22,100.0
ONB02655,10120,Role-Specific Training,Role-specific,Enablement,In Progress,2013-06-02,,18.0
ONB02656,10120,Department Process Training,Role-specific,Enablement,In Progress,2013-05-28,,63.0
ONB02657,10120,Tool Access Verification,IT,Enablement,Complete,2013-05-23,2013-05-23,100.0
ONB02658,10120,First Week Check-in,Manager,Enablement,Complete,2013-05-23,2013-05-24,100.0
ONB02659,10120,30-Day Onboarding Review,Manager,Productive,In Progress,2013-06-12,,65.0
ONB02660,10216,Complete HR Documentation,HR,Preboarding,Complete,2013-07-11,2013-07-09,100.0
ONB02661,10216,Submit Required Identification,HR,Preboarding,Complete,2013-07-10,2013-07-10,100.0
ONB02662,10216,Complete New Hire Orientation,HR,Orientation,Complete,2013-07-15,2013-07-17,100.0
ONB02663,10216,Manager Introduction,Manager,Orientation,Complete,2013-07-13,2013-07-14,100.0
ONB02664,10216,Laptop Provisioning,IT,Setup,Complete,2013-07-15,2013-07-16,100.0
ONB02665,10216,Network Account Setup,IT,Setup,Complete,2013-07-13,2013-07-09,100.0
ONB02666,10216,Email and Collaboration Access,IT,Setup,Complete,2013-07-13,2013-07-12,100.0
ONB02667,10216,Security Awareness Training,Compliance,Enablement,Complete,2013-07-20,2013-07-15,100.0
ONB02668,10216,Company Policy Training,Compliance,Enablement,Complete,2013-07-18,2013-07-10,100.0
ONB02669,10216,Role-Specific Training,Role-specific,Enablement,Complete,2013-07-28,2013-07-24,100.0
ONB02670,10216,Department Process Training,Role-specific,Enablement,Complete,2013-07-23,2013-07-13,100.0
ONB02671,10216,Tool Access Verification,IT,Enablement,Complete,2013-07-18,2013-07-19,100.0
ONB02672,10216,First Week Check-in,Manager,Enablement,Complete,2013-07-18,2013-07-13,100.0
ONB02673,10216,30-Day Onboarding Review,Manager,Productive,Blocked,2013-08-07,,69.0
ONB02674,10079,Complete HR Documentation,HR,Preboarding,Complete,2017-02-13,2017-02-14,100.0
ONB02675,10079,Submit Required Identification,HR,Preboarding,Complete,2017-02-12,2017-02-14,100.0
ONB02676,10079,Complete New Hire Orientation,HR,Orientation,Overdue,2017-02-17,,73.0
ONB02677,10079,Manager Introduction,Manager,Orientation,Overdue,2017-02-15,,69.0
ONB02678,10079,Laptop Provisioning,IT,Setup,Complete,2017-02-17,2017-02-13,100.0
ONB02679,10079,Network Account Setup,IT,Setup,Complete,2017-02-15,2017-02-12,100.0
ONB02680,10079,Email and Collaboration Access,IT,Setup,Complete,2017-02-15,2017-02-13,100.0
ONB02681,10079,Security Awareness Training,Compliance,Enablement,Complete,2017-02-22,2017-02-20,100.0
ONB02682,10079,Company Policy Training,Compliance,Enablement,Overdue,2017-02-20,,17.0
ONB02683,10079,Role-Specific Training,Role-specific,Enablement,Complete,2017-03-02,2017-02-23,100.0
ONB02684,10079,Department Process Training,Role-specific,Enablement,Blocked,2017-02-25,,0.0
ONB02685,10079,Tool Access Verification,IT,Enablement,Complete,2017-02-20,2017-02-18,100.0
ONB02686,10079,First Week Check-in,Manager,Enablement,Complete,2017-02-20,2017-02-18,100.0
ONB02687,10079,30-Day Onboarding Review,Manager,Productive,Complete,2017-03-12,2017-03-14,100.0
ONB02688,10215,Complete HR Documentation,HR,Preboarding,Complete,2011-09-29,2011-09-27,100.0
ONB02689,10215,Submit Required Identification,HR,Preboarding,Complete,2011-09-28,2011-09-28,100.0
ONB02690,10215,Complete New Hire Orientation,HR,Orientation,Complete,2011-10-03,2011-09-29,100.0
ONB02691,10215,Manager Introduction,Manager,Orientation,In Progress,2011-10-01,,66.0
ONB02692,10215,Laptop Provisioning,IT,Setup,Complete,2011-10-03,2011-09-28,100.0
ONB02693,10215,Network Account Setup,IT,Setup,Complete,2011-10-01,2011-10-02,100.0
ONB02694,10215,Email and Collaboration Access,IT,Setup,Complete,2011-10-01,2011-10-03,100.0
ONB02695,10215,Security Awareness Training,Compliance,Enablement,Complete,2011-10-08,2011-10-09,100.0
ONB02696,10215,Company Policy Training,Compliance,Enablement,Complete,2011-10-06,2011-10-02,100.0
ONB02697,10215,Role-Specific Training,Role-specific,Enablement,Complete,2011-10-16,2011-10-02,100.0
ONB02698,10215,Department Process Training,Role-specific,Enablement,In Progress,2011-10-11,,31.0
ONB02699,10215,Tool Access Verification,IT,Enablement,Complete,2011-10-06,2011-09-29,100.0
ONB02700,10215,First Week Check-in,Manager,Enablement,Complete,2011-10-06,2011-10-03,100.0
ONB02701,10215,30-Day Onboarding Review,Manager,Productive,Complete,2011-10-26,2011-10-22,100.0
ONB02702,10185,Complete HR Documentation,HR,Preboarding,Overdue,2013-04-04,,54.0
ONB02703,10185,Submit Required Identification,HR,Preboarding,In Progress,2013-04-03,,58.0
ONB02704,10185,Complete New Hire Orientation,HR,Orientation,Complete,2013-04-08,2013-04-10,100.0
ONB02705,10185,Manager Introduction,Manager,Orientation,Complete,2013-04-06,2013-04-04,100.0
ONB02706,10185,Laptop Provisioning,IT,Setup,Complete,2013-04-08,2013-04-08,100.0
ONB02707,10185,Network Account Setup,IT,Setup,Complete,2013-04-06,2013-04-07,100.0
ONB02708,10185,Email and Collaboration Access,IT,Setup,Complete,2013-04-06,2013-04-06,100.0
ONB02709,10185,Security Awareness Training,Compliance,Enablement,Complete,2013-04-13,2013-04-15,100.0
ONB02710,10185,Company Policy Training,Compliance,Enablement,Complete,2013-04-11,2013-04-13,100.0
ONB02711,10185,Role-Specific Training,Role-specific,Enablement,Complete,2013-04-21,2013-04-11,100.0
ONB02712,10185,Department Process Training,Role-specific,Enablement,Complete,2013-04-16,2013-04-14,100.0
ONB02713,10185,Tool Access Verification,IT,Enablement,Blocked,2013-04-11,,58.0
ONB02714,10185,First Week Check-in,Manager,Enablement,Blocked,2013-04-11,,14.0
ONB02715,10185,30-Day Onboarding Review,Manager,Productive,In Progress,2013-05-01,,25.0
ONB02716,10063,Complete HR Documentation,HR,Preboarding,Complete,2014-05-15,2014-05-14,100.0
ONB02717,10063,Submit Required Identification,HR,Preboarding,Overdue,2014-05-14,,25.0
ONB02718,10063,Laptop Provisioning,IT,Setup,Complete,2014-05-19,2014-05-18,100.0
ONB02719,10063,Network Account Setup,IT,Setup,Complete,2014-05-17,2014-05-16,100.0
ONB02720,10063,Email and Collaboration Access,IT,Setup,Complete,2014-05-17,2014-05-15,100.0
ONB02721,10063,Company Policy Training,Compliance,Enablement,Complete,2014-05-22,2014-05-18,100.0
ONB02722,10063,Role-Specific Training,Role-specific,Enablement,Complete,2014-06-01,2014-05-23,100.0
ONB02723,10063,Department Process Training,Role-specific,Enablement,Complete,2014-05-27,2014-05-25,100.0
ONB02724,10063,Tool Access Verification,IT,Enablement,Complete,2014-05-22,2014-05-25,100.0
ONB02725,10063,First Week Check-in,Manager,Enablement,Complete,2014-05-22,2014-05-21,100.0
ONB02726,10063,30-Day Onboarding Review,Manager,Productive,Complete,2014-06-11,2014-06-03,100.0
ONB02727,10037,Complete HR Documentation,HR,Preboarding,Complete,2013-04-04,2013-04-03,100.0
ONB02728,10037,Submit Required Identification,HR,Preboarding,Complete,2013-04-03,2013-04-04,100.0
ONB02729,10037,Complete New Hire Orientation,HR,Orientation,Complete,2013-04-08,2013-04-10,100.0
ONB02730,10037,Manager Introduction,Manager,Orientation,Complete,2013-04-06,2013-04-09,100.0
ONB02731,10037,Laptop Provisioning,IT,Setup,In Progress,2013-04-08,,94.0
ONB02732,10037,Network Account Setup,IT,Setup,Overdue,2013-04-06,,37.0
ONB02733,10037,Email and Collaboration Access,IT,Setup,Complete,2013-04-06,2013-04-08,100.0
ONB02734,10037,Security Awareness Training,Compliance,Enablement,In Progress,2013-04-13,,48.0
ONB02735,10037,Company Policy Training,Compliance,Enablement,Complete,2013-04-11,2013-04-08,100.0
ONB02736,10037,Role-Specific Training,Role-specific,Enablement,Not Started,2013-04-21,,0.0
ONB02737,10037,Department Process Training,Role-specific,Enablement,Complete,2013-04-16,2013-04-11,100.0
ONB02738,10037,Tool Access Verification,IT,Enablement,Complete,2013-04-11,2013-04-13,100.0
ONB02739,10037,First Week Check-in,Manager,Enablement,In Progress,2013-04-11,,67.0
ONB02740,10037,30-Day Onboarding Review,Manager,Productive,Blocked,2013-05-01,,17.0
ONB02741,10042,Complete HR Documentation,HR,Preboarding,Complete,2013-07-11,2013-07-11,100.0
ONB02742,10042,Submit Required Identification,HR,Preboarding,Complete,2013-07-10,2013-07-12,100.0
ONB02743,10042,Complete New Hire Orientation,HR,Orientation,Complete,2013-07-15,2013-07-17,100.0
ONB02744,10042,Manager Introduction,Manager,Orientation,Complete,2013-07-13,2013-07-15,100.0
ONB02745,10042,Laptop Provisioning,IT,Setup,Complete,2013-07-15,2013-07-11,100.0
ONB02746,10042,Network Account Setup,IT,Setup,In Progress,2013-07-13,,43.0
ONB02747,10042,Email and Collaboration Access,IT,Setup,Complete,2013-07-13,2013-07-10,100.0
ONB02748,10042,Security Awareness Training,Compliance,Enablement,In Progress,2013-07-20,,42.0
ONB02749,10042,Company Policy Training,Compliance,Enablement,Complete,2013-07-18,2013-07-21,100.0
ONB02750,10042,Role-Specific Training,Role-specific,Enablement,Overdue,2013-07-28,,16.0
ONB02751,10042,Department Process Training,Role-specific,Enablement,In Progress,2013-07-23,,63.0
ONB02752,10042,Tool Access Verification,IT,Enablement,Complete,2013-07-18,2013-07-15,100.0
ONB02753,10042,First Week Check-in,Manager,Enablement,Complete,2013-07-18,2013-07-17,100.0
ONB02754,10042,30-Day Onboarding Review,Manager,Productive,Complete,2013-08-07,2013-07-29,100.0
ONB02755,10206,Complete HR Documentation,HR,Preboarding,Complete,2013-07-11,2013-07-11,100.0
ONB02756,10206,Submit Required Identification,HR,Preboarding,Complete,2013-07-10,2013-07-11,100.0
ONB02757,10206,Complete New Hire Orientation,HR,Orientation,Complete,2013-07-15,2013-07-13,100.0
ONB02758,10206,Manager Introduction,Manager,Orientation,Overdue,2013-07-13,,46.0
ONB02759,10206,Laptop Provisioning,IT,Setup,Complete,2013-07-15,2013-07-18,100.0
ONB02760,10206,Network Account Setup,IT,Setup,Complete,2013-07-13,2013-07-14,100.0
ONB02761,10206,Email and Collaboration Access,IT,Setup,Complete,2013-07-13,2013-07-10,100.0
ONB02762,10206,Security Awareness Training,Compliance,Enablement,Blocked,2013-07-20,,73.0
ONB02763,10206,Company Policy Training,Compliance,Enablement,Complete,2013-07-18,2013-07-16,100.0
ONB02764,10206,Role-Specific Training,Role-specific,Enablement,Complete,2013-07-28,2013-07-29,100.0
ONB02765,10206,Department Process Training,Role-specific,Enablement,Blocked,2013-07-23,,17.0
ONB02766,10206,Tool Access Verification,IT,Enablement,Complete,2013-07-18,2013-07-11,100.0
ONB02767,10206,First Week Check-in,Manager,Enablement,Complete,2013-07-18,2013-07-18,100.0
ONB02768,10206,30-Day Onboarding Review,Manager,Productive,Overdue,2013-08-07,,23.0
ONB02769,10104,Complete HR Documentation,HR,Preboarding,Blocked,2014-11-13,,25.0
ONB02770,10104,Submit Required Identification,HR,Preboarding,Complete,2014-11-12,2014-11-13,100.0
ONB02771,10104,Complete New Hire Orientation,HR,Orientation,Complete,2014-11-17,2014-11-19,100.0
ONB02772,10104,Manager Introduction,Manager,Orientation,Complete,2014-11-15,2014-11-12,100.0
ONB02773,10104,Laptop Provisioning,IT,Setup,Complete,2014-11-17,2014-11-11,100.0
ONB02774,10104,Network Account Setup,IT,Setup,Complete,2014-11-15,2014-11-11,100.0
ONB02775,10104,Email and Collaboration Access,IT,Setup,Complete,2014-11-15,2014-11-11,100.0
ONB02776,10104,Security Awareness Training,Compliance,Enablement,Complete,2014-11-22,2014-11-19,100.0
ONB02777,10104,Company Policy Training,Compliance,Enablement,Complete,2014-11-20,2014-11-19,100.0
ONB02778,10104,Role-Specific Training,Role-specific,Enablement,Complete,2014-11-30,2014-12-03,100.0
ONB02779,10104,Department Process Training,Role-specific,Enablement,Overdue,2014-11-25,,90.0
ONB02780,10104,Tool Access Verification,IT,Enablement,Complete,2014-11-20,2014-11-22,100.0
ONB02781,10104,First Week Check-in,Manager,Enablement,Complete,2014-11-20,2014-11-18,100.0
ONB02782,10104,30-Day Onboarding Review,Manager,Productive,In Progress,2014-12-10,,55.0
ONB02783,10303,Complete HR Documentation,HR,Preboarding,Complete,2014-04-03,2014-04-02,100.0
ONB02784,10303,Submit Required Identification,HR,Preboarding,Complete,2014-04-02,2014-04-03,100.0
ONB02785,10303,Complete New Hire Orientation,HR,Orientation,Complete,2014-04-07,2014-04-08,100.0
ONB02786,10303,Manager Introduction,Manager,Orientation,In Progress,2014-04-05,,91.0
ONB02787,10303,Laptop Provisioning,IT,Setup,Complete,2014-04-07,2014-04-01,100.0
ONB02788,10303,Network Account Setup,IT,Setup,Complete,2014-04-05,2014-04-02,100.0
ONB02789,10303,Email and Collaboration Access,IT,Setup,Complete,2014-04-05,2014-04-02,100.0
ONB02790,10303,Security Awareness Training,Compliance,Enablement,Complete,2014-04-12,2014-04-15,100.0
ONB02791,10303,Company Policy Training,Compliance,Enablement,Complete,2014-04-10,2014-04-08,100.0
ONB02792,10303,Role-Specific Training,Role-specific,Enablement,Complete,2014-04-20,2014-04-16,100.0
ONB02793,10303,Department Process Training,Role-specific,Enablement,Complete,2014-04-15,2014-04-05,100.0
ONB02794,10303,Tool Access Verification,IT,Enablement,Complete,2014-04-10,2014-04-04,100.0
ONB02795,10303,First Week Check-in,Manager,Enablement,Complete,2014-04-10,2014-04-12,100.0
ONB02796,10303,30-Day Onboarding Review,Manager,Productive,Complete,2014-04-30,2014-04-26,100.0
ONB02797,10078,Complete HR Documentation,HR,Preboarding,Complete,2012-05-17,2012-05-20,100.0
ONB02798,10078,Submit Required Identification,HR,Preboarding,Complete,2012-05-16,2012-05-18,100.0
ONB02799,10078,Complete New Hire Orientation,HR,Orientation,Complete,2012-05-21,2012-05-16,100.0
ONB02800,10078,Manager Introduction,Manager,Orientation,Blocked,2012-05-19,,8.0
ONB02801,10078,Laptop Provisioning,IT,Setup,Complete,2012-05-21,2012-05-24,100.0
ONB02802,10078,Network Account Setup,IT,Setup,Complete,2012-05-19,2012-05-20,100.0
ONB02803,10078,Email and Collaboration Access,IT,Setup,Complete,2012-05-19,2012-05-21,100.0
ONB02804,10078,Security Awareness Training,Compliance,Enablement,Complete,2012-05-26,2012-05-26,100.0
ONB02805,10078,Company Policy Training,Compliance,Enablement,Complete,2012-05-24,2012-05-18,100.0
ONB02806,10078,Role-Specific Training,Role-specific,Enablement,Complete,2012-06-03,2012-05-26,100.0
ONB02807,10078,Department Process Training,Role-specific,Enablement,Complete,2012-05-29,2012-05-21,100.0
ONB02808,10078,Tool Access Verification,IT,Enablement,Complete,2012-05-24,2012-05-20,100.0
ONB02809,10078,First Week Check-in,Manager,Enablement,Complete,2012-05-24,2012-05-27,100.0
ONB02810,10078,30-Day Onboarding Review,Manager,Productive,Complete,2012-06-13,2012-06-15,100.0
ONB02811,10121,Complete HR Documentation,HR,Preboarding,Not Started,2013-10-03,,0.0
ONB02812,10121,Submit Required Identification,HR,Preboarding,Overdue,2013-10-02,,41.0
ONB02813,10121,Complete New Hire Orientation,HR,Orientation,Complete,2013-10-07,2013-10-06,100.0
ONB02814,10121,Manager Introduction,Manager,Orientation,Complete,2013-10-05,2013-10-04,100.0
ONB02815,10121,Laptop Provisioning,IT,Setup,Complete,2013-10-07,2013-10-04,100.0
ONB02816,10121,Network Account Setup,IT,Setup,Complete,2013-10-05,2013-10-03,100.0
ONB02817,10121,Email and Collaboration Access,IT,Setup,Complete,2013-10-05,2013-10-03,100.0
ONB02818,10121,Security Awareness Training,Compliance,Enablement,Complete,2013-10-12,2013-10-10,100.0
ONB02819,10121,Company Policy Training,Compliance,Enablement,Complete,2013-10-10,2013-10-07,100.0
ONB02820,10121,Role-Specific Training,Role-specific,Enablement,Complete,2013-10-20,2013-10-14,100.0
ONB02821,10121,Department Process Training,Role-specific,Enablement,Complete,2013-10-15,2013-10-05,100.0
ONB02822,10121,Tool Access Verification,IT,Enablement,Complete,2013-10-10,2013-10-03,100.0
ONB02823,10121,First Week Check-in,Manager,Enablement,Complete,2013-10-10,2013-10-13,100.0
ONB02824,10121,30-Day Onboarding Review,Manager,Productive,Overdue,2013-10-30,,72.0
ONB02825,10021,Complete HR Documentation,HR,Preboarding,Complete,2013-10-03,2013-10-05,100.0
ONB02826,10021,Submit Required Identification,HR,Preboarding,Complete,2013-10-02,2013-10-04,100.0
ONB02827,10021,Complete New Hire Orientation,HR,Orientation,Complete,2013-10-07,2013-10-04,100.0
ONB02828,10021,Manager Introduction,Manager,Orientation,Complete,2013-10-05,2013-10-01,100.0
ONB02829,10021,Laptop Provisioning,IT,Setup,Complete,2013-10-07,2013-10-03,100.0
ONB02830,10021,Network Account Setup,IT,Setup,Complete,2013-10-05,2013-10-02,100.0
ONB02831,10021,Email and Collaboration Access,IT,Setup,Complete,2013-10-05,2013-10-08,100.0
ONB02832,10021,Security Awareness Training,Compliance,Enablement,Complete,2013-10-12,2013-10-06,100.0
ONB02833,10021,Company Policy Training,Compliance,Enablement,Complete,2013-10-10,2013-10-02,100.0
ONB02834,10021,Role-Specific Training,Role-specific,Enablement,Complete,2013-10-20,2013-10-14,100.0
ONB02835,10021,Department Process Training,Role-specific,Enablement,Complete,2013-10-15,2013-10-14,100.0
ONB02836,10021,Tool Access Verification,IT,Enablement,Complete,2013-10-10,2013-10-12,100.0
ONB02837,10021,First Week Check-in,Manager,Enablement,Complete,2013-10-10,2013-10-08,100.0
ONB02838,10021,30-Day Onboarding Review,Manager,Productive,In Progress,2013-10-30,,35.0
ONB02839,10281,Complete HR Documentation,HR,Preboarding,Blocked,2014-02-20,,75.0
ONB02840,10281,Submit Required Identification,HR,Preboarding,Complete,2014-02-19,2014-02-20,100.0
ONB02841,10281,Complete New Hire Orientation,HR,Orientation,Complete,2014-02-24,2014-02-23,100.0
ONB02842,10281,Manager Introduction,Manager,Orientation,Complete,2014-02-22,2014-02-19,100.0
ONB02843,10281,Laptop Provisioning,IT,Setup,Complete,2014-02-24,2014-02-22,100.0
ONB02844,10281,Network Account Setup,IT,Setup,Blocked,2014-02-22,,11.0
ONB02845,10281,Email and Collaboration Access,IT,Setup,Complete,2014-02-22,2014-02-20,100.0
ONB02846,10281,Security Awareness Training,Compliance,Enablement,Complete,2014-03-01,2014-02-20,100.0
ONB02847,10281,Company Policy Training,Compliance,Enablement,Blocked,2014-02-27,,9.0
ONB02848,10281,Role-Specific Training,Role-specific,Enablement,Complete,2014-03-09,2014-03-11,100.0
ONB02849,10281,Department Process Training,Role-specific,Enablement,Overdue,2014-03-04,,59.0
ONB02850,10281,Tool Access Verification,IT,Enablement,In Progress,2014-02-27,,85.0
ONB02851,10281,First Week Check-in,Manager,Enablement,Blocked,2014-02-27,,31.0
ONB02852,10281,30-Day Onboarding Review,Manager,Productive,In Progress,2014-03-19,,45.0
ONB02853,10041,Complete HR Documentation,HR,Preboarding,Complete,2015-01-08,2015-01-10,100.0
ONB02854,10041,Submit Required Identification,HR,Preboarding,In Progress,2015-01-07,,29.0
ONB02855,10041,Complete New Hire Orientation,HR,Orientation,Overdue,2015-01-12,,29.0
ONB02856,10041,Manager Introduction,Manager,Orientation,Not Started,2015-01-10,,0.0
ONB02857,10041,Laptop Provisioning,IT,Setup,Complete,2015-01-12,2015-01-09,100.0
ONB02858,10041,Network Account Setup,IT,Setup,Complete,2015-01-10,2015-01-12,100.0
ONB02859,10041,Email and Collaboration Access,IT,Setup,In Progress,2015-01-10,,24.0
ONB02860,10041,Security Awareness Training,Compliance,Enablement,Complete,2015-01-17,2015-01-19,100.0
ONB02861,10041,Company Policy Training,Compliance,Enablement,Complete,2015-01-15,2015-01-10,100.0
ONB02862,10041,Role-Specific Training,Role-specific,Enablement,Complete,2015-01-25,2015-01-22,100.0
ONB02863,10041,Department Process Training,Role-specific,Enablement,Blocked,2015-01-20,,34.0
ONB02864,10041,Tool Access Verification,IT,Enablement,Complete,2015-01-15,2015-01-18,100.0
ONB02865,10041,First Week Check-in,Manager,Enablement,Complete,2015-01-15,2015-01-16,100.0
ONB02866,10041,30-Day Onboarding Review,Manager,Productive,Not Started,2015-02-04,,0.0
ONB02867,10148,Complete HR Documentation,HR,Preboarding,Complete,2011-02-10,2011-02-12,100.0
ONB02868,10148,Submit Required Identification,HR,Preboarding,Complete,2011-02-09,2011-02-07,100.0
ONB02869,10148,Complete New Hire Orientation,HR,Orientation,Complete,2011-02-14,2011-02-15,100.0
ONB02870,10148,Manager Introduction,Manager,Orientation,Complete,2011-02-12,2011-02-13,100.0
ONB02871,10148,Laptop Provisioning,IT,Setup,Complete,2011-02-14,2011-02-11,100.0
ONB02872,10148,Network Account Setup,IT,Setup,Not Started,2011-02-12,,0.0
ONB02873,10148,Email and Collaboration Access,IT,Setup,Complete,2011-02-12,2011-02-13,100.0
ONB02874,10148,Security Awareness Training,Compliance,Enablement,Complete,2011-02-19,2011-02-22,100.0
ONB02875,10148,Company Policy Training,Compliance,Enablement,Complete,2011-02-17,2011-02-12,100.0
ONB02876,10148,Role-Specific Training,Role-specific,Enablement,Complete,2011-02-27,2011-03-02,100.0
ONB02877,10148,Department Process Training,Role-specific,Enablement,Complete,2011-02-22,2011-02-16,100.0
ONB02878,10148,Tool Access Verification,IT,Enablement,Complete,2011-02-17,2011-02-11,100.0
ONB02879,10148,First Week Check-in,Manager,Enablement,Complete,2011-02-17,2011-02-15,100.0
ONB02880,10148,30-Day Onboarding Review,Manager,Productive,Overdue,2011-03-09,,3.0
ONB02881,10005,Complete HR Documentation,HR,Preboarding,Complete,2011-11-10,2011-11-09,100.0
ONB02882,10005,Submit Required Identification,HR,Preboarding,Complete,2011-11-09,2011-11-12,100.0
ONB02883,10005,Complete New Hire Orientation,HR,Orientation,Complete,2011-11-14,2011-11-16,100.0
ONB02884,10005,Manager Introduction,Manager,Orientation,Complete,2011-11-12,2011-11-12,100.0
ONB02885,10005,Laptop Provisioning,IT,Setup,Complete,2011-11-14,2011-11-09,100.0
ONB02886,10005,Network Account Setup,IT,Setup,Overdue,2011-11-12,,70.0
ONB02887,10005,Email and Collaboration Access,IT,Setup,Complete,2011-11-12,2011-11-11,100.0
ONB02888,10005,Security Awareness Training,Compliance,Enablement,In Progress,2011-11-19,,36.0
ONB02889,10005,Company Policy Training,Compliance,Enablement,Complete,2011-11-17,2011-11-17,100.0
ONB02890,10005,Role-Specific Training,Role-specific,Enablement,Complete,2011-11-27,2011-11-19,100.0
ONB02891,10005,Department Process Training,Role-specific,Enablement,In Progress,2011-11-22,,43.0
ONB02892,10005,Tool Access Verification,IT,Enablement,Complete,2011-11-17,2011-11-17,100.0
ONB02893,10005,First Week Check-in,Manager,Enablement,In Progress,2011-11-17,,68.0
ONB02894,10005,30-Day Onboarding Review,Manager,Productive,Complete,2011-12-07,2011-12-09,100.0
ONB02895,10259,Complete HR Documentation,HR,Preboarding,Blocked,2014-12-04,,10.0
ONB02896,10259,Submit Required Identification,HR,Preboarding,Blocked,2014-12-03,,32.0
ONB02897,10259,Complete New Hire Orientation,HR,Orientation,Complete,2014-12-08,2014-12-11,100.0
ONB02898,10259,Manager Introduction,Manager,Orientation,In Progress,2014-12-06,,18.0
ONB02899,10259,Laptop Provisioning,IT,Setup,Complete,2014-12-08,2014-12-10,100.0
ONB02900,10259,Network Account Setup,IT,Setup,Complete,2014-12-06,2014-12-05,100.0
ONB02901,10259,Email and Collaboration Access,IT,Setup,Complete,2014-12-06,2014-12-09,100.0
ONB02902,10259,Security Awareness Training,Compliance,Enablement,Complete,2014-12-13,2014-12-04,100.0
ONB02903,10259,Role-Specific Training,Role-specific,Enablement,Complete,2014-12-21,2014-12-18,100.0
ONB02904,10259,Department Process Training,Role-specific,Enablement,Complete,2014-12-16,2014-12-16,100.0
ONB02905,10259,Tool Access Verification,IT,Enablement,Complete,2014-12-11,2014-12-11,100.0
ONB02906,10259,First Week Check-in,Manager,Enablement,In Progress,2014-12-11,,31.0
ONB02907,10259,30-Day Onboarding Review,Manager,Productive,Complete,2014-12-31,2014-12-24,100.0
ONB02908,10286,Complete HR Documentation,HR,Preboarding,Complete,2011-01-13,2011-01-11,100.0
ONB02909,10286,Submit Required Identification,HR,Preboarding,In Progress,2011-01-12,,34.0
ONB02910,10286,Complete New Hire Orientation,HR,Orientation,Complete,2011-01-17,2011-01-12,100.0
ONB02911,10286,Manager Introduction,Manager,Orientation,Complete,2011-01-15,2011-01-12,100.0
ONB02912,10286,Laptop Provisioning,IT,Setup,Overdue,2011-01-17,,19.0
ONB02913,10286,Network Account Setup,IT,Setup,Complete,2011-01-15,2011-01-15,100.0
ONB02914,10286,Email and Collaboration Access,IT,Setup,Not Started,2011-01-15,,0.0
ONB02915,10286,Security Awareness Training,Compliance,Enablement,Complete,2011-01-22,2011-01-14,100.0
ONB02916,10286,Company Policy Training,Compliance,Enablement,Complete,2011-01-20,2011-01-17,100.0
ONB02917,10286,Role-Specific Training,Role-specific,Enablement,Complete,2011-01-30,2011-01-20,100.0
ONB02918,10286,Department Process Training,Role-specific,Enablement,Complete,2011-01-25,2011-01-19,100.0
ONB02919,10286,Tool Access Verification,IT,Enablement,Complete,2011-01-20,2011-01-18,100.0
ONB02920,10286,First Week Check-in,Manager,Enablement,Complete,2011-01-20,2011-01-21,100.0
ONB02921,10286,30-Day Onboarding Review,Manager,Productive,Complete,2011-02-09,2011-02-09,100.0
ONB02922,10297,Complete HR Documentation,HR,Preboarding,In Progress,2011-07-08,,26.0
ONB02923,10297,Submit Required Identification,HR,Preboarding,Complete,2011-07-07,2011-07-05,100.0
ONB02924,10297,Complete New Hire Orientation,HR,Orientation,Complete,2011-07-12,2011-07-07,100.0
ONB02925,10297,Manager Introduction,Manager,Orientation,In Progress,2011-07-10,,87.0
ONB02926,10297,Laptop Provisioning,IT,Setup,In Progress,2011-07-12,,36.0
ONB02927,10297,Network Account Setup,IT,Setup,Complete,2011-07-10,2011-07-10,100.0
ONB02928,10297,Email and Collaboration Access,IT,Setup,In Progress,2011-07-10,,30.0
ONB02929,10297,Security Awareness Training,Compliance,Enablement,Complete,2011-07-17,2011-07-12,100.0
ONB02930,10297,Company Policy Training,Compliance,Enablement,Overdue,2011-07-15,,2.0
ONB02931,10297,Role-Specific Training,Role-specific,Enablement,Complete,2011-07-25,2011-07-10,100.0
ONB02932,10297,Department Process Training,Role-specific,Enablement,Complete,2011-07-20,2011-07-14,100.0
ONB02933,10297,Tool Access Verification,IT,Enablement,Complete,2011-07-15,2011-07-16,100.0
ONB02934,10297,First Week Check-in,Manager,Enablement,Complete,2011-07-15,2011-07-17,100.0
ONB02935,10297,30-Day Onboarding Review,Manager,Productive,Overdue,2011-08-04,,12.0
ONB02936,10171,Complete HR Documentation,HR,Preboarding,In Progress,2011-05-19,,67.0
ONB02937,10171,Submit Required Identification,HR,Preboarding,Overdue,2011-05-18,,13.0
ONB02938,10171,Complete New Hire Orientation,HR,Orientation,Complete,2011-05-23,2011-05-23,100.0
ONB02939,10171,Manager Introduction,Manager,Orientation,Complete,2011-05-21,2011-05-23,100.0
ONB02940,10171,Laptop Provisioning,IT,Setup,Complete,2011-05-23,2011-05-23,100.0
ONB02941,10171,Network Account Setup,IT,Setup,In Progress,2011-05-21,,36.0
ONB02942,10171,Email and Collaboration Access,IT,Setup,In Progress,2011-05-21,,22.0
ONB02943,10171,Security Awareness Training,Compliance,Enablement,Complete,2011-05-28,2011-05-19,100.0
ONB02944,10171,Company Policy Training,Compliance,Enablement,Complete,2011-05-26,2011-05-29,100.0
ONB02945,10171,Role-Specific Training,Role-specific,Enablement,Complete,2011-06-05,2011-05-28,100.0
ONB02946,10171,Department Process Training,Role-specific,Enablement,In Progress,2011-05-31,,80.0
ONB02947,10171,Tool Access Verification,IT,Enablement,In Progress,2011-05-26,,37.0
ONB02948,10171,First Week Check-in,Manager,Enablement,Complete,2011-05-26,2011-05-29,100.0
ONB02949,10171,30-Day Onboarding Review,Manager,Productive,In Progress,2011-06-15,,47.0
ONB02950,10032,Complete HR Documentation,HR,Preboarding,Complete,2011-05-19,2011-05-18,100.0
ONB02951,10032,Submit Required Identification,HR,Preboarding,Complete,2011-05-18,2011-05-16,100.0
ONB02952,10032,Complete New Hire Orientation,HR,Orientation,In Progress,2011-05-23,,61.0
ONB02953,10032,Manager Introduction,Manager,Orientation,Complete,2011-05-21,2011-05-24,100.0
ONB02954,10032,Laptop Provisioning,IT,Setup,Complete,2011-05-23,2011-05-26,100.0
ONB02955,10032,Network Account Setup,IT,Setup,Complete,2011-05-21,2011-05-17,100.0
ONB02956,10032,Email and Collaboration Access,IT,Setup,Complete,2011-05-21,2011-05-22,100.0
ONB02957,10032,Security Awareness Training,Compliance,Enablement,Complete,2011-05-28,2011-05-27,100.0
ONB02958,10032,Company Policy Training,Compliance,Enablement,Complete,2011-05-26,2011-05-26,100.0
ONB02959,10032,Role-Specific Training,Role-specific,Enablement,Complete,2011-06-05,2011-06-04,100.0
ONB02960,10032,Department Process Training,Role-specific,Enablement,Complete,2011-05-31,2011-05-31,100.0
ONB02961,10032,Tool Access Verification,IT,Enablement,In Progress,2011-05-26,,26.0
ONB02962,10032,First Week Check-in,Manager,Enablement,Complete,2011-05-26,2011-05-28,100.0
ONB02963,10032,30-Day Onboarding Review,Manager,Productive,Complete,2011-06-15,2011-06-14,100.0
ONB02964,10130,Complete HR Documentation,HR,Preboarding,Complete,2010-10-28,2010-10-25,100.0
ONB02965,10130,Submit Required Identification,HR,Preboarding,Overdue,2010-10-27,,71.0
ONB02966,10130,Complete New Hire Orientation,HR,Orientation,Complete,2010-11-01,2010-10-28,100.0
ONB02967,10130,Manager Introduction,Manager,Orientation,Complete,2010-10-30,2010-11-02,100.0
ONB02968,10130,Laptop Provisioning,IT,Setup,Complete,2010-11-01,2010-10-28,100.0
ONB02969,10130,Network Account Setup,IT,Setup,Complete,2010-10-30,2010-10-31,100.0
ONB02970,10130,Email and Collaboration Access,IT,Setup,Complete,2010-10-30,2010-11-02,100.0
ONB02971,10130,Security Awareness Training,Compliance,Enablement,Complete,2010-11-06,2010-11-02,100.0
ONB02972,10130,Company Policy Training,Compliance,Enablement,Complete,2010-11-04,2010-10-31,100.0
ONB02973,10130,Role-Specific Training,Role-specific,Enablement,Blocked,2010-11-14,,19.0
ONB02974,10130,Department Process Training,Role-specific,Enablement,Blocked,2010-11-09,,69.0
ONB02975,10130,Tool Access Verification,IT,Enablement,Complete,2010-11-04,2010-11-03,100.0
ONB02976,10130,First Week Check-in,Manager,Enablement,In Progress,2010-11-04,,48.0
ONB02977,10130,30-Day Onboarding Review,Manager,Productive,Complete,2010-11-24,2010-11-26,100.0
ONB02978,10217,Complete HR Documentation,HR,Preboarding,Complete,2012-04-05,2012-04-06,100.0
ONB02979,10217,Submit Required Identification,HR,Preboarding,Blocked,2012-04-04,,26.0
ONB02980,10217,Complete New Hire Orientation,HR,Orientation,Not Started,2012-04-09,,0.0
ONB02981,10217,Manager Introduction,Manager,Orientation,Complete,2012-04-07,2012-04-05,100.0
ONB02982,10217,Laptop Provisioning,IT,Setup,Complete,2012-04-09,2012-04-08,100.0
ONB02983,10217,Network Account Setup,IT,Setup,Complete,2012-04-07,2012-04-05,100.0
ONB02984,10217,Email and Collaboration Access,IT,Setup,Complete,2012-04-07,2012-04-07,100.0
ONB02985,10217,Security Awareness Training,Compliance,Enablement,Complete,2012-04-14,2012-04-06,100.0
ONB02986,10217,Company Policy Training,Compliance,Enablement,Blocked,2012-04-12,,40.0
ONB02987,10217,Role-Specific Training,Role-specific,Enablement,Complete,2012-04-22,2012-04-13,100.0
ONB02988,10217,Department Process Training,Role-specific,Enablement,Complete,2012-04-17,2012-04-19,100.0
ONB02989,10217,Tool Access Verification,IT,Enablement,Complete,2012-04-12,2012-04-13,100.0
ONB02990,10217,First Week Check-in,Manager,Enablement,Complete,2012-04-12,2012-04-12,100.0
ONB02991,10217,30-Day Onboarding Review,Manager,Productive,Complete,2012-05-02,2012-04-29,100.0
ONB02992,10016,Complete HR Documentation,HR,Preboarding,Complete,2014-11-13,2014-11-11,100.0
ONB02993,10016,Submit Required Identification,HR,Preboarding,Complete,2014-11-12,2014-11-15,100.0
ONB02994,10016,Complete New Hire Orientation,HR,Orientation,Complete,2014-11-17,2014-11-15,100.0
ONB02995,10016,Manager Introduction,Manager,Orientation,Complete,2014-11-15,2014-11-12,100.0
ONB02996,10016,Laptop Provisioning,IT,Setup,Complete,2014-11-17,2014-11-13,100.0
ONB02997,10016,Network Account Setup,IT,Setup,Complete,2014-11-15,2014-11-12,100.0
ONB02998,10016,Email and Collaboration Access,IT,Setup,Complete,2014-11-15,2014-11-11,100.0
ONB02999,10016,Security Awareness Training,Compliance,Enablement,Overdue,2014-11-22,,25.0
ONB03000,10016,Company Policy Training,Compliance,Enablement,Complete,2014-11-20,2014-11-13,100.0
ONB03001,10016,Role-Specific Training,Role-specific,Enablement,Overdue,2014-11-30,,18.0
ONB03002,10016,Department Process Training,Role-specific,Enablement,In Progress,2014-11-25,,74.0
ONB03003,10016,Tool Access Verification,IT,Enablement,Blocked,2014-11-20,,26.0
ONB03004,10016,First Week Check-in,Manager,Enablement,Complete,2014-11-20,2014-11-22,100.0
ONB03005,10016,30-Day Onboarding Review,Manager,Productive,In Progress,2014-12-10,,43.0
ONB03006,10050,Complete HR Documentation,HR,Preboarding,Complete,2011-07-08,2011-07-06,100.0
ONB03007,10050,Submit Required Identification,HR,Preboarding,Complete,2011-07-07,2011-07-08,100.0
ONB03008,10050,Complete New Hire Orientation,HR,Orientation,Complete,2011-07-12,2011-07-06,100.0
ONB03009,10050,Manager Introduction,Manager,Orientation,Complete,2011-07-10,2011-07-13,100.0
ONB03010,10050,Laptop Provisioning,IT,Setup,Complete,2011-07-12,2011-07-10,100.0
ONB03011,10050,Network Account Setup,IT,Setup,Complete,2011-07-10,2011-07-10,100.0
ONB03012,10050,Email and Collaboration Access,IT,Setup,Complete,2011-07-10,2011-07-06,100.0
ONB03013,10050,Security Awareness Training,Compliance,Enablement,Complete,2011-07-17,2011-07-20,100.0
ONB03014,10050,Company Policy Training,Compliance,Enablement,Complete,2011-07-15,2011-07-08,100.0
ONB03015,10050,Role-Specific Training,Role-specific,Enablement,Complete,2011-07-25,2011-07-18,100.0
ONB03016,10050,Department Process Training,Role-specific,Enablement,Complete,2011-07-20,2011-07-14,100.0
ONB03017,10050,Tool Access Verification,IT,Enablement,Complete,2011-07-15,2011-07-11,100.0
ONB03018,10050,First Week Check-in,Manager,Enablement,Complete,2011-07-15,2011-07-12,100.0
ONB03019,10050,30-Day Onboarding Review,Manager,Productive,Complete,2011-08-04,2011-08-06,100.0
ONB03020,10164,Complete HR Documentation,HR,Preboarding,Complete,2007-11-08,2007-11-07,100.0
ONB03021,10164,Submit Required Identification,HR,Preboarding,Overdue,2007-11-07,,13.0
ONB03022,10164,Complete New Hire Orientation,HR,Orientation,Complete,2007-11-12,2007-11-12,100.0
ONB03023,10164,Manager Introduction,Manager,Orientation,Complete,2007-11-10,2007-11-06,100.0
ONB03024,10164,Laptop Provisioning,IT,Setup,Overdue,2007-11-12,,68.0
ONB03025,10164,Network Account Setup,IT,Setup,Complete,2007-11-10,2007-11-07,100.0
ONB03026,10164,Email and Collaboration Access,IT,Setup,Complete,2007-11-10,2007-11-11,100.0
ONB03027,10164,Security Awareness Training,Compliance,Enablement,Blocked,2007-11-17,,14.0
ONB03028,10164,Company Policy Training,Compliance,Enablement,Complete,2007-11-15,2007-11-16,100.0
ONB03029,10164,Role-Specific Training,Role-specific,Enablement,Complete,2007-11-25,2007-11-10,100.0
ONB03030,10164,Department Process Training,Role-specific,Enablement,Blocked,2007-11-20,,64.0
ONB03031,10164,Tool Access Verification,IT,Enablement,Complete,2007-11-15,2007-11-11,100.0
ONB03032,10164,First Week Check-in,Manager,Enablement,Not Started,2007-11-15,,0.0
ONB03033,10164,30-Day Onboarding Review,Manager,Productive,Complete,2007-12-05,2007-11-28,100.0
ONB03034,10124,Complete HR Documentation,HR,Preboarding,Complete,2012-01-12,2012-01-14,100.0
ONB03035,10124,Submit Required Identification,HR,Preboarding,Complete,2012-01-11,2012-01-12,100.0
ONB03036,10124,Complete New Hire Orientation,HR,Orientation,Complete,2012-01-16,2012-01-13,100.0
ONB03037,10124,Manager Introduction,Manager,Orientation,Complete,2012-01-14,2012-01-13,100.0
ONB03038,10124,Laptop Provisioning,IT,Setup,Complete,2012-01-16,2012-01-19,100.0
ONB03039,10124,Network Account Setup,IT,Setup,Complete,2012-01-14,2012-01-14,100.0
ONB03040,10124,Email and Collaboration Access,IT,Setup,Complete,2012-01-14,2012-01-13,100.0
ONB03041,10124,Security Awareness Training,Compliance,Enablement,Complete,2012-01-21,2012-01-19,100.0
ONB03042,10124,Company Policy Training,Compliance,Enablement,Complete,2012-01-19,2012-01-20,100.0
ONB03043,10124,Role-Specific Training,Role-specific,Enablement,Complete,2012-01-29,2012-01-31,100.0
ONB03044,10124,Department Process Training,Role-specific,Enablement,Complete,2012-01-24,2012-01-21,100.0
ONB03045,10124,Tool Access Verification,IT,Enablement,Overdue,2012-01-19,,3.0
ONB03046,10124,First Week Check-in,Manager,Enablement,Complete,2012-01-19,2012-01-17,100.0
ONB03047,10124,30-Day Onboarding Review,Manager,Productive,Complete,2012-02-08,2012-02-11,100.0
ONB03048,10187,Complete HR Documentation,HR,Preboarding,Complete,2011-05-19,2011-05-20,100.0
ONB03049,10187,Submit Required Identification,HR,Preboarding,Complete,2011-05-18,2011-05-21,100.0
ONB03050,10187,Complete New Hire Orientation,HR,Orientation,In Progress,2011-05-23,,64.0
ONB03051,10187,Manager Introduction,Manager,Orientation,In Progress,2011-05-21,,21.0
ONB03052,10187,Laptop Provisioning,IT,Setup,Complete,2011-05-23,2011-05-17,100.0
ONB03053,10187,Network Account Setup,IT,Setup,Complete,2011-05-21,2011-05-22,100.0
ONB03054,10187,Security Awareness Training,Compliance,Enablement,Complete,2011-05-28,2011-05-21,100.0
ONB03055,10187,Role-Specific Training,Role-specific,Enablement,Complete,2011-06-05,2011-06-06,100.0
ONB03056,10187,Department Process Training,Role-specific,Enablement,Complete,2011-05-31,2011-05-22,100.0
ONB03057,10187,Tool Access Verification,IT,Enablement,Complete,2011-05-26,2011-05-20,100.0
ONB03058,10187,First Week Check-in,Manager,Enablement,Complete,2011-05-26,2011-05-27,100.0
ONB03059,10187,30-Day Onboarding Review,Manager,Productive,Complete,2011-06-15,2011-06-07,100.0
ONB03060,10225,Complete HR Documentation,HR,Preboarding,In Progress,2014-01-09,,46.0
ONB03061,10225,Submit Required Identification,HR,Preboarding,Complete,2014-01-08,2014-01-07,100.0
ONB03062,10225,Complete New Hire Orientation,HR,Orientation,Complete,2014-01-13,2014-01-13,100.0
ONB03063,10225,Manager Introduction,Manager,Orientation,Complete,2014-01-11,2014-01-13,100.0
ONB03064,10225,Laptop Provisioning,IT,Setup,Complete,2014-01-13,2014-01-07,100.0
ONB03065,10225,Network Account Setup,IT,Setup,Complete,2014-01-11,2014-01-14,100.0
ONB03066,10225,Email and Collaboration Access,IT,Setup,Complete,2014-01-11,2014-01-14,100.0
ONB03067,10225,Security Awareness Training,Compliance,Enablement,Complete,2014-01-18,2014-01-11,100.0
ONB03068,10225,Company Policy Training,Compliance,Enablement,Complete,2014-01-16,2014-01-12,100.0
ONB03069,10225,Role-Specific Training,Role-specific,Enablement,Complete,2014-01-26,2014-01-24,100.0
ONB03070,10225,Department Process Training,Role-specific,Enablement,In Progress,2014-01-21,,88.0
ONB03071,10225,Tool Access Verification,IT,Enablement,Complete,2014-01-16,2014-01-17,100.0
ONB03072,10225,First Week Check-in,Manager,Enablement,Complete,2014-01-16,2014-01-17,100.0
ONB03073,10225,30-Day Onboarding Review,Manager,Productive,Complete,2014-02-05,2014-01-30,100.0
ONB03074,10262,Submit Required Identification,HR,Preboarding,Complete,2012-09-26,2012-09-26,100.0
ONB03075,10262,Complete New Hire Orientation,HR,Orientation,Complete,2012-10-01,2012-10-01,100.0
ONB03076,10262,Manager Introduction,Manager,Orientation,In Progress,2012-09-29,,30.0
ONB03077,10262,Laptop Provisioning,IT,Setup,Blocked,2012-10-01,,19.0
ONB03078,10262,Network Account Setup,IT,Setup,Complete,2012-09-29,2012-09-29,100.0
ONB03079,10262,Email and Collaboration Access,IT,Setup,Complete,2012-09-29,2012-09-29,100.0
ONB03080,10262,Role-Specific Training,Role-specific,Enablement,In Progress,2012-10-14,,84.0
ONB03081,10262,Department Process Training,Role-specific,Enablement,Complete,2012-10-09,2012-10-01,100.0
ONB03082,10262,Tool Access Verification,IT,Enablement,Blocked,2012-10-04,,9.0
ONB03083,10262,30-Day Onboarding Review,Manager,Productive,Blocked,2012-10-24,,44.0
ONB03084,10131,Complete HR Documentation,HR,Preboarding,Complete,2011-02-24,2011-02-21,100.0
ONB03085,10131,Submit Required Identification,HR,Preboarding,Complete,2011-02-23,2011-02-26,100.0
ONB03086,10131,Complete New Hire Orientation,HR,Orientation,Complete,2011-02-28,2011-03-01,100.0
ONB03087,10131,Manager Introduction,Manager,Orientation,Complete,2011-02-26,2011-02-28,100.0
ONB03088,10131,Laptop Provisioning,IT,Setup,In Progress,2011-02-28,,88.0
ONB03089,10131,Network Account Setup,IT,Setup,Complete,2011-02-26,2011-02-26,100.0
ONB03090,10131,Email and Collaboration Access,IT,Setup,In Progress,2011-02-26,,64.0
ONB03091,10131,Security Awareness Training,Compliance,Enablement,Complete,2011-03-05,2011-02-28,100.0
ONB03092,10131,Company Policy Training,Compliance,Enablement,Complete,2011-03-03,2011-03-06,100.0
ONB03093,10131,Role-Specific Training,Role-specific,Enablement,Complete,2011-03-13,2011-03-05,100.0
ONB03094,10131,Department Process Training,Role-specific,Enablement,In Progress,2011-03-08,,31.0
ONB03095,10131,Tool Access Verification,IT,Enablement,Not Started,2011-03-03,,0.0
ONB03096,10131,First Week Check-in,Manager,Enablement,Complete,2011-03-03,2011-03-06,100.0
ONB03097,10131,30-Day Onboarding Review,Manager,Productive,In Progress,2011-03-23,,23.0
ONB03098,10239,Submit Required Identification,HR,Preboarding,Blocked,2016-10-04,,27.0
ONB03099,10239,Complete New Hire Orientation,HR,Orientation,Complete,2016-10-09,2016-10-09,100.0
ONB03100,10239,Manager Introduction,Manager,Orientation,Complete,2016-10-07,2016-10-10,100.0
ONB03101,10239,Laptop Provisioning,IT,Setup,Not Started,2016-10-09,,0.0
ONB03102,10239,Network Account Setup,IT,Setup,Not Started,2016-10-07,,0.0
ONB03103,10239,Email and Collaboration Access,IT,Setup,Complete,2016-10-07,2016-10-10,100.0
ONB03104,10239,Security Awareness Training,Compliance,Enablement,Complete,2016-10-14,2016-10-08,100.0
ONB03105,10239,Company Policy Training,Compliance,Enablement,In Progress,2016-10-12,,76.0
ONB03106,10239,Role-Specific Training,Role-specific,Enablement,Complete,2016-10-22,2016-10-13,100.0
ONB03107,10239,Department Process Training,Role-specific,Enablement,Complete,2016-10-17,2016-10-15,100.0
ONB03108,10239,First Week Check-in,Manager,Enablement,Complete,2016-10-12,2016-10-10,100.0
ONB03109,10239,30-Day Onboarding Review,Manager,Productive,Complete,2016-11-01,2016-10-25,100.0
ONB03110,10152,Complete HR Documentation,HR,Preboarding,Complete,2011-09-29,2011-09-26,100.0
ONB03111,10152,Submit Required Identification,HR,Preboarding,Complete,2011-09-28,2011-10-01,100.0
ONB03112,10152,Complete New Hire Orientation,HR,Orientation,In Progress,2011-10-03,,80.0
ONB03113,10152,Manager Introduction,Manager,Orientation,In Progress,2011-10-01,,86.0
ONB03114,10152,Laptop Provisioning,IT,Setup,In Progress,2011-10-03,,95.0
ONB03115,10152,Network Account Setup,IT,Setup,In Progress,2011-10-01,,52.0
ONB03116,10152,Email and Collaboration Access,IT,Setup,Complete,2011-10-01,2011-09-29,100.0
ONB03117,10152,Security Awareness Training,Compliance,Enablement,Complete,2011-10-08,2011-09-30,100.0
ONB03118,10152,Company Policy Training,Compliance,Enablement,In Progress,2011-10-06,,23.0
ONB03119,10152,Role-Specific Training,Role-specific,Enablement,Complete,2011-10-16,2011-10-12,100.0
ONB03120,10152,Department Process Training,Role-specific,Enablement,Blocked,2011-10-11,,39.0
ONB03121,10152,Tool Access Verification,IT,Enablement,Complete,2011-10-06,2011-10-06,100.0
ONB03122,10152,First Week Check-in,Manager,Enablement,Complete,2011-10-06,2011-10-08,100.0
ONB03123,10140,Complete HR Documentation,HR,Preboarding,Complete,2014-05-15,2014-05-16,100.0
ONB03124,10140,Submit Required Identification,HR,Preboarding,Complete,2014-05-14,2014-05-14,100.0
ONB03125,10140,Complete New Hire Orientation,HR,Orientation,Complete,2014-05-19,2014-05-20,100.0
ONB03126,10140,Manager Introduction,Manager,Orientation,In Progress,2014-05-17,,44.0
ONB03127,10140,Laptop Provisioning,IT,Setup,In Progress,2014-05-19,,20.0
ONB03128,10140,Network Account Setup,IT,Setup,Complete,2014-05-17,2014-05-19,100.0
ONB03129,10140,Email and Collaboration Access,IT,Setup,Complete,2014-05-17,2014-05-13,100.0
ONB03130,10140,Security Awareness Training,Compliance,Enablement,Complete,2014-05-24,2014-05-21,100.0
ONB03131,10140,Company Policy Training,Compliance,Enablement,In Progress,2014-05-22,,57.0
ONB03132,10140,Role-Specific Training,Role-specific,Enablement,Complete,2014-06-01,2014-05-24,100.0
ONB03133,10140,Department Process Training,Role-specific,Enablement,Complete,2014-05-27,2014-05-19,100.0
ONB03134,10140,Tool Access Verification,IT,Enablement,Complete,2014-05-22,2014-05-20,100.0
ONB03135,10140,First Week Check-in,Manager,Enablement,Blocked,2014-05-22,,52.0
ONB03136,10140,30-Day Onboarding Review,Manager,Productive,In Progress,2014-06-11,,24.0
ONB03137,10058,Complete HR Documentation,HR,Preboarding,Complete,2011-05-19,2011-05-17,100.0
ONB03138,10058,Submit Required Identification,HR,Preboarding,Complete,2011-05-18,2011-05-20,100.0
ONB03139,10058,Complete New Hire Orientation,HR,Orientation,Complete,2011-05-23,2011-05-19,100.0
ONB03140,10058,Manager Introduction,Manager,Orientation,In Progress,2011-05-21,,46.0
ONB03141,10058,Laptop Provisioning,IT,Setup,Complete,2011-05-23,2011-05-23,100.0
ONB03142,10058,Network Account Setup,IT,Setup,Complete,2011-05-21,2011-05-19,100.0
ONB03143,10058,Email and Collaboration Access,IT,Setup,Complete,2011-05-21,2011-05-22,100.0
ONB03144,10058,Security Awareness Training,Compliance,Enablement,Complete,2011-05-28,2011-05-30,100.0
ONB03145,10058,Company Policy Training,Compliance,Enablement,Complete,2011-05-26,2011-05-28,100.0
ONB03146,10058,Role-Specific Training,Role-specific,Enablement,Complete,2011-06-05,2011-05-22,100.0
ONB03147,10058,Department Process Training,Role-specific,Enablement,Complete,2011-05-31,2011-05-23,100.0
ONB03148,10058,Tool Access Verification,IT,Enablement,Complete,2011-05-26,2011-05-25,100.0
ONB03149,10058,First Week Check-in,Manager,Enablement,Complete,2011-05-26,2011-05-23,100.0
ONB03150,10058,30-Day Onboarding Review,Manager,Productive,Complete,2011-06-15,2011-06-06,100.0
ONB03151,10011,Complete HR Documentation,HR,Preboarding,Complete,2011-12-01,2011-12-04,100.0
ONB03152,10011,Submit Required Identification,HR,Preboarding,Complete,2011-11-30,2011-12-03,100.0
ONB03153,10011,Complete New Hire Orientation,HR,Orientation,Not Started,2011-12-05,,0.0
ONB03154,10011,Manager Introduction,Manager,Orientation,Blocked,2011-12-03,,59.0
ONB03155,10011,Laptop Provisioning,IT,Setup,Complete,2011-12-05,2011-12-08,100.0
ONB03156,10011,Network Account Setup,IT,Setup,Complete,2011-12-03,2011-12-01,100.0
ONB03157,10011,Email and Collaboration Access,IT,Setup,In Progress,2011-12-03,,83.0
ONB03158,10011,Security Awareness Training,Compliance,Enablement,Complete,2011-12-10,2011-12-08,100.0
ONB03159,10011,Company Policy Training,Compliance,Enablement,Complete,2011-12-08,2011-12-11,100.0
ONB03160,10011,Role-Specific Training,Role-specific,Enablement,Complete,2011-12-18,2011-12-07,100.0
ONB03161,10011,Department Process Training,Role-specific,Enablement,Complete,2011-12-13,2011-12-07,100.0
ONB03162,10011,Tool Access Verification,IT,Enablement,In Progress,2011-12-08,,67.0
ONB03163,10011,First Week Check-in,Manager,Enablement,Complete,2011-12-08,2011-12-08,100.0
ONB03164,10011,30-Day Onboarding Review,Manager,Productive,In Progress,2011-12-28,,41.0
ONB03165,10230,Complete HR Documentation,HR,Preboarding,Complete,2011-09-29,2011-09-27,100.0
ONB03166,10230,Submit Required Identification,HR,Preboarding,Complete,2011-09-28,2011-09-27,100.0
ONB03167,10230,Complete New Hire Orientation,HR,Orientation,Complete,2011-10-03,2011-10-02,100.0
ONB03168,10230,Manager Introduction,Manager,Orientation,Complete,2011-10-01,2011-09-27,100.0
ONB03169,10230,Laptop Provisioning,IT,Setup,Complete,2011-10-03,2011-09-28,100.0
ONB03170,10230,Network Account Setup,IT,Setup,Complete,2011-10-01,2011-09-30,100.0
ONB03171,10230,Email and Collaboration Access,IT,Setup,Complete,2011-10-01,2011-09-27,100.0
ONB03172,10230,Security Awareness Training,Compliance,Enablement,Complete,2011-10-08,2011-10-08,100.0
ONB03173,10230,Company Policy Training,Compliance,Enablement,Complete,2011-10-06,2011-09-30,100.0
ONB03174,10230,Role-Specific Training,Role-specific,Enablement,In Progress,2011-10-16,,33.0
ONB03175,10230,Department Process Training,Role-specific,Enablement,Overdue,2011-10-11,,32.0
ONB03176,10230,Tool Access Verification,IT,Enablement,Complete,2011-10-06,2011-10-04,100.0
ONB03177,10230,First Week Check-in,Manager,Enablement,Complete,2011-10-06,2011-10-05,100.0
ONB03178,10230,30-Day Onboarding Review,Manager,Productive,Blocked,2011-10-26,,12.0
ONB03179,10224,Complete HR Documentation,HR,Preboarding,Complete,2011-07-08,2011-07-08,100.0
ONB03180,10224,Submit Required Identification,HR,Preboarding,Complete,2011-07-07,2011-07-08,100.0
ONB03181,10224,Complete New Hire Orientation,HR,Orientation,Complete,2011-07-12,2011-07-11,100.0
ONB03182,10224,Manager Introduction,Manager,Orientation,In Progress,2011-07-10,,63.0
ONB03183,10224,Laptop Provisioning,IT,Setup,In Progress,2011-07-12,,79.0
ONB03184,10224,Network Account Setup,IT,Setup,Complete,2011-07-10,2011-07-12,100.0
ONB03185,10224,Email and Collaboration Access,IT,Setup,Complete,2011-07-10,2011-07-11,100.0
ONB03186,10224,Company Policy Training,Compliance,Enablement,In Progress,2011-07-15,,15.0
ONB03187,10224,Role-Specific Training,Role-specific,Enablement,Complete,2011-07-25,2011-07-15,100.0
ONB03188,10224,Department Process Training,Role-specific,Enablement,Complete,2011-07-20,2011-07-17,100.0
ONB03189,10224,Tool Access Verification,IT,Enablement,In Progress,2011-07-15,,74.0
ONB03190,10224,First Week Check-in,Manager,Enablement,Blocked,2011-07-15,,62.0
ONB03191,10224,30-Day Onboarding Review,Manager,Productive,Complete,2011-08-04,2011-07-26,100.0
ONB03192,10047,Complete HR Documentation,HR,Preboarding,Complete,2011-01-13,2011-01-16,100.0
ONB03193,10047,Submit Required Identification,HR,Preboarding,Complete,2011-01-12,2011-01-10,100.0
ONB03194,10047,Complete New Hire Orientation,HR,Orientation,Complete,2011-01-17,2011-01-13,100.0
ONB03195,10047,Manager Introduction,Manager,Orientation,Complete,2011-01-15,2011-01-15,100.0
ONB03196,10047,Laptop Provisioning,IT,Setup,Complete,2011-01-17,2011-01-14,100.0
ONB03197,10047,Network Account Setup,IT,Setup,In Progress,2011-01-15,,33.0
ONB03198,10047,Email and Collaboration Access,IT,Setup,Complete,2011-01-15,2011-01-16,100.0
ONB03199,10047,Security Awareness Training,Compliance,Enablement,Complete,2011-01-22,2011-01-17,100.0
ONB03200,10047,Company Policy Training,Compliance,Enablement,Complete,2011-01-20,2011-01-21,100.0
ONB03201,10047,Role-Specific Training,Role-specific,Enablement,Complete,2011-01-30,2011-01-18,100.0
ONB03202,10047,Department Process Training,Role-specific,Enablement,Complete,2011-01-25,2011-01-15,100.0
ONB03203,10047,Tool Access Verification,IT,Enablement,Complete,2011-01-20,2011-01-21,100.0
ONB03204,10047,First Week Check-in,Manager,Enablement,Complete,2011-01-20,2011-01-20,100.0
ONB03205,10047,30-Day Onboarding Review,Manager,Productive,Complete,2011-02-09,2011-02-06,100.0
ONB03206,10285,Complete HR Documentation,HR,Preboarding,Complete,2011-01-13,2011-01-16,100.0
ONB03207,10285,Submit Required Identification,HR,Preboarding,In Progress,2011-01-12,,44.0
ONB03208,10285,Complete New Hire Orientation,HR,Orientation,Complete,2011-01-17,2011-01-14,100.0
ONB03209,10285,Manager Introduction,Manager,Orientation,Complete,2011-01-15,2011-01-18,100.0
ONB03210,10285,Network Account Setup,IT,Setup,Complete,2011-01-15,2011-01-15,100.0
ONB03211,10285,Security Awareness Training,Compliance,Enablement,In Progress,2011-01-22,,64.0
ONB03212,10285,Company Policy Training,Compliance,Enablement,Complete,2011-01-20,2011-01-16,100.0
ONB03213,10285,Role-Specific Training,Role-specific,Enablement,Complete,2011-01-30,2011-01-25,100.0
ONB03214,10285,Department Process Training,Role-specific,Enablement,Complete,2011-01-25,2011-01-15,100.0
ONB03215,10285,Tool Access Verification,IT,Enablement,Overdue,2011-01-20,,86.0
ONB03216,10285,First Week Check-in,Manager,Enablement,Complete,2011-01-20,2011-01-19,100.0
ONB03217,10020,Complete HR Documentation,HR,Preboarding,Not Started,2013-07-11,,0.0
ONB03218,10020,Submit Required Identification,HR,Preboarding,Blocked,2013-07-10,,74.0
ONB03219,10020,Complete New Hire Orientation,HR,Orientation,Complete,2013-07-15,2013-07-14,100.0
ONB03220,10020,Manager Introduction,Manager,Orientation,Complete,2013-07-13,2013-07-16,100.0
ONB03221,10020,Laptop Provisioning,IT,Setup,Blocked,2013-07-15,,62.0
ONB03222,10020,Network Account Setup,IT,Setup,In Progress,2013-07-13,,56.0
ONB03223,10020,Email and Collaboration Access,IT,Setup,Complete,2013-07-13,2013-07-12,100.0
ONB03224,10020,Security Awareness Training,Compliance,Enablement,Complete,2013-07-20,2013-07-18,100.0
ONB03225,10020,Company Policy Training,Compliance,Enablement,Complete,2013-07-18,2013-07-11,100.0
ONB03226,10020,Role-Specific Training,Role-specific,Enablement,Complete,2013-07-28,2013-07-24,100.0
ONB03227,10020,Department Process Training,Role-specific,Enablement,Blocked,2013-07-23,,49.0
ONB03228,10020,Tool Access Verification,IT,Enablement,In Progress,2013-07-18,,22.0
ONB03229,10020,First Week Check-in,Manager,Enablement,In Progress,2013-07-18,,84.0
ONB03230,10020,30-Day Onboarding Review,Manager,Productive,Complete,2013-08-07,2013-08-09,100.0
ONB03231,10162,Complete HR Documentation,HR,Preboarding,Complete,2015-02-19,2015-02-16,100.0
ONB03232,10162,Submit Required Identification,HR,Preboarding,Complete,2015-02-18,2015-02-21,100.0
ONB03233,10162,Complete New Hire Orientation,HR,Orientation,In Progress,2015-02-23,,27.0
ONB03234,10162,Manager Introduction,Manager,Orientation,In Progress,2015-02-21,,71.0
ONB03235,10162,Laptop Provisioning,IT,Setup,Not Started,2015-02-23,,0.0
ONB03236,10162,Network Account Setup,IT,Setup,Blocked,2015-02-21,,72.0
ONB03237,10162,Email and Collaboration Access,IT,Setup,Complete,2015-02-21,2015-02-22,100.0
ONB03238,10162,Security Awareness Training,Compliance,Enablement,In Progress,2015-02-28,,86.0
ONB03239,10162,Company Policy Training,Compliance,Enablement,Blocked,2015-02-26,,59.0
ONB03240,10162,Role-Specific Training,Role-specific,Enablement,Complete,2015-03-08,2015-02-23,100.0
ONB03241,10162,Department Process Training,Role-specific,Enablement,Overdue,2015-03-03,,18.0
ONB03242,10162,Tool Access Verification,IT,Enablement,Complete,2015-02-26,2015-02-20,100.0
ONB03243,10162,First Week Check-in,Manager,Enablement,Complete,2015-02-26,2015-02-23,100.0
ONB03244,10162,30-Day Onboarding Review,Manager,Productive,Complete,2015-03-18,2015-03-09,100.0
ONB03245,10149,Complete HR Documentation,HR,Preboarding,Blocked,2015-01-08,,35.0
ONB03246,10149,Submit Required Identification,HR,Preboarding,Complete,2015-01-07,2015-01-10,100.0
ONB03247,10149,Complete New Hire Orientation,HR,Orientation,Complete,2015-01-12,2015-01-14,100.0
ONB03248,10149,Manager Introduction,Manager,Orientation,Complete,2015-01-10,2015-01-09,100.0
ONB03249,10149,Laptop Provisioning,IT,Setup,Complete,2015-01-12,2015-01-13,100.0
ONB03250,10149,Network Account Setup,IT,Setup,Not Started,2015-01-10,,0.0
ONB03251,10149,Email and Collaboration Access,IT,Setup,Complete,2015-01-10,2015-01-12,100.0
ONB03252,10149,Security Awareness Training,Compliance,Enablement,Complete,2015-01-17,2015-01-18,100.0
ONB03253,10149,Company Policy Training,Compliance,Enablement,Complete,2015-01-15,2015-01-11,100.0
ONB03254,10149,Role-Specific Training,Role-specific,Enablement,Complete,2015-01-25,2015-01-18,100.0
ONB03255,10149,Department Process Training,Role-specific,Enablement,Complete,2015-01-20,2015-01-17,100.0
ONB03256,10149,Tool Access Verification,IT,Enablement,Complete,2015-01-15,2015-01-08,100.0
ONB03257,10149,First Week Check-in,Manager,Enablement,Complete,2015-01-15,2015-01-17,100.0
ONB03258,10149,30-Day Onboarding Review,Manager,Productive,Complete,2015-02-04,2015-01-30,100.0
ONB03259,10086,Submit Required Identification,HR,Preboarding,Complete,2017-01-09,2017-01-09,100.0
ONB03260,10086,Complete New Hire Orientation,HR,Orientation,Blocked,2017-01-14,,5.0
ONB03261,10086,Manager Introduction,Manager,Orientation,Complete,2017-01-12,2017-01-09,100.0
ONB03262,10086,Laptop Provisioning,IT,Setup,Complete,2017-01-14,2017-01-14,100.0
ONB03263,10086,Network Account Setup,IT,Setup,Complete,2017-01-12,2017-01-08,100.0
ONB03264,10086,Email and Collaboration Access,IT,Setup,In Progress,2017-01-12,,57.0
ONB03265,10086,Security Awareness Training,Compliance,Enablement,Complete,2017-01-19,2017-01-16,100.0
ONB03266,10086,Role-Specific Training,Role-specific,Enablement,Complete,2017-01-27,2017-01-12,100.0
ONB03267,10086,Department Process Training,Role-specific,Enablement,Complete,2017-01-22,2017-01-22,100.0
ONB03268,10086,Tool Access Verification,IT,Enablement,Complete,2017-01-17,2017-01-10,100.0
ONB03269,10086,First Week Check-in,Manager,Enablement,Complete,2017-01-17,2017-01-17,100.0
ONB03270,10086,30-Day Onboarding Review,Manager,Productive,Not Started,2017-02-06,,0.0
ONB03271,10054,Complete HR Documentation,HR,Preboarding,Complete,2014-01-09,2014-01-06,100.0
ONB03272,10054,Submit Required Identification,HR,Preboarding,Complete,2014-01-08,2014-01-09,100.0
ONB03273,10054,Complete New Hire Orientation,HR,Orientation,Complete,2014-01-13,2014-01-12,100.0
ONB03274,10054,Manager Introduction,Manager,Orientation,Complete,2014-01-11,2014-01-11,100.0
ONB03275,10054,Laptop Provisioning,IT,Setup,Blocked,2014-01-13,,20.0
ONB03276,10054,Network Account Setup,IT,Setup,Complete,2014-01-11,2014-01-13,100.0
ONB03277,10054,Email and Collaboration Access,IT,Setup,Not Started,2014-01-11,,0.0
ONB03278,10054,Security Awareness Training,Compliance,Enablement,Not Started,2014-01-18,,0.0
ONB03279,10054,Company Policy Training,Compliance,Enablement,Complete,2014-01-16,2014-01-08,100.0
ONB03280,10054,Role-Specific Training,Role-specific,Enablement,Complete,2014-01-26,2014-01-17,100.0
ONB03281,10054,Department Process Training,Role-specific,Enablement,Complete,2014-01-21,2014-01-18,100.0
ONB03282,10054,Tool Access Verification,IT,Enablement,Complete,2014-01-16,2014-01-13,100.0
ONB03283,10054,First Week Check-in,Manager,Enablement,Overdue,2014-01-16,,50.0
ONB03284,10054,30-Day Onboarding Review,Manager,Productive,In Progress,2014-02-05,,48.0
ONB03285,10065,Complete HR Documentation,HR,Preboarding,Complete,2011-04-07,2011-04-07,100.0
ONB03286,10065,Submit Required Identification,HR,Preboarding,Complete,2011-04-06,2011-04-09,100.0
ONB03287,10065,Complete New Hire Orientation,HR,Orientation,Complete,2011-04-11,2011-04-10,100.0
ONB03288,10065,Manager Introduction,Manager,Orientation,Complete,2011-04-09,2011-04-07,100.0
ONB03289,10065,Laptop Provisioning,IT,Setup,Complete,2011-04-11,2011-04-14,100.0
ONB03290,10065,Network Account Setup,IT,Setup,Complete,2011-04-09,2011-04-05,100.0
ONB03291,10065,Email and Collaboration Access,IT,Setup,Complete,2011-04-09,2011-04-12,100.0
ONB03292,10065,Security Awareness Training,Compliance,Enablement,Complete,2011-04-16,2011-04-07,100.0
ONB03293,10065,Company Policy Training,Compliance,Enablement,Complete,2011-04-14,2011-04-07,100.0
ONB03294,10065,Role-Specific Training,Role-specific,Enablement,Complete,2011-04-24,2011-04-14,100.0
ONB03295,10065,Department Process Training,Role-specific,Enablement,In Progress,2011-04-19,,38.0
ONB03296,10065,Tool Access Verification,IT,Enablement,Complete,2011-04-14,2011-04-09,100.0
ONB03297,10065,First Week Check-in,Manager,Enablement,Complete,2011-04-14,2011-04-11,100.0
ONB03298,10065,30-Day Onboarding Review,Manager,Productive,Complete,2011-05-04,2011-05-07,100.0
ONB03299,10198,Complete HR Documentation,HR,Preboarding,Complete,2013-01-23,2013-01-20,100.0
ONB03300,10198,Submit Required Identification,HR,Preboarding,Complete,2013-01-22,2013-01-23,100.0
ONB03301,10198,Complete New Hire Orientation,HR,Orientation,Complete,2013-01-27,2013-01-23,100.0
ONB03302,10198,Laptop Provisioning,IT,Setup,Complete,2013-01-27,2013-01-29,100.0
ONB03303,10198,Network Account Setup,IT,Setup,Complete,2013-01-25,2013-01-26,100.0
ONB03304,10198,Email and Collaboration Access,IT,Setup,Complete,2013-01-25,2013-01-24,100.0
ONB03305,10198,Security Awareness Training,Compliance,Enablement,Complete,2013-02-01,2013-01-31,100.0
ONB03306,10198,Company Policy Training,Compliance,Enablement,Complete,2013-01-30,2013-02-02,100.0
ONB03307,10198,Role-Specific Training,Role-specific,Enablement,Complete,2013-02-09,2013-02-08,100.0
ONB03308,10198,Tool Access Verification,IT,Enablement,Complete,2013-01-30,2013-01-27,100.0
ONB03309,10198,First Week Check-in,Manager,Enablement,Not Started,2013-01-30,,0.0
ONB03310,10198,30-Day Onboarding Review,Manager,Productive,Complete,2013-02-19,2013-02-17,100.0
ONB03311,10222,Complete HR Documentation,HR,Preboarding,Complete,2012-01-12,2012-01-11,100.0
ONB03312,10222,Submit Required Identification,HR,Preboarding,Complete,2012-01-11,2012-01-14,100.0
ONB03313,10222,Complete New Hire Orientation,HR,Orientation,In Progress,2012-01-16,,57.0
ONB03314,10222,Manager Introduction,Manager,Orientation,Complete,2012-01-14,2012-01-15,100.0
ONB03315,10222,Laptop Provisioning,IT,Setup,In Progress,2012-01-16,,31.0
ONB03316,10222,Network Account Setup,IT,Setup,Complete,2012-01-14,2012-01-11,100.0
ONB03317,10222,Email and Collaboration Access,IT,Setup,Complete,2012-01-14,2012-01-12,100.0
ONB03318,10222,Security Awareness Training,Compliance,Enablement,Complete,2012-01-21,2012-01-12,100.0
ONB03319,10222,Company Policy Training,Compliance,Enablement,Complete,2012-01-19,2012-01-21,100.0
ONB03320,10222,Role-Specific Training,Role-specific,Enablement,Complete,2012-01-29,2012-01-24,100.0
ONB03321,10222,Department Process Training,Role-specific,Enablement,Complete,2012-01-24,2012-01-20,100.0
ONB03322,10222,Tool Access Verification,IT,Enablement,Complete,2012-01-19,2012-01-17,100.0
ONB03323,10222,First Week Check-in,Manager,Enablement,Complete,2012-01-19,2012-01-21,100.0
ONB03324,10222,30-Day Onboarding Review,Manager,Productive,Complete,2012-02-08,2012-02-11,100.0
ONB03325,10126,Complete HR Documentation,HR,Preboarding,Complete,2012-11-08,2012-11-11,100.0
ONB03326,10126,Submit Required Identification,HR,Preboarding,Complete,2012-11-07,2012-11-07,100.0
ONB03327,10126,Complete New Hire Orientation,HR,Orientation,Complete,2012-11-12,2012-11-07,100.0
ONB03328,10126,Manager Introduction,Manager,Orientation,Complete,2012-11-10,2012-11-09,100.0
ONB03329,10126,Laptop Provisioning,IT,Setup,Complete,2012-11-12,2012-11-09,100.0
ONB03330,10126,Network Account Setup,IT,Setup,Complete,2012-11-10,2012-11-07,100.0
ONB03331,10126,Email and Collaboration Access,IT,Setup,Complete,2012-11-10,2012-11-12,100.0
ONB03332,10126,Security Awareness Training,Compliance,Enablement,In Progress,2012-11-17,,42.0
ONB03333,10126,Company Policy Training,Compliance,Enablement,Complete,2012-11-15,2012-11-11,100.0
ONB03334,10126,Role-Specific Training,Role-specific,Enablement,Complete,2012-11-25,2012-11-15,100.0
ONB03335,10126,Department Process Training,Role-specific,Enablement,Complete,2012-11-20,2012-11-12,100.0
ONB03336,10126,Tool Access Verification,IT,Enablement,Complete,2012-11-15,2012-11-12,100.0
ONB03337,10126,First Week Check-in,Manager,Enablement,Complete,2012-11-15,2012-11-11,100.0
ONB03338,10126,30-Day Onboarding Review,Manager,Productive,Complete,2012-12-05,2012-12-07,100.0
ONB03339,10295,Complete HR Documentation,HR,Preboarding,Complete,2016-07-07,2016-07-05,100.0
ONB03340,10295,Submit Required Identification,HR,Preboarding,Complete,2016-07-06,2016-07-07,100.0
ONB03341,10295,Complete New Hire Orientation,HR,Orientation,Complete,2016-07-11,2016-07-06,100.0
ONB03342,10295,Manager Introduction,Manager,Orientation,Complete,2016-07-09,2016-07-06,100.0
ONB03343,10295,Laptop Provisioning,IT,Setup,Complete,2016-07-11,2016-07-09,100.0
ONB03344,10295,Network Account Setup,IT,Setup,Blocked,2016-07-09,,72.0
ONB03345,10295,Email and Collaboration Access,IT,Setup,In Progress,2016-07-09,,54.0
ONB03346,10295,Security Awareness Training,Compliance,Enablement,Complete,2016-07-16,2016-07-12,100.0
ONB03347,10295,Company Policy Training,Compliance,Enablement,Complete,2016-07-14,2016-07-10,100.0
ONB03348,10295,Role-Specific Training,Role-specific,Enablement,Complete,2016-07-24,2016-07-24,100.0
ONB03349,10295,Department Process Training,Role-specific,Enablement,In Progress,2016-07-19,,69.0
ONB03350,10295,Tool Access Verification,IT,Enablement,Complete,2016-07-14,2016-07-17,100.0
ONB03351,10295,First Week Check-in,Manager,Enablement,Complete,2016-07-14,2016-07-14,100.0
ONB03352,10295,30-Day Onboarding Review,Manager,Productive,Complete,2016-08-03,2016-07-26,100.0
ONB03353,10260,Complete HR Documentation,HR,Preboarding,Complete,2009-01-08,2009-01-10,100.0
ONB03354,10260,Submit Required Identification,HR,Preboarding,In Progress,2009-01-07,,53.0
ONB03355,10260,Complete New Hire Orientation,HR,Orientation,Complete,2009-01-12,2009-01-06,100.0
ONB03356,10260,Laptop Provisioning,IT,Setup,Complete,2009-01-12,2009-01-06,100.0
ONB03357,10260,Network Account Setup,IT,Setup,Complete,2009-01-10,2009-01-07,100.0
ONB03358,10260,Email and Collaboration Access,IT,Setup,Complete,2009-01-10,2009-01-06,100.0
ONB03359,10260,Role-Specific Training,Role-specific,Enablement,In Progress,2009-01-25,,17.0
ONB03360,10260,Department Process Training,Role-specific,Enablement,Complete,2009-01-20,2009-01-19,100.0
ONB03361,10260,Tool Access Verification,IT,Enablement,In Progress,2009-01-15,,68.0
ONB03362,10260,First Week Check-in,Manager,Enablement,Complete,2009-01-15,2009-01-13,100.0
ONB03363,10260,30-Day Onboarding Review,Manager,Productive,Complete,2009-02-04,2009-02-04,100.0
ONB03364,10233,Complete HR Documentation,HR,Preboarding,Complete,2010-09-02,2010-09-05,100.0
ONB03365,10233,Submit Required Identification,HR,Preboarding,Complete,2010-09-01,2010-09-04,100.0
ONB03366,10233,Complete New Hire Orientation,HR,Orientation,Complete,2010-09-06,2010-09-02,100.0
ONB03367,10233,Manager Introduction,Manager,Orientation,Complete,2010-09-04,2010-09-07,100.0
ONB03368,10233,Laptop Provisioning,IT,Setup,Blocked,2010-09-06,,38.0
ONB03369,10233,Network Account Setup,IT,Setup,Overdue,2010-09-04,,65.0
ONB03370,10233,Email and Collaboration Access,IT,Setup,Blocked,2010-09-04,,72.0
ONB03371,10233,Security Awareness Training,Compliance,Enablement,Complete,2010-09-11,2010-09-14,100.0
ONB03372,10233,Company Policy Training,Compliance,Enablement,In Progress,2010-09-09,,40.0
ONB03373,10233,Role-Specific Training,Role-specific,Enablement,Complete,2010-09-19,2010-09-19,100.0
ONB03374,10233,Department Process Training,Role-specific,Enablement,Complete,2010-09-14,2010-09-10,100.0
ONB03375,10233,Tool Access Verification,IT,Enablement,Complete,2010-09-09,2010-09-12,100.0
ONB03376,10233,First Week Check-in,Manager,Enablement,Complete,2010-09-09,2010-09-11,100.0
ONB03377,10233,30-Day Onboarding Review,Manager,Productive,Complete,2010-09-29,2010-09-26,100.0
ONB03378,10229,Complete HR Documentation,HR,Preboarding,Complete,2015-01-08,2015-01-05,100.0
ONB03379,10229,Submit Required Identification,HR,Preboarding,Blocked,2015-01-07,,52.0
ONB03380,10229,Complete New Hire Orientation,HR,Orientation,Complete,2015-01-12,2015-01-06,100.0
ONB03381,10229,Manager Introduction,Manager,Orientation,Complete,2015-01-10,2015-01-11,100.0
ONB03382,10229,Laptop Provisioning,IT,Setup,Blocked,2015-01-12,,3.0
ONB03383,10229,Network Account Setup,IT,Setup,Complete,2015-01-10,2015-01-13,100.0
ONB03384,10229,Email and Collaboration Access,IT,Setup,Complete,2015-01-10,2015-01-06,100.0
ONB03385,10229,Security Awareness Training,Compliance,Enablement,Complete,2015-01-17,2015-01-14,100.0
ONB03386,10229,Company Policy Training,Compliance,Enablement,Complete,2015-01-15,2015-01-17,100.0
ONB03387,10229,Role-Specific Training,Role-specific,Enablement,Complete,2015-01-25,2015-01-19,100.0
ONB03388,10229,Department Process Training,Role-specific,Enablement,Complete,2015-01-20,2015-01-13,100.0
ONB03389,10229,Tool Access Verification,IT,Enablement,Blocked,2015-01-15,,28.0
ONB03390,10229,First Week Check-in,Manager,Enablement,Complete,2015-01-15,2015-01-15,100.0
ONB03391,10229,30-Day Onboarding Review,Manager,Productive,Complete,2015-02-04,2015-02-02,100.0
ONB03392,10169,Complete HR Documentation,HR,Preboarding,Complete,2014-10-02,2014-09-30,100.0
ONB03393,10169,Submit Required Identification,HR,Preboarding,Complete,2014-10-01,2014-10-01,100.0
ONB03394,10169,Complete New Hire Orientation,HR,Orientation,Complete,2014-10-06,2014-09-30,100.0
ONB03395,10169,Manager Introduction,Manager,Orientation,Complete,2014-10-04,2014-10-07,100.0
ONB03396,10169,Laptop Provisioning,IT,Setup,Complete,2014-10-06,2014-10-08,100.0
ONB03397,10169,Network Account Setup,IT,Setup,Complete,2014-10-04,2014-10-05,100.0
ONB03398,10169,Email and Collaboration Access,IT,Setup,Complete,2014-10-04,2014-10-04,100.0
ONB03399,10169,Security Awareness Training,Compliance,Enablement,Complete,2014-10-11,2014-10-06,100.0
ONB03400,10169,Company Policy Training,Compliance,Enablement,Complete,2014-10-09,2014-10-07,100.0
ONB03401,10169,Role-Specific Training,Role-specific,Enablement,Blocked,2014-10-19,,66.0
ONB03402,10169,Department Process Training,Role-specific,Enablement,Blocked,2014-10-14,,25.0
ONB03403,10169,Tool Access Verification,IT,Enablement,Complete,2014-10-09,2014-10-06,100.0
ONB03404,10169,First Week Check-in,Manager,Enablement,Complete,2014-10-09,2014-10-12,100.0
ONB03405,10169,30-Day Onboarding Review,Manager,Productive,In Progress,2014-10-29,,92.0
ONB03406,10071,Complete HR Documentation,HR,Preboarding,Complete,2013-10-03,2013-10-06,100.0
ONB03407,10071,Submit Required Identification,HR,Preboarding,Overdue,2013-10-02,,70.0
ONB03408,10071,Complete New Hire Orientation,HR,Orientation,In Progress,2013-10-07,,46.0
ONB03409,10071,Manager Introduction,Manager,Orientation,Complete,2013-10-05,2013-10-04,100.0
ONB03410,10071,Laptop Provisioning,IT,Setup,Complete,2013-10-07,2013-10-04,100.0
ONB03411,10071,Network Account Setup,IT,Setup,Overdue,2013-10-05,,29.0
ONB03412,10071,Email and Collaboration Access,IT,Setup,Complete,2013-10-05,2013-10-07,100.0
ONB03413,10071,Security Awareness Training,Compliance,Enablement,Complete,2013-10-12,2013-10-09,100.0
ONB03414,10071,Company Policy Training,Compliance,Enablement,Complete,2013-10-10,2013-10-13,100.0
ONB03415,10071,Role-Specific Training,Role-specific,Enablement,Complete,2013-10-20,2013-10-14,100.0
ONB03416,10071,Department Process Training,Role-specific,Enablement,Blocked,2013-10-15,,68.0
ONB03417,10071,Tool Access Verification,IT,Enablement,Complete,2013-10-10,2013-10-06,100.0
ONB03418,10071,First Week Check-in,Manager,Enablement,Complete,2013-10-10,2013-10-08,100.0
ONB03419,10071,30-Day Onboarding Review,Manager,Productive,Complete,2013-10-30,2013-10-27,100.0
ONB03420,10179,Complete HR Documentation,HR,Preboarding,Complete,2014-10-03,2014-10-02,100.0
ONB03421,10179,Submit Required Identification,HR,Preboarding,Complete,2014-10-02,2014-10-05,100.0
ONB03422,10179,Complete New Hire Orientation,HR,Orientation,Complete,2014-10-07,2014-10-07,100.0
ONB03423,10179,Manager Introduction,Manager,Orientation,Complete,2014-10-05,2014-10-02,100.0
ONB03424,10179,Laptop Provisioning,IT,Setup,Blocked,2014-10-07,,19.0
ONB03425,10179,Network Account Setup,IT,Setup,Complete,2014-10-05,2014-10-03,100.0
ONB03426,10179,Email and Collaboration Access,IT,Setup,Complete,2014-10-05,2014-10-02,100.0
ONB03427,10179,Security Awareness Training,Compliance,Enablement,Complete,2014-10-12,2014-10-14,100.0
ONB03428,10179,Company Policy Training,Compliance,Enablement,In Progress,2014-10-10,,64.0
ONB03429,10179,Role-Specific Training,Role-specific,Enablement,Blocked,2014-10-20,,13.0
ONB03430,10179,Department Process Training,Role-specific,Enablement,Complete,2014-10-15,2014-10-07,100.0
ONB03431,10179,Tool Access Verification,IT,Enablement,Not Started,2014-10-10,,0.0
ONB03432,10179,First Week Check-in,Manager,Enablement,Complete,2014-10-10,2014-10-06,100.0
ONB03433,10179,30-Day Onboarding Review,Manager,Productive,Complete,2014-10-30,2014-10-27,100.0
ONB03434,10091,Complete HR Documentation,HR,Preboarding,Complete,2013-08-22,2013-08-23,100.0
ONB03435,10091,Submit Required Identification,HR,Preboarding,Complete,2013-08-21,2013-08-19,100.0
ONB03436,10091,Complete New Hire Orientation,HR,Orientation,In Progress,2013-08-26,,76.0
ONB03437,10091,Manager Introduction,Manager,Orientation,Complete,2013-08-24,2013-08-20,100.0
ONB03438,10091,Laptop Provisioning,IT,Setup,In Progress,2013-08-26,,60.0
ONB03439,10091,Network Account Setup,IT,Setup,Complete,2013-08-24,2013-08-22,100.0
ONB03440,10091,Email and Collaboration Access,IT,Setup,Complete,2013-08-24,2013-08-21,100.0
ONB03441,10091,Security Awareness Training,Compliance,Enablement,Complete,2013-08-31,2013-08-23,100.0
ONB03442,10091,Company Policy Training,Compliance,Enablement,In Progress,2013-08-29,,30.0
ONB03443,10091,Role-Specific Training,Role-specific,Enablement,Not Started,2013-09-08,,0.0
ONB03444,10091,Department Process Training,Role-specific,Enablement,Complete,2013-09-03,2013-08-30,100.0
ONB03445,10091,Tool Access Verification,IT,Enablement,Complete,2013-08-29,2013-08-29,100.0
ONB03446,10091,First Week Check-in,Manager,Enablement,Complete,2013-08-29,2013-08-27,100.0
ONB03447,10091,30-Day Onboarding Review,Manager,Productive,Complete,2013-09-18,2013-09-18,100.0
ONB03448,10178,Complete HR Documentation,HR,Preboarding,Complete,2015-01-08,2015-01-11,100.0
ONB03449,10178,Submit Required Identification,HR,Preboarding,Complete,2015-01-07,2015-01-05,100.0
ONB03450,10178,Complete New Hire Orientation,HR,Orientation,Complete,2015-01-12,2015-01-07,100.0
ONB03451,10178,Manager Introduction,Manager,Orientation,Complete,2015-01-10,2015-01-13,100.0
ONB03452,10178,Laptop Provisioning,IT,Setup,Complete,2015-01-12,2015-01-12,100.0
ONB03453,10178,Network Account Setup,IT,Setup,Complete,2015-01-10,2015-01-10,100.0
ONB03454,10178,Email and Collaboration Access,IT,Setup,In Progress,2015-01-10,,36.0
ONB03455,10178,Security Awareness Training,Compliance,Enablement,Complete,2015-01-17,2015-01-09,100.0
ONB03456,10178,Company Policy Training,Compliance,Enablement,Complete,2015-01-15,2015-01-09,100.0
ONB03457,10178,Role-Specific Training,Role-specific,Enablement,Complete,2015-01-25,2015-01-17,100.0
ONB03458,10178,Department Process Training,Role-specific,Enablement,Complete,2015-01-20,2015-01-22,100.0
ONB03459,10178,Tool Access Verification,IT,Enablement,Complete,2015-01-15,2015-01-12,100.0
ONB03460,10178,First Week Check-in,Manager,Enablement,Complete,2015-01-15,2015-01-15,100.0
ONB03461,10178,30-Day Onboarding Review,Manager,Productive,Complete,2015-02-04,2015-02-06,100.0
ONB03462,10039,Complete HR Documentation,HR,Preboarding,Complete,2015-05-04,2015-05-07,100.0
ONB03463,10039,Submit Required Identification,HR,Preboarding,Blocked,2015-05-03,,23.0
ONB03464,10039,Complete New Hire Orientation,HR,Orientation,Complete,2015-05-08,2015-05-09,100.0
ONB03465,10039,Manager Introduction,Manager,Orientation,Overdue,2015-05-06,,45.0
ONB03466,10039,Laptop Provisioning,IT,Setup,In Progress,2015-05-08,,79.0
ONB03467,10039,Network Account Setup,IT,Setup,Complete,2015-05-06,2015-05-08,100.0
ONB03468,10039,Email and Collaboration Access,IT,Setup,Complete,2015-05-06,2015-05-03,100.0
ONB03469,10039,Security Awareness Training,Compliance,Enablement,Complete,2015-05-13,2015-05-12,100.0
ONB03470,10039,Company Policy Training,Compliance,Enablement,Complete,2015-05-11,2015-05-07,100.0
ONB03471,10039,Role-Specific Training,Role-specific,Enablement,Complete,2015-05-21,2015-05-20,100.0
ONB03472,10039,Department Process Training,Role-specific,Enablement,Complete,2015-05-16,2015-05-18,100.0
ONB03473,10039,Tool Access Verification,IT,Enablement,Complete,2015-05-11,2015-05-09,100.0
ONB03474,10039,First Week Check-in,Manager,Enablement,Complete,2015-05-11,2015-05-14,100.0
ONB03475,10039,30-Day Onboarding Review,Manager,Productive,Complete,2015-05-31,2015-05-31,100.0
ONB03476,10095,Complete HR Documentation,HR,Preboarding,Complete,2009-10-29,2009-10-26,100.0
ONB03477,10095,Submit Required Identification,HR,Preboarding,Complete,2009-10-28,2009-10-30,100.0
ONB03478,10095,Complete New Hire Orientation,HR,Orientation,In Progress,2009-11-02,,41.0
ONB03479,10095,Manager Introduction,Manager,Orientation,Complete,2009-10-31,2009-11-01,100.0
ONB03480,10095,Laptop Provisioning,IT,Setup,Complete,2009-11-02,2009-10-31,100.0
ONB03481,10095,Network Account Setup,IT,Setup,Complete,2009-10-31,2009-11-02,100.0
ONB03482,10095,Email and Collaboration Access,IT,Setup,In Progress,2009-10-31,,65.0
ONB03483,10095,Security Awareness Training,Compliance,Enablement,Blocked,2009-11-07,,72.0
ONB03484,10095,Company Policy Training,Compliance,Enablement,Complete,2009-11-05,2009-10-28,100.0
ONB03485,10095,Role-Specific Training,Role-specific,Enablement,Not Started,2009-11-15,,0.0
ONB03486,10095,Department Process Training,Role-specific,Enablement,Complete,2009-11-10,2009-11-08,100.0
ONB03487,10095,Tool Access Verification,IT,Enablement,Complete,2009-11-05,2009-10-29,100.0
ONB03488,10095,First Week Check-in,Manager,Enablement,In Progress,2009-11-05,,18.0
ONB03489,10095,30-Day Onboarding Review,Manager,Productive,Complete,2009-11-25,2009-11-21,100.0
ONB03490,10027,Complete HR Documentation,HR,Preboarding,In Progress,2014-10-02,,34.0
ONB03491,10027,Submit Required Identification,HR,Preboarding,Complete,2014-10-01,2014-10-04,100.0
ONB03492,10027,Complete New Hire Orientation,HR,Orientation,In Progress,2014-10-06,,85.0
ONB03493,10027,Manager Introduction,Manager,Orientation,Not Started,2014-10-04,,0.0
ONB03494,10027,Laptop Provisioning,IT,Setup,Blocked,2014-10-06,,69.0
ONB03495,10027,Network Account Setup,IT,Setup,Complete,2014-10-04,2014-10-02,100.0
ONB03496,10027,Email and Collaboration Access,IT,Setup,Complete,2014-10-04,2014-10-02,100.0
ONB03497,10027,Security Awareness Training,Compliance,Enablement,Complete,2014-10-11,2014-10-14,100.0
ONB03498,10027,Company Policy Training,Compliance,Enablement,Complete,2014-10-09,2014-10-04,100.0
ONB03499,10027,Role-Specific Training,Role-specific,Enablement,Complete,2014-10-19,2014-10-20,100.0
ONB03500,10027,Department Process Training,Role-specific,Enablement,Blocked,2014-10-14,,6.0
ONB03501,10027,Tool Access Verification,IT,Enablement,Complete,2014-10-09,2014-10-02,100.0
ONB03502,10027,First Week Check-in,Manager,Enablement,Complete,2014-10-09,2014-10-05,100.0
ONB03503,10027,30-Day Onboarding Review,Manager,Productive,Complete,2014-10-29,2014-10-24,100.0
ONB03504,10291,Complete HR Documentation,HR,Preboarding,Complete,2014-05-21,2014-05-19,100.0
ONB03505,10291,Submit Required Identification,HR,Preboarding,Blocked,2014-05-20,,44.0
ONB03506,10291,Complete New Hire Orientation,HR,Orientation,In Progress,2014-05-25,,31.0
ONB03507,10291,Manager Introduction,Manager,Orientation,Overdue,2014-05-23,,3.0
ONB03508,10291,Laptop Provisioning,IT,Setup,Complete,2014-05-25,2014-05-25,100.0
ONB03509,10291,Network Account Setup,IT,Setup,Complete,2014-05-23,2014-05-23,100.0
ONB03510,10291,Email and Collaboration Access,IT,Setup,In Progress,2014-05-23,,15.0
ONB03511,10291,Security Awareness Training,Compliance,Enablement,Complete,2014-05-30,2014-05-22,100.0
ONB03512,10291,Company Policy Training,Compliance,Enablement,In Progress,2014-05-28,,31.0
ONB03513,10291,Role-Specific Training,Role-specific,Enablement,Complete,2014-06-07,2014-05-25,100.0
ONB03514,10291,Department Process Training,Role-specific,Enablement,In Progress,2014-06-02,,88.0
ONB03515,10291,Tool Access Verification,IT,Enablement,Complete,2014-05-28,2014-05-28,100.0
ONB03516,10291,First Week Check-in,Manager,Enablement,Complete,2014-05-28,2014-05-23,100.0
ONB03517,10291,30-Day Onboarding Review,Manager,Productive,Complete,2014-06-17,2014-06-20,100.0
ONB03518,10153,Complete HR Documentation,HR,Preboarding,Complete,2011-09-29,2011-09-26,100.0
ONB03519,10153,Submit Required Identification,HR,Preboarding,Complete,2011-09-28,2011-10-01,100.0
ONB03520,10153,Manager Introduction,Manager,Orientation,Complete,2011-10-01,2011-09-27,100.0
ONB03521,10153,Laptop Provisioning,IT,Setup,Complete,2011-10-03,2011-10-04,100.0
ONB03522,10153,Email and Collaboration Access,IT,Setup,Blocked,2011-10-01,,27.0
ONB03523,10153,Company Policy Training,Compliance,Enablement,In Progress,2011-10-06,,34.0
ONB03524,10153,Role-Specific Training,Role-specific,Enablement,Complete,2011-10-16,2011-10-16,100.0
ONB03525,10153,Department Process Training,Role-specific,Enablement,Complete,2011-10-11,2011-10-03,100.0
ONB03526,10153,Tool Access Verification,IT,Enablement,Blocked,2011-10-06,,53.0
ONB03527,10153,First Week Check-in,Manager,Enablement,Blocked,2011-10-06,,10.0
ONB03528,10153,30-Day Onboarding Review,Manager,Productive,Complete,2011-10-26,2011-10-17,100.0
ONB03529,10157,Complete HR Documentation,HR,Preboarding,Complete,2013-11-14,2013-11-14,100.0
ONB03530,10157,Submit Required Identification,HR,Preboarding,Overdue,2013-11-13,,54.0
ONB03531,10157,Complete New Hire Orientation,HR,Orientation,Complete,2013-11-18,2013-11-16,100.0
ONB03532,10157,Manager Introduction,Manager,Orientation,Complete,2013-11-16,2013-11-18,100.0
ONB03533,10157,Laptop Provisioning,IT,Setup,Complete,2013-11-18,2013-11-17,100.0
ONB03534,10157,Network Account Setup,IT,Setup,Blocked,2013-11-16,,22.0
ONB03535,10157,Email and Collaboration Access,IT,Setup,Complete,2013-11-16,2013-11-17,100.0
ONB03536,10157,Security Awareness Training,Compliance,Enablement,Complete,2013-11-23,2013-11-17,100.0
ONB03537,10157,Company Policy Training,Compliance,Enablement,Complete,2013-11-21,2013-11-20,100.0
ONB03538,10157,Role-Specific Training,Role-specific,Enablement,Complete,2013-12-01,2013-11-19,100.0
ONB03539,10157,Department Process Training,Role-specific,Enablement,In Progress,2013-11-26,,50.0
ONB03540,10157,Tool Access Verification,IT,Enablement,Not Started,2013-11-21,,0.0
ONB03541,10157,First Week Check-in,Manager,Enablement,Overdue,2013-11-21,,32.0
ONB03542,10157,30-Day Onboarding Review,Manager,Productive,Complete,2013-12-11,2013-12-12,100.0
ONB03543,10119,Complete HR Documentation,HR,Preboarding,Complete,2011-06-13,2011-06-12,100.0
ONB03544,10119,Submit Required Identification,HR,Preboarding,Complete,2011-06-12,2011-06-12,100.0
ONB03545,10119,Complete New Hire Orientation,HR,Orientation,Complete,2011-06-17,2011-06-11,100.0
ONB03546,10119,Manager Introduction,Manager,Orientation,Blocked,2011-06-15,,73.0
ONB03547,10119,Laptop Provisioning,IT,Setup,Complete,2011-06-17,2011-06-17,100.0
ONB03548,10119,Network Account Setup,IT,Setup,Complete,2011-06-15,2011-06-13,100.0
ONB03549,10119,Email and Collaboration Access,IT,Setup,Complete,2011-06-15,2011-06-13,100.0
ONB03550,10119,Security Awareness Training,Compliance,Enablement,Not Started,2011-06-22,,0.0
ONB03551,10119,Company Policy Training,Compliance,Enablement,Complete,2011-06-20,2011-06-21,100.0
ONB03552,10119,Role-Specific Training,Role-specific,Enablement,Complete,2011-06-30,2011-07-02,100.0
ONB03553,10119,Department Process Training,Role-specific,Enablement,Complete,2011-06-25,2011-06-18,100.0
ONB03554,10119,Tool Access Verification,IT,Enablement,Complete,2011-06-20,2011-06-19,100.0
ONB03555,10119,First Week Check-in,Manager,Enablement,Complete,2011-06-20,2011-06-15,100.0
ONB03556,10119,30-Day Onboarding Review,Manager,Productive,Complete,2011-07-10,2011-07-05,100.0
ONB03557,10180,Complete HR Documentation,HR,Preboarding,Complete,2016-07-03,2016-07-01,100.0
ONB03558,10180,Submit Required Identification,HR,Preboarding,Blocked,2016-07-02,,8.0
ONB03559,10180,Complete New Hire Orientation,HR,Orientation,Complete,2016-07-07,2016-07-03,100.0
ONB03560,10180,Manager Introduction,Manager,Orientation,Complete,2016-07-05,2016-07-04,100.0
ONB03561,10180,Laptop Provisioning,IT,Setup,Complete,2016-07-07,2016-07-08,100.0
ONB03562,10180,Network Account Setup,IT,Setup,Complete,2016-07-05,2016-07-02,100.0
ONB03563,10180,Email and Collaboration Access,IT,Setup,Not Started,2016-07-05,,0.0
ONB03564,10180,Security Awareness Training,Compliance,Enablement,Complete,2016-07-12,2016-07-04,100.0
ONB03565,10180,Company Policy Training,Compliance,Enablement,Complete,2016-07-10,2016-07-04,100.0
ONB03566,10180,Role-Specific Training,Role-specific,Enablement,Complete,2016-07-20,2016-07-21,100.0
ONB03567,10180,Department Process Training,Role-specific,Enablement,Complete,2016-07-15,2016-07-13,100.0
ONB03568,10180,Tool Access Verification,IT,Enablement,Complete,2016-07-10,2016-07-11,100.0
ONB03569,10180,First Week Check-in,Manager,Enablement,Complete,2016-07-10,2016-07-05,100.0
ONB03570,10180,30-Day Onboarding Review,Manager,Productive,Complete,2016-07-30,2016-07-25,100.0
ONB03571,10302,Complete HR Documentation,HR,Preboarding,Complete,2012-02-23,2012-02-23,100.0
ONB03572,10302,Submit Required Identification,HR,Preboarding,Complete,2012-02-22,2012-02-23,100.0
ONB03573,10302,Complete New Hire Orientation,HR,Orientation,Complete,2012-02-27,2012-02-27,100.0
ONB03574,10302,Manager Introduction,Manager,Orientation,Complete,2012-02-25,2012-02-26,100.0
ONB03575,10302,Laptop Provisioning,IT,Setup,Blocked,2012-02-27,,49.0
ONB03576,10302,Network Account Setup,IT,Setup,In Progress,2012-02-25,,61.0
ONB03577,10302,Email and Collaboration Access,IT,Setup,Complete,2012-02-25,2012-02-24,100.0
ONB03578,10302,Security Awareness Training,Compliance,Enablement,Complete,2012-03-03,2012-02-24,100.0
ONB03579,10302,Company Policy Training,Compliance,Enablement,In Progress,2012-03-01,,19.0
ONB03580,10302,Role-Specific Training,Role-specific,Enablement,Complete,2012-03-11,2012-03-03,100.0
ONB03581,10302,Department Process Training,Role-specific,Enablement,In Progress,2012-03-06,,63.0
ONB03582,10302,Tool Access Verification,IT,Enablement,Complete,2012-03-01,2012-02-25,100.0
ONB03583,10302,First Week Check-in,Manager,Enablement,Complete,2012-03-01,2012-02-25,100.0
ONB03584,10302,30-Day Onboarding Review,Manager,Productive,Complete,2012-03-21,2012-03-12,100.0
ONB03585,10090,Complete HR Documentation,HR,Preboarding,Blocked,2012-10-05,,0.0
ONB03586,10090,Submit Required Identification,HR,Preboarding,Complete,2012-10-04,2012-10-04,100.0
ONB03587,10090,Complete New Hire Orientation,HR,Orientation,Complete,2012-10-09,2012-10-07,100.0
ONB03588,10090,Manager Introduction,Manager,Orientation,Complete,2012-10-07,2012-10-06,100.0
ONB03589,10090,Laptop Provisioning,IT,Setup,Complete,2012-10-09,2012-10-06,100.0
ONB03590,10090,Network Account Setup,IT,Setup,Blocked,2012-10-07,,33.0
ONB03591,10090,Email and Collaboration Access,IT,Setup,Complete,2012-10-07,2012-10-03,100.0
ONB03592,10090,Security Awareness Training,Compliance,Enablement,Complete,2012-10-14,2012-10-10,100.0
ONB03593,10090,Company Policy Training,Compliance,Enablement,Blocked,2012-10-12,,37.0
ONB03594,10090,Role-Specific Training,Role-specific,Enablement,In Progress,2012-10-22,,63.0
ONB03595,10090,Tool Access Verification,IT,Enablement,Complete,2012-10-12,2012-10-08,100.0
ONB03596,10090,First Week Check-in,Manager,Enablement,Overdue,2012-10-12,,32.0
ONB03597,10090,30-Day Onboarding Review,Manager,Productive,Blocked,2012-11-01,,26.0
ONB03598,10030,Complete HR Documentation,HR,Preboarding,Complete,2013-05-16,2013-05-16,100.0
ONB03599,10030,Submit Required Identification,HR,Preboarding,Complete,2013-05-15,2013-05-14,100.0
ONB03600,10030,Complete New Hire Orientation,HR,Orientation,In Progress,2013-05-20,,87.0
ONB03601,10030,Manager Introduction,Manager,Orientation,Complete,2013-05-18,2013-05-14,100.0
ONB03602,10030,Laptop Provisioning,IT,Setup,Complete,2013-05-20,2013-05-16,100.0
ONB03603,10030,Network Account Setup,IT,Setup,Complete,2013-05-18,2013-05-17,100.0
ONB03604,10030,Email and Collaboration Access,IT,Setup,Complete,2013-05-18,2013-05-19,100.0
ONB03605,10030,Security Awareness Training,Compliance,Enablement,Complete,2013-05-25,2013-05-19,100.0
ONB03606,10030,Company Policy Training,Compliance,Enablement,Not Started,2013-05-23,,0.0
ONB03607,10030,Role-Specific Training,Role-specific,Enablement,Complete,2013-06-02,2013-05-29,100.0
ONB03608,10030,Department Process Training,Role-specific,Enablement,Complete,2013-05-28,2013-05-30,100.0
ONB03609,10030,Tool Access Verification,IT,Enablement,Complete,2013-05-23,2013-05-21,100.0
ONB03610,10030,First Week Check-in,Manager,Enablement,Complete,2013-05-23,2013-05-23,100.0
ONB03611,10030,30-Day Onboarding Review,Manager,Productive,Complete,2013-06-12,2013-06-10,100.0
ONB03612,10278,Complete HR Documentation,HR,Preboarding,Blocked,2011-01-13,,16.0
ONB03613,10278,Complete New Hire Orientation,HR,Orientation,Complete,2011-01-17,2011-01-18,100.0
ONB03614,10278,Manager Introduction,Manager,Orientation,Not Started,2011-01-15,,0.0
ONB03615,10278,Laptop Provisioning,IT,Setup,Complete,2011-01-17,2011-01-20,100.0
ONB03616,10278,Email and Collaboration Access,IT,Setup,In Progress,2011-01-15,,63.0
ONB03617,10278,Security Awareness Training,Compliance,Enablement,Complete,2011-01-22,2011-01-16,100.0
ONB03618,10278,Company Policy Training,Compliance,Enablement,Complete,2011-01-20,2011-01-19,100.0
ONB03619,10278,Role-Specific Training,Role-specific,Enablement,Complete,2011-01-30,2011-01-29,100.0
ONB03620,10278,Department Process Training,Role-specific,Enablement,Complete,2011-01-25,2011-01-15,100.0
ONB03621,10278,Tool Access Verification,IT,Enablement,Complete,2011-01-20,2011-01-17,100.0
ONB03622,10278,First Week Check-in,Manager,Enablement,Complete,2011-01-20,2011-01-20,100.0
ONB03623,10278,30-Day Onboarding Review,Manager,Productive,Complete,2011-02-09,2011-01-31,100.0
ONB03624,10307,Complete HR Documentation,HR,Preboarding,Complete,2014-05-15,2014-05-16,100.0
ONB03625,10307,Submit Required Identification,HR,Preboarding,Not Started,2014-05-14,,0.0
ONB03626,10307,Complete New Hire Orientation,HR,Orientation,Complete,2014-05-19,2014-05-18,100.0
ONB03627,10307,Manager Introduction,Manager,Orientation,Complete,2014-05-17,2014-05-16,100.0
ONB03628,10307,Email and Collaboration Access,IT,Setup,Complete,2014-05-17,2014-05-14,100.0
ONB03629,10307,Security Awareness Training,Compliance,Enablement,In Progress,2014-05-24,,43.0
ONB03630,10307,Company Policy Training,Compliance,Enablement,Complete,2014-05-22,2014-05-14,100.0
ONB03631,10307,Role-Specific Training,Role-specific,Enablement,Complete,2014-06-01,2014-05-24,100.0
ONB03632,10307,Department Process Training,Role-specific,Enablement,Complete,2014-05-27,2014-05-25,100.0
ONB03633,10307,Tool Access Verification,IT,Enablement,Complete,2014-05-22,2014-05-22,100.0
ONB03634,10307,First Week Check-in,Manager,Enablement,Complete,2014-05-22,2014-05-22,100.0
ONB03635,10307,30-Day Onboarding Review,Manager,Productive,In Progress,2014-06-11,,73.0
ONB03636,10147,Complete HR Documentation,HR,Preboarding,Complete,2014-10-02,2014-10-04,100.0
ONB03637,10147,Submit Required Identification,HR,Preboarding,Complete,2014-10-01,2014-09-30,100.0
ONB03638,10147,Complete New Hire Orientation,HR,Orientation,Complete,2014-10-06,2014-10-01,100.0
ONB03639,10147,Manager Introduction,Manager,Orientation,Complete,2014-10-04,2014-10-05,100.0
ONB03640,10147,Laptop Provisioning,IT,Setup,In Progress,2014-10-06,,94.0
ONB03641,10147,Network Account Setup,IT,Setup,Complete,2014-10-04,2014-10-01,100.0
ONB03642,10147,Email and Collaboration Access,IT,Setup,Complete,2014-10-04,2014-10-03,100.0
ONB03643,10147,Security Awareness Training,Compliance,Enablement,Complete,2014-10-11,2014-10-07,100.0
ONB03644,10147,Company Policy Training,Compliance,Enablement,Complete,2014-10-09,2014-10-11,100.0
ONB03645,10147,Role-Specific Training,Role-specific,Enablement,Blocked,2014-10-19,,28.0
ONB03646,10147,Department Process Training,Role-specific,Enablement,In Progress,2014-10-14,,76.0
ONB03647,10147,Tool Access Verification,IT,Enablement,Overdue,2014-10-09,,47.0
ONB03648,10147,First Week Check-in,Manager,Enablement,Complete,2014-10-09,2014-10-11,100.0
ONB03649,10147,30-Day Onboarding Review,Manager,Productive,Complete,2014-10-29,2014-10-30,100.0
ONB03650,10266,Complete HR Documentation,HR,Preboarding,Complete,2014-02-20,2014-02-17,100.0
ONB03651,10266,Submit Required Identification,HR,Preboarding,Complete,2014-02-19,2014-02-17,100.0
ONB03652,10266,Complete New Hire Orientation,HR,Orientation,Complete,2014-02-24,2014-02-25,100.0
ONB03653,10266,Manager Introduction,Manager,Orientation,Complete,2014-02-22,2014-02-23,100.0
ONB03654,10266,Laptop Provisioning,IT,Setup,Complete,2014-02-24,2014-02-18,100.0
ONB03655,10266,Network Account Setup,IT,Setup,Complete,2014-02-22,2014-02-25,100.0
ONB03656,10266,Email and Collaboration Access,IT,Setup,Overdue,2014-02-22,,29.0
ONB03657,10266,Security Awareness Training,Compliance,Enablement,Complete,2014-03-01,2014-02-26,100.0
ONB03658,10266,Company Policy Training,Compliance,Enablement,Complete,2014-02-27,2014-02-23,100.0
ONB03659,10266,Role-Specific Training,Role-specific,Enablement,Complete,2014-03-09,2014-03-04,100.0
ONB03660,10266,Department Process Training,Role-specific,Enablement,Blocked,2014-03-04,,55.0
ONB03661,10266,Tool Access Verification,IT,Enablement,In Progress,2014-02-27,,65.0
ONB03662,10266,First Week Check-in,Manager,Enablement,Complete,2014-02-27,2014-02-27,100.0
ONB03663,10266,30-Day Onboarding Review,Manager,Productive,Complete,2014-03-19,2014-03-17,100.0
ONB03664,10241,Complete HR Documentation,HR,Preboarding,Complete,2010-09-30,2010-10-03,100.0
ONB03665,10241,Submit Required Identification,HR,Preboarding,Complete,2010-09-29,2010-09-27,100.0
ONB03666,10241,Complete New Hire Orientation,HR,Orientation,Complete,2010-10-04,2010-10-01,100.0
ONB03667,10241,Manager Introduction,Manager,Orientation,Blocked,2010-10-02,,74.0
ONB03668,10241,Laptop Provisioning,IT,Setup,Complete,2010-10-04,2010-10-03,100.0
ONB03669,10241,Network Account Setup,IT,Setup,In Progress,2010-10-02,,95.0
ONB03670,10241,Email and Collaboration Access,IT,Setup,Complete,2010-10-02,2010-09-30,100.0
ONB03671,10241,Security Awareness Training,Compliance,Enablement,Complete,2010-10-09,2010-10-07,100.0
ONB03672,10241,Company Policy Training,Compliance,Enablement,Complete,2010-10-07,2010-09-29,100.0
ONB03673,10241,Role-Specific Training,Role-specific,Enablement,Complete,2010-10-17,2010-10-09,100.0
ONB03674,10241,Department Process Training,Role-specific,Enablement,Overdue,2010-10-12,,31.0
ONB03675,10241,Tool Access Verification,IT,Enablement,Complete,2010-10-07,2010-10-10,100.0
ONB03676,10241,First Week Check-in,Manager,Enablement,Complete,2010-10-07,2010-10-06,100.0
ONB03677,10241,30-Day Onboarding Review,Manager,Productive,Complete,2010-10-27,2010-10-22,100.0
ONB03678,10158,Complete HR Documentation,HR,Preboarding,Complete,2009-01-11,2009-01-09,100.0
ONB03679,10158,Submit Required Identification,HR,Preboarding,Complete,2009-01-10,2009-01-09,100.0
ONB03680,10158,Complete New Hire Orientation,HR,Orientation,Complete,2009-01-15,2009-01-12,100.0
ONB03681,10158,Manager Introduction,Manager,Orientation,Blocked,2009-01-13,,16.0
ONB03682,10158,Laptop Provisioning,IT,Setup,Complete,2009-01-15,2009-01-09,100.0
ONB03683,10158,Network Account Setup,IT,Setup,Complete,2009-01-13,2009-01-11,100.0
ONB03684,10158,Email and Collaboration Access,IT,Setup,Complete,2009-01-13,2009-01-11,100.0
ONB03685,10158,Security Awareness Training,Compliance,Enablement,Complete,2009-01-20,2009-01-17,100.0
ONB03686,10158,Company Policy Training,Compliance,Enablement,Complete,2009-01-18,2009-01-18,100.0
ONB03687,10158,Role-Specific Training,Role-specific,Enablement,Complete,2009-01-28,2009-01-23,100.0
ONB03688,10158,Department Process Training,Role-specific,Enablement,Complete,2009-01-23,2009-01-17,100.0
ONB03689,10158,Tool Access Verification,IT,Enablement,Complete,2009-01-18,2009-01-15,100.0
ONB03690,10158,First Week Check-in,Manager,Enablement,Complete,2009-01-18,2009-01-16,100.0
ONB03691,10158,30-Day Onboarding Review,Manager,Productive,Complete,2009-02-07,2009-02-04,100.0
ONB03692,10117,Complete HR Documentation,HR,Preboarding,Complete,2015-01-08,2015-01-11,100.0
ONB03693,10117,Submit Required Identification,HR,Preboarding,Complete,2015-01-07,2015-01-05,100.0
ONB03694,10117,Complete New Hire Orientation,HR,Orientation,Complete,2015-01-12,2015-01-10,100.0
ONB03695,10117,Manager Introduction,Manager,Orientation,In Progress,2015-01-10,,47.0
ONB03696,10117,Laptop Provisioning,IT,Setup,Overdue,2015-01-12,,66.0
ONB03697,10117,Network Account Setup,IT,Setup,Complete,2015-01-10,2015-01-13,100.0
ONB03698,10117,Email and Collaboration Access,IT,Setup,Complete,2015-01-10,2015-01-12,100.0
ONB03699,10117,Security Awareness Training,Compliance,Enablement,Complete,2015-01-17,2015-01-15,100.0
ONB03700,10117,Company Policy Training,Compliance,Enablement,Complete,2015-01-15,2015-01-12,100.0
ONB03701,10117,Role-Specific Training,Role-specific,Enablement,Complete,2015-01-25,2015-01-16,100.0
ONB03702,10117,Department Process Training,Role-specific,Enablement,Complete,2015-01-20,2015-01-13,100.0
ONB03703,10117,Tool Access Verification,IT,Enablement,Complete,2015-01-15,2015-01-09,100.0
ONB03704,10117,First Week Check-in,Manager,Enablement,Overdue,2015-01-15,,53.0
ONB03705,10117,30-Day Onboarding Review,Manager,Productive,Complete,2015-02-04,2015-01-25,100.0
ONB03706,10209,Complete HR Documentation,HR,Preboarding,Complete,2012-05-17,2012-05-19,100.0
ONB03707,10209,Submit Required Identification,HR,Preboarding,Complete,2012-05-16,2012-05-17,100.0
ONB03708,10209,Complete New Hire Orientation,HR,Orientation,Complete,2012-05-21,2012-05-15,100.0
ONB03709,10209,Manager Introduction,Manager,Orientation,In Progress,2012-05-19,,53.0
ONB03710,10209,Laptop Provisioning,IT,Setup,In Progress,2012-05-21,,82.0
ONB03711,10209,Network Account Setup,IT,Setup,Not Started,2012-05-19,,0.0
ONB03712,10209,Email and Collaboration Access,IT,Setup,Complete,2012-05-19,2012-05-21,100.0
ONB03713,10209,Security Awareness Training,Compliance,Enablement,In Progress,2012-05-26,,34.0
ONB03714,10209,Company Policy Training,Compliance,Enablement,Complete,2012-05-24,2012-05-23,100.0
ONB03715,10209,Role-Specific Training,Role-specific,Enablement,In Progress,2012-06-03,,20.0
ONB03716,10209,Department Process Training,Role-specific,Enablement,Blocked,2012-05-29,,56.0
ONB03717,10209,Tool Access Verification,IT,Enablement,Complete,2012-05-24,2012-05-17,100.0
ONB03718,10209,First Week Check-in,Manager,Enablement,Complete,2012-05-24,2012-05-24,100.0
ONB03719,10209,30-Day Onboarding Review,Manager,Productive,Complete,2012-06-13,2012-06-11,100.0
ONB03720,10024,Complete HR Documentation,HR,Preboarding,Complete,2014-07-10,2014-07-12,100.0
ONB03721,10024,Submit Required Identification,HR,Preboarding,Complete,2014-07-09,2014-07-10,100.0
ONB03722,10024,Complete New Hire Orientation,HR,Orientation,Complete,2014-07-14,2014-07-11,100.0
ONB03723,10024,Manager Introduction,Manager,Orientation,Complete,2014-07-12,2014-07-12,100.0
ONB03724,10024,Laptop Provisioning,IT,Setup,Complete,2014-07-14,2014-07-17,100.0
ONB03725,10024,Network Account Setup,IT,Setup,Not Started,2014-07-12,,0.0
ONB03726,10024,Email and Collaboration Access,IT,Setup,Complete,2014-07-12,2014-07-11,100.0
ONB03727,10024,Security Awareness Training,Compliance,Enablement,Complete,2014-07-19,2014-07-19,100.0
ONB03728,10024,Company Policy Training,Compliance,Enablement,Complete,2014-07-17,2014-07-17,100.0
ONB03729,10024,Role-Specific Training,Role-specific,Enablement,Complete,2014-07-27,2014-07-24,100.0
ONB03730,10024,Department Process Training,Role-specific,Enablement,Blocked,2014-07-22,,67.0
ONB03731,10024,Tool Access Verification,IT,Enablement,Complete,2014-07-17,2014-07-16,100.0
ONB03732,10024,First Week Check-in,Manager,Enablement,Complete,2014-07-17,2014-07-14,100.0
ONB03733,10024,30-Day Onboarding Review,Manager,Productive,Complete,2014-08-06,2014-08-05,100.0
ONB03734,10173,Complete HR Documentation,HR,Preboarding,Complete,2017-04-23,2017-04-26,100.0
ONB03735,10173,Submit Required Identification,HR,Preboarding,In Progress,2017-04-22,,45.0
ONB03736,10173,Complete New Hire Orientation,HR,Orientation,In Progress,2017-04-27,,89.0
ONB03737,10173,Manager Introduction,Manager,Orientation,Complete,2017-04-25,2017-04-26,100.0
ONB03738,10173,Laptop Provisioning,IT,Setup,Blocked,2017-04-27,,74.0
ONB03739,10173,Network Account Setup,IT,Setup,Not Started,2017-04-25,,0.0
ONB03740,10173,Email and Collaboration Access,IT,Setup,Complete,2017-04-25,2017-04-25,100.0
ONB03741,10173,Security Awareness Training,Compliance,Enablement,Complete,2017-05-02,2017-04-28,100.0
ONB03742,10173,Company Policy Training,Compliance,Enablement,Complete,2017-04-30,2017-04-30,100.0
ONB03743,10173,Role-Specific Training,Role-specific,Enablement,Complete,2017-05-10,2017-05-13,100.0
ONB03744,10173,Department Process Training,Role-specific,Enablement,Complete,2017-05-05,2017-05-02,100.0
ONB03745,10173,Tool Access Verification,IT,Enablement,Blocked,2017-04-30,,22.0
ONB03746,10173,First Week Check-in,Manager,Enablement,Complete,2017-04-30,2017-04-28,100.0
ONB03747,10173,30-Day Onboarding Review,Manager,Productive,Complete,2017-05-20,2017-05-16,100.0
ONB03748,10221,Complete HR Documentation,HR,Preboarding,Complete,2009-04-30,2009-05-01,100.0
ONB03749,10221,Submit Required Identification,HR,Preboarding,Complete,2009-04-29,2009-04-27,100.0
ONB03750,10221,Manager Introduction,Manager,Orientation,Complete,2009-05-02,2009-04-28,100.0
ONB03751,10221,Laptop Provisioning,IT,Setup,Complete,2009-05-04,2009-04-28,100.0
ONB03752,10221,Network Account Setup,IT,Setup,Blocked,2009-05-02,,19.0
ONB03753,10221,Email and Collaboration Access,IT,Setup,Complete,2009-05-02,2009-05-04,100.0
ONB03754,10221,Security Awareness Training,Compliance,Enablement,In Progress,2009-05-09,,79.0
ONB03755,10221,Company Policy Training,Compliance,Enablement,In Progress,2009-05-07,,57.0
ONB03756,10221,Department Process Training,Role-specific,Enablement,Blocked,2009-05-12,,29.0
ONB03757,10221,Tool Access Verification,IT,Enablement,In Progress,2009-05-07,,47.0
ONB03758,10221,First Week Check-in,Manager,Enablement,Blocked,2009-05-07,,56.0
ONB03759,10221,30-Day Onboarding Review,Manager,Productive,Complete,2009-05-27,2009-05-19,100.0
ONB03760,10146,Complete HR Documentation,HR,Preboarding,Complete,2011-05-19,2011-05-19,100.0
ONB03761,10146,Submit Required Identification,HR,Preboarding,In Progress,2011-05-18,,24.0
ONB03762,10146,Complete New Hire Orientation,HR,Orientation,Complete,2011-05-23,2011-05-17,100.0
ONB03763,10146,Manager Introduction,Manager,Orientation,Complete,2011-05-21,2011-05-21,100.0
ONB03764,10146,Laptop Provisioning,IT,Setup,Not Started,2011-05-23,,0.0
ONB03765,10146,Network Account Setup,IT,Setup,Complete,2011-05-21,2011-05-17,100.0
ONB03766,10146,Email and Collaboration Access,IT,Setup,Complete,2011-05-21,2011-05-22,100.0
ONB03767,10146,Security Awareness Training,Compliance,Enablement,Not Started,2011-05-28,,0.0
ONB03768,10146,Company Policy Training,Compliance,Enablement,Complete,2011-05-26,2011-05-20,100.0
ONB03769,10146,Role-Specific Training,Role-specific,Enablement,Complete,2011-06-05,2011-05-30,100.0
ONB03770,10146,Department Process Training,Role-specific,Enablement,Complete,2011-05-31,2011-05-21,100.0
ONB03771,10146,Tool Access Verification,IT,Enablement,Not Started,2011-05-26,,0.0
ONB03772,10146,First Week Check-in,Manager,Enablement,Not Started,2011-05-26,,0.0
ONB03773,10146,30-Day Onboarding Review,Manager,Productive,Complete,2011-06-15,2011-06-17,100.0
ONB03774,10161,Complete HR Documentation,HR,Preboarding,Complete,2014-10-02,2014-10-05,100.0
ONB03775,10161,Submit Required Identification,HR,Preboarding,Complete,2014-10-01,2014-10-01,100.0
ONB03776,10161,Complete New Hire Orientation,HR,Orientation,Complete,2014-10-06,2014-10-05,100.0
ONB03777,10161,Manager Introduction,Manager,Orientation,Not Started,2014-10-04,,0.0
ONB03778,10161,Laptop Provisioning,IT,Setup,Complete,2014-10-06,2014-10-05,100.0
ONB03779,10161,Network Account Setup,IT,Setup,Complete,2014-10-04,2014-10-02,100.0
ONB03780,10161,Email and Collaboration Access,IT,Setup,Complete,2014-10-04,2014-09-30,100.0
ONB03781,10161,Security Awareness Training,Compliance,Enablement,Blocked,2014-10-11,,29.0
ONB03782,10161,Company Policy Training,Compliance,Enablement,Complete,2014-10-09,2014-10-12,100.0
ONB03783,10161,Role-Specific Training,Role-specific,Enablement,Complete,2014-10-19,2014-10-15,100.0
ONB03784,10161,Department Process Training,Role-specific,Enablement,Complete,2014-10-14,2014-10-16,100.0
ONB03785,10161,Tool Access Verification,IT,Enablement,Complete,2014-10-09,2014-10-02,100.0
ONB03786,10161,First Week Check-in,Manager,Enablement,Complete,2014-10-09,2014-10-07,100.0
ONB03787,10141,Complete HR Documentation,HR,Preboarding,Complete,2011-07-08,2011-07-07,100.0
ONB03788,10141,Submit Required Identification,HR,Preboarding,Overdue,2011-07-07,,31.0
ONB03789,10141,Complete New Hire Orientation,HR,Orientation,Complete,2011-07-12,2011-07-10,100.0
ONB03790,10141,Manager Introduction,Manager,Orientation,Complete,2011-07-10,2011-07-12,100.0
ONB03791,10141,Laptop Provisioning,IT,Setup,Complete,2011-07-12,2011-07-08,100.0
ONB03792,10141,Network Account Setup,IT,Setup,Complete,2011-07-10,2011-07-07,100.0
ONB03793,10141,Email and Collaboration Access,IT,Setup,Complete,2011-07-10,2011-07-12,100.0
ONB03794,10141,Security Awareness Training,Compliance,Enablement,Complete,2011-07-17,2011-07-13,100.0
ONB03795,10141,Company Policy Training,Compliance,Enablement,Complete,2011-07-15,2011-07-18,100.0
ONB03796,10141,Role-Specific Training,Role-specific,Enablement,Overdue,2011-07-25,,69.0
ONB03797,10141,Department Process Training,Role-specific,Enablement,In Progress,2011-07-20,,80.0
ONB03798,10141,Tool Access Verification,IT,Enablement,In Progress,2011-07-15,,86.0
ONB03799,10141,First Week Check-in,Manager,Enablement,Complete,2011-07-15,2011-07-11,100.0
ONB03800,10141,30-Day Onboarding Review,Manager,Productive,In Progress,2011-08-04,,28.0
ONB03801,10268,Complete HR Documentation,HR,Preboarding,Complete,2007-06-28,2007-06-30,100.0
ONB03802,10268,Submit Required Identification,HR,Preboarding,Complete,2007-06-27,2007-06-27,100.0
ONB03803,10268,Complete New Hire Orientation,HR,Orientation,Complete,2007-07-02,2007-06-30,100.0
ONB03804,10268,Manager Introduction,Manager,Orientation,In Progress,2007-06-30,,55.0
ONB03805,10268,Laptop Provisioning,IT,Setup,Complete,2007-07-02,2007-07-03,100.0
ONB03806,10268,Network Account Setup,IT,Setup,Complete,2007-06-30,2007-06-30,100.0
ONB03807,10268,Email and Collaboration Access,IT,Setup,Complete,2007-06-30,2007-06-29,100.0
ONB03808,10268,Security Awareness Training,Compliance,Enablement,Complete,2007-07-07,2007-07-08,100.0
ONB03809,10268,Company Policy Training,Compliance,Enablement,Complete,2007-07-05,2007-06-27,100.0
ONB03810,10268,Role-Specific Training,Role-specific,Enablement,Complete,2007-07-15,2007-07-15,100.0
ONB03811,10268,Department Process Training,Role-specific,Enablement,Complete,2007-07-10,2007-07-08,100.0
ONB03812,10268,Tool Access Verification,IT,Enablement,Complete,2007-07-05,2007-07-01,100.0
ONB03813,10268,First Week Check-in,Manager,Enablement,Complete,2007-07-05,2007-06-30,100.0
ONB03814,10268,30-Day Onboarding Review,Manager,Productive,Complete,2007-07-25,2007-07-17,100.0
ONB03815,10123,Complete HR Documentation,HR,Preboarding,Complete,2013-02-21,2013-02-21,100.0
ONB03816,10123,Submit Required Identification,HR,Preboarding,Complete,2013-02-20,2013-02-23,100.0
ONB03817,10123,Complete New Hire Orientation,HR,Orientation,Complete,2013-02-25,2013-02-23,100.0
ONB03818,10123,Manager Introduction,Manager,Orientation,Complete,2013-02-23,2013-02-23,100.0
ONB03819,10123,Laptop Provisioning,IT,Setup,Complete,2013-02-25,2013-02-20,100.0
ONB03820,10123,Email and Collaboration Access,IT,Setup,Complete,2013-02-23,2013-02-25,100.0
ONB03821,10123,Security Awareness Training,Compliance,Enablement,Complete,2013-03-02,2013-02-23,100.0
ONB03822,10123,Company Policy Training,Compliance,Enablement,Complete,2013-02-28,2013-02-22,100.0
ONB03823,10123,Role-Specific Training,Role-specific,Enablement,Complete,2013-03-10,2013-03-09,100.0
ONB03824,10123,Department Process Training,Role-specific,Enablement,Blocked,2013-03-05,,42.0
ONB03825,10123,First Week Check-in,Manager,Enablement,Complete,2013-02-28,2013-03-01,100.0
ONB03826,10123,30-Day Onboarding Review,Manager,Productive,In Progress,2013-03-20,,43.0
ONB03827,10013,Complete HR Documentation,HR,Preboarding,Complete,2006-01-12,2006-01-14,100.0
ONB03828,10013,Submit Required Identification,HR,Preboarding,In Progress,2006-01-11,,17.0
ONB03829,10013,Complete New Hire Orientation,HR,Orientation,Complete,2006-01-16,2006-01-19,100.0
ONB03830,10013,Manager Introduction,Manager,Orientation,In Progress,2006-01-14,,26.0
ONB03831,10013,Laptop Provisioning,IT,Setup,Blocked,2006-01-16,,56.0
ONB03832,10013,Network Account Setup,IT,Setup,Overdue,2006-01-14,,41.0
ONB03833,10013,Email and Collaboration Access,IT,Setup,Complete,2006-01-14,2006-01-11,100.0
ONB03834,10013,Security Awareness Training,Compliance,Enablement,Complete,2006-01-21,2006-01-16,100.0
ONB03835,10013,Company Policy Training,Compliance,Enablement,Complete,2006-01-19,2006-01-16,100.0
ONB03836,10013,Role-Specific Training,Role-specific,Enablement,In Progress,2006-01-29,,16.0
ONB03837,10013,Department Process Training,Role-specific,Enablement,Complete,2006-01-24,2006-01-27,100.0
ONB03838,10013,Tool Access Verification,IT,Enablement,Complete,2006-01-19,2006-01-19,100.0
ONB03839,10013,First Week Check-in,Manager,Enablement,Complete,2006-01-19,2006-01-15,100.0
ONB03840,10013,30-Day Onboarding Review,Manager,Productive,Complete,2006-02-08,2006-01-31,100.0
ONB03841,10287,Complete HR Documentation,HR,Preboarding,In Progress,2014-02-20,,55.0
ONB03842,10287,Submit Required Identification,HR,Preboarding,Complete,2014-02-19,2014-02-22,100.0
ONB03843,10287,Complete New Hire Orientation,HR,Orientation,Complete,2014-02-24,2014-02-21,100.0
ONB03844,10287,Manager Introduction,Manager,Orientation,Complete,2014-02-22,2014-02-25,100.0
ONB03845,10287,Laptop Provisioning,IT,Setup,Overdue,2014-02-24,,88.0
ONB03846,10287,Network Account Setup,IT,Setup,Complete,2014-02-22,2014-02-21,100.0
ONB03847,10287,Email and Collaboration Access,IT,Setup,Complete,2014-02-22,2014-02-20,100.0
ONB03848,10287,Security Awareness Training,Compliance,Enablement,Complete,2014-03-01,2014-02-24,100.0
ONB03849,10287,Company Policy Training,Compliance,Enablement,Complete,2014-02-27,2014-02-23,100.0
ONB03850,10287,Role-Specific Training,Role-specific,Enablement,Complete,2014-03-09,2014-03-12,100.0
ONB03851,10287,Department Process Training,Role-specific,Enablement,Complete,2014-03-04,2014-02-25,100.0
ONB03852,10287,Tool Access Verification,IT,Enablement,Complete,2014-02-27,2014-02-26,100.0
ONB03853,10287,First Week Check-in,Manager,Enablement,Complete,2014-02-27,2014-02-27,100.0
ONB03854,10287,30-Day Onboarding Review,Manager,Productive,Complete,2014-03-19,2014-03-18,100.0
ONB03855,10044,Complete HR Documentation,HR,Preboarding,In Progress,2015-01-08,,59.0
ONB03856,10044,Submit Required Identification,HR,Preboarding,Overdue,2015-01-07,,55.0
ONB03857,10044,Complete New Hire Orientation,HR,Orientation,Blocked,2015-01-12,,9.0
ONB03858,10044,Manager Introduction,Manager,Orientation,Complete,2015-01-10,2015-01-12,100.0
ONB03859,10044,Laptop Provisioning,IT,Setup,Complete,2015-01-12,2015-01-12,100.0
ONB03860,10044,Network Account Setup,IT,Setup,Complete,2015-01-10,2015-01-13,100.0
ONB03861,10044,Email and Collaboration Access,IT,Setup,Not Started,2015-01-10,,0.0
ONB03862,10044,Security Awareness Training,Compliance,Enablement,Complete,2015-01-17,2015-01-08,100.0
ONB03863,10044,Company Policy Training,Compliance,Enablement,Complete,2015-01-15,2015-01-14,100.0
ONB03864,10044,Role-Specific Training,Role-specific,Enablement,Complete,2015-01-25,2015-01-20,100.0
ONB03865,10044,Department Process Training,Role-specific,Enablement,Complete,2015-01-20,2015-01-14,100.0
ONB03866,10044,Tool Access Verification,IT,Enablement,Complete,2015-01-15,2015-01-14,100.0
ONB03867,10044,First Week Check-in,Manager,Enablement,In Progress,2015-01-15,,91.0
ONB03868,10044,30-Day Onboarding Review,Manager,Productive,Complete,2015-02-04,2015-02-03,100.0
ONB03869,10102,Complete HR Documentation,HR,Preboarding,Complete,2013-02-21,2013-02-24,100.0
ONB03870,10102,Submit Required Identification,HR,Preboarding,Complete,2013-02-20,2013-02-22,100.0
ONB03871,10102,Complete New Hire Orientation,HR,Orientation,Complete,2013-02-25,2013-02-20,100.0
ONB03872,10102,Manager Introduction,Manager,Orientation,Complete,2013-02-23,2013-02-20,100.0
ONB03873,10102,Laptop Provisioning,IT,Setup,Complete,2013-02-25,2013-02-20,100.0
ONB03874,10102,Network Account Setup,IT,Setup,Complete,2013-02-23,2013-02-23,100.0
ONB03875,10102,Email and Collaboration Access,IT,Setup,Complete,2013-02-23,2013-02-24,100.0
ONB03876,10102,Security Awareness Training,Compliance,Enablement,Complete,2013-03-02,2013-02-22,100.0
ONB03877,10102,Company Policy Training,Compliance,Enablement,Complete,2013-02-28,2013-03-02,100.0
ONB03878,10102,Role-Specific Training,Role-specific,Enablement,Not Started,2013-03-10,,0.0
ONB03879,10102,Department Process Training,Role-specific,Enablement,Complete,2013-03-05,2013-02-25,100.0
ONB03880,10102,Tool Access Verification,IT,Enablement,Complete,2013-02-28,2013-03-01,100.0
ONB03881,10102,First Week Check-in,Manager,Enablement,Complete,2013-02-28,2013-02-24,100.0
ONB03882,10102,30-Day Onboarding Review,Manager,Productive,Complete,2013-03-20,2013-03-18,100.0
ONB03883,10270,Complete HR Documentation,HR,Preboarding,Complete,2011-01-13,2011-01-15,100.0
ONB03884,10270,Submit Required Identification,HR,Preboarding,Complete,2011-01-12,2011-01-12,100.0
ONB03885,10270,Complete New Hire Orientation,HR,Orientation,Complete,2011-01-17,2011-01-19,100.0
ONB03886,10270,Manager Introduction,Manager,Orientation,Complete,2011-01-15,2011-01-14,100.0
ONB03887,10270,Laptop Provisioning,IT,Setup,In Progress,2011-01-17,,71.0
ONB03888,10270,Network Account Setup,IT,Setup,Complete,2011-01-15,2011-01-16,100.0
ONB03889,10270,Email and Collaboration Access,IT,Setup,Blocked,2011-01-15,,75.0
ONB03890,10270,Security Awareness Training,Compliance,Enablement,Complete,2011-01-22,2011-01-24,100.0
ONB03891,10270,Company Policy Training,Compliance,Enablement,Complete,2011-01-20,2011-01-21,100.0
ONB03892,10270,Role-Specific Training,Role-specific,Enablement,Complete,2011-01-30,2011-01-24,100.0
ONB03893,10270,Department Process Training,Role-specific,Enablement,Blocked,2011-01-25,,39.0
ONB03894,10270,Tool Access Verification,IT,Enablement,Complete,2011-01-20,2011-01-20,100.0
ONB03895,10270,First Week Check-in,Manager,Enablement,Complete,2011-01-20,2011-01-19,100.0
ONB03896,10270,30-Day Onboarding Review,Manager,Productive,Complete,2011-02-09,2011-02-04,100.0
ONB03897,10045,Complete HR Documentation,HR,Preboarding,Complete,2015-04-02,2015-04-05,100.0
ONB03898,10045,Submit Required Identification,HR,Preboarding,Blocked,2015-04-01,,37.0
ONB03899,10045,Complete New Hire Orientation,HR,Orientation,Complete,2015-04-06,2015-04-08,100.0
ONB03900,10045,Manager Introduction,Manager,Orientation,Complete,2015-04-04,2015-04-06,100.0
ONB03901,10045,Laptop Provisioning,IT,Setup,Complete,2015-04-06,2015-04-05,100.0
ONB03902,10045,Network Account Setup,IT,Setup,Complete,2015-04-04,2015-04-02,100.0
ONB03903,10045,Email and Collaboration Access,IT,Setup,Overdue,2015-04-04,,57.0
ONB03904,10045,Security Awareness Training,Compliance,Enablement,Complete,2015-04-11,2015-04-05,100.0
ONB03905,10045,Company Policy Training,Compliance,Enablement,Overdue,2015-04-09,,78.0
ONB03906,10045,Role-Specific Training,Role-specific,Enablement,Complete,2015-04-19,2015-04-21,100.0
ONB03907,10045,Department Process Training,Role-specific,Enablement,Complete,2015-04-14,2015-04-07,100.0
ONB03908,10045,Tool Access Verification,IT,Enablement,In Progress,2015-04-09,,21.0
ONB03909,10045,First Week Check-in,Manager,Enablement,Complete,2015-04-09,2015-04-07,100.0
ONB03910,10045,30-Day Onboarding Review,Manager,Productive,Complete,2015-04-29,2015-04-25,100.0
ONB03911,10205,Complete HR Documentation,HR,Preboarding,Complete,2011-07-08,2011-07-10,100.0
ONB03912,10205,Submit Required Identification,HR,Preboarding,Complete,2011-07-07,2011-07-09,100.0
ONB03913,10205,Complete New Hire Orientation,HR,Orientation,Overdue,2011-07-12,,12.0
ONB03914,10205,Manager Introduction,Manager,Orientation,Overdue,2011-07-10,,31.0
ONB03915,10205,Laptop Provisioning,IT,Setup,Complete,2011-07-12,2011-07-13,100.0
ONB03916,10205,Network Account Setup,IT,Setup,Complete,2011-07-10,2011-07-12,100.0
ONB03917,10205,Email and Collaboration Access,IT,Setup,Complete,2011-07-10,2011-07-07,100.0
ONB03918,10205,Security Awareness Training,Compliance,Enablement,Complete,2011-07-17,2011-07-09,100.0
ONB03919,10205,Company Policy Training,Compliance,Enablement,Complete,2011-07-15,2011-07-16,100.0
ONB03920,10205,Role-Specific Training,Role-specific,Enablement,Complete,2011-07-25,2011-07-21,100.0
ONB03921,10205,Department Process Training,Role-specific,Enablement,Complete,2011-07-20,2011-07-23,100.0
ONB03922,10205,Tool Access Verification,IT,Enablement,Complete,2011-07-15,2011-07-14,100.0
ONB03923,10205,First Week Check-in,Manager,Enablement,Complete,2011-07-15,2011-07-18,100.0
ONB03924,10205,30-Day Onboarding Review,Manager,Productive,Complete,2011-08-04,2011-08-04,100.0
ONB03925,10014,Complete HR Documentation,HR,Preboarding,Complete,2012-08-16,2012-08-17,100.0
ONB03926,10014,Submit Required Identification,HR,Preboarding,Complete,2012-08-15,2012-08-17,100.0
ONB03927,10014,Complete New Hire Orientation,HR,Orientation,Complete,2012-08-20,2012-08-18,100.0
ONB03928,10014,Manager Introduction,Manager,Orientation,In Progress,2012-08-18,,77.0
ONB03929,10014,Laptop Provisioning,IT,Setup,Complete,2012-08-20,2012-08-15,100.0
ONB03930,10014,Network Account Setup,IT,Setup,Complete,2012-08-18,2012-08-18,100.0
ONB03931,10014,Email and Collaboration Access,IT,Setup,Complete,2012-08-18,2012-08-16,100.0
ONB03932,10014,Security Awareness Training,Compliance,Enablement,Complete,2012-08-25,2012-08-20,100.0
ONB03933,10014,Company Policy Training,Compliance,Enablement,Complete,2012-08-23,2012-08-18,100.0
ONB03934,10014,Role-Specific Training,Role-specific,Enablement,Blocked,2012-09-02,,1.0
ONB03935,10014,Department Process Training,Role-specific,Enablement,Complete,2012-08-28,2012-08-31,100.0
ONB03936,10014,Tool Access Verification,IT,Enablement,Complete,2012-08-23,2012-08-18,100.0
ONB03937,10014,First Week Check-in,Manager,Enablement,Complete,2012-08-23,2012-08-18,100.0
ONB03938,10014,30-Day Onboarding Review,Manager,Productive,Complete,2012-09-12,2012-09-15,100.0
ONB03939,10144,Complete HR Documentation,HR,Preboarding,Complete,2011-08-04,2011-08-07,100.0
ONB03940,10144,Submit Required Identification,HR,Preboarding,Not Started,2011-08-03,,0.0
ONB03941,10144,Complete New Hire Orientation,HR,Orientation,Complete,2011-08-08,2011-08-03,100.0
ONB03942,10144,Manager Introduction,Manager,Orientation,Complete,2011-08-06,2011-08-04,100.0
ONB03943,10144,Laptop Provisioning,IT,Setup,Complete,2011-08-08,2011-08-02,100.0
ONB03944,10144,Network Account Setup,IT,Setup,Complete,2011-08-06,2011-08-09,100.0
ONB03945,10144,Email and Collaboration Access,IT,Setup,Complete,2011-08-06,2011-08-06,100.0
ONB03946,10144,Security Awareness Training,Compliance,Enablement,Blocked,2011-08-13,,29.0
ONB03947,10144,Company Policy Training,Compliance,Enablement,Complete,2011-08-11,2011-08-14,100.0
ONB03948,10144,Role-Specific Training,Role-specific,Enablement,Complete,2011-08-21,2011-08-15,100.0
ONB03949,10144,Department Process Training,Role-specific,Enablement,Blocked,2011-08-16,,9.0
ONB03950,10144,Tool Access Verification,IT,Enablement,Complete,2011-08-11,2011-08-10,100.0
ONB03951,10144,First Week Check-in,Manager,Enablement,Blocked,2011-08-11,,18.0
ONB03952,10144,30-Day Onboarding Review,Manager,Productive,Complete,2011-08-31,2011-08-21,100.0
ONB03953,10253,Complete HR Documentation,HR,Preboarding,Complete,2012-03-08,2012-03-10,100.0
ONB03954,10253,Submit Required Identification,HR,Preboarding,Complete,2012-03-07,2012-03-07,100.0
ONB03955,10253,Complete New Hire Orientation,HR,Orientation,Complete,2012-03-12,2012-03-06,100.0
ONB03956,10253,Manager Introduction,Manager,Orientation,Complete,2012-03-10,2012-03-06,100.0
ONB03957,10253,Laptop Provisioning,IT,Setup,Overdue,2012-03-12,,63.0
ONB03958,10253,Network Account Setup,IT,Setup,Complete,2012-03-10,2012-03-10,100.0
ONB03959,10253,Email and Collaboration Access,IT,Setup,Complete,2012-03-10,2012-03-12,100.0
ONB03960,10253,Security Awareness Training,Compliance,Enablement,Complete,2012-03-17,2012-03-17,100.0
ONB03961,10253,Company Policy Training,Compliance,Enablement,Complete,2012-03-15,2012-03-10,100.0
ONB03962,10253,Role-Specific Training,Role-specific,Enablement,Complete,2012-03-25,2012-03-22,100.0
ONB03963,10253,Department Process Training,Role-specific,Enablement,In Progress,2012-03-20,,72.0
ONB03964,10253,Tool Access Verification,IT,Enablement,In Progress,2012-03-15,,87.0
ONB03965,10253,First Week Check-in,Manager,Enablement,Complete,2012-03-15,2012-03-11,100.0
ONB03966,10253,30-Day Onboarding Review,Manager,Productive,Complete,2012-04-04,2012-03-26,100.0
ONB03967,10118,Complete HR Documentation,HR,Preboarding,Overdue,2015-02-19,,82.0
ONB03968,10118,Submit Required Identification,HR,Preboarding,Complete,2015-02-18,2015-02-21,100.0
ONB03969,10118,Complete New Hire Orientation,HR,Orientation,Blocked,2015-02-23,,66.0
ONB03970,10118,Manager Introduction,Manager,Orientation,In Progress,2015-02-21,,58.0
ONB03971,10118,Laptop Provisioning,IT,Setup,Complete,2015-02-23,2015-02-23,100.0
ONB03972,10118,Network Account Setup,IT,Setup,Complete,2015-02-21,2015-02-18,100.0
ONB03973,10118,Email and Collaboration Access,IT,Setup,Overdue,2015-02-21,,38.0
ONB03974,10118,Security Awareness Training,Compliance,Enablement,Complete,2015-02-28,2015-02-24,100.0
ONB03975,10118,Company Policy Training,Compliance,Enablement,Complete,2015-02-26,2015-02-25,100.0
ONB03976,10118,Role-Specific Training,Role-specific,Enablement,Overdue,2015-03-08,,34.0
ONB03977,10118,Department Process Training,Role-specific,Enablement,Complete,2015-03-03,2015-02-28,100.0
ONB03978,10118,Tool Access Verification,IT,Enablement,In Progress,2015-02-26,,24.0
ONB03979,10118,First Week Check-in,Manager,Enablement,Complete,2015-02-26,2015-02-27,100.0
ONB03980,10118,30-Day Onboarding Review,Manager,Productive,Complete,2015-03-18,2015-03-09,100.0
ONB03981,10022,Complete HR Documentation,HR,Preboarding,Complete,2011-09-29,2011-09-27,100.0
ONB03982,10022,Submit Required Identification,HR,Preboarding,Complete,2011-09-28,2011-09-26,100.0
ONB03983,10022,Complete New Hire Orientation,HR,Orientation,In Progress,2011-10-03,,86.0
ONB03984,10022,Manager Introduction,Manager,Orientation,Blocked,2011-10-01,,65.0
ONB03985,10022,Laptop Provisioning,IT,Setup,Complete,2011-10-03,2011-10-03,100.0
ONB03986,10022,Network Account Setup,IT,Setup,Not Started,2011-10-01,,0.0
ONB03987,10022,Email and Collaboration Access,IT,Setup,In Progress,2011-10-01,,40.0
ONB03988,10022,Security Awareness Training,Compliance,Enablement,Complete,2011-10-08,2011-10-03,100.0
ONB03989,10022,Company Policy Training,Compliance,Enablement,Complete,2011-10-06,2011-10-01,100.0
ONB03990,10022,Role-Specific Training,Role-specific,Enablement,Complete,2011-10-16,2011-10-05,100.0
ONB03991,10022,Department Process Training,Role-specific,Enablement,Complete,2011-10-11,2011-10-08,100.0
ONB03992,10022,Tool Access Verification,IT,Enablement,Overdue,2011-10-06,,68.0
ONB03993,10022,First Week Check-in,Manager,Enablement,Complete,2011-10-06,2011-10-06,100.0
ONB03994,10022,30-Day Onboarding Review,Manager,Productive,Complete,2011-10-26,2011-10-27,100.0
ONB03995,10183,Complete HR Documentation,HR,Preboarding,Complete,2015-07-08,2015-07-10,100.0
ONB03996,10183,Submit Required Identification,HR,Preboarding,Complete,2015-07-07,2015-07-08,100.0
ONB03997,10183,Complete New Hire Orientation,HR,Orientation,In Progress,2015-07-12,,68.0
ONB03998,10183,Manager Introduction,Manager,Orientation,Complete,2015-07-10,2015-07-06,100.0
ONB03999,10183,Laptop Provisioning,IT,Setup,Complete,2015-07-12,2015-07-14,100.0
ONB04000,10183,Network Account Setup,IT,Setup,Complete,2015-07-10,2015-07-07,100.0
ONB04001,10183,Email and Collaboration Access,IT,Setup,Complete,2015-07-10,2015-07-06,100.0
ONB04002,10183,Security Awareness Training,Compliance,Enablement,Complete,2015-07-17,2015-07-17,100.0
ONB04003,10183,Company Policy Training,Compliance,Enablement,In Progress,2015-07-15,,55.0
ONB04004,10183,Role-Specific Training,Role-specific,Enablement,Complete,2015-07-25,2015-07-23,100.0
ONB04005,10183,Department Process Training,Role-specific,Enablement,Complete,2015-07-20,2015-07-23,100.0
ONB04006,10183,Tool Access Verification,IT,Enablement,Complete,2015-07-15,2015-07-18,100.0
ONB04007,10183,First Week Check-in,Manager,Enablement,In Progress,2015-07-15,,90.0
ONB04008,10183,30-Day Onboarding Review,Manager,Productive,Complete,2015-08-04,2015-08-04,100.0
ONB04009,10190,Complete HR Documentation,HR,Preboarding,Complete,2014-08-21,2014-08-24,100.0
ONB04010,10190,Submit Required Identification,HR,Preboarding,In Progress,2014-08-20,,65.0
ONB04011,10190,Complete New Hire Orientation,HR,Orientation,Complete,2014-08-25,2014-08-27,100.0
ONB04012,10190,Laptop Provisioning,IT,Setup,Complete,2014-08-25,2014-08-24,100.0
ONB04013,10190,Network Account Setup,IT,Setup,Complete,2014-08-23,2014-08-22,100.0
ONB04014,10190,Email and Collaboration Access,IT,Setup,Complete,2014-08-23,2014-08-23,100.0
ONB04015,10190,Security Awareness Training,Compliance,Enablement,Overdue,2014-08-30,,82.0
ONB04016,10190,Role-Specific Training,Role-specific,Enablement,Complete,2014-09-07,2014-09-04,100.0
ONB04017,10190,Department Process Training,Role-specific,Enablement,Complete,2014-09-02,2014-08-25,100.0
ONB04018,10190,Tool Access Verification,IT,Enablement,In Progress,2014-08-28,,37.0
ONB04019,10190,First Week Check-in,Manager,Enablement,Complete,2014-08-28,2014-08-28,100.0
ONB04020,10190,30-Day Onboarding Review,Manager,Productive,In Progress,2014-09-17,,44.0
ONB04021,10274,Complete HR Documentation,HR,Preboarding,Complete,2011-09-29,2011-09-28,100.0
ONB04022,10274,Submit Required Identification,HR,Preboarding,Complete,2011-09-28,2011-09-26,100.0
ONB04023,10274,Complete New Hire Orientation,HR,Orientation,Complete,2011-10-03,2011-10-01,100.0
ONB04024,10274,Manager Introduction,Manager,Orientation,Complete,2011-10-01,2011-09-29,100.0
ONB04025,10274,Laptop Provisioning,IT,Setup,Complete,2011-10-03,2011-10-06,100.0
ONB04026,10274,Network Account Setup,IT,Setup,Overdue,2011-10-01,,2.0
ONB04027,10274,Email and Collaboration Access,IT,Setup,In Progress,2011-10-01,,59.0
ONB04028,10274,Security Awareness Training,Compliance,Enablement,Complete,2011-10-08,2011-09-29,100.0
ONB04029,10274,Company Policy Training,Compliance,Enablement,Complete,2011-10-06,2011-10-07,100.0
ONB04030,10274,Role-Specific Training,Role-specific,Enablement,Complete,2011-10-16,2011-10-09,100.0
ONB04031,10274,Department Process Training,Role-specific,Enablement,Complete,2011-10-11,2011-10-03,100.0
ONB04032,10274,Tool Access Verification,IT,Enablement,Overdue,2011-10-06,,40.0
ONB04033,10274,First Week Check-in,Manager,Enablement,In Progress,2011-10-06,,95.0
ONB04034,10274,30-Day Onboarding Review,Manager,Productive,Complete,2011-10-26,2011-10-16,100.0
ONB04035,10293,Complete HR Documentation,HR,Preboarding,Complete,2012-08-16,2012-08-19,100.0
ONB04036,10293,Submit Required Identification,HR,Preboarding,Complete,2012-08-15,2012-08-16,100.0
ONB04037,10293,Complete New Hire Orientation,HR,Orientation,Complete,2012-08-20,2012-08-20,100.0
ONB04038,10293,Manager Introduction,Manager,Orientation,Complete,2012-08-18,2012-08-18,100.0
ONB04039,10293,Laptop Provisioning,IT,Setup,Complete,2012-08-20,2012-08-21,100.0
ONB04040,10293,Network Account Setup,IT,Setup,Complete,2012-08-18,2012-08-21,100.0
ONB04041,10293,Email and Collaboration Access,IT,Setup,In Progress,2012-08-18,,58.0
ONB04042,10293,Security Awareness Training,Compliance,Enablement,Not Started,2012-08-25,,0.0
ONB04043,10293,Company Policy Training,Compliance,Enablement,Blocked,2012-08-23,,56.0
ONB04044,10293,Role-Specific Training,Role-specific,Enablement,Complete,2012-09-02,2012-08-29,100.0
ONB04045,10293,Department Process Training,Role-specific,Enablement,Complete,2012-08-28,2012-08-27,100.0
ONB04046,10293,Tool Access Verification,IT,Enablement,Complete,2012-08-23,2012-08-21,100.0
ONB04047,10293,First Week Check-in,Manager,Enablement,Complete,2012-08-23,2012-08-22,100.0
ONB04048,10293,30-Day Onboarding Review,Manager,Productive,Complete,2012-09-12,2012-09-12,100.0
ONB04049,10172,Complete HR Documentation,HR,Preboarding,Complete,2017-02-18,2017-02-21,100.0
ONB04050,10172,Submit Required Identification,HR,Preboarding,Complete,2017-02-17,2017-02-17,100.0
ONB04051,10172,Complete New Hire Orientation,HR,Orientation,Complete,2017-02-22,2017-02-21,100.0
ONB04052,10172,Manager Introduction,Manager,Orientation,Complete,2017-02-20,2017-02-18,100.0
ONB04053,10172,Laptop Provisioning,IT,Setup,Complete,2017-02-22,2017-02-18,100.0
ONB04054,10172,Network Account Setup,IT,Setup,Complete,2017-02-20,2017-02-17,100.0
ONB04055,10172,Email and Collaboration Access,IT,Setup,In Progress,2017-02-20,,70.0
ONB04056,10172,Security Awareness Training,Compliance,Enablement,Complete,2017-02-27,2017-02-28,100.0
ONB04057,10172,Company Policy Training,Compliance,Enablement,Complete,2017-02-25,2017-02-25,100.0
ONB04058,10172,Role-Specific Training,Role-specific,Enablement,Complete,2017-03-07,2017-02-22,100.0
ONB04059,10172,Department Process Training,Role-specific,Enablement,Complete,2017-03-02,2017-03-01,100.0
ONB04060,10172,Tool Access Verification,IT,Enablement,Complete,2017-02-25,2017-02-18,100.0
ONB04061,10172,First Week Check-in,Manager,Enablement,Not Started,2017-02-25,,0.0
ONB04062,10172,30-Day Onboarding Review,Manager,Productive,Complete,2017-03-17,2017-03-11,100.0
ONB04063,10127,Complete HR Documentation,HR,Preboarding,Overdue,2015-04-02,,81.0
ONB04064,10127,Submit Required Identification,HR,Preboarding,Complete,2015-04-01,2015-03-30,100.0
ONB04065,10127,Laptop Provisioning,IT,Setup,Complete,2015-04-06,2015-04-01,100.0
ONB04066,10127,Network Account Setup,IT,Setup,Complete,2015-04-04,2015-04-07,100.0
ONB04067,10127,Email and Collaboration Access,IT,Setup,Complete,2015-04-04,2015-04-07,100.0
ONB04068,10127,Security Awareness Training,Compliance,Enablement,Complete,2015-04-11,2015-04-03,100.0
ONB04069,10127,Company Policy Training,Compliance,Enablement,Not Started,2015-04-09,,0.0
ONB04070,10127,Role-Specific Training,Role-specific,Enablement,Complete,2015-04-19,2015-04-21,100.0
ONB04071,10127,Department Process Training,Role-specific,Enablement,Overdue,2015-04-14,,55.0
ONB04072,10127,First Week Check-in,Manager,Enablement,Complete,2015-04-09,2015-04-04,100.0
ONB04073,10127,30-Day Onboarding Review,Manager,Productive,Complete,2015-04-29,2015-05-01,100.0
ONB04074,10072,Complete HR Documentation,HR,Preboarding,Complete,2011-01-13,2011-01-16,100.0
ONB04075,10072,Submit Required Identification,HR,Preboarding,Complete,2011-01-12,2011-01-14,100.0
ONB04076,10072,Complete New Hire Orientation,HR,Orientation,Complete,2011-01-17,2011-01-14,100.0
ONB04077,10072,Manager Introduction,Manager,Orientation,Blocked,2011-01-15,,43.0
ONB04078,10072,Laptop Provisioning,IT,Setup,In Progress,2011-01-17,,27.0
ONB04079,10072,Network Account Setup,IT,Setup,Complete,2011-01-15,2011-01-18,100.0
ONB04080,10072,Email and Collaboration Access,IT,Setup,Complete,2011-01-15,2011-01-14,100.0
ONB04081,10072,Security Awareness Training,Compliance,Enablement,Not Started,2011-01-22,,0.0
ONB04082,10072,Company Policy Training,Compliance,Enablement,Complete,2011-01-20,2011-01-15,100.0
ONB04083,10072,Role-Specific Training,Role-specific,Enablement,Complete,2011-01-30,2011-01-23,100.0
ONB04084,10072,Department Process Training,Role-specific,Enablement,Blocked,2011-01-25,,70.0
ONB04085,10072,Tool Access Verification,IT,Enablement,In Progress,2011-01-20,,81.0
ONB04086,10072,First Week Check-in,Manager,Enablement,Complete,2011-01-20,2011-01-23,100.0
ONB04087,10072,30-Day Onboarding Review,Manager,Productive,Complete,2011-02-09,2011-02-11,100.0
ONB04088,10048,Complete HR Documentation,HR,Preboarding,Complete,2011-05-19,2011-05-18,100.0
ONB04089,10048,Submit Required Identification,HR,Preboarding,Not Started,2011-05-18,,0.0
ONB04090,10048,Complete New Hire Orientation,HR,Orientation,Not Started,2011-05-23,,0.0
ONB04091,10048,Manager Introduction,Manager,Orientation,Complete,2011-05-21,2011-05-21,100.0
ONB04092,10048,Laptop Provisioning,IT,Setup,Complete,2011-05-23,2011-05-21,100.0
ONB04093,10048,Network Account Setup,IT,Setup,Not Started,2011-05-21,,0.0
ONB04094,10048,Email and Collaboration Access,IT,Setup,In Progress,2011-05-21,,87.0
ONB04095,10048,Security Awareness Training,Compliance,Enablement,Complete,2011-05-28,2011-05-24,100.0
ONB04096,10048,Company Policy Training,Compliance,Enablement,Blocked,2011-05-26,,24.0
ONB04097,10048,Role-Specific Training,Role-specific,Enablement,In Progress,2011-06-05,,19.0
ONB04098,10048,Department Process Training,Role-specific,Enablement,Complete,2011-05-31,2011-05-31,100.0
ONB04099,10048,Tool Access Verification,IT,Enablement,Complete,2011-05-26,2011-05-22,100.0
ONB04100,10048,First Week Check-in,Manager,Enablement,In Progress,2011-05-26,,47.0
ONB04101,10048,30-Day Onboarding Review,Manager,Productive,Complete,2011-06-15,2011-06-12,100.0
ONB04102,10204,Complete HR Documentation,HR,Preboarding,Blocked,2011-01-13,,52.0
ONB04103,10204,Submit Required Identification,HR,Preboarding,Complete,2011-01-12,2011-01-11,100.0
ONB04104,10204,Complete New Hire Orientation,HR,Orientation,Complete,2011-01-17,2011-01-18,100.0
ONB04105,10204,Manager Introduction,Manager,Orientation,Complete,2011-01-15,2011-01-18,100.0
ONB04106,10204,Laptop Provisioning,IT,Setup,Complete,2011-01-17,2011-01-15,100.0
ONB04107,10204,Network Account Setup,IT,Setup,Overdue,2011-01-15,,48.0
ONB04108,10204,Email and Collaboration Access,IT,Setup,Complete,2011-01-15,2011-01-18,100.0
ONB04109,10204,Security Awareness Training,Compliance,Enablement,In Progress,2011-01-22,,55.0
ONB04110,10204,Company Policy Training,Compliance,Enablement,Complete,2011-01-20,2011-01-18,100.0
ONB04111,10204,Role-Specific Training,Role-specific,Enablement,Blocked,2011-01-30,,47.0
ONB04112,10204,Department Process Training,Role-specific,Enablement,Complete,2011-01-25,2011-01-23,100.0
ONB04113,10204,Tool Access Verification,IT,Enablement,Complete,2011-01-20,2011-01-20,100.0
ONB04114,10204,First Week Check-in,Manager,Enablement,Overdue,2011-01-20,,45.0
ONB04115,10204,30-Day Onboarding Review,Manager,Productive,Complete,2011-02-09,2011-02-05,100.0
ONB04116,10264,Complete HR Documentation,HR,Preboarding,Complete,2012-01-12,2012-01-15,100.0
ONB04117,10264,Submit Required Identification,HR,Preboarding,Overdue,2012-01-11,,43.0
ONB04118,10264,Complete New Hire Orientation,HR,Orientation,Complete,2012-01-16,2012-01-11,100.0
ONB04119,10264,Network Account Setup,IT,Setup,In Progress,2012-01-14,,53.0
ONB04120,10264,Email and Collaboration Access,IT,Setup,Complete,2012-01-14,2012-01-12,100.0
ONB04121,10264,Security Awareness Training,Compliance,Enablement,Complete,2012-01-21,2012-01-18,100.0
ONB04122,10264,Company Policy Training,Compliance,Enablement,Complete,2012-01-19,2012-01-22,100.0
ONB04123,10264,Role-Specific Training,Role-specific,Enablement,Overdue,2012-01-29,,55.0
ONB04124,10264,Department Process Training,Role-specific,Enablement,Complete,2012-01-24,2012-01-19,100.0
ONB04125,10264,Tool Access Verification,IT,Enablement,Complete,2012-01-19,2012-01-14,100.0
ONB04126,10264,First Week Check-in,Manager,Enablement,Not Started,2012-01-19,,0.0
ONB04127,10264,30-Day Onboarding Review,Manager,Productive,Overdue,2012-02-08,,24.0
ONB04128,10033,Complete HR Documentation,HR,Preboarding,Not Started,2013-01-10,,0.0
ONB04129,10033,Submit Required Identification,HR,Preboarding,Complete,2013-01-09,2013-01-10,100.0
ONB04130,10033,Complete New Hire Orientation,HR,Orientation,Blocked,2013-01-14,,34.0
ONB04131,10033,Manager Introduction,Manager,Orientation,Complete,2013-01-12,2013-01-13,100.0
ONB04132,10033,Laptop Provisioning,IT,Setup,Complete,2013-01-14,2013-01-16,100.0
ONB04133,10033,Network Account Setup,IT,Setup,Complete,2013-01-12,2013-01-13,100.0
ONB04134,10033,Email and Collaboration Access,IT,Setup,Complete,2013-01-12,2013-01-10,100.0
ONB04135,10033,Security Awareness Training,Compliance,Enablement,Complete,2013-01-19,2013-01-11,100.0
ONB04136,10033,Company Policy Training,Compliance,Enablement,Complete,2013-01-17,2013-01-14,100.0
ONB04137,10033,Role-Specific Training,Role-specific,Enablement,Complete,2013-01-27,2013-01-19,100.0
ONB04138,10033,Department Process Training,Role-specific,Enablement,Complete,2013-01-22,2013-01-15,100.0
ONB04139,10033,Tool Access Verification,IT,Enablement,Complete,2013-01-17,2013-01-17,100.0
ONB04140,10033,First Week Check-in,Manager,Enablement,Complete,2013-01-17,2013-01-19,100.0
ONB04141,10033,30-Day Onboarding Review,Manager,Productive,Complete,2013-02-06,2013-02-09,100.0
ONB04142,10174,Complete HR Documentation,HR,Preboarding,Complete,2014-10-02,2014-09-30,100.0
ONB04143,10174,Submit Required Identification,HR,Preboarding,Complete,2014-10-01,2014-09-29,100.0
ONB04144,10174,Complete New Hire Orientation,HR,Orientation,Complete,2014-10-06,2014-10-04,100.0
ONB04145,10174,Manager Introduction,Manager,Orientation,Complete,2014-10-04,2014-10-05,100.0
ONB04146,10174,Laptop Provisioning,IT,Setup,Complete,2014-10-06,2014-10-04,100.0
ONB04147,10174,Network Account Setup,IT,Setup,Complete,2014-10-04,2014-09-30,100.0
ONB04148,10174,Email and Collaboration Access,IT,Setup,In Progress,2014-10-04,,50.0
ONB04149,10174,Security Awareness Training,Compliance,Enablement,Complete,2014-10-11,2014-10-05,100.0
ONB04150,10174,Company Policy Training,Compliance,Enablement,Complete,2014-10-09,2014-10-03,100.0
ONB04151,10174,Role-Specific Training,Role-specific,Enablement,Complete,2014-10-19,2014-10-04,100.0
ONB04152,10174,Department Process Training,Role-specific,Enablement,In Progress,2014-10-14,,58.0
ONB04153,10174,Tool Access Verification,IT,Enablement,In Progress,2014-10-09,,52.0
ONB04154,10174,First Week Check-in,Manager,Enablement,Complete,2014-10-09,2014-10-07,100.0
ONB04155,10174,30-Day Onboarding Review,Manager,Productive,Blocked,2014-10-29,,19.0
ONB04156,10135,Complete HR Documentation,HR,Preboarding,Blocked,2014-07-10,,4.0
ONB04157,10135,Submit Required Identification,HR,Preboarding,Complete,2014-07-09,2014-07-12,100.0
ONB04158,10135,Complete New Hire Orientation,HR,Orientation,Complete,2014-07-14,2014-07-09,100.0
ONB04159,10135,Manager Introduction,Manager,Orientation,Complete,2014-07-12,2014-07-10,100.0
ONB04160,10135,Laptop Provisioning,IT,Setup,Complete,2014-07-14,2014-07-09,100.0
ONB04161,10135,Network Account Setup,IT,Setup,Complete,2014-07-12,2014-07-09,100.0
ONB04162,10135,Email and Collaboration Access,IT,Setup,Complete,2014-07-12,2014-07-10,100.0
ONB04163,10135,Security Awareness Training,Compliance,Enablement,In Progress,2014-07-19,,57.0
ONB04164,10135,Company Policy Training,Compliance,Enablement,In Progress,2014-07-17,,47.0
ONB04165,10135,Role-Specific Training,Role-specific,Enablement,Complete,2014-07-27,2014-07-16,100.0
ONB04166,10135,Department Process Training,Role-specific,Enablement,Complete,2014-07-22,2014-07-13,100.0
ONB04167,10135,Tool Access Verification,IT,Enablement,Complete,2014-07-17,2014-07-18,100.0
ONB04168,10135,First Week Check-in,Manager,Enablement,In Progress,2014-07-17,,52.0
ONB04169,10135,30-Day Onboarding Review,Manager,Productive,Overdue,2014-08-06,,20.0
ONB04170,10301,Complete HR Documentation,HR,Preboarding,Complete,2008-09-05,2008-09-07,100.0
ONB04171,10301,Submit Required Identification,HR,Preboarding,Complete,2008-09-04,2008-09-02,100.0
ONB04172,10301,Complete New Hire Orientation,HR,Orientation,In Progress,2008-09-09,,38.0
ONB04173,10301,Manager Introduction,Manager,Orientation,Blocked,2008-09-07,,60.0
ONB04174,10301,Laptop Provisioning,IT,Setup,Blocked,2008-09-09,,20.0
ONB04175,10301,Network Account Setup,IT,Setup,Blocked,2008-09-07,,70.0
ONB04176,10301,Email and Collaboration Access,IT,Setup,Blocked,2008-09-07,,32.0
ONB04177,10301,Security Awareness Training,Compliance,Enablement,Complete,2008-09-14,2008-09-11,100.0
ONB04178,10301,Company Policy Training,Compliance,Enablement,Complete,2008-09-12,2008-09-04,100.0
ONB04179,10301,Role-Specific Training,Role-specific,Enablement,Complete,2008-09-22,2008-09-22,100.0
ONB04180,10301,Department Process Training,Role-specific,Enablement,Overdue,2008-09-17,,31.0
ONB04181,10301,Tool Access Verification,IT,Enablement,Complete,2008-09-12,2008-09-12,100.0
ONB04182,10301,First Week Check-in,Manager,Enablement,Complete,2008-09-12,2008-09-09,100.0
ONB04183,10301,30-Day Onboarding Review,Manager,Productive,Complete,2008-10-02,2008-10-03,100.0
ONB04184,10010,Complete HR Documentation,HR,Preboarding,Not Started,2010-04-13,,0.0
ONB04185,10010,Submit Required Identification,HR,Preboarding,Complete,2010-04-12,2010-04-14,100.0
ONB04186,10010,Complete New Hire Orientation,HR,Orientation,Complete,2010-04-17,2010-04-13,100.0
ONB04187,10010,Manager Introduction,Manager,Orientation,Complete,2010-04-15,2010-04-11,100.0
ONB04188,10010,Laptop Provisioning,IT,Setup,Overdue,2010-04-17,,28.0
ONB04189,10010,Network Account Setup,IT,Setup,Complete,2010-04-15,2010-04-16,100.0
ONB04190,10010,Email and Collaboration Access,IT,Setup,Complete,2010-04-15,2010-04-14,100.0
ONB04191,10010,Security Awareness Training,Compliance,Enablement,Complete,2010-04-22,2010-04-24,100.0
ONB04192,10010,Company Policy Training,Compliance,Enablement,Complete,2010-04-20,2010-04-12,100.0
ONB04193,10010,Role-Specific Training,Role-specific,Enablement,Complete,2010-04-30,2010-04-29,100.0
ONB04194,10010,Department Process Training,Role-specific,Enablement,Complete,2010-04-25,2010-04-27,100.0
ONB04195,10010,Tool Access Verification,IT,Enablement,Complete,2010-04-20,2010-04-15,100.0
ONB04196,10010,First Week Check-in,Manager,Enablement,Not Started,2010-04-20,,0.0
ONB04197,10010,30-Day Onboarding Review,Manager,Productive,Complete,2010-05-10,2010-05-12,100.0
ONB04198,10043,Complete HR Documentation,HR,Preboarding,Complete,2015-04-02,2015-04-04,100.0
ONB04199,10043,Submit Required Identification,HR,Preboarding,Complete,2015-04-01,2015-03-30,100.0
ONB04200,10043,Complete New Hire Orientation,HR,Orientation,Complete,2015-04-06,2015-04-05,100.0
ONB04201,10043,Manager Introduction,Manager,Orientation,Complete,2015-04-04,2015-04-06,100.0
ONB04202,10043,Laptop Provisioning,IT,Setup,In Progress,2015-04-06,,66.0
ONB04203,10043,Network Account Setup,IT,Setup,Complete,2015-04-04,2015-04-07,100.0
ONB04204,10043,Email and Collaboration Access,IT,Setup,Complete,2015-04-04,2015-04-07,100.0
ONB04205,10043,Security Awareness Training,Compliance,Enablement,Complete,2015-04-11,2015-04-14,100.0
ONB04206,10043,Company Policy Training,Compliance,Enablement,In Progress,2015-04-09,,30.0
ONB04207,10043,Role-Specific Training,Role-specific,Enablement,Complete,2015-04-19,2015-04-17,100.0
ONB04208,10043,Department Process Training,Role-specific,Enablement,Complete,2015-04-14,2015-04-10,100.0
ONB04209,10043,Tool Access Verification,IT,Enablement,Complete,2015-04-09,2015-04-07,100.0
ONB04210,10043,First Week Check-in,Manager,Enablement,Complete,2015-04-09,2015-04-11,100.0
ONB04211,10043,30-Day Onboarding Review,Manager,Productive,Overdue,2015-04-29,,88.0
ONB04212,10271,Submit Required Identification,HR,Preboarding,Complete,2014-10-01,2014-10-03,100.0
ONB04213,10271,Complete New Hire Orientation,HR,Orientation,Complete,2014-10-06,2014-10-03,100.0
ONB04214,10271,Manager Introduction,Manager,Orientation,Complete,2014-10-04,2014-10-04,100.0
ONB04215,10271,Network Account Setup,IT,Setup,Complete,2014-10-04,2014-10-02,100.0
ONB04216,10271,Email and Collaboration Access,IT,Setup,In Progress,2014-10-04,,73.0
ONB04217,10271,Security Awareness Training,Compliance,Enablement,Complete,2014-10-11,2014-10-14,100.0
ONB04218,10271,Company Policy Training,Compliance,Enablement,Complete,2014-10-09,2014-10-11,100.0
ONB04219,10271,Role-Specific Training,Role-specific,Enablement,Complete,2014-10-19,2014-10-12,100.0
ONB04220,10271,Department Process Training,Role-specific,Enablement,Complete,2014-10-14,2014-10-12,100.0
ONB04221,10271,Tool Access Verification,IT,Enablement,Complete,2014-10-09,2014-10-03,100.0
ONB04222,10271,First Week Check-in,Manager,Enablement,Complete,2014-10-09,2014-10-08,100.0
